id,profileId,teamId,sourceType,sourceId,sourceMetadata,firstLinkedAt,lastSyncedAt
0b7580c7-cef4-4d26-a520-8924b0fd5313,586f0cc5-66c6-4a47-a041-5e2642b8c239,32ccdbe1-627f-4fe3-a506-056b997ed89b,whatsapp_contact,74580569-1c14-44dc-a19f-0aaac5c93c5b,,2026-07-05 18:36:35.729+00,2026-07-10 11:56:29.556+00
16b0605d-8634-40c2-853f-40edaa1c3d3a,9acb376c-ef99-4ccf-a98f-b2d45c0d57ab,32ccdbe1-627f-4fe3-a506-056b997ed89b,whatsapp_contact,b34c2f05-cb9e-4d17-8318-4f46df8ae9fe,,2026-07-02 17:07:07.31+00,2026-07-02 17:07:25.692+00
76f1809e-9453-4957-8b3e-0ed7d2948e6c,29e657b8-d285-4120-9879-a54b3b7f5ab8,8f4abfd3-b0bd-4a0c-991a-d553d92f915a,whatsapp_contact,d7c53f47-e6bd-4705-801f-765fbf1acf70,,2026-07-07 13:48:53.464+00,2026-07-14 10:56:22.108+00
f9368eb9-9ca3-41d4-a01b-acb7cfac9554,326c3d9b-4cbe-4c25-b2f8-3853406336ea,8f4abfd3-b0bd-4a0c-991a-d553d92f915a,whatsapp_contact,0c6ac491-2961-42b7-9ac8-41f1e80750f6,,2026-07-07 14:49:03.353+00,2026-07-13 19:22:30.801+00
52d58f80-2cf8-42ca-a1cb-415f1412f5d8,890b7c9d-ef11-4d31-9d26-2b69b8a43c48,a9c81e05-8b1a-47ad-a80d-dbc45603f068,whatsapp_contact,16d3d0b8-2f88-49dc-98a2-9ae8a5d88141,,2026-07-02 11:51:24.418+00,2026-07-02 11:51:24.418+00
5bc7a7ab-a0b9-4f3b-b3a1-152657226ac7,d24d332e-6120-4779-b852-fb320f7ea4ae,32ccdbe1-627f-4fe3-a506-056b997ed89b,whatsapp_contact,798a97ba-64cd-453f-baa6-42b21cff41e5,,2026-07-03 21:25:11.705+00,2026-07-03 21:25:11.705+00
00f1b540-40f1-48cd-8ca1-2e87f46a0ec4,c15a2299-1145-4894-a2a6-0794adf7e28e,32ccdbe1-627f-4fe3-a506-056b997ed89b,whatsapp_contact,a97ff78b-1563-4744-864c-a52f81bb2740,,2026-07-02 13:19:53.738+00,2026-07-23 20:30:31.536+00
398d5c57-9db8-48d6-8530-cf46fb72e835,415fc4f3-5349-46c2-ba01-0957dcc03c61,8f4abfd3-b0bd-4a0c-991a-d553d92f915a,whatsapp_contact,27e5f683-857d-4903-93f7-fb2a94a41e33,,2026-07-07 13:35:53.125+00,2026-07-13 16:45:50.38+00
c8eb1116-be89-4175-95be-dac1dd5dd966,67e27e9c-aacb-498b-9e7d-b4ecc6558e6a,32ccdbe1-627f-4fe3-a506-056b997ed89b,whatsapp_contact,bc2fef39-10b7-4506-ab5a-de0aaef5dfaa,,2026-07-03 19:16:21.309+00,2026-07-06 13:33:58.572+00
c4338eda-bf2f-4273-9d50-d3e98861cccd,0eecedaa-9fce-477b-87c2-ec50e372f0de,a9c81e05-8b1a-47ad-a80d-dbc45603f068,whatsapp_contact,eb0d8e80-6715-4a77-967e-e249f012fb27,,2026-07-02 13:03:05.984+00,2026-07-02 13:41:38.494+00
9bdea6c4-9814-4da8-9824-ae80e8fe1903,abf3449b-17d8-4bc6-87f3-6790c772a1fc,32ccdbe1-627f-4fe3-a506-056b997ed89b,whatsapp_contact,1ee488b6-31a4-479f-9027-654ebd27bc8c,,2026-07-02 12:56:51.132+00,2026-07-09 21:32:33.673+00
ed5ca90b-418b-48a3-b2d6-2f5fe1b27a8c,7517b499-138b-480b-bc5c-f78306eeb961,32ccdbe1-627f-4fe3-a506-056b997ed89b,whatsapp_contact,cae49db9-0e30-4322-b9c6-f1cc311de7e5,,2026-07-02 15:53:29.779+00,2026-07-10 21:34:40.793+00
dcd9042b-8f0a-4c2a-bd10-7e47b380d029,6e6835a8-0cb1-4938-ac4a-e1a6e0a85c0f,a9c81e05-8b1a-47ad-a80d-dbc45603f068,whatsapp_contact,7a3a62b1-e790-45cd-9c54-c1b7c6d287c8,,2026-07-02 13:16:29.215+00,2026-07-02 18:36:14.242+00
6f47bc61-3357-4df2-88ea-06c848ab8046,dd36cece-14b4-4a2a-a52d-dd446492a263,32ccdbe1-627f-4fe3-a506-056b997ed89b,whatsapp_contact,bcc58b4e-3422-45f5-a540-b8f1fa6a94a4,,2026-07-02 12:10:11.122+00,2026-07-10 21:59:49.844+00
72ea3a61-7578-4432-a9c7-f728bc511680,274429bb-6a4d-4c81-aeef-c653b1ea94d2,32ccdbe1-627f-4fe3-a506-056b997ed89b,whatsapp_contact,f7b08977-1f69-4c8e-a6f2-dd2a10dea410,,2026-07-03 10:26:35.974+00,2026-07-03 10:26:35.974+00
3f3a49f1-b357-4a13-bc42-ea908e58d39d,cacfce88-b705-4b50-b7c6-3fa5fd00429e,8f4abfd3-b0bd-4a0c-991a-d553d92f915a,whatsapp_contact,0dbb5188-9fb9-4f7d-9756-e824ff61efcb,,2026-07-07 13:20:54.814+00,2026-07-14 22:26:45.057+00
a7f37250-212b-46ef-9b75-326de59ed9f4,4b5d70fe-e15d-4c8a-b643-c08b182a173a,32ccdbe1-627f-4fe3-a506-056b997ed89b,whatsapp_contact,e0213f00-59a6-436f-a3ca-f81ea6e484f9,,2026-07-06 12:40:45.431+00,2026-07-06 20:49:57.467+00
7161b34a-38c9-4b16-a709-2d954482a514,47df7ee9-2dab-48c4-bbeb-aeeab3bf75e6,7b577c22-5513-42cc-ab19-2bf867e14ebc,whatsapp_contact,45cbc171-0776-42ad-8eb8-3609dff279eb,,2026-07-03 14:41:44.473+00,2026-07-03 14:41:44.473+00
7498c32a-a24e-4bf5-932a-02983eae35cd,c0750d7b-66c2-4e9d-88fd-08e0ae4555bf,32ccdbe1-627f-4fe3-a506-056b997ed89b,whatsapp_contact,add8ff1e-94c7-4eda-97d0-880d710579c7,,2026-07-05 00:51:15.145+00,2026-07-06 13:42:14.692+00
92aaa864-f4c3-42b5-8545-fc8a25996267,ad8ac345-f1eb-4aa8-a77b-6e2887215dfe,a9c81e05-8b1a-47ad-a80d-dbc45603f068,whatsapp_contact,2a029c93-65e7-4fb1-90f1-7cf967aa52bd,,2026-07-02 11:51:30.943+00,2026-07-02 13:01:44.064+00
38a59ac5-c052-45a7-a322-db1a06bd4d10,903551d1-17d9-477f-8ac6-1ea49c066ec2,a9c81e05-8b1a-47ad-a80d-dbc45603f068,whatsapp_contact,96e518e2-9319-44e3-82a2-71d529d3af4c,,2026-07-02 18:49:08.185+00,2026-07-02 18:49:27.617+00
fc5965bc-ad6e-4b29-98e1-9a755ad6be35,eb7dfd9a-6654-44d2-a920-a5224cedc718,32ccdbe1-627f-4fe3-a506-056b997ed89b,whatsapp_contact,75d3b2e3-c433-434f-9488-dbaa2e8c2ead,,2026-07-02 17:07:39.615+00,2026-07-02 17:36:20.014+00
3714bbdc-0406-46a1-a69a-571d195cb6bf,19299389-c38f-4d08-b10f-09a3c8df4723,8f4abfd3-b0bd-4a0c-991a-d553d92f915a,whatsapp_contact,a7042597-2485-445c-8450-82484a9b54d3,,2026-07-07 15:12:22.405+00,2026-07-14 15:58:00.46+00
9df79c76-d67e-4a8e-b48d-6345eb416219,d4880e6b-2b83-46ff-8130-e8b91b2fe4c1,8f4abfd3-b0bd-4a0c-991a-d553d92f915a,whatsapp_contact,6105f171-f6a7-4e05-b8b2-8ab45fb49e50,,2026-07-07 21:21:06.651+00,2026-07-13 15:02:11.656+00
0c6cb1ae-d308-4af5-b0c0-aab45bbf75de,fa849832-a591-4b5e-a304-4de18575b686,32ccdbe1-627f-4fe3-a506-056b997ed89b,whatsapp_contact,04676610-02e4-4ebc-9626-c803b03d9a27,,2026-07-03 18:35:39.184+00,2026-07-03 18:35:45.442+00
5ceacd83-854c-4f91-8dd5-14cfbbaec11b,9cdf3dad-1b73-43db-a96d-d0fb1cb9874f,8f4abfd3-b0bd-4a0c-991a-d553d92f915a,whatsapp_contact,1c4eae83-3a78-4cdb-be9b-af8f87895210,,2026-07-07 14:09:25.103+00,2026-07-13 15:22:34.102+00
bf3494b0-49f1-46ba-9abc-623df36c02fb,92ce20b5-2024-4e08-91d4-1247ac6c5752,8f4abfd3-b0bd-4a0c-991a-d553d92f915a,whatsapp_contact,05fdc044-8af9-4dd7-8be5-8eb084b421af,,2026-07-07 14:29:41.351+00,2026-07-14 16:02:34.901+00
3fba20ec-a17b-42bf-a22b-6a41b1cb9d45,74f5bab4-d582-45fb-b4a4-060bb784c3b9,a9c81e05-8b1a-47ad-a80d-dbc45603f068,whatsapp_contact,9625f904-9514-4935-9b0b-bbce538748e3,,2026-07-02 18:07:24.371+00,2026-07-02 19:01:44.337+00
6f88456f-7505-444a-939e-7311bd6b8eea,9a5d84ce-3252-4144-afb6-f8386abb57d5,7b577c22-5513-42cc-ab19-2bf867e14ebc,whatsapp_contact,b116ecb2-2846-4cb7-8043-4f2539db5aaa,,2026-07-02 19:07:48.744+00,2026-07-02 19:07:48.744+00
d6555f50-b1dc-48f5-8c70-add2e988794d,62708950-de7e-4315-9119-10030fc5ece2,a9c81e05-8b1a-47ad-a80d-dbc45603f068,whatsapp_contact,6a2bad46-e2a2-4821-a3b7-4b170c17d1cc,,2026-07-02 14:42:37.676+00,2026-07-02 16:40:43.981+00
c6d704c6-d446-4d35-8223-f13b06e8fd1d,538b5ebd-58a6-4fac-b849-a712d72bdcbd,7b577c22-5513-42cc-ab19-2bf867e14ebc,whatsapp_contact,fc78f0c0-cbe6-4d2a-a5a1-371794589558,,2026-07-02 19:10:56.555+00,2026-07-02 19:13:22.904+00
8dc0ef25-0ef4-45f8-9b33-172e06c69f04,06cec95e-4df1-45da-aa12-62aad21da128,8f4abfd3-b0bd-4a0c-991a-d553d92f915a,whatsapp_contact,b2906da9-1a1a-4e12-a1a0-6df33c28ef13,,2026-07-07 15:43:33.516+00,2026-07-07 15:43:33.516+00
99f26001-2c70-4287-a25a-654bff5ea555,49e03515-67d5-475f-b50d-d4130bdf0e56,8f4abfd3-b0bd-4a0c-991a-d553d92f915a,whatsapp_contact,8c626556-c13c-406a-bfd8-a9156996fe9f,,2026-07-07 15:49:25.877+00,2026-07-10 22:45:14.714+00
b9eba996-8147-4ba0-a9f7-04c57120d0da,cb2d01fd-69df-49d5-9aac-88d79cb40f69,32ccdbe1-627f-4fe3-a506-056b997ed89b,whatsapp_contact,0750250f-f463-4c24-8778-13a8461716e6,,2026-07-03 12:41:40.582+00,2026-07-03 22:09:49.966+00
2feb5ed8-9097-4dde-a18f-e1f20ce8eb55,9fd41d37-d7e0-49be-8a44-1c42e3ccd320,8f4abfd3-b0bd-4a0c-991a-d553d92f915a,whatsapp_contact,8764fdc7-2927-4134-b62e-4b1989174a05,,2026-07-10 12:53:00.595+00,2026-07-13 15:32:54.061+00
d5bedc76-1fe2-4e31-acbb-6f5dfd4ec623,dfdbcb8c-b5a0-44b0-8a16-24e789772908,8f4abfd3-b0bd-4a0c-991a-d553d92f915a,whatsapp_contact,21beccd6-12ba-45a0-9cab-4b65d52baef5,,2026-07-07 13:20:54.231+00,2026-07-14 21:11:48.55+00
13426e88-c648-4097-b9f4-8158eadf5aca,5ff1ba33-85e9-4ec3-88bc-db5995e49903,8f4abfd3-b0bd-4a0c-991a-d553d92f915a,whatsapp_contact,e882dbba-1ffb-4b85-a073-614681b2bcb2,,2026-07-11 23:47:56.414+00,2026-07-12 02:17:28.869+00
3f3a80c1-b255-4862-8267-c64b330ee157,7f9ba701-2fbf-4765-b818-f0117bbe4916,8f4abfd3-b0bd-4a0c-991a-d553d92f915a,whatsapp_contact,9dfdcb62-45c3-4dae-baf5-d371e38233b7,,2026-07-07 13:38:58.369+00,2026-07-14 21:55:53.758+00
ae8ffd79-0c46-468d-af12-ef8931c17c2b,59c63736-5f0e-45bf-8c42-748094f94b74,8f4abfd3-b0bd-4a0c-991a-d553d92f915a,whatsapp_contact,3718961c-4e09-4353-934e-fefde4d08ba1,,2026-07-07 13:53:45.359+00,2026-07-14 18:29:54.564+00
cbee7b2f-12a2-4e56-ba0b-d0c02b36f60d,a0fa407f-8f8e-49e2-a784-7e67d47f4739,8f4abfd3-b0bd-4a0c-991a-d553d92f915a,whatsapp_contact,0162fbf4-e0a0-402d-a109-577db549c24e,,2026-07-09 18:40:57.361+00,2026-07-14 22:34:57.744+00
ca7a8990-a259-4f49-96ae-37ab585a1e77,4732fc8c-73f2-452e-adbe-dac05ea35a3b,8f4abfd3-b0bd-4a0c-991a-d553d92f915a,whatsapp_contact,ce986e2c-8c0b-4469-9061-7ac3b6fc7076,,2026-07-07 15:05:32.663+00,2026-07-14 22:41:15.523+00
e6c68a0c-41eb-48be-8d06-41003a96af68,550b6dbe-5e2f-4663-98d7-fc69c7403646,8f4abfd3-b0bd-4a0c-991a-d553d92f915a,whatsapp_contact,d54833aa-5513-475b-88ca-c86012dd1290,,2026-07-07 14:38:29.387+00,2026-07-14 23:03:58.773+00
4c00060d-7e1b-49ec-9e4d-13f9ddbf51c6,7a8eeecf-4789-4c5e-af0c-9199d2748d3e,8f4abfd3-b0bd-4a0c-991a-d553d92f915a,whatsapp_contact,d47a3c37-7891-4cf3-8f49-3de617c9b3d0,,2026-07-07 13:11:21.695+00,2026-07-15 11:06:21.888+00
9a431155-d63b-4f65-b3c6-53b82829c533,eef3a220-9e19-4e66-a080-dc1fc5b47f8d,32ccdbe1-627f-4fe3-a506-056b997ed89b,whatsapp_contact,fe3eeb84-bd90-4667-bc62-0b210b11996d,,2026-07-03 20:31:43.397+00,2026-07-03 22:20:12.931+00
74e7c5d1-bf3b-432a-a631-59c19b6e4a77,ca5f6154-63cd-4a78-b612-8864333dc1a6,32ccdbe1-627f-4fe3-a506-056b997ed89b,whatsapp_contact,747b5fdb-f101-4376-9059-de1e42c6c618,,2026-07-07 12:05:16.697+00,2026-07-08 13:50:03.894+00
1bc34905-a960-4891-a3d2-21847d2d27a7,c496e72b-84bb-47f3-b44e-1d352af69b65,8f4abfd3-b0bd-4a0c-991a-d553d92f915a,whatsapp_contact,74e0e699-c2b1-413b-bc1e-775369275948,,2026-07-07 14:46:00.486+00,2026-07-14 20:08:32.943+00
93ff9de7-25f0-4abf-9a04-14ac4e242311,f6f3dc48-5a43-4e3b-99d3-56a3e4f36bcb,8f4abfd3-b0bd-4a0c-991a-d553d92f915a,whatsapp_contact,84c409d8-4cbe-4db7-8ffb-6fb396162e89,,2026-07-07 17:22:13.649+00,2026-07-14 14:20:47.729+00
37758a10-39a0-4b03-9500-fbd7a145cb6b,e4405e81-20ee-41a7-81ea-d82dd4ed698e,32ccdbe1-627f-4fe3-a506-056b997ed89b,whatsapp_contact,a46fd211-531a-46df-a7e6-9b0b4b60d1d3,,2026-07-03 21:36:24.597+00,2026-07-10 18:51:31.849+00
3285c1ee-152e-400d-ae3e-8af42bd786fb,d4b9eba8-166c-4237-bb43-0673699a4f8b,8f4abfd3-b0bd-4a0c-991a-d553d92f915a,whatsapp_contact,11f2e7d9-aef2-4a66-94ad-af4d8e6f60f5,,2026-07-11 08:47:23.124+00,2026-07-14 20:08:06.688+00
47f75563-4ce9-4b43-9399-82e16e95a407,0a9c2acd-f004-4804-8ecd-eaac79d6e65f,32ccdbe1-627f-4fe3-a506-056b997ed89b,whatsapp_contact,c3859cc4-ec60-43d9-9af8-cc494dd03aab,,2026-07-07 13:46:23.68+00,2026-07-08 18:15:43.835+00
23e2c339-70af-42b9-907d-165f21ef61b1,5b527967-bc07-47f0-8bbe-761eef47c35c,8f4abfd3-b0bd-4a0c-991a-d553d92f915a,whatsapp_contact,880adc3b-8a63-4a88-a3cb-0800dbdbb37f,,2026-07-07 14:42:19.829+00,2026-07-07 14:42:19.829+00
603e3daf-d321-49b5-8878-d70949ddb826,389311ec-953f-4694-b4e5-fd1a9005cc90,8f4abfd3-b0bd-4a0c-991a-d553d92f915a,whatsapp_contact,e95dd195-0413-41ef-a31c-b651529c8853,,2026-07-07 14:25:25.716+00,2026-07-07 14:45:00.117+00
82a9d2b8-ee12-4143-b349-74467cd89b46,4881a7da-0353-497f-97a4-2c186384421d,32ccdbe1-627f-4fe3-a506-056b997ed89b,whatsapp_contact,4f102821-fd80-487f-a1a5-f22de76fcfdf,,2026-07-08 20:34:00.198+00,2026-07-10 13:55:48.006+00
f3ffe0eb-d332-4534-8cdb-39dd657a057c,64718553-fb9b-461b-82c2-0db8a1025337,32ccdbe1-627f-4fe3-a506-056b997ed89b,whatsapp_contact,a938e954-d57f-4400-ba8d-b98080aeb53a,,2026-07-07 14:28:05.505+00,2026-07-07 15:06:34.843+00
205e00dc-4e4f-4afa-aa15-a672deee0e58,9b5c2b70-3011-4dc2-a776-4598f3358c86,8f4abfd3-b0bd-4a0c-991a-d553d92f915a,whatsapp_contact,6b5fd8e7-dea3-48be-8dc9-662328184f2d,,2026-07-07 17:20:54.558+00,2026-07-07 17:20:54.558+00
59cbe66f-3b35-4f48-8151-84a86ee3f797,39d018e6-f77b-4d69-a75f-7fb89d612174,32ccdbe1-627f-4fe3-a506-056b997ed89b,whatsapp_contact,c526ee86-256b-4309-bc38-0e9e04ec0e1b,,2026-07-07 18:20:40.725+00,2026-07-07 18:20:48.604+00
db33d753-0b45-403f-817c-906d8d9a9d49,75a24e34-0dea-4b72-ac79-bb87728ba9e7,8f4abfd3-b0bd-4a0c-991a-d553d92f915a,whatsapp_contact,9e399ede-e1a6-4632-87b6-815c40016d09,,2026-07-07 22:18:10.595+00,2026-07-11 21:17:22.699+00
bf263dfc-24f1-43fd-b916-764a7372c256,05adf373-49b9-4180-90f6-eb70480b50ef,8f4abfd3-b0bd-4a0c-991a-d553d92f915a,whatsapp_contact,017d8222-cf2b-4bbd-9c46-5fc189c43f20,,2026-07-07 19:02:23.569+00,2026-07-07 21:23:30.632+00
c8ec2377-25c1-4367-8e98-7c332fa6ce6f,2ac2ba69-2493-4e71-a6f4-776a64d126db,8f4abfd3-b0bd-4a0c-991a-d553d92f915a,whatsapp_contact,2a946e9d-01b3-40f1-809d-1bde5a4eeaba,,2026-07-08 15:46:44.965+00,2026-07-14 15:34:20.516+00
0c9432a8-cd62-4579-ad0c-11bc993dda10,0a3184d1-65c7-4ec0-8226-1463c98ad9e3,8f4abfd3-b0bd-4a0c-991a-d553d92f915a,whatsapp_contact,b605e701-75cd-4e51-9f9c-adb27d95145e,,2026-07-14 18:44:18.332+00,2026-07-14 18:44:18.332+00
35e74720-f484-4583-b836-002a503e3b0a,80ec72cd-18f5-4cce-9e9a-dd95b96e41fa,7b577c22-5513-42cc-ab19-2bf867e14ebc,whatsapp_contact,06ae762d-29c6-4ddd-8c42-62fbba3ceec3,,2026-07-08 12:26:22.612+00,2026-07-08 12:32:38.246+00
ae81e152-3e61-4215-a944-1fb955fb46e2,b85c60f8-e74a-4ec0-94e2-04a033e2c593,8f4abfd3-b0bd-4a0c-991a-d553d92f915a,whatsapp_contact,562da26f-ae11-4073-9148-277e6439bc4d,,2026-07-09 14:06:45.49+00,2026-07-09 15:30:47.83+00
6f9a9f41-ad92-41f8-ad8e-a74108e083fb,f73b7ef1-d3b9-47aa-8977-33c71448b59b,8f4abfd3-b0bd-4a0c-991a-d553d92f915a,whatsapp_contact,8b47704c-bbbe-4b99-a099-6c65f468f038,,2026-07-07 22:27:41.394+00,2026-07-13 14:45:17.193+00
4dba85aa-f433-4a24-9248-6c566889cc99,fd9959ac-a33e-4d99-b598-de035d59b658,8f4abfd3-b0bd-4a0c-991a-d553d92f915a,whatsapp_contact,4f1182ce-81f8-41fc-86d0-d7e49c99f6ed,,2026-07-07 20:05:57.426+00,2026-07-08 14:47:49.457+00
5b62ed18-c5a6-4758-ab62-bf3aca382f6a,753f7e33-2aef-4f02-84ae-3072fe7fb072,8f4abfd3-b0bd-4a0c-991a-d553d92f915a,whatsapp_contact,35664f47-b72f-4c42-aaba-5705d9814c4b,,2026-07-10 19:08:37.354+00,2026-07-10 19:20:36.142+00
292d224e-2b6c-42db-9750-ee0798b80f9b,153cb356-3625-4eaf-935a-c709feffbcb5,8f4abfd3-b0bd-4a0c-991a-d553d92f915a,whatsapp_contact,0203f61d-0d28-4fd6-abcc-1876ad385798,,2026-07-08 17:12:50.802+00,2026-07-13 15:06:37.235+00
c2e9d9a5-963f-4441-a638-d3aa735a9b2b,aeb6a16e-611a-4482-aa3c-076b7ec0b244,32ccdbe1-627f-4fe3-a506-056b997ed89b,whatsapp_contact,47869f6b-4aba-4086-91a0-4cdf223bfe47,,2026-07-02 11:28:37.652+00,2026-07-10 22:20:39.44+00
d2601b6d-21a5-4184-8313-cdffb5ca1d13,d54e40e2-f4e3-4070-850b-266d0dbb414f,8f4abfd3-b0bd-4a0c-991a-d553d92f915a,whatsapp_contact,82044363-fd7e-4af6-907e-271b3f752dce,,2026-07-10 14:02:45.978+00,2026-07-13 21:58:42.675+00
7a6961fe-2e2e-43e2-a27c-d8430f1a1a82,326e93a3-000a-411d-bd7b-e0fb1f86ef0a,8f4abfd3-b0bd-4a0c-991a-d553d92f915a,whatsapp_contact,c71b5ab9-0e14-47ad-9a95-5a24bf4411b6,,2026-07-07 14:09:26.903+00,2026-07-14 19:33:47.016+00
d35fdf6f-a335-4fc5-837b-c829fe9d18e1,046c3ec2-968c-462c-b6d1-e840fca4c826,8f4abfd3-b0bd-4a0c-991a-d553d92f915a,whatsapp_contact,2f606cee-bdb3-4d23-a17a-fece9fc166e6,,2026-07-10 13:21:35.147+00,2026-07-13 01:36:59.53+00
aeb0ba04-3bf9-4a09-b5e7-7b46f42da722,f101efe6-6ae2-4a9a-97ac-7d51336e3a03,8f4abfd3-b0bd-4a0c-991a-d553d92f915a,whatsapp_contact,a1da3c3a-4b8f-4686-a496-db73ab96e3bb,,2026-07-08 23:43:50.699+00,2026-07-13 00:43:10.818+00
d91a04ea-d318-4b1c-9e37-ad9ff06ecfaa,608b70b5-07e9-4fcd-902d-3d8ca6143f58,8f4abfd3-b0bd-4a0c-991a-d553d92f915a,whatsapp_contact,f2cf7a39-6c82-4744-b175-111aa589b0a2,,2026-07-10 12:53:29.021+00,2026-07-13 15:55:26.067+00
0bf525a5-0104-4bc4-9ebd-679c9afedc82,15d2a1c7-3253-45f9-96af-6d92a8f505fd,8f4abfd3-b0bd-4a0c-991a-d553d92f915a,whatsapp_contact,f4b9652d-ef0c-48dc-89f5-1732a672d856,,2026-07-07 23:30:22.924+00,2026-07-07 23:58:24.451+00
bae030f9-2e74-453c-9320-9695fc3a7ca5,2a7f5150-b80b-43fc-a047-2de86b624506,32ccdbe1-627f-4fe3-a506-056b997ed89b,whatsapp_contact,97dd098b-56f5-4bc0-80be-3c5bfbfc6f40,,2026-07-10 11:14:47.915+00,2026-07-10 13:03:37.909+00
5d2601d0-53a9-487b-9584-0723fd0a1f1a,4c9ab153-2c2e-4563-ba8f-7621923dcddd,8f4abfd3-b0bd-4a0c-991a-d553d92f915a,whatsapp_contact,e0a6c4fc-bc38-497f-a3f8-7b7e1ef8c473,,2026-07-08 02:34:35.935+00,2026-07-08 12:18:05.133+00
1c8d0439-7abc-4433-9448-315c36737eb0,6c9053fa-86bb-420f-9371-f110e31b642c,9703eb88-bcb7-4c08-952e-158f9c404728,whatsapp_contact,c1d48156-9552-4133-adef-b61a119e1ebf,,2026-07-23 17:41:55.68+00,2026-07-23 17:50:49.67+00
53715916-31aa-456f-bc16-bec902aac3b6,f89bdd13-aa73-438c-bb34-ec83d2345c93,8f4abfd3-b0bd-4a0c-991a-d553d92f915a,whatsapp_contact,71f89cfa-5007-400c-ad56-ca27b49b8e30,,2026-07-07 23:01:16.467+00,2026-07-15 00:43:31.824+00
fce08655-7db3-4c76-8bc7-d8b878fb2e5e,d5e62a4b-7cf2-4098-8025-6bb95f3cd358,8f4abfd3-b0bd-4a0c-991a-d553d92f915a,whatsapp_contact,3e7a3123-9a83-40ce-bc28-f7a48f9afdd1,,2026-07-08 16:44:00.187+00,2026-07-08 16:44:00.187+00
cb92b86e-0053-4263-a83a-fa67a1c83c47,e152b864-4e2d-40bf-bca1-a8e15613a6c7,8f4abfd3-b0bd-4a0c-991a-d553d92f915a,whatsapp_contact,a72177a8-de90-418d-b8fa-2f2518f352f3,,2026-07-09 13:47:03.892+00,2026-07-13 12:19:27.935+00
7c452844-dcb3-47b4-9336-9e88607e4c39,82161041-6b4e-4601-bfc4-f5dcff4d57f6,8f4abfd3-b0bd-4a0c-991a-d553d92f915a,whatsapp_contact,2a201843-387e-4d0e-abe6-46d6c219f4d2,,2026-07-07 17:40:59.394+00,2026-07-13 16:26:55.962+00
6e3acb9f-3071-47c0-a67c-15bc5a163e05,8eeabfb6-690a-4896-ba0c-7bc327a1932f,8f4abfd3-b0bd-4a0c-991a-d553d92f915a,whatsapp_contact,e4fbc7df-cf2c-420d-9637-ec2b7116b3eb,,2026-07-09 14:12:46.727+00,2026-07-11 17:35:38.656+00
9673d02e-a168-4ee7-99a3-531e28157646,1fc8f7a4-1ccc-4f92-bb4c-1c10ff353331,8f4abfd3-b0bd-4a0c-991a-d553d92f915a,whatsapp_contact,5b01a4cf-1fcd-412f-910d-510cc9d9e6de,,2026-07-08 22:26:06.434+00,2026-07-11 18:36:53.085+00
1734da28-3887-4bfc-bcab-03e81def46d4,cecc4c60-4690-4e1e-9420-92383640edb1,8f4abfd3-b0bd-4a0c-991a-d553d92f915a,whatsapp_contact,31b680b4-67ec-4987-87e1-4a88b19639cb,,2026-07-09 12:30:22.082+00,2026-07-09 17:11:21.092+00
149c20a3-ff0b-4de2-a41f-f0288a7fe242,d56dd700-56b8-4cde-b95e-09526e22368b,32ccdbe1-627f-4fe3-a506-056b997ed89b,whatsapp_contact,4e4daeb8-ee30-4011-b4cc-967867a0d72f,,2026-07-10 13:07:35.902+00,2026-07-10 13:11:16.006+00
83b1d304-17c0-4cd5-8b60-7c54804ce3c6,71d8e084-be1b-484c-9208-3ce8b8a311df,8f4abfd3-b0bd-4a0c-991a-d553d92f915a,whatsapp_contact,3b61fb8a-5a70-4a36-ae5a-23301d58666e,,2026-07-08 13:30:44.5+00,2026-07-15 11:08:24.79+00
449bc041-943c-4b45-bea5-d733c61c8097,28b9d997-5e49-4199-9ff0-392d5d2e187c,8f4abfd3-b0bd-4a0c-991a-d553d92f915a,whatsapp_contact,d10407ba-0e28-4d8f-9682-8942108ab593,,2026-07-07 18:56:44.975+00,2026-07-14 19:57:25.139+00
dc36ddda-4260-41a5-9e78-6e2eba302f5c,198b2b62-907d-4fe0-8667-fb423b53a9f0,8f4abfd3-b0bd-4a0c-991a-d553d92f915a,whatsapp_contact,fd2b13fd-bb94-49d5-995c-89a9f465f811,,2026-07-08 12:13:59.518+00,2026-07-09 12:38:25.359+00
b3ad133f-2465-4762-b5b5-dabb2662241b,fe8e4cf8-ff42-450c-b890-1cf5a66fe155,8f4abfd3-b0bd-4a0c-991a-d553d92f915a,whatsapp_contact,81bb3ee2-3fad-4c7e-8e2a-0f985eafa3a4,,2026-07-08 17:16:31.453+00,2026-07-08 18:00:29.626+00
6a7b7735-5836-455b-9b46-07da02d20e3d,4d40a72c-49ae-4021-ad1f-661afc7a41c3,32ccdbe1-627f-4fe3-a506-056b997ed89b,whatsapp_contact,fff4395a-3475-4c8b-9e44-72ee2898bb24,,2026-07-02 12:42:17.209+00,2026-07-10 17:32:55.747+00
81164cde-fb14-4e78-bcdc-e699bb58fd99,23e63936-8c50-44b2-99d0-0be9436d26a5,8f4abfd3-b0bd-4a0c-991a-d553d92f915a,whatsapp_contact,4434739b-68d0-4077-a3f3-4a15aff73588,,2026-07-08 23:45:42.288+00,2026-07-11 18:58:53.843+00
fd85da3e-f0bf-47b4-81a9-4b12b5d31f91,89dab789-359b-403f-b600-9a1fa42d814d,32ccdbe1-627f-4fe3-a506-056b997ed89b,whatsapp_contact,12970cc7-fb20-4601-94ea-fc65866c43a6,,2026-07-09 16:43:40.831+00,2026-07-10 14:53:18.178+00
96d9adbd-4c55-4e46-9616-597e274e7ff4,a23e230b-cba9-4cb9-b902-9e518e3dd277,8f4abfd3-b0bd-4a0c-991a-d553d92f915a,whatsapp_contact,2b9a978e-858b-4c76-9940-c606e60c34cb,,2026-07-09 01:21:28.14+00,2026-07-11 21:58:17.678+00
44eb79d9-6073-486d-8811-0cc1dc0305b3,986a4d4e-f1c1-4dd1-925f-688df1839d99,8f4abfd3-b0bd-4a0c-991a-d553d92f915a,whatsapp_contact,aefa3317-3f09-48b2-af0e-058ddf5ffc92,,2026-07-08 14:05:48.753+00,2026-07-10 13:52:55.952+00
9133ef21-02dd-45d4-86e0-1ea8fc55cef7,50418468-cf93-43fd-a26f-85ab6b24f3ef,8f4abfd3-b0bd-4a0c-991a-d553d92f915a,whatsapp_contact,a5dff866-5624-4d06-a1c5-be2e3ef3a0c0,,2026-07-09 01:08:21.939+00,2026-07-09 01:08:21.939+00
6ba398ea-4b84-4e03-83b4-4014fd241571,6d4ebc45-2d50-47a6-8ee5-6f8a5803407a,8f4abfd3-b0bd-4a0c-991a-d553d92f915a,whatsapp_contact,70af459f-0a43-4992-a4ae-9415ce0f03c2,,2026-07-10 17:00:38.724+00,2026-07-14 20:55:32.913+00
768df2c3-f856-4345-b3d3-eaa994a7e449,3d2284e8-717f-4415-b3f1-05e8a9bd4982,8f4abfd3-b0bd-4a0c-991a-d553d92f915a,whatsapp_contact,7b07b4de-70ef-456f-91d2-e696768da196,,2026-07-08 13:26:36.04+00,2026-07-08 15:28:58.348+00
13256754-f8ba-4f02-9daf-1493e9089f51,1670ccd0-69ea-4e53-8851-85d53fbc4ea1,8f4abfd3-b0bd-4a0c-991a-d553d92f915a,whatsapp_contact,f70ed125-34c6-4d41-8293-19c1f30baad0,,2026-07-08 13:06:24.683+00,2026-07-10 15:56:32.419+00
3ddf015b-9e79-4284-9b70-af397056c861,71d8e5e1-bf00-4e92-8327-dcd4b970f5b2,8f4abfd3-b0bd-4a0c-991a-d553d92f915a,whatsapp_contact,e706bec3-2f6b-47f0-88d6-71ae4b76a3a5,,2026-07-07 20:21:57.982+00,2026-07-15 00:53:01.761+00
210dce35-3873-4f84-b354-d98f487e495a,4cb09ccf-da2f-458b-9706-f563a5a141d1,8f4abfd3-b0bd-4a0c-991a-d553d92f915a,whatsapp_contact,5f70eb16-b907-487e-bb03-686a2dc923f8,,2026-07-08 10:34:29.434+00,2026-07-15 10:35:02.755+00
19a995db-b6bf-402a-9455-98561685edd6,cc3bfc8e-75ba-4655-840d-d54ba0d15a05,8f4abfd3-b0bd-4a0c-991a-d553d92f915a,whatsapp_contact,ed303d72-31d2-4fae-8b0c-f50e50b2d9b4,,2026-07-09 14:04:51.878+00,2026-07-13 22:31:25.623+00
e774167d-d69e-412f-a880-4dc24847a8e8,09279d92-d0eb-4115-a2ba-379711587a8d,8f4abfd3-b0bd-4a0c-991a-d553d92f915a,whatsapp_contact,639a6293-2cea-454b-b85b-a2013316b174,,2026-07-08 14:25:59.984+00,2026-07-14 16:09:52.154+00
fffac451-a5ac-4255-a25d-6d52ec9822f3,0e8cc1c9-bbaf-4ec4-83de-58d20a82e936,8f4abfd3-b0bd-4a0c-991a-d553d92f915a,whatsapp_contact,70caf345-9019-42db-aec5-0543468b6e45,,2026-07-07 21:48:34.253+00,2026-07-15 01:49:17.164+00
f898ac04-6c1e-458a-a16a-c845b7660731,751c9abd-4292-4702-b8a4-1eaa446d220a,8f4abfd3-b0bd-4a0c-991a-d553d92f915a,whatsapp_contact,7fba0c00-73c0-475b-a87d-5bca58b2dbf1,,2026-07-09 17:20:21.446+00,2026-07-11 09:13:11.269+00
ae9465dd-9028-47f6-9839-2b953036f1bd,ea231234-ff57-40e9-9acc-16673f6aa512,8f4abfd3-b0bd-4a0c-991a-d553d92f915a,whatsapp_contact,8eaa3d9e-565d-4500-80cb-81fcaf51b38c,,2026-07-09 00:36:51.688+00,2026-07-09 17:10:21.651+00
2bca407d-556e-483a-b024-9019b78ac806,52b5a119-e041-4b2d-b122-f7874e6f25b1,32ccdbe1-627f-4fe3-a506-056b997ed89b,whatsapp_contact,63b39129-b5d3-40c9-8f40-b6661c75185f,,2026-07-09 16:11:11.264+00,2026-07-09 19:55:15.019+00
ce119d5a-f68b-47fa-97b9-a8dc46fd104b,2956de5d-0153-4beb-8a16-4c26a4d43925,32ccdbe1-627f-4fe3-a506-056b997ed89b,whatsapp_contact,9e97972d-e968-4fed-af09-27616e683083,,2026-07-09 16:19:57.682+00,2026-07-10 00:20:10.839+00
5056bff9-720c-4578-89a7-b63ab6bad214,7ebeb651-5e2a-4094-a19f-84b6acb72a63,8f4abfd3-b0bd-4a0c-991a-d553d92f915a,whatsapp_contact,1fec6a1c-0864-4856-a96a-0815ed7d8c24,,2026-07-09 15:14:47.842+00,2026-07-09 17:20:42.92+00
a72dbf5a-c050-45bb-ab99-b5d1d7f55b3b,939c5ca0-6f28-4fa3-9999-3e240a66ace6,8f4abfd3-b0bd-4a0c-991a-d553d92f915a,whatsapp_contact,ed1afa41-f54b-400f-adb7-bffe17d4626e,,2026-07-10 16:31:46.694+00,2026-07-10 16:39:01.8+00
d0bd4395-d912-4e1f-861d-691924f309df,732159f7-962d-4007-a4b6-44c9082710db,8f4abfd3-b0bd-4a0c-991a-d553d92f915a,whatsapp_contact,5a6c4684-36e8-4a34-b659-1ff39f0dc531,,2026-07-07 22:02:56.778+00,2026-07-11 00:03:36.338+00
99579987-5623-41ef-8787-4487e2239339,2d780aba-1569-4b6c-b057-3cb55eb80377,8f4abfd3-b0bd-4a0c-991a-d553d92f915a,whatsapp_contact,0d59e430-7cd5-437e-adf1-9d818a30b1f0,,2026-07-10 14:22:54.137+00,2026-07-11 02:43:48.724+00
59cdaaf4-1b6c-4dc7-8af7-850bd50667c0,dc394e64-ae91-4016-80a1-a3a324aa24b9,8f4abfd3-b0bd-4a0c-991a-d553d92f915a,whatsapp_contact,67ba3a71-bce9-4888-ab0a-547c893a879b,,2026-07-13 09:56:30.147+00,2026-07-13 09:56:30.147+00
5b1da702-4198-44f9-9ca5-a8f46ecd3e3e,a8bd09e5-2bb4-4c3e-8690-871474a78d66,8f4abfd3-b0bd-4a0c-991a-d553d92f915a,whatsapp_contact,e3ac9819-38c0-4ca7-ba39-65c3c8e8f2bb,,2026-07-14 13:15:45.949+00,2026-07-14 13:38:08.865+00
03c24503-ff0b-4f06-b73f-84e5c5447556,ad252f08-3636-482d-b070-da230d13f618,8f4abfd3-b0bd-4a0c-991a-d553d92f915a,whatsapp_contact,11668aca-32c9-4ea5-9898-49db7046f5c5,,2026-07-13 12:06:58.715+00,2026-07-13 12:06:58.715+00
e46d273b-c5ef-48c5-9b54-513de2534a7f,6517118f-5598-4b95-aead-86bc1c78821c,9703eb88-bcb7-4c08-952e-158f9c404728,whatsapp_contact,78ef9212-4174-4d18-99d1-1d0c305c2d1a,,2026-07-23 16:57:49.423+00,2026-07-23 18:00:54.656+00
31d0c657-5a5d-469f-8c81-f1d615be5c09,701386a8-e891-416d-ad09-39d04b01a8e4,8f4abfd3-b0bd-4a0c-991a-d553d92f915a,whatsapp_contact,c5e665a1-9d79-4006-b070-be7cb28009e8,,2026-07-14 10:10:28.12+00,2026-07-14 12:41:33.942+00
8e021ec2-42b7-4d93-a825-1ad36b07f7d7,007d5dcf-805d-44e5-af0f-eeeed2aa8b6e,9703eb88-bcb7-4c08-952e-158f9c404728,whatsapp_contact,851ccb0d-8388-473f-9eea-8928a9f15507,,2026-07-23 16:57:15.923+00,2026-07-23 17:54:41.689+00
e6020dbd-515b-4f6d-a0fb-fd051aa3dd00,0937337a-dfaf-4f1b-b597-ee51c95a72ab,e51c5c55-1e13-45da-8a37-ed0f36f3d16c,crm_lead,37fc83a3-04d2-453d-b310-30452c4feb6c,"{""status"": ""pricingRequest""}",2026-07-23 12:34:01.954+00,2026-07-23 18:23:30.895+00
643a3cec-6a1d-4fe9-9f65-48cb9e2c5978,8a84f8c2-2eca-4077-bfc7-440a39fad0d6,8f4abfd3-b0bd-4a0c-991a-d553d92f915a,whatsapp_contact,cb6e04f1-85f8-4ae9-b9b0-85d4cf8251f6,,2026-07-13 19:17:06.856+00,2026-07-14 18:03:00.139+00
f173ad79-00ba-4d56-8f2d-9ec3046c9845,6a451781-9b9e-4fc3-aff6-ee8a5fac773d,8f4abfd3-b0bd-4a0c-991a-d553d92f915a,whatsapp_contact,4128d81c-3f3d-4d88-8a5c-bdcef227a999,,2026-07-14 19:15:28.7+00,2026-07-14 20:35:56.711+00
4c221e2b-137b-4ab7-a6c7-c9a47a8ac76d,d5638261-e6d2-4dbc-b159-d9e44f851f4f,8f4abfd3-b0bd-4a0c-991a-d553d92f915a,whatsapp_contact,3f20adfb-4147-43d5-b5ce-b19b3a37cf0b,,2026-07-14 20:48:32.317+00,2026-07-14 20:48:40.275+00
bbbef5a1-374e-4845-9b6d-064a1ca03a93,3f1a62b1-1555-4694-97f7-59726e25e1d0,8f4abfd3-b0bd-4a0c-991a-d553d92f915a,whatsapp_contact,64315533-1451-4c94-88e6-21cade1ef6ae,,2026-07-07 14:51:54.149+00,2026-07-14 19:01:35.09+00
14427e94-76c0-4f26-80a9-ef570481b318,1734474f-f924-47f2-99b2-c9144f6968aa,8f4abfd3-b0bd-4a0c-991a-d553d92f915a,whatsapp_contact,9dd0774b-ba15-46d1-85ae-018aae465366,,2026-07-13 14:22:59.811+00,2026-07-13 15:22:38.118+00
a3af3214-13d6-4f89-8d97-61c6a08d4ad3,d5e69f7e-0d40-4339-b3e0-cb2bd3c06b79,9703eb88-bcb7-4c08-952e-158f9c404728,whatsapp_contact,8a585c23-d9f4-40f5-a5bc-66a7445ae671,,2026-07-23 16:57:44.893+00,2026-07-23 18:00:55.658+00
b530a969-2cdc-4db6-9faf-36b971d9ee96,f5031027-7589-4845-93a6-687036bbcf01,8f4abfd3-b0bd-4a0c-991a-d553d92f915a,whatsapp_contact,f9862137-d166-48ed-9b22-77e1841ea507,,2026-07-10 19:41:22.448+00,2026-07-10 20:32:24.258+00
97ba01e7-e43a-4405-af26-6d7e9db8c07f,3ad6e4dc-ef59-489d-bdf6-ba4898339add,8f4abfd3-b0bd-4a0c-991a-d553d92f915a,whatsapp_contact,77416a76-2aae-45d8-8fbd-c82f27fcda2e,,2026-07-07 15:45:33.178+00,2026-07-14 23:12:00.175+00
b593b5b8-15a9-4974-99fc-394cf398a59c,0ce67387-7dd4-44bf-80e0-c712d12ff197,8f4abfd3-b0bd-4a0c-991a-d553d92f915a,whatsapp_contact,a9c8b282-03c8-40dd-9fb6-a05df4dd5ced,,2026-07-10 20:47:07.076+00,2026-07-10 20:47:07.076+00
f34be2ea-1cc8-4c1f-942b-b870b45c97c2,72fb2e47-963c-43af-97b8-988be901530d,8f4abfd3-b0bd-4a0c-991a-d553d92f915a,whatsapp_contact,0a0a47f3-5453-4cc9-965d-4a8ae6096069,,2026-07-11 12:06:10.318+00,2026-07-11 12:28:03.031+00
121f7f74-f07e-4163-996d-7b34cfd34012,3a0b9ecb-8fe3-4ddb-bfa1-efdd334c2f4e,8f4abfd3-b0bd-4a0c-991a-d553d92f915a,whatsapp_contact,a2867e80-d111-410d-97df-2d8b0eacb21a,,2026-07-14 21:01:29.297+00,2026-07-14 21:02:03.574+00
c5e296cb-f033-4e48-84fe-d35e47f1a3a1,3520f25e-4e87-4039-a1b6-a5e53cdf4e3c,8f4abfd3-b0bd-4a0c-991a-d553d92f915a,whatsapp_contact,69462a98-74f0-41ff-a442-fde79f81e137,,2026-07-13 15:11:20.533+00,2026-07-13 17:35:49.088+00
d19758f1-6ceb-4f3c-9322-e65f00c65f06,5376f90b-ea53-4769-9f01-5ae5f97b7923,862835fd-54ad-4ebd-986a-b5392f1bb227,whatsapp_contact,4aa66054-7fba-44c4-b943-4fce4b7dfb7c,,2026-07-19 14:12:12.661+00,2026-07-24 00:56:25.567+00
5d58db90-4740-48e8-81cd-247af34a8577,d8f3528e-6498-49e3-8eef-c627a7c18713,7b577c22-5513-42cc-ab19-2bf867e14ebc,whatsapp_contact,7abbda65-1cab-41db-aebe-2b8f763383b5,,2026-07-13 14:30:05.617+00,2026-07-13 14:30:28.421+00
ecb7b8da-e5e0-4ceb-b9b9-48e5bbd4067e,e3bf60bb-ed7e-4fc7-b40d-3a86bc0a1971,8f4abfd3-b0bd-4a0c-991a-d553d92f915a,whatsapp_contact,0b6a0a5d-8233-4b48-a516-80b163c3797d,,2026-07-14 15:17:41.936+00,2026-07-14 15:36:09.342+00
96fed888-d737-4158-80ae-d7f8b8fc5877,1c32d3d7-6161-4bad-a261-5164c9d533b6,8f4abfd3-b0bd-4a0c-991a-d553d92f915a,whatsapp_contact,e60c1811-e0c2-4116-95b9-69dc5c18eba5,,2026-07-10 21:18:54.903+00,2026-07-13 18:16:04.685+00
af7e9e9a-56df-4b09-9295-dbb8e747957a,32bebde2-965e-4d93-82e5-63e7d39cd4ea,8f4abfd3-b0bd-4a0c-991a-d553d92f915a,whatsapp_contact,758fdaf1-ccc0-4c48-a317-1fb51aadab20,,2026-07-13 18:23:38.69+00,2026-07-13 18:23:38.69+00
29d6bb4b-f524-4706-8c1f-256535360002,99f9bc4d-fd16-42c1-9fb9-e60a89de94d7,8f4abfd3-b0bd-4a0c-991a-d553d92f915a,whatsapp_contact,e2ea697d-0202-42b4-98ae-9d43cc7858b1,,2026-07-13 19:13:58.213+00,2026-07-13 19:13:58.213+00
05cb79da-d3bb-4d8e-b1f2-d6916d4a08e1,b339d81c-c3bd-41c5-bfc8-8453aa054087,8f4abfd3-b0bd-4a0c-991a-d553d92f915a,whatsapp_contact,9f55b03c-efe3-4ea5-a7b3-6610eed8a374,,2026-07-13 13:27:38.759+00,2026-07-14 16:09:26.678+00
c38b0873-f2c8-44b3-aedf-069949fa5a24,396a7fb5-32be-4500-9640-d7302f2ab4e8,8f4abfd3-b0bd-4a0c-991a-d553d92f915a,whatsapp_contact,47cf82cd-0388-4d0e-9a92-caec4254af5a,,2026-07-08 14:01:03.219+00,2026-07-14 21:07:21.685+00
9899aafa-c012-4f9f-958f-3ee067d981fa,95f4eb75-5d5c-4ef1-b659-6748f1564367,862835fd-54ad-4ebd-986a-b5392f1bb227,whatsapp_contact,004959fd-cc55-489d-9534-bfd126c7da4e,,2026-07-19 14:12:24.798+00,2026-07-24 00:56:26.083+00
939470be-4470-4572-8f53-dae1ee0f5aab,23eae004-6a85-4567-adb9-9045575128d5,8f4abfd3-b0bd-4a0c-991a-d553d92f915a,whatsapp_contact,308e385d-2a5d-44ad-acb0-6b8acbd5c8fc,,2026-07-13 22:28:45.09+00,2026-07-14 13:13:59.917+00
c7eeba90-53cf-4d91-98fd-0c2f7f054e54,00f67fee-ec13-441e-b047-f17551371d37,8f4abfd3-b0bd-4a0c-991a-d553d92f915a,whatsapp_contact,b1e21b81-339a-42f9-a31e-6c6b90ced4cb,,2026-07-14 21:08:44.01+00,2026-07-14 21:13:18.225+00
e176bb26-44c0-4d77-a99f-e30858aea014,d065bba8-2826-4ee2-b259-85913b2caa60,e51c5c55-1e13-45da-8a37-ed0f36f3d16c,crm_lead,1eae265c-4e29-44ac-9e9c-226c507252a1,"{""status"": ""pricingRequest""}",2026-07-23 13:09:09.274+00,2026-07-23 13:09:17.337+00
f11def8d-ae85-4875-8a3a-3aea1a33f478,1807a755-9803-41e5-9441-d43909d5fcc8,8f4abfd3-b0bd-4a0c-991a-d553d92f915a,whatsapp_contact,2e6e290a-f526-4c83-b2e8-20552c589bf2,,2026-07-14 19:58:22.969+00,2026-07-14 19:58:22.969+00
760aa672-a182-4a6b-80b0-92ebae1df3b9,fa5e1a16-4732-42b5-8140-88aab784deb4,8f4abfd3-b0bd-4a0c-991a-d553d92f915a,whatsapp_contact,b6f08b78-aee0-4f8b-9e55-a23c6cf3e1b2,,2026-07-10 20:59:55.192+00,2026-07-12 15:17:45.9+00
2371c419-bc78-49eb-8f50-594e66a3c806,89e3a30d-53c3-4e1c-b499-61223b139f47,8f4abfd3-b0bd-4a0c-991a-d553d92f915a,whatsapp_contact,6f65a365-7195-4bb4-b5f4-d908e8086137,,2026-07-11 19:01:34.5+00,2026-07-12 16:15:06.079+00
df5cec8f-5884-4a7b-88e7-fb61d51a13ca,99e3e0db-ca83-4ee1-90ff-cd26f5930cb0,8f4abfd3-b0bd-4a0c-991a-d553d92f915a,whatsapp_contact,3ec5531e-7977-4f3d-9af3-2255e8f34725,,2026-07-14 19:31:28.879+00,2026-07-14 19:39:06.114+00
63b9483a-5a9b-4071-85fe-692ff6b1c505,ecbeb92b-dcab-42c2-bd0b-f2e25e176aee,8f4abfd3-b0bd-4a0c-991a-d553d92f915a,whatsapp_contact,0d2a55d2-3be8-4fbe-9aea-2d521007be2b,,2026-07-10 19:48:59.967+00,2026-07-11 18:28:25.481+00
9ec23c98-ace1-4c98-9bf2-7ea138b68ca8,dc0029cb-f5ea-4ed6-bc0e-72a0d7d81367,8f4abfd3-b0bd-4a0c-991a-d553d92f915a,whatsapp_contact,3ffdf78a-647f-46f7-bb5c-78df2ef55a10,,2026-07-14 21:43:53.899+00,2026-07-15 01:28:29.586+00
2d9bf7cf-e262-4b79-bb28-35b3399c3c48,a718d47f-7ec4-49a4-90d4-c64052c6fd91,8f4abfd3-b0bd-4a0c-991a-d553d92f915a,whatsapp_contact,5c1e4d26-c4a3-46ff-a609-885a3ab829f8,,2026-07-15 11:02:36.43+00,2026-07-15 11:02:36.43+00
35b0913c-0ed0-4c6b-bd0b-03ae4d929984,3c01eca9-57ab-4a0f-ae85-d4fa6854909e,8f4abfd3-b0bd-4a0c-991a-d553d92f915a,whatsapp_contact,238ec11e-f160-4311-a2f7-8c49f0198877,,2026-07-14 13:42:27.778+00,2026-07-14 21:47:41.913+00
cca9eb64-79d3-42f7-961f-29bf0585587f,01b185a8-9934-4f9d-b480-e4c31678485a,8f4abfd3-b0bd-4a0c-991a-d553d92f915a,whatsapp_contact,2fcc5f27-de79-40dc-9e22-cd5267bf40e3,,2026-07-07 19:40:34.315+00,2026-07-14 22:27:48.754+00
1a51eb9d-6d8d-42ae-88d0-d843e215c942,9e13c34d-89e8-4958-9720-274d7dcac805,e51c5c55-1e13-45da-8a37-ed0f36f3d16c,crm_lead,89f8d9ea-75dc-4d88-b57a-345f9bd73a42,"{""status"": ""no_show""}",2026-07-23 13:09:42.803+00,2026-07-23 13:09:42.803+00
32170d49-472b-4278-9268-f756a602cc0f,475eabb3-863b-4100-a11b-17efceb8195d,9bd5cccc-e18f-432e-ae67-dc33103d5791,crm_lead,227eb721-c193-42f5-b389-df9a2a46d25a,"{""status"": ""no_show""}",2026-07-23 13:29:43.118+00,2026-07-23 13:29:43.118+00
f7d7e367-a269-4c0b-8855-7eea1ac1ccae,d6dbd794-8ddb-43df-999f-78ea5261b589,8f4abfd3-b0bd-4a0c-991a-d553d92f915a,whatsapp_contact,e705b87d-b5a1-47fd-bc58-eddf4c2fad67,,2026-07-11 09:19:00.504+00,2026-07-14 19:45:30.933+00
14834409-985f-4285-b44e-68918331437c,98c45f86-5def-491f-a59b-f5d0978cd1d1,a9c81e05-8b1a-47ad-a80d-dbc45603f068,crm_lead,821e5a2c-b621-4558-8c90-b34d2ca2838a,"{""status"": ""pricingRequest""}",2026-07-22 17:32:48.132+00,2026-07-22 17:32:48.132+00
a515e491-10a1-41ad-8cd0-e2fbe472e10c,b1e19f08-c97f-4bf5-808f-ab739d9b6910,b874694b-f463-4dbd-bb6f-b04f121a8802,crm_lead,d7fa3b28-51a8-438e-b4c2-d7a8aad5a5f1,"{""status"": ""offerNegotiation""}",2026-07-22 19:11:55.976+00,2026-07-22 19:11:55.976+00
d212609b-0554-4f2d-be07-24b15ee2fff3,35cbeedf-0e30-406b-9822-f0fd0b375e0c,b874694b-f463-4dbd-bb6f-b04f121a8802,crm_lead,7afcabd9-9809-4c3b-99eb-0c25513c31ec,"{""status"": ""no_show""}",2026-07-22 20:36:07.718+00,2026-07-22 20:36:07.718+00
ad96bcce-92f5-48bd-adcb-ed0f9e6d5041,a23900c4-f669-4fc0-bafe-0352c90e36ce,a94fc469-4603-487f-ab7f-e2712197d510,crm_lead,00527cf9-1fa2-4fe7-b075-09a5f97ae83e,"{""status"": ""opportunityLost""}",2026-07-22 22:09:31.297+00,2026-07-22 22:09:31.297+00
7be69749-b691-4a54-a563-b8d2980b8150,52a49212-177a-4215-bbe0-e14395067841,e51c5c55-1e13-45da-8a37-ed0f36f3d16c,crm_lead,5b214ba0-df0b-448a-a23b-6225aacfcb58,"{""status"": ""no_show""}",2026-07-22 23:22:30.602+00,2026-07-22 23:22:30.602+00
22cf75b4-b90e-4d89-971a-4af4135281c8,cf8b6f0b-7ce9-4bd8-a2e4-ea4de706fee6,b874694b-f463-4dbd-bb6f-b04f121a8802,crm_lead,db48b198-cd7f-4521-9f8b-74fd47fbeecb,"{""status"": ""future_sale""}",2026-07-23 13:01:10.329+00,2026-07-23 13:01:35.927+00
d7f4ce4d-c16f-47c6-ad22-8bb05a0cb0be,7538d945-ad2a-48dc-afc4-70d6fca9b0db,b874694b-f463-4dbd-bb6f-b04f121a8802,crm_lead,66ce5bcd-b978-43a0-912e-a10780561523,"{""status"": ""future_sale""}",2026-07-23 16:54:36.165+00,2026-07-23 16:55:07.659+00
bb515886-bb7b-4843-9ac3-87b1faa43a9e,c4d5fc6f-6e70-495c-90f5-ea36d0c810ab,9e39aa76-bf9c-4630-afb4-5ea10a9cb738,crm_lead,c84c0b84-43ce-45e5-8db6-d048a22213a8,"{""status"": ""new_opportunity""}",2026-07-23 14:24:22.337+00,2026-07-23 14:32:31.928+00
da2b2b8e-7c8e-4b8a-81d6-5a0c42ae0acf,b4ce37b7-d657-413a-8bb8-9cc3e460fe2d,968fc8e6-f918-4579-b0d1-26570ce5e94b,crm_lead,624840ec-66e6-401a-811b-b6f2f3cd3f29,"{""status"": ""scheduled""}",2026-07-23 15:04:55.1+00,2026-07-23 15:04:55.1+00
a335dd4a-60c5-41ec-b9a6-15e6ec0d51fc,150a07e7-4b0e-419a-9839-15cff71dfade,e51c5c55-1e13-45da-8a37-ed0f36f3d16c,crm_lead,7b1e6be7-b65f-4bfd-999a-1451257e2a38,"{""status"": ""new_opportunity""}",2026-07-23 15:58:03.094+00,2026-07-23 15:58:03.094+00
3bae891a-edde-41eb-bc9f-805b5122e999,1c7d02f3-7da3-4b49-bda5-3462aa864bd2,32ccdbe1-627f-4fe3-a506-056b997ed89b,whatsapp_contact,0db6647a-0ed6-4a59-804a-9f338ccdd449,,2026-07-23 18:09:33.777+00,2026-07-23 20:00:00.061+00
6ebc3086-89b7-4e42-9453-f2583ef749dc,24c716d0-fba3-4e18-aedc-7156a40f20bc,32ccdbe1-627f-4fe3-a506-056b997ed89b,whatsapp_contact,3f8c9952-0198-428d-bb7a-e4a44931311d,,2026-07-23 18:17:35.274+00,2026-07-23 18:58:44.257+00
cfc68915-bed9-4c16-8a4a-ba363f58f0de,bcca3b60-a0ac-4df6-8110-834e70c826a0,7b577c22-5513-42cc-ab19-2bf867e14ebc,whatsapp_contact,ca8e2875-a364-4fbf-9f9f-966872e967dd,,2026-07-23 17:08:09.738+00,2026-07-23 17:08:09.738+00
8670bbc2-fb62-4c1b-a9ae-a28cef4a7689,9ad0b4ff-5236-4d21-9c2e-d05b88e63927,7b577c22-5513-42cc-ab19-2bf867e14ebc,whatsapp_contact,aca8e723-65fb-4116-a2b3-7c345d5b04b3,,2026-07-23 17:09:00.564+00,2026-07-23 17:09:07.673+00
1312a715-ae54-4747-bde4-d102a590d1ef,471624cf-8d96-4fed-8d16-e268b0b0609f,7b577c22-5513-42cc-ab19-2bf867e14ebc,whatsapp_contact,a26dfd35-3626-4dac-8983-8b570a4abecb,,2026-07-23 17:12:03.669+00,2026-07-23 17:12:03.669+00
46dc6126-3e7e-4f6c-9c07-1af10ffd777a,8c39d77c-2832-43cb-bd85-6b9bb2a9b346,9703eb88-bcb7-4c08-952e-158f9c404728,whatsapp_contact,b7cddaa8-6ecd-4469-8d24-f9230af42c31,,2026-07-23 17:08:28.636+00,2026-07-23 18:04:09.365+00
b203d511-63f2-4110-848d-f48180af021d,608f43ea-ccec-43db-a29e-5db4f1b54f4d,9703eb88-bcb7-4c08-952e-158f9c404728,whatsapp_contact,87ebef40-6dba-4743-bf79-312527090f90,,2026-07-23 17:15:38.109+00,2026-07-23 17:15:38.109+00
43996540-1aa5-4d9f-bb75-6050fbb42142,8ca5df08-bd08-4056-8e6a-d9bb3b2f4da3,9703eb88-bcb7-4c08-952e-158f9c404728,whatsapp_contact,41d0c61b-8920-4c94-b013-8506d00fd568,,2026-07-23 17:01:48.14+00,2026-07-23 18:04:23.411+00
27096403-1bf1-4014-a43d-7edb3233f0e9,54c375d5-d55a-4096-bf02-cd1e5ed5977d,9703eb88-bcb7-4c08-952e-158f9c404728,whatsapp_contact,c2a14d38-69b6-4541-9c56-fa25420ecb87,,2026-07-23 17:19:26.219+00,2026-07-23 17:34:10.277+00
35534807-c2c3-4e7f-914c-417d3077358f,4103f472-727f-4d8b-9f14-166a843aadc5,9703eb88-bcb7-4c08-952e-158f9c404728,whatsapp_contact,ce696f38-d5fb-4906-ac75-128b2645827d,,2026-07-23 17:22:19.088+00,2026-07-23 17:35:38.785+00
f0746d90-21d8-4241-a666-b86af79a67d8,ec89cf03-bbaa-432a-bd0a-f10f3f16a522,1c2d5668-5cd9-49a7-a138-3ccd2bea5cbb,crm_lead,ac096dd1-8821-49f3-b45b-84ee1b05d6d3,"{""status"": ""no_show""}",2026-07-23 18:04:52.718+00,2026-07-23 18:04:52.718+00
86655b49-1a58-4475-ae52-633f6d2cc34d,40a7ce6e-4858-4d62-a628-c83f277f2355,1c2d5668-5cd9-49a7-a138-3ccd2bea5cbb,crm_lead,9309fb8b-a7c4-41ea-aac7-7d810460e46c,"{""status"": ""no_show""}",2026-07-23 18:05:55.028+00,2026-07-23 18:05:55.028+00
4848ed2d-3c48-4fb6-a77d-cad3eb703907,1f1eaa96-ce79-43e4-8a1e-d69f526e41f3,9703eb88-bcb7-4c08-952e-158f9c404728,whatsapp_contact,f72a13cf-7a33-4cd7-9cc2-3e107f3d51c7,,2026-07-23 17:14:58.336+00,2026-07-23 17:40:02.43+00
cf493aa4-5442-40fd-9e54-fed02a0c96bd,3ffa4b37-fecb-41c7-ae26-f82851df135a,9703eb88-bcb7-4c08-952e-158f9c404728,whatsapp_contact,0aa6efd5-7d4d-49f0-bdd2-ef1c3c162d07,,2026-07-23 17:08:02.109+00,2026-07-23 18:07:02.407+00
47197ad2-14b2-4cf8-bc3f-a795bf2b29b1,678580b7-2b50-470a-98ee-32760d09ec20,7b577c22-5513-42cc-ab19-2bf867e14ebc,crm_lead,7664a3f5-bf9b-40dd-af42-bbd444c0fd9e,"{""status"": ""new_opportunity""}",2026-07-23 17:23:17.964+00,2026-07-23 17:23:17.964+00
cf9e3878-dc4e-42a4-a333-510f0fb545e2,50009a53-14fa-46e6-9ae9-523bbe20a7bb,9703eb88-bcb7-4c08-952e-158f9c404728,whatsapp_contact,6b2618bf-ef59-4f89-ace5-5bf947a7c606,,2026-07-23 17:01:16.782+00,2026-07-23 17:47:45.368+00
e3913bc3-ce6d-4830-ade0-a3f1cbc645db,e3bf54bb-6617-42f4-ae52-3f29923c0928,32ccdbe1-627f-4fe3-a506-056b997ed89b,whatsapp_contact,23cce01b-1544-4e45-a7b1-0e9e659907de,,2026-07-23 18:18:10.171+00,2026-07-23 21:36:26.371+00
b1480d4a-7802-4919-9fa1-dc90c580263e,82221b6e-f59f-44ce-9924-983a42857350,862835fd-54ad-4ebd-986a-b5392f1bb227,whatsapp_contact,23a61373-19a0-49ce-85c3-8bc89ec276f8,,2026-07-23 18:00:54.735+00,2026-07-24 00:56:24.584+00
934a3bf5-6125-4bce-98fe-26b1fc2cfa2c,599b6ce7-6f18-4707-86e7-0ed6f7c1a262,13bbd043-efcc-4c8a-9edd-f34941547546,crm_lead,7664a3f5-bf9b-40dd-af42-bbd444c0fd9e,"{""status"": ""pricingRequest""}",2026-07-23 17:32:48.075+00,2026-07-23 18:13:58.083+00
f869cec8-87c7-4763-b9fa-a9a0d2e83fcd,cf794329-cb86-4070-81ab-d4a0039232b5,9703eb88-bcb7-4c08-952e-158f9c404728,whatsapp_contact,c7dc8318-eef1-40cb-b372-31e0ee0927a2,,2026-07-23 17:32:22.615+00,2026-07-23 17:32:22.615+00
c83c39b3-7be1-4574-8c20-77ea346adead,2283e71f-12fd-4ac4-a36d-89928e772c71,54fd3322-4510-4b44-bfbc-52e1c44b4969,crm_lead,84afd77d-c47d-49d3-8bd8-3b328f30fba6,"{""status"": ""new_opportunity""}",2026-07-23 17:51:05.862+00,2026-07-23 17:51:05.862+00
b66ffaee-e380-494c-8533-0d9d458598fa,f61662e7-b6dd-4498-8f3e-4f3eadead728,54fd3322-4510-4b44-bfbc-52e1c44b4969,crm_lead,6c0e18b7-bc0a-4ebf-8a39-a16d87530059,"{""status"": ""no_show""}",2026-07-23 17:51:33.751+00,2026-07-23 17:51:33.751+00
f56dc090-581f-490f-bc67-3acc0f81196d,5c26c676-beb4-4614-9282-48ee09d1723c,9703eb88-bcb7-4c08-952e-158f9c404728,whatsapp_contact,88bf05f7-9ff4-4ebd-8700-510677b9a788,,2026-07-23 17:52:36.782+00,2026-07-23 17:52:36.782+00
9719e826-8664-4182-aa87-ad9ac21fb38a,7e1eb9a9-d0e2-44ac-8c50-72de25312962,32ccdbe1-627f-4fe3-a506-056b997ed89b,whatsapp_contact,7ec52c7d-8fd1-4253-9333-88475c6638cc,,2026-07-23 18:14:04.08+00,2026-07-23 21:10:16.715+00
01004cd3-b1f1-4248-aa23-d3a83d6045ca,a9a70e41-9eb7-41a3-879e-c92c3b433889,7b577c22-5513-42cc-ab19-2bf867e14ebc,crm_lead,4e6c63df-7d7c-42df-86f8-ff4fee02ae70,"{""status"": ""new_opportunity""}",2026-07-23 18:19:58.053+00,2026-07-23 18:19:58.053+00
fc34015c-edf9-4788-a44e-2002f610d0ae,1e7b1bf4-c1e9-4f2e-837d-d5fc14806425,32ccdbe1-627f-4fe3-a506-056b997ed89b,whatsapp_contact,d0450ab6-c83b-4004-9811-27f5ec88ee04,,2026-07-23 18:24:21.213+00,2026-07-23 21:37:06.66+00
c98b67a4-ee84-4bc0-94ed-8048f22c3d06,e115be39-92a1-4ba7-8bbb-cb55d32cb4a8,9703eb88-bcb7-4c08-952e-158f9c404728,whatsapp_contact,054abbe7-d579-498f-b0a7-e24f6b244804,,2026-07-23 17:21:32.794+00,2026-07-23 17:58:25.516+00
2c29628d-274c-4855-a7e3-d1e35e53e29e,4f94e538-6910-4314-8ac4-8ba0016b1dd1,7b577c22-5513-42cc-ab19-2bf867e14ebc,crm_lead,ccdd915a-2356-4201-a468-91cbd0c28e18,"{""status"": ""new_opportunity""}",2026-07-23 18:20:21.827+00,2026-07-23 18:20:21.827+00
7873bbc0-9185-4685-809b-35bb108918e4,eb817e31-1d87-4775-b4d0-ac358d0af90f,32ccdbe1-627f-4fe3-a506-056b997ed89b,whatsapp_contact,cf955dfe-f233-4101-af96-b80645cee611,,2026-07-23 18:58:40.35+00,2026-07-23 19:01:30.098+00
a9d47639-e5e9-47d3-852e-7f176db80008,d389e936-b651-4e7b-8a10-c741e7b0e806,862835fd-54ad-4ebd-986a-b5392f1bb227,whatsapp_contact,228466ed-7de1-4b2a-9942-374b5fe268f9,,2026-07-23 18:00:55.764+00,2026-07-24 00:56:25.91+00
6f2ae914-b3ab-4745-9ccc-10d3c53d76a3,b8f036c8-1c55-4a55-887c-16e5eb294f57,54fd3322-4510-4b44-bfbc-52e1c44b4969,crm_lead,9ddf5815-b6bd-4260-9297-a7d1f2688f4e,"{""status"": ""new_opportunity""}",2026-07-23 18:27:58.114+00,2026-07-23 18:31:42.31+00
3e838bf4-1347-4b1f-ac82-03125e712258,b5fa2cee-5632-4214-b860-8c5715835cc7,7b577c22-5513-42cc-ab19-2bf867e14ebc,crm_lead,60d72492-a632-46cd-84b5-b154856ee8da,"{""status"": ""new_opportunity""}",2026-07-23 18:02:09.213+00,2026-07-23 18:02:09.213+00
d5ad2c02-373b-473a-b5ad-e533c92ad60c,28c4050e-7913-44eb-822b-e8fd2b716f5a,32ccdbe1-627f-4fe3-a506-056b997ed89b,whatsapp_contact,37c1502b-5a6b-42c3-a987-85add7a4e3c0,,2026-07-23 18:09:40.864+00,2026-07-23 21:36:36.899+00
db71ea3a-46df-4342-b7a2-d368dc91243f,2e036d3b-0b2d-4e8f-9d0d-157805048701,1c2d5668-5cd9-49a7-a138-3ccd2bea5cbb,crm_lead,71488ced-7e22-4fcf-bccf-cae4fb3f4a5e,"{""status"": ""no_show""}",2026-07-23 19:07:44.269+00,2026-07-23 19:07:44.269+00
9a0c7d11-249b-4efa-84f1-df6f8677806d,3c54ee05-2d95-4767-9dd5-8c1c29a7a6c2,32ccdbe1-627f-4fe3-a506-056b997ed89b,whatsapp_contact,dc920c09-03b1-42e3-987e-55bd08a129fb,,2026-07-23 18:14:10.799+00,2026-07-23 21:28:44.611+00
a75a1da7-86fd-458e-a9e8-791ced30b996,0244cf08-27d4-4369-a098-6ddba8afd35d,32ccdbe1-627f-4fe3-a506-056b997ed89b,whatsapp_contact,3b1ff8e3-367f-46fa-be35-3303af69de56,,2026-07-23 18:09:39.172+00,2026-07-23 22:09:27.027+00
cc89a9bd-6aac-45e5-a291-edb4bfe146de,93558c20-4f8b-46fb-92dc-1e900ed8d5ad,32ccdbe1-627f-4fe3-a506-056b997ed89b,whatsapp_contact,70b37ca3-4ce6-48d0-8d1b-d8b1c830b81e,,2026-07-23 18:10:29.234+00,2026-07-23 21:37:02.964+00
12f7fb7b-581d-4894-b17e-81731eda0dae,ea8844a2-0f68-4c20-bf9f-9b9da4460417,862835fd-54ad-4ebd-986a-b5392f1bb227,crm_lead,88af8f49-bb10-4661-b5de-ced5c40c6091,"{""status"": ""offerNegotiation""}",2026-07-23 18:04:54.881+00,2026-07-24 14:24:54.111+00
a78fb57a-80d5-4737-90a8-863e934ec128,eb3bfdb2-32c1-453d-9b23-ead4bda280a7,32ccdbe1-627f-4fe3-a506-056b997ed89b,whatsapp_contact,c1838964-80eb-4403-abb9-8e6c0745aec7,,2026-07-23 18:14:59.163+00,2026-07-23 22:09:40.341+00
522c1013-8978-4123-b4c4-17882f64c658,1bf7d1ba-31e8-4086-89d0-e16ba1cf4cf9,1c2d5668-5cd9-49a7-a138-3ccd2bea5cbb,crm_lead,008b1514-e241-488c-87a6-c045a46a5102,"{""status"": ""no_show""}",2026-07-23 19:04:09.802+00,2026-07-23 19:04:09.802+00
d41a4870-a37f-4891-847c-52c57b88c256,f74495ff-e5e7-4ee3-ab84-744edf443fbc,32ccdbe1-627f-4fe3-a506-056b997ed89b,whatsapp_contact,aa90353f-74d2-4291-ab11-a008f792280c,,2026-07-23 18:21:08.838+00,2026-07-23 22:09:29.166+00
47d0fa61-1d56-4cf9-8a46-2e431e0b9ad9,ab84b764-16de-4d2f-a017-2c38efba2f59,32ccdbe1-627f-4fe3-a506-056b997ed89b,whatsapp_contact,64beb355-c990-44c3-8418-e6af009eb97e,,2026-07-23 18:10:07.211+00,2026-07-23 22:09:47.784+00
41e284fa-228f-4e44-b400-5e33ac927396,6adae7a1-79f9-40cc-9027-b4fc747711f2,13bbd043-efcc-4c8a-9edd-f34941547546,crm_lead,4e6c63df-7d7c-42df-86f8-ff4fee02ae70,"{""status"": ""disqualified""}",2026-07-23 18:54:02.692+00,2026-07-23 18:54:02.692+00
86c17d86-6b26-453c-910c-1d01bd8f7c20,688540a2-a270-43c9-b744-cdcaef425671,1c2d5668-5cd9-49a7-a138-3ccd2bea5cbb,crm_lead,82c621f2-affd-42ec-b064-6a76085dfa9e,"{""status"": ""no_show""}",2026-07-23 19:13:17.623+00,2026-07-23 19:13:17.623+00
860bafa0-4a8a-4fe1-8be2-9c705a59c64e,c9d24056-90df-4c33-8296-01513d5f4af9,32ccdbe1-627f-4fe3-a506-056b997ed89b,whatsapp_contact,729ff806-8339-4014-8c58-04236569931b,,2026-07-23 19:01:23.019+00,2026-07-23 19:01:23.019+00
a313f70f-3cf9-47d8-a97c-04cff91378a5,244c634f-12a4-4fc3-9630-68e989b135f3,1c2d5668-5cd9-49a7-a138-3ccd2bea5cbb,crm_lead,5a4c0e29-d7f0-418d-b29e-6c371f1e394a,"{""status"": ""no_show""}",2026-07-23 19:01:27.062+00,2026-07-23 19:01:27.062+00
5645eefa-3e67-489b-b87f-211ba27e813e,6c9534ba-ab6a-409a-8202-0a43712f068c,1c2d5668-5cd9-49a7-a138-3ccd2bea5cbb,crm_lead,52a6b697-cac8-434b-9a90-2c47b989792f,"{""status"": ""opportunityLost""}",2026-07-23 19:15:45.798+00,2026-07-23 19:16:52.603+00
8722a439-6bcc-48ab-a899-243b7cdb27ea,5cb0ee1e-4452-4195-894c-e4ef44cb9ba8,1c2d5668-5cd9-49a7-a138-3ccd2bea5cbb,crm_lead,49b10c5a-7fdb-48f9-a900-0ea01a304ba3,"{""status"": ""no_show""}",2026-07-23 19:21:10.582+00,2026-07-23 19:21:10.582+00
11d55478-411e-4641-95bd-24a33676c429,38c2fc01-73c1-426f-a1d1-2f4d3998786d,1c2d5668-5cd9-49a7-a138-3ccd2bea5cbb,crm_lead,36a28ab1-de9c-4fa0-94cf-a70f01f1cf2b,"{""status"": ""no_show""}",2026-07-23 19:22:21.393+00,2026-07-23 19:22:21.393+00
c094808e-5f51-4641-86a1-e9689e17b019,8da5c68c-a1f5-43c8-a2ff-2dfe9800e164,32ccdbe1-627f-4fe3-a506-056b997ed89b,whatsapp_contact,55da3495-047c-4984-905a-70ced50c33a4,,2026-07-23 18:12:09.634+00,2026-07-23 20:47:59.89+00
b0f7bd2e-3709-41df-993d-375d374f1a4e,dd3b32f6-b867-4170-b975-45a861b34866,862835fd-54ad-4ebd-986a-b5392f1bb227,whatsapp_contact,7d5963c8-b67f-401a-bfff-85d29b696185,,2026-07-23 18:00:55.289+00,2026-07-24 00:56:26.468+00
b94ee05c-8759-4379-a3c1-280281cbcfbd,7571f171-8a7f-4630-b45b-d30dca0ea1b9,862835fd-54ad-4ebd-986a-b5392f1bb227,crm_lead,b68e6124-32fb-4f7b-a1d3-5a7b9b6c33bc,"{""status"": ""opportunityLost""}",2026-07-23 18:43:51.215+00,2026-07-24 14:51:11.93+00
5b93d4ce-c55c-436e-bfeb-8c787fedb863,8e8d69d8-cd11-4d0c-bb38-27b8adfc8a3d,32ccdbe1-627f-4fe3-a506-056b997ed89b,whatsapp_contact,d0cf62a7-c764-46bc-8539-f980514eead0,,2026-07-23 19:23:22.624+00,2026-07-23 20:24:12.579+00
d327e0ba-60e4-4d3d-bfaa-f26af5d5f890,1f6e5ee6-8023-4756-89d5-10eef1318282,1c2d5668-5cd9-49a7-a138-3ccd2bea5cbb,crm_lead,5ac0a662-3539-4183-8d0c-c0c4d363fd2b,"{""status"": ""opportunityLost""}",2026-07-23 19:23:40.718+00,2026-07-23 19:23:44.748+00
2df9725b-795a-4763-94df-dbf1787cd69a,c084b88d-5ae6-4704-b8c3-9053f3b6022f,1c2d5668-5cd9-49a7-a138-3ccd2bea5cbb,crm_lead,ac813ba6-c4c2-4afa-86b3-0309685a0a13,"{""status"": ""no_show""}",2026-07-23 19:25:51.356+00,2026-07-23 19:25:51.356+00
ec7b8e00-de7c-4647-b955-0b81548072ef,6234b0b8-f86a-4d4a-af92-cbf135b519dc,1c2d5668-5cd9-49a7-a138-3ccd2bea5cbb,crm_lead,86206764-329e-46a2-9a55-f0b810adf9bb,"{""status"": ""no_show""}",2026-07-23 19:26:42.323+00,2026-07-23 19:26:42.323+00
13350906-60f3-4572-8041-249793a91451,494428c8-fa46-4da6-8382-55417a144f97,28f7b9e8-9516-4a08-864c-9ff3e085ba87,crm_lead,30c1e377-f5bb-4f05-9ed3-f6fcb5042133,"{""status"": ""no_show""}",2026-07-23 19:27:24.142+00,2026-07-23 19:27:24.142+00
70b814e5-703d-4f2e-9f8b-866fda0a0995,ad396152-9dd2-4100-9f23-2af5da61a269,1c2d5668-5cd9-49a7-a138-3ccd2bea5cbb,crm_lead,28b6e949-4ab1-473a-a713-ae1bca192a60,"{""status"": ""no_show""}",2026-07-23 19:27:30.296+00,2026-07-23 19:27:30.296+00
093a3991-c073-4442-a25a-240ab0256f19,c23061f0-cccb-4ec3-9af1-b31a92b52bd2,28f7b9e8-9516-4a08-864c-9ff3e085ba87,crm_lead,e6202dba-2601-43e9-b1cb-be684eacf34f,"{""status"": ""no_show""}",2026-07-23 19:27:55.308+00,2026-07-23 19:27:55.308+00
70a3d2f4-83e7-47aa-bb89-ee89c656ebca,2ef1d407-182a-4f14-bf4b-5282098daa5a,1c2d5668-5cd9-49a7-a138-3ccd2bea5cbb,crm_lead,0797db9f-5eaa-4746-a87c-c9649e1bc2e1,"{""status"": ""no_show""}",2026-07-23 19:28:03.276+00,2026-07-23 19:28:03.276+00
fef0a957-2980-42de-8fee-f18fbdce8dfe,e5e80003-9a39-4392-b232-d7853dfa0d8d,1c2d5668-5cd9-49a7-a138-3ccd2bea5cbb,crm_lead,80f6887a-54ea-4cd6-a980-6311ac60bb0b,"{""status"": ""no_show""}",2026-07-23 19:28:50.875+00,2026-07-23 19:28:50.875+00
ed9ea953-13e2-43a0-a041-73c57cf519fc,e6701805-d88b-4934-bd14-dbf338cb1afb,1c2d5668-5cd9-49a7-a138-3ccd2bea5cbb,crm_lead,4722b2af-32a8-4bf5-ac6c-d727e7a350fa,"{""status"": ""offerNegotiation""}",2026-07-23 19:30:19.617+00,2026-07-23 19:30:23.039+00
01527d86-7c47-4cb6-9c08-df2d56cbc5e0,9a3247ca-16a7-4b23-80c3-251a45669611,1c2d5668-5cd9-49a7-a138-3ccd2bea5cbb,crm_lead,05e8aefb-114e-4676-8cf3-eb245e6721c7,"{""status"": ""no_show""}",2026-07-23 19:31:03.577+00,2026-07-23 19:31:03.577+00
37959122-8e57-4441-baaa-ff672b397bde,21701485-f2a4-40cc-8500-1f584cccf681,1c2d5668-5cd9-49a7-a138-3ccd2bea5cbb,crm_lead,b0ed2969-f0f4-4f4f-b767-973052bbdc8d,"{""status"": ""no_show""}",2026-07-23 19:31:51.079+00,2026-07-23 19:31:51.079+00
0c63b7de-f866-409f-99e6-17af334da719,2255feaa-b345-486f-8af7-ae307330a3e7,1c2d5668-5cd9-49a7-a138-3ccd2bea5cbb,crm_lead,70431de2-4873-4944-9c4c-78c5f047aeb3,"{""status"": ""no_show""}",2026-07-23 19:32:28.28+00,2026-07-23 19:32:28.28+00
3e10c6bd-1f05-4317-a79d-23f09f086556,5b407eec-a581-4be7-bcc3-3a68c8848e19,1c2d5668-5cd9-49a7-a138-3ccd2bea5cbb,crm_lead,ca7ba5bd-9f2d-4798-b131-ab687f9b2f51,"{""status"": ""no_show""}",2026-07-23 19:33:14.851+00,2026-07-23 19:33:14.851+00
bd7dd297-a229-441b-8b20-b50a8d011175,4378c1dc-fc56-453d-8297-ecfad6b01bf8,1c2d5668-5cd9-49a7-a138-3ccd2bea5cbb,crm_lead,29bd6a56-57e2-4279-84a7-9c047ced0f1b,"{""status"": ""no_show""}",2026-07-23 19:33:42.529+00,2026-07-23 19:33:42.529+00
8c62ef3c-5491-4ea7-b312-6fa2f2424339,349326a1-a1b6-45cb-b91c-d0390405d051,760fc14a-229e-4212-9aa9-f90de968af69,crm_lead,ccdd915a-2356-4201-a468-91cbd0c28e18,"{""status"": ""pricingRequest""}",2026-07-23 21:22:30.332+00,2026-07-27 17:50:11.586+00
09226d12-6932-473a-a720-e41925fa46d5,732dd093-e462-4a94-ad99-7e7ded6f0c67,1c2d5668-5cd9-49a7-a138-3ccd2bea5cbb,crm_lead,04b6e5f2-b0e8-42e3-907a-70023d384e09,"{""status"": ""no_show""}",2026-07-23 19:34:30.524+00,2026-07-23 19:34:30.524+00
941ba663-28e7-4b4a-b5e6-3d96ff28a088,ee807750-f178-4a26-8bdc-2c566bec444e,32ccdbe1-627f-4fe3-a506-056b997ed89b,whatsapp_contact,3ac1a3f4-2d56-4afe-8a28-540e3427fb96,,2026-07-23 19:24:06.468+00,2026-07-23 20:26:36.341+00
be2592d9-3e11-483e-bd34-0ef9cb4b9d42,7fec4a22-5322-45e0-95d2-c037ed0fec5b,862835fd-54ad-4ebd-986a-b5392f1bb227,crm_lead,44f5fe40-493c-43d5-86e6-33d612545d87,"{""status"": ""opportunityLost""}",2026-07-23 19:34:40.128+00,2026-07-24 16:25:34.865+00
87684e55-404c-4042-8015-68c309de3315,f95b47e8-1a2f-4f8b-aeba-4fc3ac11bc68,1c2d5668-5cd9-49a7-a138-3ccd2bea5cbb,crm_lead,e8cdf3b7-fdcd-4426-8d54-81a90ddfabcb,"{""status"": ""no_show""}",2026-07-23 19:37:40.193+00,2026-07-23 19:37:40.193+00
ead2dc00-c6f9-4ce8-af89-76ba4a5d4dcc,115b2ecd-9f88-402a-a936-b5bacf1b70f4,1c2d5668-5cd9-49a7-a138-3ccd2bea5cbb,crm_lead,1383d768-64c7-4c3b-b34b-e6ce565afb5b,"{""status"": ""no_show""}",2026-07-23 19:38:47.126+00,2026-07-23 19:38:47.126+00
cfe0f55d-4724-4c8f-8fa7-f69a94790a85,665bc266-61c7-4b01-9b11-2022fbed758a,1c2d5668-5cd9-49a7-a138-3ccd2bea5cbb,crm_lead,7d20468d-f0ae-4727-8fa2-6068bfc4c849,"{""status"": ""no_show""}",2026-07-23 19:40:23.24+00,2026-07-23 19:40:23.24+00
e4a6359f-3d23-43d7-9aca-0931d0d03c5f,30bd6dbd-3e61-4b9f-82b3-7930619a92ef,1c2d5668-5cd9-49a7-a138-3ccd2bea5cbb,crm_lead,fb9e16a0-e068-4def-aa6f-4da47116405b,"{""status"": ""scheduled""}",2026-07-23 19:43:24.348+00,2026-07-23 19:43:24.348+00
9aa652b1-2c1e-4e62-9df1-95bc72b805d2,960f6d1a-7161-4d94-b9fa-66a90325e3d2,1c2d5668-5cd9-49a7-a138-3ccd2bea5cbb,crm_lead,067895f9-0a13-414f-a061-5cd7f5e8af30,"{""status"": ""no_show""}",2026-07-23 19:44:07.942+00,2026-07-23 19:44:07.942+00
51dc562c-39d3-46ea-99ca-bab703616426,0b1439c7-95b4-4658-bf8c-4522bcde75e1,1c2d5668-5cd9-49a7-a138-3ccd2bea5cbb,crm_lead,49672a76-b24b-4f97-be84-e99fcc8b174e,"{""status"": ""no_show""}",2026-07-23 19:45:03.792+00,2026-07-23 19:45:03.792+00
32a13518-ca07-4362-9618-86fc4f7885bf,d0e9c0d7-66e5-4984-8d93-0db4e6d6df40,1c2d5668-5cd9-49a7-a138-3ccd2bea5cbb,crm_lead,d8cb116a-9672-433f-8da1-f9833b4e84b3,"{""status"": ""future_sale""}",2026-07-23 19:46:41.404+00,2026-07-23 19:46:43.542+00
c66bbb2e-f7a5-4ae9-bc93-5cf44a4cfd32,7701911e-e0a1-43a5-b91e-55261dd1f550,1c2d5668-5cd9-49a7-a138-3ccd2bea5cbb,crm_lead,c2a39b7c-98b0-4548-b6e8-f8701a25dcd4,"{""status"": ""no_show""}",2026-07-23 19:47:29.993+00,2026-07-23 19:47:29.993+00
25402b23-1cf1-4da3-a33a-44f0e9709fac,0da16d91-f387-428e-a016-a1bfdc2022a5,32ccdbe1-627f-4fe3-a506-056b997ed89b,whatsapp_contact,fb4e51ba-1602-4725-92ef-83ff4738b3d9,,2026-07-23 19:56:11.936+00,2026-07-23 20:10:53.837+00
ca2d67c1-2f0e-4c33-a5ce-0d16641a3af7,95eb78c7-190f-42c5-87dc-d3b054ef0de0,968fc8e6-f918-4579-b0d1-26570ce5e94b,crm_lead,f1328e71-dd73-483f-bdca-a15cdd6aa5df,"{""status"": ""new_opportunity""}",2026-07-23 19:48:13.484+00,2026-07-23 19:48:13.484+00
f52ddfa3-c005-4f1f-949e-1ded73afb7e6,26e41eee-3ed5-431f-91dc-2eed33549e14,1c2d5668-5cd9-49a7-a138-3ccd2bea5cbb,crm_lead,e5775d69-5c63-4de3-aa22-cb535e0da0c1,"{""status"": ""no_show""}",2026-07-23 19:49:12.602+00,2026-07-23 19:49:12.602+00
00b5d181-b995-41b1-8618-26a263c88427,58253ced-95bc-4ca6-ab50-2d9de7b67fbe,32ccdbe1-627f-4fe3-a506-056b997ed89b,whatsapp_contact,aaec2a2e-5cca-45ce-8ead-a5ef7bd3173f,,2026-07-23 19:23:30.099+00,2026-07-23 20:27:08.712+00
42afaee3-cfc0-4814-a210-77b7c0451093,18e321a6-85a4-47c7-8123-1476f8f866cf,32ccdbe1-627f-4fe3-a506-056b997ed89b,whatsapp_contact,20c8c16e-3870-4759-a04b-d163061cd954,,2026-07-23 19:53:16.638+00,2026-07-23 21:09:38.67+00
fcd7f3fb-00c9-4f16-aa19-591c65215bb5,1b7e7505-6a15-4c4c-98a8-e5c3eba09c74,32ccdbe1-627f-4fe3-a506-056b997ed89b,whatsapp_contact,71ad528d-9a22-4349-a8aa-438ebf44f20d,,2026-07-23 19:54:43.304+00,2026-07-23 19:54:43.304+00
031268b1-002d-43d4-acd0-1443bfada369,a9094da0-c85c-40bb-b316-4d5979b3fe3d,1c2d5668-5cd9-49a7-a138-3ccd2bea5cbb,crm_lead,0c113393-8087-44da-ac9d-5ec06acce8f0,"{""status"": ""no_show""}",2026-07-23 19:51:38.147+00,2026-07-23 19:54:43.742+00
c517b2a5-06d4-4bc2-a181-ec192908a753,7f56f4d0-6a8b-4f28-ba56-b921093d47cb,1c2d5668-5cd9-49a7-a138-3ccd2bea5cbb,crm_lead,e0a74fe2-ab22-4765-b7ed-a093323fd601,"{""status"": ""disqualified""}",2026-07-23 19:55:59.296+00,2026-07-23 19:56:02.234+00
0ff2b3d3-f96d-4e6b-bd73-9b28edbe3419,1f3540c4-6171-48be-ba00-ff4a9de1020c,7b577c22-5513-42cc-ab19-2bf867e14ebc,crm_lead,5cc6f6f4-0d3b-4ad9-8d93-c2c815bc7076,"{""status"": ""new_opportunity""}",2026-07-23 20:15:51.973+00,2026-07-23 20:15:51.973+00
a3b810da-dfe1-4e09-b77e-5f952d7d11dd,c152e4d3-bb2d-4c8a-b8c2-5ab6e5c531b8,32ccdbe1-627f-4fe3-a506-056b997ed89b,whatsapp_contact,3d1dc83c-691d-41ec-bc1d-7777d39787b2,,2026-07-23 20:22:44.117+00,2026-07-23 21:27:52.79+00
6b60ae26-3610-4bd0-86d5-1ad82d8d2c59,51be05ce-3364-4f69-a661-2dccd7098a1c,32ccdbe1-627f-4fe3-a506-056b997ed89b,whatsapp_contact,e4194ee9-0520-4692-8a68-ebd0df58d520,,2026-07-23 19:23:31.109+00,2026-07-23 20:19:27.365+00
b681c29f-efe3-40ce-8cfe-2fc9918bfba7,c7d98c35-0d5d-499a-9c53-28b281a095b4,32ccdbe1-627f-4fe3-a506-056b997ed89b,crm_lead,944fbc93-ed72-4048-a86f-b341e89faba9,"{""status"": ""contract_finalized""}",2026-07-23 22:20:53.252+00,2026-07-23 22:20:53.252+00
c632171b-b2da-4354-943d-de732aed79c5,ff8cc844-7e1c-480b-8a92-45d89f04342d,32ccdbe1-627f-4fe3-a506-056b997ed89b,crm_lead,0455fef4-976c-41ef-8837-efcf1bbe165d,"{""status"": ""scheduled""}",2026-07-23 22:20:53.524+00,2026-07-23 22:20:53.524+00
d914e307-b773-419f-9419-de39a4bc5651,89dcb39b-5698-4137-859b-06459678b5a1,32ccdbe1-627f-4fe3-a506-056b997ed89b,crm_lead,04b87026-6e55-48dc-a249-cbcdaed9d83b,"{""status"": ""pricingRequest""}",2026-07-23 22:20:53.725+00,2026-07-23 22:20:53.725+00
dc19cf55-5da9-4c85-84a0-f7a0397e943f,de05199a-66ba-4e25-9012-3f54de033b81,32ccdbe1-627f-4fe3-a506-056b997ed89b,crm_lead,205d2715-3751-4174-83cd-823143849804,"{""status"": ""operator_denied""}",2026-07-23 22:20:53.934+00,2026-07-23 22:20:53.934+00
1ffa5355-0364-4e99-9e28-65a218500bb2,982051d7-4183-49b8-a3ed-d97daf634341,32ccdbe1-627f-4fe3-a506-056b997ed89b,crm_lead,0ab4b028-e949-4ccd-9d5b-becde17822be,"{""status"": ""invoicePayment""}",2026-07-23 22:20:54.182+00,2026-07-23 22:20:54.182+00
44467264-0076-45e2-8982-ea7d9ec64754,0be6e378-e839-41b3-b1df-28e416907c63,32ccdbe1-627f-4fe3-a506-056b997ed89b,crm_lead,39201011-31c5-4dd1-bd04-8c74f9f44103,"{""status"": ""new_opportunity""}",2026-07-23 22:20:54.407+00,2026-07-23 22:20:54.407+00
e2395e0a-a44f-4ac7-b4b3-903c1a5bf313,473aa052-bc1e-445c-b315-5379ec440a77,32ccdbe1-627f-4fe3-a506-056b997ed89b,crm_lead,0d55603e-a6e5-4c2a-8958-253c3ec3f624,"{""status"": ""invoicePayment""}",2026-07-23 22:20:54.644+00,2026-07-23 22:20:54.644+00
e345dfd4-ab3e-48e2-8b36-c92efbd7822f,19090a4f-20f6-424d-b4c3-92129329eee4,32ccdbe1-627f-4fe3-a506-056b997ed89b,crm_lead,0ec0290e-816b-4528-8065-ed72dea4a172,"{""status"": ""disqualified""}",2026-07-23 22:20:54.848+00,2026-07-23 22:20:54.848+00
8d357559-1c1a-40b7-9274-6a30cb81e28a,3e710610-aa52-4a6a-9a76-cfe6a3bdcd4a,32ccdbe1-627f-4fe3-a506-056b997ed89b,crm_lead,c138e244-caea-4e45-b9ff-7e386eb1c495,"{""status"": ""new_opportunity""}",2026-07-23 22:20:55.076+00,2026-07-23 22:20:55.076+00
f1f00e32-4ac4-48c0-8ec7-d897ebc85cef,db352405-5808-4e66-b510-abb53f0b2286,32ccdbe1-627f-4fe3-a506-056b997ed89b,crm_lead,946ab627-f94a-44a7-a2c4-8e1c096c328a,"{""status"": ""new_opportunity""}",2026-07-23 22:20:55.286+00,2026-07-23 22:20:55.286+00
25d60618-986f-4f31-a1cb-cc3cb9749f50,57f6b660-d9bd-4a0d-a9c0-7c8507add50a,32ccdbe1-627f-4fe3-a506-056b997ed89b,crm_lead,1d377ef8-7e96-4394-b607-c53c6f79ab3f,"{""status"": ""new_opportunity""}",2026-07-23 22:20:55.488+00,2026-07-23 22:20:55.488+00
50890fd2-e820-404f-909b-b003b7f6d89b,4f35d804-7bed-4b20-9ef9-1692144dcaff,32ccdbe1-627f-4fe3-a506-056b997ed89b,crm_lead,159ad819-75fb-4922-8d1f-cebf58c95496,"{""status"": ""disqualified""}",2026-07-23 22:20:55.717+00,2026-07-23 22:20:55.717+00
127ccc19-11e8-48a2-b733-05ca92d0a8bc,24581be6-3618-4727-bf18-bd854d624890,32ccdbe1-627f-4fe3-a506-056b997ed89b,crm_lead,17223851-e65f-4fc3-80b5-ea177a9a826a,"{""status"": ""no_show""}",2026-07-23 22:20:55.916+00,2026-07-23 22:20:55.916+00
c057bf10-9934-476c-a4b2-d9b8f3d6e0c6,7bdf0423-7762-4c5b-bf56-eb6d822b6240,32ccdbe1-627f-4fe3-a506-056b997ed89b,crm_lead,1fdb49d5-7b45-47f5-b2f8-a3db3cdb2002,"{""status"": ""invoicePayment""}",2026-07-23 22:20:56.348+00,2026-07-23 22:20:56.348+00
dddc71b5-cb63-4867-bd3f-dd4a6909a4a6,dc094059-c0e1-407f-95a8-e6f8c736ab72,32ccdbe1-627f-4fe3-a506-056b997ed89b,crm_lead,31127827-8c7c-4e85-8100-04b6dabc7e6a,"{""status"": ""invoicePayment""}",2026-07-23 22:20:56.573+00,2026-07-23 22:20:56.573+00
e52a80d7-085a-4beb-9d4d-9e5da83559b4,16cd2b8c-8b42-413d-b5c3-85515b990a29,32ccdbe1-627f-4fe3-a506-056b997ed89b,crm_lead,29a3ffc4-9332-42a8-a0c3-a7390e76fc1f,"{""status"": ""opportunityLost""}",2026-07-23 22:20:56.751+00,2026-07-23 22:20:56.751+00
d669218e-4290-4bf6-b279-19b6cf735300,da40d6d8-3c3f-4d96-992d-3d903b8c3f61,32ccdbe1-627f-4fe3-a506-056b997ed89b,crm_lead,2b5a94b5-cca6-4646-8b48-49b418c435e8,"{""status"": ""invoicePayment""}",2026-07-23 22:20:56.978+00,2026-07-23 22:20:56.978+00
3292bd51-3b3c-47df-8400-51d4e28d35cf,dacb6671-7907-462e-a11b-7814e0adb2b7,32ccdbe1-627f-4fe3-a506-056b997ed89b,crm_lead,349f7d0c-fe3e-4bab-9bb8-50214dcb0b4a,"{""status"": ""offerNegotiation""}",2026-07-23 22:20:57.205+00,2026-07-23 22:20:57.205+00
219fd67b-c697-4f98-9f4b-f5689b9da3d4,c7d98c35-0d5d-499a-9c53-28b281a095b4,32ccdbe1-627f-4fe3-a506-056b997ed89b,crm_lead,ce4fa977-d02d-4e58-ab8f-432d1f508bef,"{""status"": ""future_sale""}",2026-07-23 22:20:57.387+00,2026-07-23 22:20:57.387+00
6ea602eb-c20d-400b-8e7e-8eac0b2db550,37c026d1-ce4d-4495-b976-2a2aab3f3cae,32ccdbe1-627f-4fe3-a506-056b997ed89b,crm_lead,41ae83bf-cf76-4a2f-8d15-24e9cd69a6a2,"{""status"": ""opportunityLost""}",2026-07-23 22:20:57.618+00,2026-07-23 22:20:57.618+00
41225695-3773-4d50-84a3-38822854fafd,b13cc104-c146-418c-9715-e8fe933513f9,32ccdbe1-627f-4fe3-a506-056b997ed89b,crm_lead,4a99ceef-9faf-4e5a-ba04-1562b8c62018,"{""status"": ""no_show""}",2026-07-23 22:20:57.855+00,2026-07-23 22:20:57.855+00
4c3549e2-06f2-4b2a-b45a-74857e5dd907,a0fbb3e6-36bc-41d3-9520-cfb65a840929,32ccdbe1-627f-4fe3-a506-056b997ed89b,crm_lead,37bed4a1-bf33-4fe1-b522-9c09f5bda540,"{""status"": ""disqualified""}",2026-07-23 22:20:58.042+00,2026-07-23 22:20:58.042+00
82e72e5d-704c-4515-8227-f2aac5df08c6,4d7cecc9-3bd4-449c-9bf5-db435c6a25e9,32ccdbe1-627f-4fe3-a506-056b997ed89b,crm_lead,4c78063b-caca-40b3-8bcf-c7a9419dfee7,"{""status"": ""invoicePayment""}",2026-07-23 22:20:58.249+00,2026-07-23 22:20:58.249+00
014f6ce0-fe85-4b09-bd07-c92001e5b480,db6989eb-b353-4ad9-854a-9b3df0492fd5,32ccdbe1-627f-4fe3-a506-056b997ed89b,crm_lead,5b434958-95a5-42ad-85ed-625657758494,"{""status"": ""invoicePayment""}",2026-07-23 22:20:58.452+00,2026-07-23 22:20:58.452+00
340f6732-842d-48d3-820e-fb9c99d17613,e11f5830-a23b-4fca-a9a2-845bb115b582,32ccdbe1-627f-4fe3-a506-056b997ed89b,crm_lead,619161ed-bd05-4c94-b9f0-fac325f3ebc5,"{""status"": ""scheduled""}",2026-07-23 22:20:58.63+00,2026-07-23 22:20:58.63+00
472a755b-58e5-4319-b86e-ba9f397d1710,fb97497f-7a04-40c4-93b8-0e1b316e8ea6,32ccdbe1-627f-4fe3-a506-056b997ed89b,crm_lead,7c0844ec-c4dc-4d10-adcc-e7c0c67e1da0,"{""status"": ""new_opportunity""}",2026-07-23 22:20:58.799+00,2026-07-23 22:20:58.799+00
39ec59bb-9873-45b0-9785-28856baec53f,7517b499-138b-480b-bc5c-f78306eeb961,32ccdbe1-627f-4fe3-a506-056b997ed89b,crm_lead,bff2cb4f-98dd-44e5-bb2a-fbf995b4acd9,"{""status"": ""scheduled""}",2026-07-23 22:20:59+00,2026-07-23 22:20:59+00
bc3aa6a6-9f70-4eb6-b2fc-ac5dba1ecea0,0223f7b3-be5f-48db-bd22-ba40ac850c42,32ccdbe1-627f-4fe3-a506-056b997ed89b,crm_lead,499be635-2674-488e-a65d-f91cd08c932a,"{""status"": ""future_sale""}",2026-07-23 22:20:59.184+00,2026-07-23 22:20:59.184+00
ce0e618d-1953-42a9-a6a4-ff615171dd7e,250a96a7-1fb7-4ca0-aa9d-ab6b896c263b,32ccdbe1-627f-4fe3-a506-056b997ed89b,crm_lead,99b741b7-d757-435d-8a90-aa82866fa47a,"{""status"": ""scheduled""}",2026-07-23 22:20:59.369+00,2026-07-23 22:20:59.369+00
6a5035f0-6a1e-44ff-89fb-7c98066c448e,476921c7-04ff-4307-8f26-626ac8455abb,32ccdbe1-627f-4fe3-a506-056b997ed89b,crm_lead,501e7341-44d7-41f3-a6fe-9b24062509ac,"{""status"": ""pricingRequest""}",2026-07-23 22:20:59.56+00,2026-07-23 22:20:59.56+00
b7b01954-d1f1-4962-aa95-9ff1824369fa,a000169f-eb81-48e6-bd2d-33d24eebc3ba,32ccdbe1-627f-4fe3-a506-056b997ed89b,crm_lead,51676704-92a4-4b25-820e-2f2e59b15787,"{""status"": ""disqualified""}",2026-07-23 22:20:59.743+00,2026-07-23 22:20:59.743+00
8084d894-7fc7-4102-9c27-3afbb663ca92,2763f628-540a-449d-91e7-632cad8c3548,32ccdbe1-627f-4fe3-a506-056b997ed89b,crm_lead,51cbb636-be83-4d51-a668-96e7700a2662,"{""status"": ""future_sale""}",2026-07-23 22:20:59.924+00,2026-07-23 22:20:59.924+00
3f70d7f3-aef4-4e2e-b8e2-fa3b41426bd2,11d2d375-0a0d-47c7-a2dc-fd1d3e2fac5c,32ccdbe1-627f-4fe3-a506-056b997ed89b,crm_lead,51ebdca9-b4be-490f-9354-8dd31371ed1a,"{""status"": ""no_show""}",2026-07-23 22:21:00.123+00,2026-07-23 22:21:00.123+00
8b57dae3-de5e-484c-913d-58e6fa1fd4dd,846fa8ff-7e97-4171-9381-8b8418b08d1b,32ccdbe1-627f-4fe3-a506-056b997ed89b,crm_lead,5435c135-9700-4c21-ba97-e5e1f5587b09,"{""status"": ""disqualified""}",2026-07-23 22:21:00.307+00,2026-07-23 22:21:00.307+00
10b93d98-bf73-430c-984e-560dd203dfe5,1e6741d6-89b3-46cb-a1f2-c8ee2267b7e9,32ccdbe1-627f-4fe3-a506-056b997ed89b,crm_lead,551afb33-7313-490c-ad9f-b0f97a3e0b8c,"{""status"": ""operator_denied""}",2026-07-23 22:21:00.492+00,2026-07-23 22:21:00.492+00
8fc3736d-1608-476f-a9a3-84b1b2f36efd,a3f4efdb-23eb-4588-82c7-a7299c8c4da3,32ccdbe1-627f-4fe3-a506-056b997ed89b,crm_lead,7c5c42de-d032-4bff-94e8-173fa3aa3f4b,"{""status"": ""scheduled""}",2026-07-23 22:21:00.697+00,2026-07-23 22:21:00.697+00
bb26f341-7948-49a1-863a-83acb912dd7f,86261c7d-d683-401a-a6bb-c8c5b1092bd6,32ccdbe1-627f-4fe3-a506-056b997ed89b,crm_lead,7d168e53-5cfa-436a-8c1b-e6726e553041,"{""status"": ""opportunityLost""}",2026-07-23 22:21:00.906+00,2026-07-23 22:21:00.906+00
0da97d8c-f76a-4d09-abdb-eb4303cb1985,c1ce768a-2927-482f-859a-8a92ee3082ba,32ccdbe1-627f-4fe3-a506-056b997ed89b,crm_lead,842fafc8-443a-4c69-851c-9d2a737cada6,"{""status"": ""new_opportunity""}",2026-07-23 22:21:01.09+00,2026-07-23 22:21:01.09+00
e9445448-bfaa-406a-aea0-7d0ccaf41f2b,8ab8d33d-c5ca-4603-8dba-c85e7f61158b,32ccdbe1-627f-4fe3-a506-056b997ed89b,crm_lead,5afaf563-5d6f-4ac5-970f-531f0fa5bba6,"{""status"": ""pricingRequest""}",2026-07-23 22:21:01.293+00,2026-07-23 22:21:01.293+00
386694a8-5a82-4fd7-9549-5139b4bb40ac,f8237c48-f932-4def-b20d-0f0b95d10ab9,32ccdbe1-627f-4fe3-a506-056b997ed89b,crm_lead,5b5bffd1-d9c0-4156-8a49-87361003ed56,"{""status"": ""contract_finalized""}",2026-07-23 22:21:01.474+00,2026-07-23 22:21:01.474+00
38b65d4a-6a17-451f-82fe-6f0aea7f08b6,65fb3154-04e0-4dd5-a4f4-772327a9ddc2,32ccdbe1-627f-4fe3-a506-056b997ed89b,crm_lead,3ca1b86b-a4b3-46b1-8c70-aafb56392918,"{""status"": ""new_opportunity""}",2026-07-23 22:21:01.654+00,2026-07-23 22:21:01.654+00
f7ca562f-df3b-4127-a7e2-93e6a0642285,e619f7e1-8d80-467d-b6c8-002fd04a7739,32ccdbe1-627f-4fe3-a506-056b997ed89b,crm_lead,5d5ab0c0-2003-4435-9a02-d072b58500df,"{""status"": ""pending_documents""}",2026-07-23 22:21:01.834+00,2026-07-23 22:21:01.834+00
2468a396-96c2-4960-98b6-0c387aa93229,dfed0f34-b72c-4f3b-b22c-98c60ebb3eeb,32ccdbe1-627f-4fe3-a506-056b997ed89b,crm_lead,12ad0de9-1ccc-4b9d-828e-94658c514f94,"{""status"": ""no_show""}",2026-07-23 22:21:02.014+00,2026-07-23 22:21:02.014+00
249782dc-9017-4159-b4fd-e49d11759400,f2b33a0b-a7c7-4a39-8f30-b8093d7ad275,32ccdbe1-627f-4fe3-a506-056b997ed89b,crm_lead,139c0315-20bb-4216-bd9c-b4472acfceae,"{""status"": ""invoicePayment""}",2026-07-23 22:21:02.195+00,2026-07-23 22:21:02.195+00
c8b3dc80-9dec-4a81-8190-529f66699e3a,9de7a0a2-5dcf-4e2e-bff9-5f5267112bf7,32ccdbe1-627f-4fe3-a506-056b997ed89b,crm_lead,14da536e-0504-498b-9851-4a8e61db4829,"{""status"": ""opportunityLost""}",2026-07-23 22:21:02.377+00,2026-07-23 22:21:02.377+00
b38896ac-dabe-4bae-8949-77b6204ede4c,d7140d04-9ab3-419a-9cc6-4baa4c40b441,32ccdbe1-627f-4fe3-a506-056b997ed89b,crm_lead,15dad285-1cc7-40df-ad9f-d9473eb8b95e,"{""status"": ""no_show""}",2026-07-23 22:21:02.556+00,2026-07-23 22:21:02.556+00
b2907aca-cbd1-41f4-92ee-7b9da0b0dbf3,1b5d5f15-9284-4480-93ec-89a339eced90,32ccdbe1-627f-4fe3-a506-056b997ed89b,crm_lead,1607668e-3776-4f63-9e03-c4701be47015,"{""status"": ""dps_agreement""}",2026-07-23 22:21:02.744+00,2026-07-23 22:21:02.744+00
e6420c8c-6b52-41bd-b3ef-4a4b999749ee,18bc7f09-2a91-490a-a98f-67ec14e39927,32ccdbe1-627f-4fe3-a506-056b997ed89b,crm_lead,9468363d-6fb1-47ce-9076-8f2c4d245ca5,"{""status"": ""invoicePayment""}",2026-07-23 22:21:02.905+00,2026-07-23 22:21:02.905+00
18705f24-62b1-44da-bd47-aab2add300be,0c745070-1103-4372-9af0-fa38a7620a3a,32ccdbe1-627f-4fe3-a506-056b997ed89b,crm_lead,97ffda3a-8274-4261-bf72-e10c80b25fe9,"{""status"": ""no_show""}",2026-07-23 22:21:03.086+00,2026-07-23 22:21:03.086+00
5d23880c-a0be-4e26-99eb-5cc6270739a8,9b439448-9921-4a2d-9f86-69d62ef3f983,32ccdbe1-627f-4fe3-a506-056b997ed89b,crm_lead,23a17229-29a0-447a-9558-c9f17aba9a1d,"{""status"": ""opportunityLost""}",2026-07-23 22:21:03.285+00,2026-07-23 22:21:03.285+00
1d1f84cd-f57e-4756-a5cd-01f662e28e13,66024b58-b68b-4693-902d-ab8908b8cf27,32ccdbe1-627f-4fe3-a506-056b997ed89b,crm_lead,2573479d-f417-4cc2-b4e6-457d30703144,"{""status"": ""no_show""}",2026-07-23 22:21:03.462+00,2026-07-23 22:21:03.462+00
13812608-b826-4af8-a438-19bee9c1ccdb,81e2e7c2-c2e6-4540-b764-19df5d868bcc,32ccdbe1-627f-4fe3-a506-056b997ed89b,crm_lead,023dba90-e3f5-4540-ad9c-da1624ba0711,"{""status"": ""scheduled""}",2026-07-23 22:21:03.641+00,2026-07-23 22:21:03.641+00
f09badbc-403b-4769-b3c8-44e583348fcc,f4692a42-07de-4784-9a27-4a617fe48b39,32ccdbe1-627f-4fe3-a506-056b997ed89b,crm_lead,7f7149ee-ef6a-4173-8cc4-2b41bfff354e,"{""status"": ""dps_agreement""}",2026-07-23 22:21:03.799+00,2026-07-23 22:21:03.799+00
ee58f952-251e-4ed9-8224-1c6404a4b54b,da05cbc4-7d97-491a-b123-f05de67ca1be,32ccdbe1-627f-4fe3-a506-056b997ed89b,crm_lead,2b28348c-a021-466e-9ddc-7731838c832a,"{""status"": ""scheduled""}",2026-07-23 22:21:03.977+00,2026-07-23 22:21:03.977+00
6c7eba23-cb22-42b7-b7bc-9f5803607594,49c3b975-f671-433e-8869-f9d254b72db6,32ccdbe1-627f-4fe3-a506-056b997ed89b,crm_lead,2f6433f0-ff5e-4f22-bbdf-71a414d28456,"{""status"": ""no_show""}",2026-07-23 22:21:04.154+00,2026-07-23 22:21:04.154+00
517460be-411a-4fe6-a38f-86e0de98839f,a2465ed5-7496-4634-9dc9-11ee59082a5d,32ccdbe1-627f-4fe3-a506-056b997ed89b,crm_lead,85c93a91-e6c0-41a4-af11-064252bbcd9c,"{""status"": ""invoicePayment""}",2026-07-23 22:21:04.366+00,2026-07-23 22:21:04.366+00
52632bbb-5b01-4ce1-bbbc-9cb1fd52bb2f,bfc7c8a3-15c4-4685-b93f-1c846eab99bd,32ccdbe1-627f-4fe3-a506-056b997ed89b,crm_lead,32c4d1be-5610-4356-a3ca-5c76f417da12,"{""status"": ""dps_agreement""}",2026-07-23 22:21:04.578+00,2026-07-23 22:21:04.578+00
8bd4ef2e-6665-4e6d-8da9-5cff433da4f6,d604d1c0-8082-4103-9014-93df3d478d85,32ccdbe1-627f-4fe3-a506-056b997ed89b,crm_lead,87273b41-1844-4bce-ad56-b06f32ae5230,"{""status"": ""scheduled""}",2026-07-23 22:21:04.801+00,2026-07-23 22:21:04.801+00
d012c1a5-ea3d-458d-a3af-996fa78b4e00,95e9c63b-c4b8-404e-a43b-fac3ac017204,32ccdbe1-627f-4fe3-a506-056b997ed89b,crm_lead,33d23163-9273-4806-8647-5a6594d10cd7,"{""status"": ""opportunityLost""}",2026-07-23 22:21:05.007+00,2026-07-23 22:21:05.007+00
e7cbca77-5d05-4885-b65c-a42d8c28e5c9,1101dc51-92e3-4fa0-a106-d5f6455b3bb3,32ccdbe1-627f-4fe3-a506-056b997ed89b,crm_lead,35a8ffce-eef4-429d-a002-aa9e9dcf4a69,"{""status"": ""opportunityLost""}",2026-07-23 22:21:05.212+00,2026-07-23 22:21:05.212+00
e8cf79b9-085b-4fd5-b367-8051043d0305,421a2f5b-0872-476a-99e7-1d538d0f6cad,32ccdbe1-627f-4fe3-a506-056b997ed89b,crm_lead,42bd93c0-8dc6-4f42-940e-6f36826f7b8c,"{""status"": ""new_opportunity""}",2026-07-23 22:21:05.419+00,2026-07-23 22:21:05.419+00
899b9430-ff43-47ab-b30b-80797e5fc1f5,1e16a530-51db-41c6-a328-2cbaba672428,32ccdbe1-627f-4fe3-a506-056b997ed89b,crm_lead,39adf6c4-41e8-45f9-8fb7-ca3b7835a27a,"{""status"": ""contract_finalized""}",2026-07-23 22:21:05.643+00,2026-07-23 22:21:05.643+00
f9cd78b9-f863-4ae1-baae-67c441a105da,1146aa90-2462-4375-b76c-8e9e0e61c911,32ccdbe1-627f-4fe3-a506-056b997ed89b,crm_lead,3a7515d3-1d1d-4ece-823c-65115336e346,"{""status"": ""offerSubmission""}",2026-07-23 22:21:05.845+00,2026-07-23 22:21:05.845+00
bced0733-4594-4c4d-a874-01b4275896f7,2dbbbbc8-2542-4459-93b6-6e2d470c0e5f,32ccdbe1-627f-4fe3-a506-056b997ed89b,crm_lead,3e2aa2b6-e7aa-4155-9911-f2e9dc675581,"{""status"": ""dps_agreement""}",2026-07-23 22:21:06.071+00,2026-07-23 22:21:06.071+00
cee2f3f3-ee9b-4aa3-99ee-3eea4aad1f3f,aed3eca5-f27e-4105-947b-c5bd259f6407,32ccdbe1-627f-4fe3-a506-056b997ed89b,crm_lead,8fd06b42-52ad-4681-978d-75f8b2388990,"{""status"": ""offerNegotiation""}",2026-07-23 22:21:06.291+00,2026-07-23 22:21:06.291+00
4d7b8dab-1d33-482e-93ac-c1960b623453,ba190111-6553-4bb1-af09-99e74c1b31d5,32ccdbe1-627f-4fe3-a506-056b997ed89b,crm_lead,41284ed6-d45a-4f2d-90f5-a4ec5e09509b,"{""status"": ""pricingRequest""}",2026-07-23 22:21:06.496+00,2026-07-23 22:21:06.496+00
e7da63f5-a0d3-4001-995a-addbae52eb2a,7132df1f-c2ad-4031-93e2-502742758aaa,32ccdbe1-627f-4fe3-a506-056b997ed89b,crm_lead,4573aefc-b3f4-48b3-86d9-b7c5dcfecca6,"{""status"": ""offerNegotiation""}",2026-07-23 22:21:06.7+00,2026-07-23 22:21:06.7+00
0a9a7717-48c2-4a5f-925c-72b56a35bbae,80c6b2fc-a0c0-4e82-8df0-33d677d12868,32ccdbe1-627f-4fe3-a506-056b997ed89b,crm_lead,984f838e-2279-496c-ada4-822b5721e489,"{""status"": ""dps_agreement""}",2026-07-23 22:21:06.9+00,2026-07-23 22:21:06.9+00
f531890b-7dc3-4bfd-9023-9551c1b07669,3a2e4e88-61f1-419e-9bd7-3ecbd8a101d6,32ccdbe1-627f-4fe3-a506-056b997ed89b,crm_lead,483a0b18-0618-4963-93ff-632556ee18db,"{""status"": ""pricingRequest""}",2026-07-23 22:21:07.096+00,2026-07-23 22:21:07.096+00
e82a4ff8-f4b8-4b64-8a39-77b3f2c9e8c3,26ac55fb-a55e-4dc4-9283-5c2bc6045cb8,32ccdbe1-627f-4fe3-a506-056b997ed89b,crm_lead,48db7baa-bad0-4dff-8ceb-e3695742b732,"{""status"": ""disqualified""}",2026-07-23 22:21:07.275+00,2026-07-23 22:21:07.275+00
4743065b-7317-45c7-a2df-c9e40dedba1f,6408b360-b8de-48a0-b73e-3f52185991cd,32ccdbe1-627f-4fe3-a506-056b997ed89b,crm_lead,c448c13e-5b90-46eb-83e2-71f5ce0e9763,"{""status"": ""invoicePayment""}",2026-07-23 22:21:07.476+00,2026-07-23 22:21:07.476+00
0824f109-298a-4c73-b60b-b449f3beae63,db717411-af15-49ac-9df7-8312475b64d6,32ccdbe1-627f-4fe3-a506-056b997ed89b,crm_lead,c4fa9feb-e0f9-43b9-b735-1b1be00dfde9,"{""status"": ""invoicePayment""}",2026-07-23 22:21:07.679+00,2026-07-23 22:21:07.679+00
c3bd3f04-f817-4015-9ff9-7057de333f91,71f62de7-6493-4c12-b67a-8465f50d6658,32ccdbe1-627f-4fe3-a506-056b997ed89b,crm_lead,4c63eb76-9f1a-4359-901b-8bd4db84da71,"{""status"": ""offerNegotiation""}",2026-07-23 22:21:07.858+00,2026-07-23 22:21:07.858+00
1a070b39-fb61-4ee1-8d48-f7e1eb9b505f,a7e5717b-6545-46b5-9a92-0ba87e45b7f0,32ccdbe1-627f-4fe3-a506-056b997ed89b,crm_lead,ce81ec08-597c-4ae6-8ee1-51534ac66338,"{""status"": ""opportunityLost""}",2026-07-23 22:21:08.076+00,2026-07-23 22:21:08.076+00
f55aa52e-2ef4-44e2-893c-3a9376434ba9,eee2402a-822c-4f81-9b06-6c728ba9dbc8,32ccdbe1-627f-4fe3-a506-056b997ed89b,crm_lead,5f7f3d4d-f784-417d-9a1a-0c5f73361e40,"{""status"": ""operator_denied""}",2026-07-23 22:21:08.279+00,2026-07-23 22:21:08.279+00
c45b675c-99f6-412c-8f29-ab011356c88d,4a2e7523-4037-43bb-9090-db2e3bf6a361,32ccdbe1-627f-4fe3-a506-056b997ed89b,crm_lead,31c11fd8-7dd1-42d1-a908-680cc68f0219,"{""status"": ""scheduled""}",2026-07-23 22:21:08.477+00,2026-07-23 22:21:08.477+00
de1c3b47-98d7-44d3-9e98-df0006c682c1,c52c9615-57d9-46ae-822e-648f82660656,32ccdbe1-627f-4fe3-a506-056b997ed89b,crm_lead,6b475f6e-33c7-4541-9f4a-95e28ffdee81,"{""status"": ""dps_agreement""}",2026-07-23 22:21:08.679+00,2026-07-23 22:21:08.679+00
fc8fbda0-0394-4448-a218-6b7305c72bb8,4b0f926f-65a1-4ddc-88df-ca3259252e65,32ccdbe1-627f-4fe3-a506-056b997ed89b,crm_lead,70444508-d4e0-49b3-8f62-0a6969ae56a5,"{""status"": ""future_sale""}",2026-07-23 22:21:08.855+00,2026-07-23 22:21:08.855+00
fd6c38ba-e4b8-4d36-96ca-57bad7407683,dd42810b-634d-4916-a098-96aa2992f19d,32ccdbe1-627f-4fe3-a506-056b997ed89b,crm_lead,705e1f87-341d-420b-9759-6ac92a6f394c,"{""status"": ""no_show""}",2026-07-23 22:21:09.073+00,2026-07-23 22:21:09.073+00
f8be0148-02c8-4940-ad90-c627ea18e9aa,b2cc46f8-5be3-43d7-88a1-db9a8b4ba9f0,32ccdbe1-627f-4fe3-a506-056b997ed89b,crm_lead,714b7a1d-85c5-44a1-a78f-57e6b84abe29,"{""status"": ""pending_documents""}",2026-07-23 22:21:09.27+00,2026-07-23 22:21:09.27+00
2ba05884-5421-43a2-bb02-5d573d9ec42e,be4a831d-8f07-4e29-beaa-4c2bddb69430,32ccdbe1-627f-4fe3-a506-056b997ed89b,crm_lead,71529206-9c64-4ba6-9ea9-d3225d232b7e,"{""status"": ""future_sale""}",2026-07-23 22:21:09.466+00,2026-07-23 22:21:09.466+00
1bb48d16-2701-411d-b453-d7bfad66df71,6d18a56f-3585-423d-9ab9-63b532509142,32ccdbe1-627f-4fe3-a506-056b997ed89b,crm_lead,71e12952-d681-4bc3-bfed-0cd31bde08e7,"{""status"": ""contract_finalized""}",2026-07-23 22:21:09.665+00,2026-07-23 22:21:09.665+00
34f7091e-e624-4672-b632-7425d5aa02f8,a48d9a59-0bb3-4436-a340-eb101d614019,32ccdbe1-627f-4fe3-a506-056b997ed89b,crm_lead,795f708d-95fd-46ee-9f01-c07c7332386e,"{""status"": ""scheduled""}",2026-07-23 22:21:09.891+00,2026-07-23 22:21:09.891+00
f3d25007-9553-4c56-bcb5-e9acca868abf,c294deb0-fc09-47db-8367-903243f9bcce,32ccdbe1-627f-4fe3-a506-056b997ed89b,crm_lead,7a4072fd-0428-4f0b-8f7f-2e756c2890f8,"{""status"": ""pricingRequest""}",2026-07-23 22:21:10.089+00,2026-07-23 22:21:10.089+00
18fb6d73-f28a-4432-89c9-20c224c582d6,24034163-b063-46a8-8a0e-eb398a5d4dfb,32ccdbe1-627f-4fe3-a506-056b997ed89b,crm_lead,80467808-a846-47f0-9b16-a0a58cbd7604,"{""status"": ""invoicePayment""}",2026-07-23 22:21:10.327+00,2026-07-23 22:21:10.327+00
f655d578-045f-4e27-a18f-a6f794442ab4,c1957baf-2430-4efa-b458-9ac3f7726c28,32ccdbe1-627f-4fe3-a506-056b997ed89b,crm_lead,80640016-d289-47b4-81e1-10a72d264c66,"{""status"": ""dps_agreement""}",2026-07-23 22:21:10.509+00,2026-07-23 22:21:10.509+00
0ac7be8a-31fa-4ea3-a959-ae4f6966907e,27be114d-3cd4-4175-b9dc-375dce41d22b,32ccdbe1-627f-4fe3-a506-056b997ed89b,crm_lead,8131589c-7c9c-434d-8dca-2d620382165b,"{""status"": ""invoicePayment""}",2026-07-23 22:21:10.712+00,2026-07-23 22:21:10.712+00
77cdcbab-3c6e-4f33-ad3d-3dd3ebdfd163,9582ffe3-2ec3-470d-9f6a-933dfbdd3c0e,32ccdbe1-627f-4fe3-a506-056b997ed89b,crm_lead,a599b2eb-00d3-4d2a-82c9-8b33e195b853,"{""status"": ""invoicePayment""}",2026-07-23 22:21:10.912+00,2026-07-23 22:21:10.912+00
464e3fc7-6e7f-4554-8374-e07473bedd19,9658395e-d82b-4f0e-be93-24b11a346042,32ccdbe1-627f-4fe3-a506-056b997ed89b,crm_lead,83a33731-6773-4f36-908c-b0fde912429d,"{""status"": ""new_opportunity""}",2026-07-23 22:21:11.137+00,2026-07-23 22:21:11.137+00
c618c044-439d-4f85-9512-a413e2c4cd74,cd6c5ff0-bbeb-42e7-aeee-fe71f5570b90,32ccdbe1-627f-4fe3-a506-056b997ed89b,crm_lead,e5b030c5-3292-44e3-b658-cb42ae263b17,"{""status"": ""future_sale""}",2026-07-23 22:21:11.357+00,2026-07-23 22:21:11.357+00
d6e99076-6794-4877-8c9d-29a0f7f7802f,b1a72c5f-52fe-4ae0-aa4f-0e018e1a83a1,32ccdbe1-627f-4fe3-a506-056b997ed89b,crm_lead,bc21c8e1-fda0-442d-b47a-fb855ad9e12c,"{""status"": ""disqualified""}",2026-07-23 22:21:11.573+00,2026-07-23 22:21:11.573+00
37410c76-4629-4b84-8f3a-a30e12247784,85053cd7-7f8e-4785-a984-2d2ba1f413da,32ccdbe1-627f-4fe3-a506-056b997ed89b,crm_lead,f470b975-3c79-4cd9-a0ed-23d70cd0f11d,"{""status"": ""offerSubmission""}",2026-07-23 22:21:11.767+00,2026-07-23 22:21:11.767+00
78dafbcf-0b55-4f85-b92a-15ec501c8be9,948137ad-4344-44e1-a70d-020d58781af5,32ccdbe1-627f-4fe3-a506-056b997ed89b,crm_lead,89468fba-1686-4c51-885d-85d4ae3cbeb7,"{""status"": ""disqualified""}",2026-07-23 22:21:11.963+00,2026-07-23 22:21:11.963+00
f72b6d36-3b3e-43cd-9844-5fa49e078fb4,2ef392fe-05fb-4b18-b283-07a1c1ef1b5f,32ccdbe1-627f-4fe3-a506-056b997ed89b,crm_lead,89582c54-65b4-4c3e-ae7a-0343916fd3a2,"{""status"": ""disqualified""}",2026-07-23 22:21:12.162+00,2026-07-23 22:21:12.162+00
ca776174-a61d-4b18-b1a2-227e83e6d68e,4b68611d-65bc-4ab6-a4b0-4b589f2fc756,32ccdbe1-627f-4fe3-a506-056b997ed89b,crm_lead,898f781d-1867-4c22-86eb-5b7c5e4b5071,"{""status"": ""disqualified""}",2026-07-23 22:21:12.381+00,2026-07-23 22:21:12.381+00
7e8f3e71-b336-4bbd-b103-f38a993e9658,9ff907f9-0b10-4dd8-96b4-9c117424ae2b,32ccdbe1-627f-4fe3-a506-056b997ed89b,crm_lead,8a14708d-7c9e-468e-8f6e-2f911387699e,"{""status"": ""pricingRequest""}",2026-07-23 22:21:12.579+00,2026-07-23 22:21:12.579+00
f5372fa8-a299-418f-969d-f0eec84a856e,199609c2-96ea-4f8e-bc57-6b2316d489a3,32ccdbe1-627f-4fe3-a506-056b997ed89b,crm_lead,8b996c30-91da-41bf-a0ae-b5bbf5d79c0f,"{""status"": ""pending_documents""}",2026-07-23 22:21:12.754+00,2026-07-23 22:21:12.754+00
912f9d5f-a0ab-429a-973b-8376971574d3,7a9c976e-5ce7-4336-b8ce-fc2510d08fe8,32ccdbe1-627f-4fe3-a506-056b997ed89b,crm_lead,8c52c297-e9c4-405d-adff-edd6a88f688a,"{""status"": ""no_show""}",2026-07-23 22:21:12.955+00,2026-07-23 22:21:12.955+00
0cb5f307-0492-4259-8981-50a1c75c3afc,c5e45dc6-3b65-4e1d-8648-f76acdf0c465,32ccdbe1-627f-4fe3-a506-056b997ed89b,crm_lead,8caa14f4-c14e-4de8-81e0-3ddb522796e0,"{""status"": ""invoicePayment""}",2026-07-23 22:21:13.156+00,2026-07-23 22:21:13.156+00
7784ba09-32a2-417c-b9a2-b1aa1aaff871,9a654de3-0dc2-4a1d-bc2f-f9e677d04f3c,32ccdbe1-627f-4fe3-a506-056b997ed89b,crm_lead,906aa57b-f3ce-48f7-a2b1-3e7084e58c0a,"{""status"": ""opportunityLost""}",2026-07-23 22:21:13.359+00,2026-07-23 22:21:13.359+00
57111d74-168d-413f-9d07-6e5b161eea03,ee3bf355-5901-489c-8e22-693e12fcc449,32ccdbe1-627f-4fe3-a506-056b997ed89b,crm_lead,d3703849-2910-4d8e-b48a-d4e44a5aa24f,"{""status"": ""offerNegotiation""}",2026-07-23 22:21:13.558+00,2026-07-23 22:21:13.558+00
c28ba3cb-4a73-4e1c-a481-55dc7afcf9a4,5f50e4bf-f228-4f0c-a5d9-8c47baf52514,32ccdbe1-627f-4fe3-a506-056b997ed89b,crm_lead,dbcf69df-9149-4fa5-8fac-3766268a069c,"{""status"": ""new_opportunity""}",2026-07-23 22:21:13.764+00,2026-07-23 22:21:13.764+00
c1395504-6d39-4ce9-83f5-b654f1121336,1c010266-3966-4c3a-bb16-58f2dcd1d92a,32ccdbe1-627f-4fe3-a506-056b997ed89b,crm_lead,9642431b-5762-4e2e-9740-4cba29c90407,"{""status"": ""offerSubmission""}",2026-07-23 22:21:13.97+00,2026-07-23 22:21:13.97+00
f8b2ded6-923a-4920-bd2c-f5236e24d165,894f8713-6c4c-45a3-960a-25c4a733ad6d,32ccdbe1-627f-4fe3-a506-056b997ed89b,crm_lead,e56b5da6-bdce-49f6-89c3-7d605ee13c75,"{""status"": ""new_opportunity""}",2026-07-23 22:21:14.172+00,2026-07-23 22:21:14.172+00
34058385-a7ca-4697-be53-576a0eb66778,f6f50b33-8550-41f8-b286-8868016825b2,32ccdbe1-627f-4fe3-a506-056b997ed89b,crm_lead,1761abfa-55f4-4ddf-8c7e-8806ce336377,"{""status"": ""new_opportunity""}",2026-07-23 22:21:14.371+00,2026-07-23 22:21:14.371+00
e689f6a2-9454-4665-b76d-3cb79aae8ec8,2c94a013-1e8b-4db0-9dc6-a870c1e7517f,32ccdbe1-627f-4fe3-a506-056b997ed89b,crm_lead,9a2a9d10-1c3b-47e5-bf99-6666cc2e4da7,"{""status"": ""pricingRequest""}",2026-07-23 22:21:14.565+00,2026-07-23 22:21:14.565+00
4cc2c7c1-e9a7-4855-9bd5-3a520d819800,b8c6da2f-20de-461d-9de3-ae8f8a4976eb,32ccdbe1-627f-4fe3-a506-056b997ed89b,crm_lead,9ed7483c-9319-444e-93e9-6ee2cdcbe5d1,"{""status"": ""future_sale""}",2026-07-23 22:21:14.756+00,2026-07-23 22:21:14.756+00
8ffa59d6-0b48-4698-a750-881d2ca35ba5,c73154d1-fb3b-48cd-b0c2-b108ddd0232e,32ccdbe1-627f-4fe3-a506-056b997ed89b,crm_lead,a1012627-5f50-4920-9cef-b45b2aa39a44,"{""status"": ""future_sale""}",2026-07-23 22:21:14.953+00,2026-07-23 22:21:14.953+00
8490897f-08c4-4c9c-add3-2566eda72538,bc5902af-bd2e-44f0-90d0-30d8712ac4b5,32ccdbe1-627f-4fe3-a506-056b997ed89b,crm_lead,a1e08740-ef23-4250-8ced-86d714fdc438,"{""status"": ""dps_agreement""}",2026-07-23 22:21:15.15+00,2026-07-23 22:21:15.15+00
b28dc149-3644-43c6-8670-017b5c6fc3ee,cbadfd02-8ff3-4afc-95ff-e30fc9d37209,32ccdbe1-627f-4fe3-a506-056b997ed89b,crm_lead,a619f3bb-c8a6-455b-a95b-47e8e2968c11,"{""status"": ""future_sale""}",2026-07-23 22:21:15.344+00,2026-07-23 22:21:15.344+00
92f84709-7a44-4463-88fe-c86051ec7ca1,b1c2fd9f-8286-48e0-baf4-da88742c9cb4,32ccdbe1-627f-4fe3-a506-056b997ed89b,crm_lead,a905ffba-f810-46a5-98ff-765765d0f635,"{""status"": ""invoicePayment""}",2026-07-23 22:21:15.541+00,2026-07-23 22:21:15.541+00
b20e9a5e-eddc-49fa-b62c-506d79d5827a,b851cf11-5875-45dc-99a0-3e1d4d26d065,32ccdbe1-627f-4fe3-a506-056b997ed89b,crm_lead,acf03ee2-5192-4480-bf6a-574cf051817c,"{""status"": ""dps_agreement""}",2026-07-23 22:21:15.738+00,2026-07-23 22:21:15.738+00
77488ded-c165-4a74-8102-e9377f53febc,a24a8524-1e4e-40b2-80e4-1d137bb39ea4,32ccdbe1-627f-4fe3-a506-056b997ed89b,crm_lead,ae3bddbc-d2bd-4b8d-934e-e99dfc51f6f3,"{""status"": ""pricingRequest""}",2026-07-23 22:21:15.935+00,2026-07-23 22:21:15.935+00
502846dc-192c-4e26-a67a-2a6ed483cfe2,48ea53b7-3710-4b3d-baa2-f25ef946c368,32ccdbe1-627f-4fe3-a506-056b997ed89b,crm_lead,ae9b9e82-99b7-4630-a0a2-22755b531ec1,"{""status"": ""future_sale""}",2026-07-23 22:21:16.138+00,2026-07-23 22:21:16.138+00
d5cf6b58-d066-4781-b58c-7f9c2d72df93,9d70500e-d903-48fe-9363-cc38c87f9b07,32ccdbe1-627f-4fe3-a506-056b997ed89b,crm_lead,af7c1396-d76c-4a58-a45a-444af96b0b5b,"{""status"": ""dps_agreement""}",2026-07-23 22:21:16.344+00,2026-07-23 22:21:16.344+00
ef4f6992-b10c-49a7-9b77-5d5a76df124e,b4ef8916-b8aa-4e06-b595-6e1cf6b04867,32ccdbe1-627f-4fe3-a506-056b997ed89b,crm_lead,b5fd1419-5355-4b07-b683-1fac1ec8386a,"{""status"": ""pending_documents""}",2026-07-23 22:21:16.546+00,2026-07-23 22:21:16.546+00
1a1b8391-f583-47ac-accd-f6588618a45e,477b41ba-3692-43c9-93d4-dcc95da5853b,32ccdbe1-627f-4fe3-a506-056b997ed89b,crm_lead,b6dea38e-9e28-4475-a144-28bfa06b3ec4,"{""status"": ""no_show""}",2026-07-23 22:21:16.746+00,2026-07-23 22:21:16.746+00
e826dd0c-76f8-439b-8de7-b6811a1da1a3,0dadc57a-a4a0-4b01-9308-a2d44d8bbc3f,32ccdbe1-627f-4fe3-a506-056b997ed89b,crm_lead,b701e58c-d12a-4385-b909-d3b4c1586610,"{""status"": ""disqualified""}",2026-07-23 22:21:16.946+00,2026-07-23 22:21:16.946+00
fecb5952-46c8-4de8-a94e-d02e719e7894,d63b1794-9621-4339-9594-2ecb4650fdf3,32ccdbe1-627f-4fe3-a506-056b997ed89b,crm_lead,b89208dc-7481-471f-86be-219114ce62b1,"{""status"": ""disqualified""}",2026-07-23 22:21:17.145+00,2026-07-23 22:21:17.145+00
5348796e-c920-4269-b9dd-2823b026e299,d5f19b9c-d914-4c4c-a5c9-54263671f934,32ccdbe1-627f-4fe3-a506-056b997ed89b,crm_lead,b94fcc38-fc3d-4690-8b92-11ae3cbba9fa,"{""status"": ""invoicePayment""}",2026-07-23 22:21:17.342+00,2026-07-23 22:21:17.342+00
a72e2fba-bbdf-4ae7-b6c1-b931275dfc28,bc5de59a-90c5-4af0-aa09-6d34bf20b12a,32ccdbe1-627f-4fe3-a506-056b997ed89b,crm_lead,bb4b2ef6-3359-45bc-a786-306eb4c7a4ce,"{""status"": ""pending_documents""}",2026-07-23 22:21:17.544+00,2026-07-23 22:21:17.544+00
8a8e880f-1835-409c-9065-c82f2c13c5fb,68b96e0b-09f5-4718-a3b2-436f0f2fb85b,32ccdbe1-627f-4fe3-a506-056b997ed89b,crm_lead,c48e54dd-4764-442a-8401-98afb2743cea,"{""status"": ""pricingRequest""}",2026-07-23 22:21:17.753+00,2026-07-23 22:21:17.753+00
dca22832-33e1-452c-b779-c0d03b2d31a4,894f8713-6c4c-45a3-960a-25c4a733ad6d,32ccdbe1-627f-4fe3-a506-056b997ed89b,crm_lead,c4ad5a22-4510-4117-871a-5145e3c932a4,"{""status"": ""new_opportunity""}",2026-07-23 22:21:17.946+00,2026-07-23 22:21:17.946+00
af1a8bab-f541-456f-8764-7e35d6aa8c77,79c750a9-db39-4e73-9e67-6c42fac7f914,32ccdbe1-627f-4fe3-a506-056b997ed89b,crm_lead,c4b4f516-b77e-4c83-9354-0b98ee29a83a,"{""status"": ""disqualified""}",2026-07-23 22:21:18.15+00,2026-07-23 22:21:18.15+00
1124f1da-ad38-477f-9f4c-7916c74df005,5585f208-af20-40b8-beb4-08752300d2ff,32ccdbe1-627f-4fe3-a506-056b997ed89b,crm_lead,c614a571-54ff-4129-8cb1-bc6516461699,"{""status"": ""future_sale""}",2026-07-23 22:21:18.353+00,2026-07-23 22:21:18.353+00
01d2cc0f-8c13-477d-9702-b135b79eca0e,c89cbd1b-cd9d-4ed1-98c3-30983b80ce5c,32ccdbe1-627f-4fe3-a506-056b997ed89b,crm_lead,c7c937cd-009e-451b-b86d-866b379531ef,"{""status"": ""future_sale""}",2026-07-23 22:21:18.568+00,2026-07-23 22:21:18.568+00
03255d40-a6bf-44cd-8372-d18213b778cc,b16622c8-db5e-4e78-b61f-9fbe86605055,32ccdbe1-627f-4fe3-a506-056b997ed89b,crm_lead,ca4eb334-0420-4497-8d6a-b8f64af3eeb3,"{""status"": ""scheduled""}",2026-07-23 22:21:18.747+00,2026-07-23 22:21:18.747+00
70b779e0-8764-4e5f-a073-97276c437c43,49d91bd9-f24f-4726-8631-c87f4e3ffe8d,32ccdbe1-627f-4fe3-a506-056b997ed89b,crm_lead,cdbbcba1-7dea-46e4-b51f-375778523ce0,"{""status"": ""dps_agreement""}",2026-07-23 22:21:18.97+00,2026-07-23 22:21:18.97+00
6404f26b-2763-43ca-babc-a7bff6cbc984,944e3ac2-092b-4906-8ca7-37d2f251c7a2,32ccdbe1-627f-4fe3-a506-056b997ed89b,crm_lead,cf78d641-50e8-4334-9b84-73b04624c653,"{""status"": ""future_sale""}",2026-07-23 22:21:19.166+00,2026-07-23 22:21:19.166+00
22efdcb3-350d-4d70-9cde-1b9809390265,46495d47-2600-4b50-9352-340565da2baa,32ccdbe1-627f-4fe3-a506-056b997ed89b,crm_lead,d29254d6-e3fd-4013-b4f7-2093c854f0f7,"{""status"": ""opportunityLost""}",2026-07-23 22:21:19.341+00,2026-07-23 22:21:19.341+00
5d45a6dd-ccec-4770-b81e-cf91aaad0038,3a178fb7-8058-41f1-86f7-c85c0c4f5315,32ccdbe1-627f-4fe3-a506-056b997ed89b,crm_lead,d2dfc422-126d-4b42-84b0-4182d9ab3767,"{""status"": ""offerNegotiation""}",2026-07-23 22:21:19.555+00,2026-07-23 22:21:19.555+00
a6986e06-ed88-4204-98c7-f1dd277fcfa1,494305e9-daef-4f78-910c-c7ffd024b714,32ccdbe1-627f-4fe3-a506-056b997ed89b,crm_lead,d90c8b41-77a6-4af0-89ae-d965c6fd9d15,"{""status"": ""scheduled""}",2026-07-23 22:21:19.767+00,2026-07-23 22:21:19.767+00
fb6f3223-dc0b-4a40-a28f-9cbe9c866b41,2d8d49e2-11ff-4c8a-8e0f-afc92e76c8cd,32ccdbe1-627f-4fe3-a506-056b997ed89b,crm_lead,db14a516-8961-4ea2-88ae-10349315dfc9,"{""status"": ""opportunityLost""}",2026-07-23 22:21:19.963+00,2026-07-23 22:21:19.963+00
64ad0ad0-dc88-43d6-86bf-0dd68b397687,8f9e03d8-7222-4a77-8446-3055fae455e0,32ccdbe1-627f-4fe3-a506-056b997ed89b,crm_lead,dc1b326a-f3da-4ff4-a052-79cb8ebeaf21,"{""status"": ""future_sale""}",2026-07-23 22:21:20.164+00,2026-07-23 22:21:20.164+00
a368d273-9f19-4838-ac3d-1cd836f2a10c,09e12e9d-5c8d-43a0-8fe5-f7d9f076761d,32ccdbe1-627f-4fe3-a506-056b997ed89b,crm_lead,deb66ee2-5d89-4b8e-825b-86bd791d1586,"{""status"": ""opportunityLost""}",2026-07-23 22:21:20.363+00,2026-07-23 22:21:20.363+00
1ee3e6bf-de35-491e-93ed-6639decd4bc7,76c0b2e0-8f0d-483c-9e0c-bf2dfa27b88c,32ccdbe1-627f-4fe3-a506-056b997ed89b,crm_lead,deea1c68-1d41-4f35-b03a-05e23636ceb7,"{""status"": ""disqualified""}",2026-07-23 22:21:20.575+00,2026-07-23 22:21:20.575+00
979bedf2-f479-4fb1-b92c-dbd8bbf705fa,d0098af7-b668-43fc-ab17-d904651f9f7a,32ccdbe1-627f-4fe3-a506-056b997ed89b,crm_lead,e0850f6d-8fd7-47b4-9c5f-77bb6ef6a8b8,"{""status"": ""pricingRequest""}",2026-07-23 22:21:20.787+00,2026-07-23 22:21:20.787+00
39b43bd7-15ac-4c96-93ad-847f9098f106,72e1b009-154b-4035-805f-87891bfd9e9f,32ccdbe1-627f-4fe3-a506-056b997ed89b,crm_lead,e42b93b5-1a45-4ccb-a43e-df882e4aa650,"{""status"": ""pending_documents""}",2026-07-23 22:21:21+00,2026-07-23 22:21:21+00
ee7adb55-9e5c-4fc0-8e44-7c3b59668186,fecce9b5-cba8-48ec-be11-7cc8d455371a,32ccdbe1-627f-4fe3-a506-056b997ed89b,crm_lead,e4bd4891-5184-4ec1-9745-8a342e3fd838,"{""status"": ""future_sale""}",2026-07-23 22:21:21.172+00,2026-07-23 22:21:21.172+00
7a751998-d6bc-4a63-966c-6174653ec0f2,f4a478ae-b65b-4a08-8b9d-3962b883eed0,32ccdbe1-627f-4fe3-a506-056b997ed89b,crm_lead,e7df89e2-0cb4-4b42-87a9-6ef1bc604ec1,"{""status"": ""future_sale""}",2026-07-23 22:21:21.39+00,2026-07-23 22:21:21.39+00
d655b3b9-a2d2-4bf3-94ad-162328149152,8868ff98-f71e-4ab6-a2ba-a8ba6b28c597,32ccdbe1-627f-4fe3-a506-056b997ed89b,crm_lead,e93b759c-20fc-4cab-bbc7-abd53b99a75a,"{""status"": ""future_sale""}",2026-07-23 22:21:21.598+00,2026-07-23 22:21:21.598+00
ecc84385-3481-48c6-8fc4-ecc0e73f89ec,0b76735c-7ff4-41a0-ac7a-2a28d687bce6,32ccdbe1-627f-4fe3-a506-056b997ed89b,crm_lead,e99bb50b-e923-4364-b1f3-865150720390,"{""status"": ""no_show""}",2026-07-23 22:21:21.797+00,2026-07-23 22:21:21.797+00
b93cf68d-eedf-4c35-870c-e695ee7c2412,4a597e1e-6a76-49e6-973b-603ada5bd8f2,32ccdbe1-627f-4fe3-a506-056b997ed89b,crm_lead,ebd0fe0a-dbb2-4548-8343-f5745111fa37,"{""status"": ""contract_finalized""}",2026-07-23 22:21:21.993+00,2026-07-23 22:21:21.993+00
55e17073-f435-47d8-afff-6db17313b80d,6d6dfe0b-5dbc-463b-9ea1-21f604aabd30,32ccdbe1-627f-4fe3-a506-056b997ed89b,crm_lead,ede46484-eb54-45b0-a075-3b0d556b740f,"{""status"": ""no_show""}",2026-07-23 22:21:22.191+00,2026-07-23 22:21:22.191+00
a2952d55-db77-49e0-b662-d26e8ee7f3a3,c0625476-9eb2-4213-a240-3d82b3f111e8,32ccdbe1-627f-4fe3-a506-056b997ed89b,crm_lead,edf75338-3f70-4470-a901-5506a44e675f,"{""status"": ""new_opportunity""}",2026-07-23 22:21:22.388+00,2026-07-23 22:21:22.388+00
bdbc9865-05bc-4975-97bf-92018f523393,7517b499-138b-480b-bc5c-f78306eeb961,32ccdbe1-627f-4fe3-a506-056b997ed89b,crm_lead,ee42c0f3-985e-46dd-9dd9-69ab082949dd,"{""status"": ""new_opportunity""}",2026-07-23 22:21:22.575+00,2026-07-23 22:21:22.575+00
5a6e5434-f51e-4d4f-add0-a6b6ad2b7e5b,c729c9ec-7c1a-4374-8ea1-65f360f90f04,32ccdbe1-627f-4fe3-a506-056b997ed89b,crm_lead,eeaec911-6132-4307-9c10-30dd4ac8a6e6,"{""status"": ""no_show""}",2026-07-23 22:21:22.791+00,2026-07-23 22:21:22.791+00
04adb10a-2295-4428-87e0-1c57dcfbdab0,990125af-d94b-49cc-8702-d8d7700656ea,32ccdbe1-627f-4fe3-a506-056b997ed89b,crm_lead,eeefcf4b-9fa3-43bb-bcd5-64941e65d468,"{""status"": ""operator_denied""}",2026-07-23 22:21:22.988+00,2026-07-23 22:21:22.988+00
ccc2457e-7690-49d3-9d63-a0f1498ee7b1,04cce653-9d4d-4380-871b-aeba475513e5,32ccdbe1-627f-4fe3-a506-056b997ed89b,crm_lead,f4ff3312-90bf-4e4c-913e-c01009f03759,"{""status"": ""contract_finalized""}",2026-07-23 22:21:23.211+00,2026-07-23 22:21:23.211+00
c4448d7b-2d07-49b4-85f2-a3fd6925710e,e722dc88-c099-434f-bf1e-bcb9639e3123,32ccdbe1-627f-4fe3-a506-056b997ed89b,crm_lead,f54fe2c2-9fcb-4ab9-98f8-815829309ae5,"{""status"": ""disqualified""}",2026-07-23 22:21:23.407+00,2026-07-23 22:21:23.407+00
dcebe6d5-d083-4368-889d-b22af7891f3d,5c6a701a-dccf-482c-a3f4-8ef110d5fcb9,32ccdbe1-627f-4fe3-a506-056b997ed89b,crm_lead,f6db62ef-d6f3-4e9d-93c8-de68fd2202e9,"{""status"": ""no_show""}",2026-07-23 22:21:23.624+00,2026-07-23 22:21:23.624+00
0b2b348a-87b4-4792-b9c0-ec280ac95c08,7de0dcfb-594c-48f8-a6a1-d079d72d6ee5,32ccdbe1-627f-4fe3-a506-056b997ed89b,crm_lead,f8bba7ad-2ee1-4299-8420-3b5e7f7da960,"{""status"": ""dps_agreement""}",2026-07-23 22:21:23.799+00,2026-07-23 22:21:23.799+00
7a07626d-d5bd-457a-8ff0-7702f343bdc5,510634d0-c299-473a-85c9-3521180b3732,32ccdbe1-627f-4fe3-a506-056b997ed89b,crm_lead,fb9416ae-3d95-46bd-a1d5-2f71db336ee1,"{""status"": ""disqualified""}",2026-07-23 22:21:24.033+00,2026-07-23 22:21:24.033+00
88d379f6-f268-4944-9611-b788edfd9f4a,4a83fa0b-da17-4053-a1ab-b147102075ff,32ccdbe1-627f-4fe3-a506-056b997ed89b,crm_lead,79557374-b7b9-42c4-8e10-80daf1598c76,"{""status"": ""new_opportunity""}",2026-07-23 22:21:24.251+00,2026-07-23 22:21:24.251+00
1f8cc8cc-5c05-4249-a872-bb508fa14824,59273987-eff7-4b88-804c-19fabf26dee9,32ccdbe1-627f-4fe3-a506-056b997ed89b,crm_lead,93890384-459d-4ad2-94e0-7f2a2347ab88,"{""status"": ""new_opportunity""}",2026-07-23 22:21:24.446+00,2026-07-23 22:21:24.446+00
0a4f6e20-53a3-4e38-bd37-e6096ea0bdff,d2fdbc72-c147-43ce-9879-a7280a8c9502,32ccdbe1-627f-4fe3-a506-056b997ed89b,crm_lead,fa29c366-750d-47b7-96cb-d82541e806ed,"{""status"": ""opportunityLost""}",2026-07-23 22:21:24.644+00,2026-07-23 22:21:24.644+00
ae311ec3-95e7-4db7-9f41-03d8969e41b6,3554a1f9-64ef-4584-bc28-93d38d05df14,32ccdbe1-627f-4fe3-a506-056b997ed89b,crm_lead,e30434ec-3832-43e5-80ea-308b099b5a2f,"{""status"": ""scheduled""}",2026-07-23 22:21:24.841+00,2026-07-23 22:21:24.841+00
e61c5a70-e9c7-487d-a521-356f2fd5d42b,c7ce5efc-589c-477f-b03d-e226dc1016e2,32ccdbe1-627f-4fe3-a506-056b997ed89b,crm_lead,6a831150-feee-4496-b9ec-fa6dc4d10422,"{""status"": ""contract_finalized""}",2026-07-23 22:21:25.045+00,2026-07-23 22:21:25.045+00
65261ee7-9db1-4ae6-9abb-e7aca308f59d,c7ce5efc-589c-477f-b03d-e226dc1016e2,32ccdbe1-627f-4fe3-a506-056b997ed89b,portfolio,b78de181-bb51-41de-9109-e516e4fe9a79,"{""renewalAmount"": null, ""renewalStatus"": ""to_renew"", ""portfolioStatus"": ""active""}",2026-07-23 22:21:25.651+00,2026-07-23 22:21:25.651+00
eeb08fe4-7714-45e7-8590-8ae732802160,86df656d-a7e6-4ec8-b1f8-9b0cd7640f01,32ccdbe1-627f-4fe3-a506-056b997ed89b,portfolio,f7b3be50-c75c-40e7-9345-40c598857fa4,"{""renewalAmount"": null, ""renewalStatus"": ""to_renew"", ""portfolioStatus"": ""active""}",2026-07-23 22:21:25.775+00,2026-07-23 22:21:25.775+00
1b2a6df2-957d-40ac-9fcc-044e824f5670,c7d98c35-0d5d-499a-9c53-28b281a095b4,32ccdbe1-627f-4fe3-a506-056b997ed89b,portfolio,b4c5333f-c7f3-4ea2-8b36-ae8a6299f2d2,"{""renewalAmount"": null, ""renewalStatus"": ""to_renew"", ""portfolioStatus"": ""active""}",2026-07-23 22:21:25.9+00,2026-07-23 22:21:25.9+00
76f75cc0-b0d4-4638-8c4e-8aa76d26f96c,4a597e1e-6a76-49e6-973b-603ada5bd8f2,32ccdbe1-627f-4fe3-a506-056b997ed89b,portfolio,2f87aeed-571a-4367-9b3c-235d462a3894,"{""renewalAmount"": null, ""renewalStatus"": ""proposal"", ""portfolioStatus"": ""active""}",2026-07-23 22:21:26.027+00,2026-07-23 22:21:26.027+00
33d836af-35d1-4343-9bf7-c96ec0235cc6,ea21b5b3-6135-4eb5-a534-c2a6e8d6a12d,32ccdbe1-627f-4fe3-a506-056b997ed89b,email_contact,f1c66ad5-5b1b-4d24-9fb6-00308dd9a232,,2026-07-23 22:21:56.421+00,2026-07-23 22:21:56.421+00
d3db910c-328d-4840-bdfc-869939668d17,44128a96-a118-4479-ba68-5cca770cff10,32ccdbe1-627f-4fe3-a506-056b997ed89b,email_contact,99f8a850-0fb6-4231-ba1e-406e50e63798,,2026-07-23 22:21:56.615+00,2026-07-23 22:21:56.615+00
18e2b178-bb0b-441b-9fa2-a090c45bf416,86df656d-a7e6-4ec8-b1f8-9b0cd7640f01,32ccdbe1-627f-4fe3-a506-056b997ed89b,crm_lead,18d49464-a9f5-49fd-b830-e9cf435e5acc,"{""status"": ""contract_finalized""}",2026-07-23 22:20:56.143+00,2026-07-23 22:28:58.037+00
92b5c42d-e320-459c-a1da-0a04f628a1c8,f883b691-418a-409c-96d0-9a4915c0f0ac,27edf455-e61a-48a9-a846-e2c6f42999b5,crm_lead,598702d5-5e68-4228-b6b8-b5a3ba73a88c,"{""status"": ""pricingRequest""}",2026-07-24 12:24:27.206+00,2026-07-24 12:24:27.206+00
5f189640-a22e-4d37-b0e1-479b02bd431f,671e0583-5164-4052-bc4c-fc242642a013,7b577c22-5513-42cc-ab19-2bf867e14ebc,crm_lead,d8b658db-896a-4aa9-adfa-0b7c4dea21f0,"{""status"": ""new_opportunity""}",2026-07-24 12:58:11.913+00,2026-07-24 12:58:11.913+00
59169898-e11f-4495-ab13-6cda855dad09,31397c18-3bb8-4be1-b8eb-9e303c573090,b874694b-f463-4dbd-bb6f-b04f121a8802,crm_lead,8fc606e4-67f0-467b-8fe0-4082f062312c,"{""status"": ""future_sale""}",2026-07-24 14:00:09.428+00,2026-07-24 14:00:36.065+00
20aaec1f-6a03-402e-9a8e-ff2d199b4c05,32fc4779-44ef-4b08-8294-e6a1d7f79ef4,862835fd-54ad-4ebd-986a-b5392f1bb227,crm_lead,2f631d3c-75ef-43c4-ac35-8bd3ca47a342,"{""status"": ""offerNegotiation""}",2026-07-24 12:33:59.198+00,2026-07-27 18:55:29.147+00
1ccc3e7d-6acc-470f-a27a-3ac22ebb9b90,ebd29ad0-b7b4-4b52-9349-7a561518b930,3519d0a1-12b5-4a38-bbd5-a5b9d518cb53,crm_lead,e98fb7ec-fff2-4569-8824-97bc285d2ef6,"{""status"": ""scheduled""}",2026-07-27 18:56:04.001+00,2026-07-27 18:57:58.385+00
b1d666f3-a749-4332-945f-553af8235936,d9d0611c-8c3c-42c3-a5a0-a550901409a5,862835fd-54ad-4ebd-986a-b5392f1bb227,whatsapp_contact,017d257d-5d8b-405a-b9d2-c684e2b71e58,,2026-07-24 14:11:04.051+00,2026-07-24 14:31:24.02+00
fa67bad5-3d44-4f52-b938-3a6e6e0e8479,1e12157f-679b-442c-86b0-c8b9718fffac,968fc8e6-f918-4579-b0d1-26570ce5e94b,crm_lead,9dad77df-7587-4545-b019-9cb1ce49e1d5,"{""status"": ""scheduled""}",2026-07-24 15:55:57.022+00,2026-07-24 15:55:57.022+00
1e6a2ebb-3f43-4846-b386-79bfe457e551,a5acf728-9093-4f23-ab66-36eb06f172f8,a1b2c3d4-0001-4000-8000-000000000001,crm_lead,1993369b-83e6-4691-87a7-e3cb160b0eaf,"{""status"": ""opportunityLost""}",2026-07-24 17:26:20.71+00,2026-07-24 17:26:20.71+00
64852029-9092-474a-b49e-8be2e79cc76f,eafd6645-fb85-4254-96e3-8b179345213e,862835fd-54ad-4ebd-986a-b5392f1bb227,crm_lead,bc5eaddb-8fe2-4174-8061-bcde6c5c2833,"{""status"": ""new_opportunity""}",2026-07-24 17:50:36.066+00,2026-07-24 17:50:36.066+00
31fa27a7-305b-499d-b2b7-e8a72c568af3,f13408e8-1094-47bd-811c-ab0c15d9a2d3,a9c81e05-8b1a-47ad-a80d-dbc45603f068,crm_lead,5c96a208-20f8-45ae-adeb-d883c184d76d,"{""status"": ""offerSubmission""}",2026-07-24 18:11:11.281+00,2026-07-24 18:11:11.281+00
fde09a85-c214-48f7-976a-07d9eebd77b5,6c115070-6663-4c76-ab1e-2a0cfda6c8b0,54fd3322-4510-4b44-bfbc-52e1c44b4969,crm_lead,d34bc793-c599-4bb6-9f00-82e04a4e601a,"{""status"": ""new_opportunity""}",2026-07-27 19:26:56.025+00,2026-07-27 19:26:56.025+00
90e2ac46-fbfd-4d7d-84c4-a16e73ce4f10,5c09bb41-cbc7-422f-be69-08446b16be67,968fc8e6-f918-4579-b0d1-26570ce5e94b,crm_lead,aeb540ac-d944-4aca-a712-c5a490184564,"{""status"": ""scheduled""}",2026-07-27 19:30:25.097+00,2026-07-27 19:30:25.097+00
afee2b66-d1bc-446c-bd89-db4e99796def,9d82a45b-02ac-485c-bec8-e1b53e4cc372,7b577c22-5513-42cc-ab19-2bf867e14ebc,crm_lead,9aaf8747-a577-4a51-83af-6a737003d105,"{""status"": ""new_opportunity""}",2026-07-27 13:28:33.957+00,2026-07-27 13:28:33.957+00
2b858384-22b4-418a-ae68-5970837fea38,aff1cea4-804b-460d-961b-087050222d90,760fc14a-229e-4212-9aa9-f90de968af69,crm_lead,5cc6f6f4-0d3b-4ad9-8d93-c2c815bc7076,"{""status"": ""opportunityLost""}",2026-07-24 15:54:43.528+00,2026-07-27 13:31:55.849+00
e87b0ae8-d30d-44ce-a6ee-ee6219f8035c,b41ad00e-a097-4bbf-b9b3-d704188567b4,862835fd-54ad-4ebd-986a-b5392f1bb227,crm_lead,c66d43b6-07f9-43cf-a092-e171fcbaf4cc,"{""status"": ""scheduled""}",2026-07-27 13:33:03.284+00,2026-07-27 13:36:00.083+00
a661170e-1a79-4388-ad3e-1828f6092538,bd9605c3-a17b-4e58-9e56-0bd129dd0a4d,862835fd-54ad-4ebd-986a-b5392f1bb227,crm_lead,6a57ea07-6e0f-4093-b4fb-addc8bdb28b7,"{""status"": ""future_sale""}",2026-07-27 13:50:44.826+00,2026-07-27 13:55:19.169+00
d77e112c-5182-47e3-b906-db0736d9d50f,55146605-b3ba-44cc-8f4c-5ce0a4be1eb7,7b577c22-5513-42cc-ab19-2bf867e14ebc,crm_lead,1eec1e2c-d18d-4e8c-bb15-99d6e22b43a1,"{""status"": ""new_opportunity""}",2026-07-27 15:00:16.942+00,2026-07-27 15:00:16.942+00
7c03aa77-eca2-4744-90aa-50b11ec70639,70c0d9e5-638f-4c40-ab20-b112f74c46d7,e51c5c55-1e13-45da-8a37-ed0f36f3d16c,crm_lead,4bb0932f-1e09-4ccb-9cff-f6f3033cfbcb,"{""status"": ""scheduled""}",2026-07-27 16:41:04.784+00,2026-07-27 16:42:37.109+00
fbb65951-92f5-45c1-bf40-06dbbda4eba5,c738c5a2-9d18-4bdd-91f9-f78c79588524,862835fd-54ad-4ebd-986a-b5392f1bb227,whatsapp_contact,d372bf5f-7795-41ad-ae42-fd3e71dadabe,,2026-07-27 17:17:53.204+00,2026-07-27 17:17:53.204+00
3f3474c8-8ab3-41a0-9339-7ac42aa661a4,0e3e152a-9e2a-4930-ba73-126d43fa6b53,7b577c22-5513-42cc-ab19-2bf867e14ebc,crm_lead,7df6db96-6d30-446d-8b92-92bcf294997c,"{""status"": ""new_opportunity""}",2026-07-27 17:44:53.702+00,2026-07-27 17:44:53.702+00
43a6b73c-e296-4644-82b9-87922f4f8be7,27605df0-b00f-45ff-ad89-0beadafce08b,27edf455-e61a-48a9-a846-e2c6f42999b5,crm_lead,ddc983ac-3ca1-4722-a195-8b0b3222ea0b,"{""status"": ""no_show""}",2026-07-27 17:46:29.67+00,2026-07-27 17:46:29.67+00
04edf5cc-a783-47ac-97f3-0c45377016f8,e49aa185-4bf9-4474-97b9-17f8b1260fa0,27edf455-e61a-48a9-a846-e2c6f42999b5,crm_lead,d8a62bd8-48d5-48d1-b154-68c4ac1d6522,"{""status"": ""no_show""}",2026-07-27 17:46:35.841+00,2026-07-27 17:46:35.841+00
6b1468a2-3da2-48d7-bed9-23b977c01fd1,45fa9c4e-782f-4ef7-9b45-91cd39a12efd,54fd3322-4510-4b44-bfbc-52e1c44b4969,crm_lead,cf1b5240-3d59-4cec-87ce-fafd886c06f8,"{""status"": ""scheduled""}",2026-07-27 18:43:21.585+00,2026-07-27 18:45:40.428+00
