id,teamId,normalizedName,displayName,normalizedPhone,displayPhone,primaryEmail,normalizedPrimaryEmail,primaryDocument,normalizedPrimaryDocument,lastSeenAt,profileData,createdAt,updatedAt
ea21b5b3-6135-4eb5-a534-c2a6e8d6a12d,32ccdbe1-627f-4fe3-a506-056b997ed89b,nathiele gmail,Nathiele Gmail,5511988859573,(11) 98885-9573,nathielewillock@gmail.com,nathielewillock@gmail.com,,,2026-07-01 14:53:38.038+00,,2026-07-01 15:09:03.321+00,2026-07-01 15:09:03.321+00
5000019f-c4ec-46f4-9b1a-dba8b824775d,32ccdbe1-627f-4fe3-a506-056b997ed89b,beatriz gomes,Beatriz Gomes,120363424152600492,120363424152600492,,,,,2026-07-04 00:55:08.491+00,,2026-07-04 00:55:08.693+00,2026-07-04 00:55:08.693+00
7c383aea-d875-49d3-ad02-dee242edfba7,32ccdbe1-627f-4fe3-a506-056b997ed89b,juliana,Juliana,55119868568161598052251,5511986856816-1598052251,,,,,2026-07-05 14:26:09.078+00,,2026-07-05 14:26:09.418+00,2026-07-05 14:26:09.418+00
85f878f3-70b2-4c02-844b-0622949557c8,32ccdbe1-627f-4fe3-a506-056b997ed89b,thiago,Thiago,55119868568161598052251,5511986856816-1598052251,,,,,2026-07-05 20:05:54.893+00,,2026-07-05 20:05:55.177+00,2026-07-05 20:05:55.177+00
903551d1-17d9-477f-8ac6-1ea49c066ec2,a9c81e05-8b1a-47ad-a80d-dbc45603f068,construgomes,Construgomes,5511947410019,(11) 94741-0019,,,,,2026-07-02 18:49:27.291+00,,2026-07-02 18:49:08.108+00,2026-07-02 18:49:27.496+00
47df7ee9-2dab-48c4-bbeb-aeeab3bf75e6,7b577c22-5513-42cc-ab19-2bf867e14ebc,debora taytson ✨,Debora Taytson ✨,5522981358326,(22) 98135-8326,,,,,2026-07-03 14:41:44.07+00,,2026-07-03 14:41:44.351+00,2026-07-03 14:41:44.351+00
7fda7e5d-a87c-4f6c-b6f7-ea7277543a02,32ccdbe1-627f-4fe3-a506-056b997ed89b,alessandra,Alessandra,55119868568161598052251,5511986856816-1598052251,,,,,2026-07-03 14:42:07.174+00,,2026-07-02 12:52:55.242+00,2026-07-03 14:42:07.378+00
890b7c9d-ef11-4d31-9d26-2b69b8a43c48,a9c81e05-8b1a-47ad-a80d-dbc45603f068,backstage club,Backstage Club,5511951953981,(11) 95195-3981,,,,,2026-07-02 11:51:12.16+00,,2026-07-02 11:51:19.668+00,2026-07-02 11:51:19.668+00
f8e02bc0-5082-4ffd-a54c-20970132dd47,a9c81e05-8b1a-47ad-a80d-dbc45603f068,backstage club,Backstage Club,5511964596939,(11) 96459-6939,,,,,2026-07-02 19:01:32.339+00,,2026-07-02 18:07:24.278+00,2026-07-02 19:01:32.569+00
74f5bab4-d582-45fb-b4a4-060bb784c3b9,a9c81e05-8b1a-47ad-a80d-dbc45603f068,marcia comercial,Marcia Comercial,5511964596939,(11) 96459-6939,,,,,2026-07-02 19:01:43.941+00,,2026-07-02 18:18:03.462+00,2026-07-02 19:01:44.217+00
44351eaa-537a-44d1-b1fd-814ae504a0bd,32ccdbe1-627f-4fe3-a506-056b997ed89b,5511971613003,5511971613003,5511971613003,(11) 97161-3003,,,,,2026-07-02 17:07:11.37+00,,2026-07-02 17:07:07.2+00,2026-07-02 17:07:11.536+00
9a5d84ce-3252-4144-afb6-f8386abb57d5,7b577c22-5513-42cc-ab19-2bf867e14ebc,backstage club,Backstage Club,5511964596939,(11) 96459-6939,,,,,2026-07-02 19:07:48.531+00,,2026-07-02 19:07:48.658+00,2026-07-02 19:07:48.658+00
9acb376c-ef99-4ccf-a98f-b2d45c0d57ab,32ccdbe1-627f-4fe3-a506-056b997ed89b,nathiele willock,Nathiele Willock,5511971613003,(11) 97161-3003,,,,,2026-07-02 17:07:25.509+00,,2026-07-02 17:07:20.807+00,2026-07-02 17:07:25.643+00
b9e48b45-06e6-4157-a449-cd80a897ac6d,32ccdbe1-627f-4fe3-a506-056b997ed89b,120363407780346637,120363407780346637,120363407780346637,120363407780346637,,,,,2026-07-06 12:40:45.241+00,,2026-07-06 12:40:45.37+00,2026-07-06 12:40:45.37+00
2778e37a-2400-4521-b9bb-0b6190318816,32ccdbe1-627f-4fe3-a506-056b997ed89b,bruna nunes,Bruna Nunes,55119868568161598052251,5511986856816-1598052251,,,,,2026-07-06 14:35:21.853+00,,2026-07-06 14:35:22.141+00,2026-07-06 14:35:22.141+00
538b5ebd-58a6-4fac-b849-a712d72bdcbd,7b577c22-5513-42cc-ab19-2bf867e14ebc,backstage club,Backstage Club,5511975246311,(11) 97524-6311,,,,,2026-07-02 19:13:22.622+00,,2026-07-02 19:10:56.442+00,2026-07-02 19:13:22.81+00
a29b0c71-d176-4bd1-a34d-31cf1e4ce72e,32ccdbe1-627f-4fe3-a506-056b997ed89b,nadialine,Nadialine,5511990162348,(11) 99016-2348,,,,,2026-07-04 12:39:46.52+00,,2026-07-02 12:56:46.215+00,2026-07-04 12:39:46.681+00
a8d16495-f6d9-4a1f-98f8-144638f5b252,32ccdbe1-627f-4fe3-a506-056b997ed89b,financeiro,Financeiro,5511942831589,(11) 94283-1589,,,,,2026-07-06 10:50:09.92+00,,2026-07-03 19:16:21.225+00,2026-07-06 10:50:10.073+00
f2ad11fc-d6f3-4162-adef-5d09abd60f31,8f4abfd3-b0bd-4a0c-991a-d553d92f915a,manoel,manoel,120363426683334261,120363426683334261,,,,,2026-07-08 22:17:00.72+00,,2026-07-08 22:17:00.923+00,2026-07-08 22:17:00.923+00
c0992b35-3621-47f6-8419-2a7cd5762c7b,32ccdbe1-627f-4fe3-a506-056b997ed89b,5514997337305,5514997337305,5514997337305,(14) 99733-7305,,,,,2026-07-07 12:05:16.405+00,,2026-07-07 12:05:16.612+00,2026-07-07 12:05:16.612+00
cb2d01fd-69df-49d5-9aac-88d79cb40f69,32ccdbe1-627f-4fe3-a506-056b997ed89b,studiomaosdefada,Studiomaosdefada,5511943145761,(11) 94314-5761,,,,,2026-07-03 22:09:49.613+00,,2026-07-03 12:41:40.453+00,2026-07-03 22:09:49.879+00
fb2c785b-6921-43c6-8007-65017aeebdc6,8f4abfd3-b0bd-4a0c-991a-d553d92f915a,gustavo,Gustavo,55119643405521612386114,5511964340552-1612386114,,,,,2026-07-12 23:38:46.529+00,,2026-07-12 23:38:46.854+00,2026-07-12 23:38:46.854+00
d7b0200b-c713-4d02-9cd4-9c1de7c7d476,32ccdbe1-627f-4fe3-a506-056b997ed89b,nathiele willock,Nathiele Willock,5511990162348,(11) 99016-2348,,,,,2026-07-04 16:27:09.481+00,,2026-07-02 22:06:55.366+00,2026-07-04 16:27:09.763+00
e52e188f-00d1-4a8a-adb3-ef0c9523cbdd,32ccdbe1-627f-4fe3-a506-056b997ed89b,5511986856816-1598052251,5511986856816-1598052251,55119868568161598052251,5511986856816-1598052251,,,,,2026-07-02 12:42:10.149+00,,2026-07-02 12:42:15.406+00,2026-07-02 12:42:15.406+00
eef3a220-9e19-4e66-a080-dc1fc5b47f8d,32ccdbe1-627f-4fe3-a506-056b997ed89b,nathiele willock,Nathiele Willock,5517991059234,(17) 99105-9234,,,,,2026-07-03 22:20:12.746+00,,2026-07-03 21:52:22.594+00,2026-07-03 22:20:12.869+00
cc6e72c6-61e3-4086-97ac-e7cac77794aa,a9c81e05-8b1a-47ad-a80d-dbc45603f068,paulo melo,Paulo Melo,5511983287229,(11) 98328-7229,,,,,2026-07-02 12:42:26.339+00,,2026-07-02 12:42:33.002+00,2026-07-02 12:42:44.679+00
89dcb39b-5698-4137-859b-06459678b5a1,32ccdbe1-627f-4fe3-a506-056b997ed89b,mariana silva,Mariana Silva,5511988612449,(11) 98861-2449,,,,,2026-05-06 00:44:17.38+00,,2026-07-23 22:20:53.678+00,2026-07-23 22:20:53.678+00
53bd0439-aae9-48d1-a295-726081827376,32ccdbe1-627f-4fe3-a506-056b997ed89b,gabriela marcelino,Gabriela Marcelino,5511940877241,(11) 94087-7241,,,,,2026-07-10 17:44:16.796+00,,2026-07-03 21:43:47.483+00,2026-07-10 17:44:17.094+00
8a7723e3-55df-4753-8a0c-861183122f0d,32ccdbe1-627f-4fe3-a506-056b997ed89b,uilson dile,Uilson Dile,55119868568161598052251,5511986856816-1598052251,,,,,2026-07-02 17:29:06.996+00,,2026-07-02 12:46:47.962+00,2026-07-02 17:29:07.271+00
6d24ee7d-4c0d-4ddf-9e5e-d00603b1829d,32ccdbe1-627f-4fe3-a506-056b997ed89b,elaine,Elaine,55119868568161598052251,5511986856816-1598052251,,,,,2026-07-02 17:30:15.69+00,,2026-07-02 17:30:15.861+00,2026-07-02 17:30:15.861+00
ad8ac345-f1eb-4aa8-a77b-6e2887215dfe,a9c81e05-8b1a-47ad-a80d-dbc45603f068,backstage club,Backstage Club,5511983287229,(11) 98328-7229,,,,,2026-07-02 13:01:36.526+00,,2026-07-02 11:51:25.388+00,2026-07-02 13:01:41.78+00
ff3c70df-857b-427c-9ed2-5813162ac564,32ccdbe1-627f-4fe3-a506-056b997ed89b,priscilagarciascarato,priscilagarciascarato,55119868568161598052251,5511986856816-1598052251,,,,,2026-07-02 20:08:33.301+00,,2026-07-02 20:08:33.678+00,2026-07-02 20:08:33.678+00
eb7dfd9a-6654-44d2-a920-a5224cedc718,32ccdbe1-627f-4fe3-a506-056b997ed89b,nathiele willock,Nathiele Willock,5511910918134,(11) 91091-8134,,,,,2026-07-02 17:36:19.753+00,,2026-07-02 17:07:39.522+00,2026-07-02 17:36:19.961+00
83135c8d-8343-4c0e-9e3d-e04966f51a53,a9c81e05-8b1a-47ad-a80d-dbc45603f068,veralice,Veralice,5511985564992,(11) 98556-4992,,,,,2026-07-02 14:42:29.242+00,,2026-07-02 14:42:35.281+00,2026-07-02 14:42:35.281+00
b6342fa3-0ae6-4eec-b8f8-e2e8df69d9af,32ccdbe1-627f-4fe3-a506-056b997ed89b,fabio araujo,Fábio Araujo,55119868568161598052251,5511986856816-1598052251,,,,,2026-07-03 20:14:24.345+00,,2026-07-02 12:45:56.274+00,2026-07-03 20:14:24.679+00
0d37ffb2-c737-492c-85a2-af2fa5463c04,32ccdbe1-627f-4fe3-a506-056b997ed89b,wagner fernandes,Wagner Fernandes,55119868568161598052251,5511986856816-1598052251,,,,,2026-07-03 20:15:05.477+00,,2026-07-03 20:15:05.754+00,2026-07-03 20:15:05.754+00
4580ac12-1000-4040-ba1a-68dfb89a52b3,32ccdbe1-627f-4fe3-a506-056b997ed89b,raquel,Raquel,55119868568161598052251,5511986856816-1598052251,,,,,2026-07-03 16:09:20.782+00,,2026-07-03 16:09:21.048+00,2026-07-03 16:09:21.048+00
c9867de2-d37d-471d-9e95-d133c9f5d5e7,a9c81e05-8b1a-47ad-a80d-dbc45603f068,josue amaro,Josué Amaro,5511949682877,(11) 94968-2877,,,,,2026-07-02 13:40:23.167+00,,2026-07-02 13:20:12.218+00,2026-07-02 13:40:34.671+00
0eecedaa-9fce-477b-87c2-ec50e372f0de,a9c81e05-8b1a-47ad-a80d-dbc45603f068,backstage club,Backstage Club,5511949682877,(11) 94968-2877,,,,,2026-07-02 13:41:32.752+00,,2026-07-02 13:03:03.9+00,2026-07-02 13:41:36.662+00
62708950-de7e-4315-9119-10030fc5ece2,a9c81e05-8b1a-47ad-a80d-dbc45603f068,backstage club,Backstage Club,5511985564992,(11) 98556-4992,,,,,2026-07-02 16:40:43.643+00,,2026-07-02 16:40:43.869+00,2026-07-02 16:40:43.869+00
231768ef-6534-4623-a45a-f40c3d16dfba,32ccdbe1-627f-4fe3-a506-056b997ed89b,sheila d padilha,Sheila D Padilha,55119868568161598052251,5511986856816-1598052251,,,,,2026-07-02 18:18:10.787+00,,2026-07-02 18:15:42.078+00,2026-07-02 18:18:11.041+00
274429bb-6a4d-4c81-aeef-c653b1ea94d2,32ccdbe1-627f-4fe3-a506-056b997ed89b,551140033142,551140033142,551140033142,551140033142,,,,,2026-07-03 10:26:35.562+00,,2026-07-03 10:26:35.858+00,2026-07-03 10:26:35.858+00
6e6835a8-0cb1-4938-ac4a-e1a6e0a85c0f,a9c81e05-8b1a-47ad-a80d-dbc45603f068,backstage club,Backstage Club,5511975246311,(11) 97524-6311,,,,,2026-07-02 18:36:14.074+00,,2026-07-02 13:16:27.3+00,2026-07-02 18:36:14.193+00
d24d332e-6120-4779-b852-fb320f7ea4ae,32ccdbe1-627f-4fe3-a506-056b997ed89b,556132073332,556132073332,556132073332,556132073332,,,,,2026-07-03 21:25:11.249+00,,2026-07-03 21:25:11.545+00,2026-07-03 21:25:11.545+00
591aa6a4-d182-4ae6-9192-8265dae09d5f,32ccdbe1-627f-4fe3-a506-056b997ed89b,💕 talita caum cotta 💕,💕 Talita Caum Cotta 💕,55119868568161598052251,5511986856816-1598052251,,,,,2026-07-03 14:31:47.532+00,,2026-07-02 19:59:44.424+00,2026-07-03 14:31:47.864+00
e4a1308e-32ab-4177-9143-6ab4c9ef5c31,32ccdbe1-627f-4fe3-a506-056b997ed89b,🌟graziella alves✨,🌟Graziella Alves✨,55119868568161598052251,5511986856816-1598052251,,,,,2026-07-03 14:31:56.407+00,,2026-07-02 17:36:25.783+00,2026-07-03 14:31:56.624+00
023f4ef9-a548-481b-8ad5-1b2f1ac8f256,32ccdbe1-627f-4fe3-a506-056b997ed89b,nathiele willock,Nathiele Willock,5511943145761,(11) 94314-5761,,,,,2026-07-03 21:38:26.605+00,,2026-07-03 12:42:06.001+00,2026-07-03 21:38:26.72+00
fa849832-a591-4b5e-a304-4de18575b686,32ccdbe1-627f-4fe3-a506-056b997ed89b,havaianas,HAVAIANAS,5511945486791,(11) 94548-6791,,,,,2026-07-03 18:35:45.126+00,,2026-07-03 18:35:39.081+00,2026-07-03 18:35:45.375+00
fe9e2c99-a7ed-4f4f-8c60-084b2e4592ef,32ccdbe1-627f-4fe3-a506-056b997ed89b,edson,Edson,55119868568161598052251,5511986856816-1598052251,,,,,2026-07-04 22:35:39.188+00,,2026-07-02 21:07:34.288+00,2026-07-04 22:35:39.356+00
fad31f2f-36c1-4e12-9781-7aabf234e3cd,8f4abfd3-b0bd-4a0c-991a-d553d92f915a,natalia marchi,Natalia Marchi,120363152327785920,120363152327785920,,,,,2026-07-14 12:49:51.414+00,,2026-07-14 12:49:51.708+00,2026-07-14 12:49:51.708+00
64337206-f961-4d88-a7dc-5b1ed38829be,8f4abfd3-b0bd-4a0c-991a-d553d92f915a,120363031866054683,120363031866054683,120363031866054683,120363031866054683,,,,,2026-07-07 13:20:53.768+00,,2026-07-07 13:20:54.113+00,2026-07-07 13:20:54.113+00
e79cb161-b0bd-4149-8009-80d2be1b21ed,8f4abfd3-b0bd-4a0c-991a-d553d92f915a,giovanni ferreira,Giovanni Ferreira,120363426683334261,120363426683334261,,,,,2026-07-09 00:28:52.015+00,,2026-07-09 00:28:52.521+00,2026-07-09 00:28:52.521+00
b773b06d-13b0-4331-9759-78461f04d2fc,8f4abfd3-b0bd-4a0c-991a-d553d92f915a,557182342771-1434975200,557182342771-1434975200,5571823427711434975200,557182342771-1434975200,,,,,2026-07-07 13:20:54.555+00,,2026-07-07 13:20:54.75+00,2026-07-07 13:20:54.75+00
af74e3c3-e9c8-41de-90e1-1cd93860d79a,8f4abfd3-b0bd-4a0c-991a-d553d92f915a,marcella rezende,Marcella Rezende,120363207369713483,120363207369713483,,,,,2026-07-14 00:43:38.4+00,,2026-07-07 21:20:06.986+00,2026-07-14 00:43:38.625+00
7b1c7219-40ed-4fd0-b398-a34d55071033,8f4abfd3-b0bd-4a0c-991a-d553d92f915a,carol,Carol,120363152327785920,120363152327785920,,,,,2026-07-14 16:37:43.807+00,,2026-07-14 16:37:44.146+00,2026-07-14 16:37:44.146+00
b199bb98-55ef-4c4d-a2f7-4a49146a2046,32ccdbe1-627f-4fe3-a506-056b997ed89b,aline aguiar,Aline Aguiar,120363424152600492,120363424152600492,,,,,2026-07-04 00:51:48.578+00,,2026-07-03 02:51:37.171+00,2026-07-04 00:51:48.836+00
3d30565a-5dae-48d6-afc5-e62d8faab78d,32ccdbe1-627f-4fe3-a506-056b997ed89b,bel,Bel,120363426492053836,120363426492053836,,,,,2026-07-07 14:38:00.281+00,,2026-07-07 14:38:00.465+00,2026-07-07 14:38:00.465+00
d4880e6b-2b83-46ff-8130-e8b91b2fe4c1,8f4abfd3-b0bd-4a0c-991a-d553d92f915a,5521982900986,5521982900986,5521982900986,(21) 98290-0986,,,,,2026-07-13 15:02:11.312+00,,2026-07-07 21:21:06.587+00,2026-07-13 15:02:11.568+00
cecc4c60-4690-4e1e-9420-92383640edb1,8f4abfd3-b0bd-4a0c-991a-d553d92f915a,rosangela,Rosângela,556199786327,556199786327,,,,,2026-07-09 17:11:20.877+00,,2026-07-09 17:11:21.022+00,2026-07-09 17:11:21.022+00
81f39ab5-a4ec-4e73-9ad5-9fd3545cc47c,8f4abfd3-b0bd-4a0c-991a-d553d92f915a,tatmatsu,Tatmatsu,120363426683334261,120363426683334261,,,,,2026-07-08 13:24:38.245+00,,2026-07-08 13:24:38.57+00,2026-07-08 13:24:38.57+00
b9238fbf-052a-4a74-aafc-18a4a5f8a2cb,32ccdbe1-627f-4fe3-a506-056b997ed89b,ana lu🌷✨,ana lu🌷✨️,120363424152600492,120363424152600492,,,,,2026-07-04 00:59:49.806+00,,2026-07-04 00:56:27.683+00,2026-07-04 00:59:49.982+00
48d6b9f8-c63f-4254-b983-b3c6310ffe79,32ccdbe1-627f-4fe3-a506-056b997ed89b,karen silva,Karen Silva,55119868568161598052251,5511986856816-1598052251,,,,,2026-07-04 19:17:52.419+00,,2026-07-04 14:50:47.481+00,2026-07-04 19:17:52.678+00
54539895-9adb-4093-ad3d-0f278c9fad2f,8f4abfd3-b0bd-4a0c-991a-d553d92f915a,kleber leite,Kleber Leite,55119704159221599503496,5511970415922-1599503496,,,,,2026-07-14 11:22:18.186+00,,2026-07-08 10:12:23.807+00,2026-07-14 11:22:19.655+00
78dce158-8ed4-4e24-b4ea-fc6d4324afb7,32ccdbe1-627f-4fe3-a506-056b997ed89b,leticia prado,Letícia Prado,5517991059234,(17) 99105-9234,,,,,2026-07-03 22:19:54.714+00,,2026-07-03 20:31:43.286+00,2026-07-03 22:19:54.916+00
e4405e81-20ee-41a7-81ea-d82dd4ed698e,32ccdbe1-627f-4fe3-a506-056b997ed89b,nathiele willock,Nathiele Willock,5511940877241,(11) 94087-7241,,,,,2026-07-10 18:51:31.453+00,,2026-07-03 21:36:24.528+00,2026-07-10 18:51:31.749+00
23e63936-8c50-44b2-99d0-0be9436d26a5,8f4abfd3-b0bd-4a0c-991a-d553d92f915a,maria lucinete,Maria Lucinete,5511941033017,(11) 94103-3017,,,,,2026-07-11 18:58:53.529+00,,2026-07-11 00:10:54.849+00,2026-07-11 18:58:53.776+00
f3d22c6a-3fab-4fa4-b8b0-3fcf7d6fe5eb,32ccdbe1-627f-4fe3-a506-056b997ed89b,sempre em frente,sempre em frente,5511983709790,(11) 98370-9790,,,,,2026-07-10 21:26:30.694+00,,2026-07-02 18:47:19.034+00,2026-07-10 21:26:30.985+00
5cb0bb0c-edfd-4205-8521-af8418231b9f,32ccdbe1-627f-4fe3-a506-056b997ed89b,thyago,Thyago,120363424152600492,120363424152600492,,,,,2026-07-04 14:17:21.947+00,,2026-07-04 00:59:52.494+00,2026-07-04 14:17:22.185+00
e5902554-7487-4706-b293-1d639053bb9c,32ccdbe1-627f-4fe3-a506-056b997ed89b,monica hortolan silva,Monica Hortolan Silva,55119868568161598052251,5511986856816-1598052251,,,,,2026-07-08 17:44:33.951+00,,2026-07-08 17:08:14.764+00,2026-07-08 17:44:34.132+00
d1b57826-29e3-49e1-8a3a-48c74009d041,32ccdbe1-627f-4fe3-a506-056b997ed89b,padaria estrellar,Padaria Estrellar,55119868568161598052251,5511986856816-1598052251,,,,,2026-07-08 16:32:38.057+00,,2026-07-04 19:18:00.592+00,2026-07-08 16:32:38.276+00
6b84fb0d-b774-4fec-b131-f95fb8c8574b,32ccdbe1-627f-4fe3-a506-056b997ed89b,samuca,Samuca,120363424152600492,120363424152600492,,,,,2026-07-07 15:03:14.588+00,,2026-07-03 00:46:01.173+00,2026-07-07 15:03:14.859+00
24aef70e-3338-4904-bb6d-adb5a7104a6f,32ccdbe1-627f-4fe3-a506-056b997ed89b,erick,Erick,120363424152600492,120363424152600492,,,,,2026-07-04 20:20:14.127+00,,2026-07-04 14:19:38.931+00,2026-07-04 20:20:14.385+00
cfaf5970-94fb-4a9c-bd9c-6ab800227fec,8f4abfd3-b0bd-4a0c-991a-d553d92f915a,francis,Francis,120363040844924122,120363040844924122,,,,,2026-07-08 18:00:48.895+00,,2026-07-08 18:00:49.058+00,2026-07-08 18:00:49.058+00
0a9c2acd-f004-4804-8ecd-eaac79d6e65f,32ccdbe1-627f-4fe3-a506-056b997ed89b,emilly kill,Emilly Kill,120363426492053836,120363426492053836,,,,,2026-07-08 18:15:43.53+00,,2026-07-08 15:51:35.214+00,2026-07-08 18:15:43.744+00
02e7bd98-955f-4920-b99c-66e23f407483,32ccdbe1-627f-4fe3-a506-056b997ed89b,lu verago,Lu Verago,120363407780346637,120363407780346637,,,,,2026-07-06 15:58:08.978+00,,2026-07-06 15:58:09.195+00,2026-07-06 15:58:09.195+00
7fc64a01-2192-4d3e-933c-991ac95f7164,32ccdbe1-627f-4fe3-a506-056b997ed89b,ailton,Ailton,55119868568161598052251,5511986856816-1598052251,,,,,2026-07-04 15:23:13.536+00,,2026-07-04 15:23:13.86+00,2026-07-04 15:23:13.86+00
9f646f5e-28b7-4e4d-8abf-caea712310c0,32ccdbe1-627f-4fe3-a506-056b997ed89b,nathiele willock,Nathiele Willock,5511957924165,(11) 95792-4165,,,,,2026-07-10 11:43:22.335+00,,2026-07-05 18:36:35.56+00,2026-07-10 11:43:22.517+00
45a50dbe-7853-4800-a6fc-a616287002d4,32ccdbe1-627f-4fe3-a506-056b997ed89b,alessandra lima,Alessandra Lima,55119868568161598052251,5511986856816-1598052251,,,,,2026-07-10 11:44:33.761+00,,2026-07-07 11:58:33.134+00,2026-07-10 11:44:34.042+00
586f0cc5-66c6-4a47-a041-5e2642b8c239,32ccdbe1-627f-4fe3-a506-056b997ed89b,bia,Bia,5511957924165,(11) 95792-4165,,,,,2026-07-10 11:56:29.215+00,,2026-07-06 19:37:52.114+00,2026-07-10 11:56:29.469+00
c1b1918f-ca46-49b4-a268-9bc560411929,32ccdbe1-627f-4fe3-a506-056b997ed89b,nathiele willock,Nathiele Willock,5511965999019,(11) 96599-9019,,,,,2026-07-05 00:51:52.201+00,,2026-07-05 00:51:15.02+00,2026-07-05 00:51:52.325+00
7ffcf207-d85b-466a-82b0-25a9e0111e8d,32ccdbe1-627f-4fe3-a506-056b997ed89b,marcia,Marcia,55119868568161598052251,5511986856816-1598052251,,,,,2026-07-07 11:53:52.346+00,,2026-07-05 14:31:06.32+00,2026-07-07 11:53:52.649+00
920bc924-1add-4a6e-ad44-a45dc85429c1,32ccdbe1-627f-4fe3-a506-056b997ed89b,fabiana walczak,Fabiana Walczak,55119868568161598052251,5511986856816-1598052251,,,,,2026-07-05 18:07:28.926+00,,2026-07-05 18:07:29.091+00,2026-07-05 18:07:29.091+00
6bcac790-605e-44f8-ba3e-4830de674345,32ccdbe1-627f-4fe3-a506-056b997ed89b,ewellyn barbosa,Ewellyn Barbosa,55119868568161598052251,5511986856816-1598052251,,,,,2026-07-06 13:03:53.986+00,,2026-07-06 13:03:54.228+00,2026-07-06 13:03:54.228+00
09a1a2a0-3c32-4f12-b2f3-8d8883d8725f,32ccdbe1-627f-4fe3-a506-056b997ed89b,anne louise,Anne Louise,55119868568161598052251,5511986856816-1598052251,,,,,2026-07-07 11:58:19.997+00,,2026-07-07 11:58:20.162+00,2026-07-07 11:58:20.162+00
67e27e9c-aacb-498b-9e7d-b4ecc6558e6a,32ccdbe1-627f-4fe3-a506-056b997ed89b,nathiele willock,Nathiele Willock,5511942831589,(11) 94283-1589,,,,,2026-07-06 13:33:58.325+00,,2026-07-03 21:39:25.596+00,2026-07-06 13:33:58.489+00
81c027d1-1e71-479f-9ea8-bb9d2d9a24c9,32ccdbe1-627f-4fe3-a506-056b997ed89b,wine willock,Wine Willock,120363407780346637,120363407780346637,,,,,2026-07-06 13:35:22.04+00,,2026-07-06 12:40:57.433+00,2026-07-06 13:35:22.302+00
c0750d7b-66c2-4e9d-88fd-08e0ae4555bf,32ccdbe1-627f-4fe3-a506-056b997ed89b,clinica espaco humano,Clinica Espaço Humano,5511965999019,(11) 96599-9019,,,,,2026-07-06 13:42:14.297+00,,2026-07-05 00:51:23.966+00,2026-07-06 13:42:14.541+00
79f54e0b-2d19-4528-9d6d-7229996e815a,32ccdbe1-627f-4fe3-a506-056b997ed89b,viviane,Viviane,55119868568161598052251,5511986856816-1598052251,,,,,2026-07-07 12:00:44.314+00,,2026-07-03 16:14:53.024+00,2026-07-07 12:00:44.475+00
4b5d70fe-e15d-4c8a-b643-c08b182a173a,32ccdbe1-627f-4fe3-a506-056b997ed89b,silvia,Silvia,120363407780346637,120363407780346637,,,,,2026-07-06 20:49:57.051+00,,2026-07-06 20:49:57.359+00,2026-07-06 20:49:57.359+00
126589ed-ed99-445c-921d-a00305852082,32ccdbe1-627f-4fe3-a506-056b997ed89b,heloisa💐,Heloisa💐,120363424152600492,120363424152600492,,,,,2026-07-06 13:58:01.229+00,,2026-07-05 23:12:56.054+00,2026-07-06 13:58:01.545+00
35465baa-2fa7-4dc0-8493-b5cdab19d088,32ccdbe1-627f-4fe3-a506-056b997ed89b,ritinha✿♡,Ritinha✿♡,120363424152600492,120363424152600492,,,,,2026-07-07 03:18:18.963+00,,2026-07-06 13:59:10.75+00,2026-07-07 03:18:19.178+00
955748f0-b0bb-4c60-bc50-c4a6efa2db34,32ccdbe1-627f-4fe3-a506-056b997ed89b,economi-z #60,Economi-Z #60,120363424152600492,120363424152600492,,,,,2026-07-05 22:28:51.89+00,,2026-07-02 11:28:35.327+00,2026-07-05 22:28:52.047+00
be69eada-9a1f-432a-899c-837a1decf424,32ccdbe1-627f-4fe3-a506-056b997ed89b,geraldo santos,Geraldo Santos,120363424152600492,120363424152600492,,,,,2026-07-05 22:31:11.227+00,,2026-07-05 22:30:46.086+00,2026-07-05 22:31:11.374+00
78f947bc-46d9-4cac-88b5-9ae587e8ba80,32ccdbe1-627f-4fe3-a506-056b997ed89b,tiago tico,Tiago Tico,55119868568161598052251,5511986856816-1598052251,,,,,2026-07-05 14:34:39.72+00,,2026-07-05 14:31:28.142+00,2026-07-05 14:34:39.923+00
6aa3c99d-f411-498b-a49b-6f71d4ec6d46,32ccdbe1-627f-4fe3-a506-056b997ed89b,celidio aguiar pinto,Celidio Aguiar Pinto,55119868568161598052251,5511986856816-1598052251,,,,,2026-07-06 10:49:56.093+00,,2026-07-04 19:46:45.554+00,2026-07-06 10:49:56.265+00
15c343c5-d490-4fc8-a979-d36f043c42c3,32ccdbe1-627f-4fe3-a506-056b997ed89b,vini🤠,VINI🤠,55119868568161598052251,5511986856816-1598052251,,,,,2026-07-07 12:14:46.296+00,,2026-07-07 11:54:13.274+00,2026-07-07 12:14:46.605+00
9a39c135-00ba-4cf7-9b89-d5e487d73095,32ccdbe1-627f-4fe3-a506-056b997ed89b,studio tainara martins,Studio Tainara Martins,120363424152600492,120363424152600492,,,,,2026-07-05 23:06:13.935+00,,2026-07-05 22:41:19.886+00,2026-07-05 23:06:14.221+00
634813e7-c57e-45d6-a4da-294cc9cba767,32ccdbe1-627f-4fe3-a506-056b997ed89b,daiane torres,Daiane Torres,55119868568161598052251,5511986856816-1598052251,,,,,2026-07-06 14:19:18.416+00,,2026-07-06 14:19:18.702+00,2026-07-06 14:19:18.702+00
a718d47f-7ec4-49a4-90d4-c64052c6fd91,8f4abfd3-b0bd-4a0c-991a-d553d92f915a,554788682735,554788682735,554788682735,554788682735,,,,,2026-07-15 11:02:36.039+00,,2026-07-15 11:02:36.312+00,2026-07-15 11:02:36.312+00
8ac62f97-5e4e-4d9d-a193-4f607c68ada8,8f4abfd3-b0bd-4a0c-991a-d553d92f915a,5511976065599-1549759385,5511976065599-1549759385,55119760655991549759385,5511976065599-1549759385,,,,,2026-07-07 17:40:59.145+00,,2026-07-07 17:40:59.328+00,2026-07-07 17:40:59.328+00
2636c6e2-2934-4895-9fba-8b0937bd2605,32ccdbe1-627f-4fe3-a506-056b997ed89b,🅰🅽🅳🅴🆁🆂🅾🅽,🅰🅽🅳🅴🆁🆂🅾🅽,120363426492053836,120363426492053836,,,,,2026-07-07 14:34:39.433+00,,2026-07-07 14:34:39.714+00,2026-07-07 14:34:39.714+00
f81810fe-8332-4df3-98b2-5e2b4c9cd165,8f4abfd3-b0bd-4a0c-991a-d553d92f915a,120363207369713483,120363207369713483,120363207369713483,120363207369713483,,,,,2026-07-07 14:38:29.127+00,,2026-07-07 14:38:29.323+00,2026-07-07 14:38:29.323+00
751c9abd-4292-4702-b8a4-1eaa446d220a,8f4abfd3-b0bd-4a0c-991a-d553d92f915a,rosangela,Rosângela,5511987768040,(11) 98776-8040,,,,,2026-07-11 09:13:10.965+00,,2026-07-09 17:20:21.38+00,2026-07-11 09:13:11.183+00
1c1b60db-2b07-46d2-8274-3b55ac3d53c9,8f4abfd3-b0bd-4a0c-991a-d553d92f915a,rosangela,Rosângela,5511981354333,(11) 98135-4333,,,,,2026-07-09 14:06:45.264+00,,2026-07-09 14:06:45.426+00,2026-07-09 14:06:45.426+00
eadd326a-8fbe-407b-8ab4-b2d45a588b2d,8f4abfd3-b0bd-4a0c-991a-d553d92f915a,juliana correia,Juliana Correia,120363207369713483,120363207369713483,,,,,2026-07-08 19:17:20.003+00,,2026-07-08 19:05:33.279+00,2026-07-08 19:17:20.228+00
e312a71a-c442-4cdb-9e47-7fc4366c950d,8f4abfd3-b0bd-4a0c-991a-d553d92f915a,f.macedo,F.Macedo,5511980539927,(11) 98053-9927,,,,,2026-07-07 14:44:49.097+00,,2026-07-07 14:25:25.636+00,2026-07-07 14:44:49.281+00
4269cc77-b880-4a31-823e-acb276c55c42,8f4abfd3-b0bd-4a0c-991a-d553d92f915a,rosangela,Rosângela,5511999534248,(11) 99953-4248,,,,,2026-07-14 15:34:15.471+00,,2026-07-07 13:33:05.981+00,2026-07-14 15:34:15.609+00
430b0a93-b92c-47aa-814d-05c855f87d01,8f4abfd3-b0bd-4a0c-991a-d553d92f915a,120363409966112987,120363409966112987,120363409966112987,120363409966112987,,,,,2026-07-07 13:35:52.809+00,,2026-07-07 13:35:53.042+00,2026-07-07 13:35:53.042+00
4830c1de-d8bb-4bab-9160-6f2fc7aa3896,8f4abfd3-b0bd-4a0c-991a-d553d92f915a,buenos villas corret segs.,Buenos Villas Corret Segs.,55119643405521612386114,5511964340552-1612386114,,,,,2026-07-14 13:57:30.55+00,,2026-07-13 14:45:25.203+00,2026-07-14 13:57:30.853+00
d4b2fd96-12e0-4a17-9b58-6bda02c8c877,8f4abfd3-b0bd-4a0c-991a-d553d92f915a,.,.,120363040844924122,120363040844924122,,,,,2026-07-09 18:22:54.102+00,,2026-07-09 18:22:54.308+00,2026-07-09 18:22:54.308+00
a950a927-91d3-4963-889c-b8c63bc3f845,8f4abfd3-b0bd-4a0c-991a-d553d92f915a,moacyr,Moacyr,55119643405521612386114,5511964340552-1612386114,,,,,2026-07-07 16:13:41.187+00,,2026-07-07 16:13:19.178+00,2026-07-07 16:13:41.346+00
bf6e787c-0e39-49b7-aa63-d865c51596d0,8f4abfd3-b0bd-4a0c-991a-d553d92f915a,carlos silva,Carlos Silva,120363426683334261,120363426683334261,,,,,2026-07-08 20:17:07.302+00,,2026-07-08 17:28:57.94+00,2026-07-08 20:17:07.425+00
bb11d3b9-01d7-4fb7-ac1f-3536b1487eea,8f4abfd3-b0bd-4a0c-991a-d553d92f915a,5511964340552-1612386114,5511964340552-1612386114,55119643405521612386114,5511964340552-1612386114,,,,,2026-07-07 13:38:58.022+00,,2026-07-07 13:38:58.294+00,2026-07-07 13:38:58.294+00
e712987e-007d-461d-9e88-0b8b158b46b3,32ccdbe1-627f-4fe3-a506-056b997ed89b,120363426492053836,120363426492053836,120363426492053836,120363426492053836,,,,,2026-07-07 13:46:23.21+00,,2026-07-07 13:46:23.558+00,2026-07-07 13:46:23.558+00
8711f6a6-8aae-4fac-95b6-1d61b822e92a,32ccdbe1-627f-4fe3-a506-056b997ed89b,carolina lemes (:,Carolina Lemes (:,120363426492053836,120363426492053836,,,,,2026-07-07 13:46:57.422+00,,2026-07-07 13:46:57.739+00,2026-07-07 13:46:57.739+00
b4ac510f-d79a-4920-b549-c107f97276f0,32ccdbe1-627f-4fe3-a506-056b997ed89b,dio comunidades,Dio Comunidades,120363426492053836,120363426492053836,,,,,2026-07-07 13:46:59.566+00,,2026-07-07 13:46:36.903+00,2026-07-07 13:46:59.885+00
7e1b95fd-bfce-46db-8654-1ddc023aba41,32ccdbe1-627f-4fe3-a506-056b997ed89b,andressa freitas,Andressa Freitas,120363426492053836,120363426492053836,,,,,2026-07-07 13:47:35.941+00,,2026-07-07 13:47:36.262+00,2026-07-07 13:47:36.262+00
2bc42ce3-322b-4500-af19-b00c88a85254,32ccdbe1-627f-4fe3-a506-056b997ed89b,talita,Talita,120363426492053836,120363426492053836,,,,,2026-07-07 13:48:03.199+00,,2026-07-07 13:48:03.492+00,2026-07-07 13:48:03.492+00
16c03d3b-639e-4e64-82e8-2b025de6048d,32ccdbe1-627f-4fe3-a506-056b997ed89b,paulo,Paulo,120363426492053836,120363426492053836,,,,,2026-07-07 13:48:42.909+00,,2026-07-07 13:48:43.195+00,2026-07-07 13:48:43.195+00
0990d245-201d-4443-9f6a-3b9d71716fff,32ccdbe1-627f-4fe3-a506-056b997ed89b,yves sousa rodrigues,Yves Sousa Rodrigues,120363426492053836,120363426492053836,,,,,2026-07-07 13:48:47.131+00,,2026-07-07 13:48:47.432+00,2026-07-07 13:48:47.432+00
8306e8ea-3797-4d19-807c-0c7ec57a1e8e,32ccdbe1-627f-4fe3-a506-056b997ed89b,renan soares,Renan Soares,120363426492053836,120363426492053836,,,,,2026-07-07 13:48:47.774+00,,2026-07-07 13:48:48.06+00,2026-07-07 13:48:48.06+00
dd24de5f-ad9e-4730-b43d-77a86d162d4b,8f4abfd3-b0bd-4a0c-991a-d553d92f915a,120363252386447909,120363252386447909,120363252386447909,120363252386447909,,,,,2026-07-07 13:48:53.054+00,,2026-07-07 13:48:53.364+00,2026-07-07 13:48:53.364+00
c900db94-1d69-4ec3-ab63-94919103bb1e,32ccdbe1-627f-4fe3-a506-056b997ed89b,lucas,Lucas,120363426492053836,120363426492053836,,,,,2026-07-07 13:49:21.21+00,,2026-07-07 13:49:21.511+00,2026-07-07 13:49:21.511+00
b89573bf-de55-4c72-80b1-5147739db5a0,32ccdbe1-627f-4fe3-a506-056b997ed89b,patty,Patty,120363426492053836,120363426492053836,,,,,2026-07-07 13:50:02.172+00,,2026-07-07 13:50:02.463+00,2026-07-07 13:50:02.463+00
719ccfe7-054d-4bd2-9b6b-1149f46b6ee2,32ccdbe1-627f-4fe3-a506-056b997ed89b,renato silva,Renato Silva,120363426492053836,120363426492053836,,,,,2026-07-07 13:50:12.555+00,,2026-07-07 13:50:12.866+00,2026-07-07 13:50:12.866+00
40dc5802-090f-44c1-8515-c5d5163ed59b,32ccdbe1-627f-4fe3-a506-056b997ed89b,tati🌻,Tati🌻,120363426492053836,120363426492053836,,,,,2026-07-07 13:50:49.248+00,,2026-07-07 13:50:49.611+00,2026-07-07 13:50:49.611+00
5a26fb9b-ad2f-4c71-9c03-519b1808f1e2,32ccdbe1-627f-4fe3-a506-056b997ed89b,sammy borges ~,Sammy Borges ~,120363426492053836,120363426492053836,,,,,2026-07-07 13:51:42.357+00,,2026-07-07 13:51:42.699+00,2026-07-07 13:51:42.699+00
6730e896-fa33-4457-b530-1442a48d546f,32ccdbe1-627f-4fe3-a506-056b997ed89b,egla,Egla,120363426492053836,120363426492053836,,,,,2026-07-07 13:52:05.603+00,,2026-07-07 13:52:05.794+00,2026-07-07 13:52:05.794+00
0eb95a61-e533-4b77-b47c-d7de6f84326a,32ccdbe1-627f-4fe3-a506-056b997ed89b,sil luz,Sil Luz,120363426492053836,120363426492053836,,,,,2026-07-07 13:52:17.942+00,,2026-07-07 13:52:18.115+00,2026-07-07 13:52:18.115+00
2b93861f-dbee-491f-945d-5da2e6f6b7b8,32ccdbe1-627f-4fe3-a506-056b997ed89b,yas,Yas,120363426492053836,120363426492053836,,,,,2026-07-07 13:52:18.942+00,,2026-07-07 13:52:19.107+00,2026-07-07 13:52:19.107+00
b827520e-1668-43c3-a511-dabdb35c68de,32ccdbe1-627f-4fe3-a506-056b997ed89b,regina caitano,Regina Caitano,120363426492053836,120363426492053836,,,,,2026-07-07 13:53:51.602+00,,2026-07-07 13:53:51.895+00,2026-07-07 13:53:51.895+00
8ade83a8-1bac-411b-922e-33348e49bdc3,32ccdbe1-627f-4fe3-a506-056b997ed89b,lahire pereira,Lahire Pereira,120363426492053836,120363426492053836,,,,,2026-07-07 13:54:22.202+00,,2026-07-07 13:54:22.514+00,2026-07-07 13:54:22.514+00
739a1af4-218b-4491-9a01-1f5431c364fc,32ccdbe1-627f-4fe3-a506-056b997ed89b,halex ♒,Halex ♒,120363426492053836,120363426492053836,,,,,2026-07-07 13:54:47.291+00,,2026-07-07 13:54:47.503+00,2026-07-07 13:54:47.503+00
9b461d3b-fd8b-422a-b0d0-9debfce5cc2e,32ccdbe1-627f-4fe3-a506-056b997ed89b,cleyffson bbts,Cleyffson BBTS,120363426492053836,120363426492053836,,,,,2026-07-07 13:54:52.543+00,,2026-07-07 13:54:52.804+00,2026-07-07 13:54:52.804+00
44b922e7-83e3-4fda-91c6-50a8d9f5fefe,32ccdbe1-627f-4fe3-a506-056b997ed89b,ray,Ray,120363426492053836,120363426492053836,,,,,2026-07-07 13:55:46.558+00,,2026-07-07 13:55:46.835+00,2026-07-07 13:55:46.835+00
4a0aff6b-e72e-4a15-aebd-4e1f9f0fda78,32ccdbe1-627f-4fe3-a506-056b997ed89b,patricia,Patrícia,120363426492053836,120363426492053836,,,,,2026-07-07 13:55:50.084+00,,2026-07-07 13:55:50.25+00,2026-07-07 13:55:50.25+00
9ccb535a-a61d-47a7-84fe-895e26dbf4cc,32ccdbe1-627f-4fe3-a506-056b997ed89b,monike,Monike,120363426492053836,120363426492053836,,,,,2026-07-07 13:57:40.615+00,,2026-07-07 13:57:40.908+00,2026-07-07 13:57:40.908+00
aab7b4f9-b9bd-4ad5-a8d0-157458df268d,32ccdbe1-627f-4fe3-a506-056b997ed89b,tatiana virtuoso,Tatiana Virtuoso,120363426492053836,120363426492053836,,,,,2026-07-07 13:57:42.815+00,,2026-07-07 13:57:43.065+00,2026-07-07 13:57:43.065+00
1023b5dd-14a2-4f9e-9c14-6ee8f3bcbf89,32ccdbe1-627f-4fe3-a506-056b997ed89b,victoria grigolon,Victoria Grigolon,120363426492053836,120363426492053836,,,,,2026-07-07 13:58:00.416+00,,2026-07-07 13:58:00.68+00,2026-07-07 13:58:00.68+00
15ae29a2-3a7a-4000-a898-7523fac2160b,32ccdbe1-627f-4fe3-a506-056b997ed89b,denis miranda,Denis Miranda,120363426492053836,120363426492053836,,,,,2026-07-07 14:05:39.977+00,,2026-07-07 14:05:40.248+00,2026-07-07 14:05:40.248+00
5198fe0c-6fe7-4234-89f9-aad84e483b20,32ccdbe1-627f-4fe3-a506-056b997ed89b,tatiana,Tatiana,120363426492053836,120363426492053836,,,,,2026-07-07 14:07:54.484+00,,2026-07-07 14:07:54.701+00,2026-07-07 14:07:54.701+00
281c9931-746a-42e3-8147-f70c5ae50320,32ccdbe1-627f-4fe3-a506-056b997ed89b,nil,Nil,120363426492053836,120363426492053836,,,,,2026-07-07 14:08:24.873+00,,2026-07-07 14:08:25.085+00,2026-07-07 14:08:25.085+00
81c9402b-5a11-4be4-a0dd-3b0584250ece,8f4abfd3-b0bd-4a0c-991a-d553d92f915a,120363426683334261,120363426683334261,120363426683334261,120363426683334261,,,,,2026-07-07 14:09:24.866+00,,2026-07-07 14:09:25.037+00,2026-07-07 14:09:25.037+00
47689e97-311b-46e6-bfea-4824e99c4821,8f4abfd3-b0bd-4a0c-991a-d553d92f915a,120363040844924122,120363040844924122,120363040844924122,120363040844924122,,,,,2026-07-07 14:09:26.598+00,,2026-07-07 14:09:26.804+00,2026-07-07 14:09:26.804+00
16eda450-02f0-4ddf-b512-9c9f32c97113,32ccdbe1-627f-4fe3-a506-056b997ed89b,ju carvalho,Ju Carvalho,120363426492053836,120363426492053836,,,,,2026-07-07 14:14:50.91+00,,2026-07-07 14:14:51.139+00,2026-07-07 14:14:51.139+00
3c599771-d4e7-49fb-99ca-d82ef22fc623,32ccdbe1-627f-4fe3-a506-056b997ed89b,lieska sousa,Lieska Sousa,120363426492053836,120363426492053836,,,,,2026-07-07 14:15:57.684+00,,2026-07-07 14:15:57.882+00,2026-07-07 14:15:57.882+00
cc8024b3-ede6-4fab-9580-6a7146c6656e,32ccdbe1-627f-4fe3-a506-056b997ed89b,nathiele willock,Nathiele Willock,5511939534668,(11) 93953-4668,,,,,2026-07-07 14:28:05.16+00,,2026-07-07 14:28:05.409+00,2026-07-07 14:28:05.409+00
81d569ac-a51e-4de0-80cf-9bd6d706b611,8f4abfd3-b0bd-4a0c-991a-d553d92f915a,kethellin caroline,Kethellin Caroline,120363152327785920,120363152327785920,,,,,2026-07-14 16:43:12.238+00,,2026-07-14 16:43:12.484+00,2026-07-14 16:43:12.484+00
5b527967-bc07-47f0-8bbe-761eef47c35c,8f4abfd3-b0bd-4a0c-991a-d553d92f915a,mayara ruy,Mayara Ruy,5511997250232,(11) 99725-0232,,,,,2026-07-07 14:42:19.52+00,,2026-07-07 14:42:19.758+00,2026-07-07 14:42:19.758+00
e7837129-7c17-4cc8-b93b-b24ae1bea32a,8f4abfd3-b0bd-4a0c-991a-d553d92f915a,5519998317810,5519998317810,5519998317810,(19) 99831-7810,,,,,2026-07-09 02:21:32.656+00,,2026-07-09 01:21:28.058+00,2026-07-09 02:21:32.927+00
28ff6fe8-e888-4404-8653-36a65d1ee27e,8f4abfd3-b0bd-4a0c-991a-d553d92f915a,bruno marcelino,Bruno Marcelino,120363408049556384,120363408049556384,,,,,2026-07-14 14:20:40.66+00,,2026-07-07 17:37:53.71+00,2026-07-14 14:20:40.934+00
49d3dc34-19be-4b3d-809b-4585aa0d2d07,32ccdbe1-627f-4fe3-a506-056b997ed89b,maria gabriela rangel,Maria Gabriela Rangel,55119868568161598052251,5511986856816-1598052251,,,,,2026-07-08 17:09:17.143+00,,2026-07-03 16:10:08.635+00,2026-07-08 17:09:17.361+00
1807a755-9803-41e5-9441-d43909d5fcc8,8f4abfd3-b0bd-4a0c-991a-d553d92f915a,rosangela,Rosângela,5515554575625,(15) 55457-5625,,,,,2026-07-14 19:58:22.684+00,,2026-07-14 19:58:22.852+00,2026-07-14 19:58:22.852+00
89dbcb6a-bf3d-4306-b941-adc45053db5e,8f4abfd3-b0bd-4a0c-991a-d553d92f915a,ivan abreu,Ivan Abreu,120363385836217618,120363385836217618,,,,,2026-07-13 15:31:48.77+00,,2026-07-13 15:31:49.001+00,2026-07-13 15:31:49.001+00
458b9f66-d572-4573-b2b4-d0d628086217,8f4abfd3-b0bd-4a0c-991a-d553d92f915a,jp mari venda e consultor,JP Mari Venda E Consultor,120363040844924122,120363040844924122,,,,,2026-07-10 10:11:53.707+00,,2026-07-10 10:11:54.002+00,2026-07-10 10:11:54.002+00
389311ec-953f-4694-b4e5-fd1a9005cc90,8f4abfd3-b0bd-4a0c-991a-d553d92f915a,rosangela,Rosângela,5511980539927,(11) 98053-9927,,,,,2026-07-07 14:44:59.874+00,,2026-07-07 14:43:19.361+00,2026-07-07 14:45:00.038+00
9fd41d37-d7e0-49be-8a44-1c42e3ccd320,8f4abfd3-b0bd-4a0c-991a-d553d92f915a,ivan abreu,Ivan Abreu,120363027932136893,120363027932136893,,,,,2026-07-13 15:32:53.715+00,,2026-07-13 15:32:53.975+00,2026-07-13 15:32:53.975+00
9964aacb-3343-47c7-91c8-e33b3179080b,8f4abfd3-b0bd-4a0c-991a-d553d92f915a,cqcs 8,Cqcs 8,5571823427711434975200,557182342771-1434975200,,,,,2026-07-14 17:42:50.624+00,,2026-07-09 18:51:43.075+00,2026-07-14 17:42:50.75+00
4cb09ccf-da2f-458b-9706-f563a5a141d1,8f4abfd3-b0bd-4a0c-991a-d553d92f915a,rosangela,Rosângela,5516994340100,(16) 99434-0100,,,,,2026-07-15 10:35:02.305+00,,2026-07-10 11:43:15.46+00,2026-07-15 10:35:02.665+00
72c91d89-b3e4-4c24-8b78-0845d2c864fa,8f4abfd3-b0bd-4a0c-991a-d553d92f915a,carlos pires,Carlos Pires,55119704159221599503496,5511970415922-1599503496,,,,,2026-07-08 15:47:48.662+00,,2026-07-08 10:30:51.973+00,2026-07-08 15:47:48.775+00
674643f8-18e6-4759-b0b2-86edef986276,8f4abfd3-b0bd-4a0c-991a-d553d92f915a,cristiane,Cristiane,55119980314441469394172,5511998031444-1469394172,,,,,2026-07-09 13:43:22.932+00,,2026-07-09 13:43:23.278+00,2026-07-09 13:43:23.278+00
8fc76a2b-ffe7-461c-81af-4abd65e65573,8f4abfd3-b0bd-4a0c-991a-d553d92f915a,tatiane rodrigues,Tatiane Rodrigues,120363409966112987,120363409966112987,,,,,2026-07-13 16:45:41.378+00,,2026-07-07 17:16:14.974+00,2026-07-13 16:45:41.671+00
f1865cd7-2019-41d3-9111-983ba194e8d6,8f4abfd3-b0bd-4a0c-991a-d553d92f915a,marcela wiltgen,Marcela Wiltgen,120363426683334261,120363426683334261,,,,,2026-07-07 22:27:03.015+00,,2026-07-07 14:46:41.547+00,2026-07-07 22:27:03.132+00
688540a2-a270-43c9-b744-cdcaef425671,1c2d5668-5cd9-49a7-a138-3ccd2bea5cbb,ana elizabeth drummond correa,Ana Elizabeth Drummond Correa,5511984320006,(11) 98432-0006,faapjur@gmail.com,faapjur@gmail.com,,,2026-07-23 19:13:17.079+00,,2026-07-23 19:13:17.484+00,2026-07-23 19:13:17.484+00
396a7fb5-32be-4500-9640-d7302f2ab4e8,8f4abfd3-b0bd-4a0c-991a-d553d92f915a,rosangela,Rosângela,5511995057509,(11) 99505-7509,,,,,2026-07-14 21:07:21.513+00,,2026-07-14 21:06:15.479+00,2026-07-14 21:07:21.63+00
07ad1471-367e-4db4-82f0-2016e67854bd,8f4abfd3-b0bd-4a0c-991a-d553d92f915a,5511970415922-1599503496,5511970415922-1599503496,55119704159221599503496,5511970415922-1599503496,,,,,2026-07-07 15:05:32.338+00,,2026-07-07 15:05:32.588+00,2026-07-07 15:05:32.588+00
5dfdb30d-cd20-49c9-bb65-09a90a9f34b0,8f4abfd3-b0bd-4a0c-991a-d553d92f915a,valter cavalcante,Valter Cavalcante,55119643405521612386114,5511964340552-1612386114,,,,,2026-07-07 16:14:42.515+00,,2026-07-07 16:14:42.83+00,2026-07-07 16:14:42.83+00
ea231234-ff57-40e9-9acc-16673f6aa512,8f4abfd3-b0bd-4a0c-991a-d553d92f915a,rosangela,Rosângela,5527981027211,(27) 98102-7211,,,,,2026-07-09 17:10:21.325+00,,2026-07-09 00:36:51.575+00,2026-07-09 17:10:21.573+00
64718553-fb9b-461b-82c2-0db8a1025337,32ccdbe1-627f-4fe3-a506-056b997ed89b,bruno marcelino,Bruno Marcelino,5511939534668,(11) 93953-4668,,,,,2026-07-07 15:06:34.617+00,,2026-07-07 15:06:24.712+00,2026-07-07 15:06:34.785+00
f01763d1-af83-43c8-993b-0ed1f17a7754,32ccdbe1-627f-4fe3-a506-056b997ed89b,marianna coelho,Marianna Coelho,120363426492053836,120363426492053836,,,,,2026-07-07 15:07:06.944+00,,2026-07-07 15:07:07.131+00,2026-07-07 15:07:07.131+00
ea1ffd8d-ce87-4b29-b3dc-dd40f1577609,8f4abfd3-b0bd-4a0c-991a-d553d92f915a,cris,Cris,55119760655991549759385,5511976065599-1549759385,,,,,2026-07-13 02:47:18.204+00,,2026-07-13 02:44:48.565+00,2026-07-13 02:47:18.472+00
0275e421-d68d-4847-9d36-247a5265574a,8f4abfd3-b0bd-4a0c-991a-d553d92f915a,luiz genova,Luiz Genova,5571823427711434975200,557182342771-1434975200,,,,,2026-07-08 20:07:42.259+00,,2026-07-08 20:02:27.276+00,2026-07-08 20:07:42.557+00
ddff8dba-327d-49d3-99e4-3163d547124a,8f4abfd3-b0bd-4a0c-991a-d553d92f915a,lisandra,Lisandra,55119980314441469394172,5511998031444-1469394172,,,,,2026-07-13 13:06:18.671+00,,2026-07-07 15:45:53.592+00,2026-07-13 13:06:18.828+00
f71e9dda-38e1-451c-86dc-ee75eeb78692,8f4abfd3-b0bd-4a0c-991a-d553d92f915a,samya,Samya,120363152327785920,120363152327785920,,,,,2026-07-14 15:50:01.903+00,,2026-07-14 12:52:39.042+00,2026-07-14 15:50:02.135+00
456487b6-d113-47d0-bf53-c60e8bed59ee,8f4abfd3-b0bd-4a0c-991a-d553d92f915a,120363408538948281,120363408538948281,120363408538948281,120363408538948281,,,,,2026-07-07 15:12:22.144+00,,2026-07-07 15:12:22.335+00,2026-07-07 15:12:22.335+00
19299389-c38f-4d08-b10f-09a3c8df4723,8f4abfd3-b0bd-4a0c-991a-d553d92f915a,destaxi despachante,Destaxi Despachante,120363408538948281,120363408538948281,,,,,2026-07-14 15:58:00.171+00,,2026-07-07 15:52:33.959+00,2026-07-14 15:58:00.386+00
4732fc8c-73f2-452e-adbe-dac05ea35a3b,8f4abfd3-b0bd-4a0c-991a-d553d92f915a,nair gomes de araujo,Nair Gomes De Araújo,55119704159221599503496,5511970415922-1599503496,,,,,2026-07-14 22:41:15.215+00,,2026-07-07 15:30:40.987+00,2026-07-14 22:41:15.45+00
3ad6e4dc-ef59-489d-bdf6-ba4898339add,8f4abfd3-b0bd-4a0c-991a-d553d92f915a,claudinho,Claudinho,55119980314441469394172,5511998031444-1469394172,,,,,2026-07-14 23:11:59.867+00,,2026-07-07 17:32:59.466+00,2026-07-14 23:12:00.09+00
55c6d01c-5cc1-43e0-ac98-d4a271bd31e5,32ccdbe1-627f-4fe3-a506-056b997ed89b,ana dias,Ana Dias,120363426492053836,120363426492053836,,,,,2026-07-07 15:20:16.531+00,,2026-07-07 15:20:16.868+00,2026-07-07 15:20:16.868+00
997707d2-005c-4265-93da-34663126de64,8f4abfd3-b0bd-4a0c-991a-d553d92f915a,destaxi despachante,Destaxi Despachante,5511947375165,(11) 94737-5165,,,,,2026-07-13 18:41:31.06+00,,2026-07-07 14:49:03.261+00,2026-07-13 18:41:31.339+00
4e7c3058-f6c0-4a17-9e6e-15682f72a39d,32ccdbe1-627f-4fe3-a506-056b997ed89b,alessandra lr,Alessandra LR,120363426492053836,120363426492053836,,,,,2026-07-07 15:23:37.083+00,,2026-07-07 15:23:37.342+00,2026-07-07 15:23:37.342+00
3e95e886-849d-495f-9215-104660181545,32ccdbe1-627f-4fe3-a506-056b997ed89b,nathiele willock,Nathiele Willock,5511986028218,(11) 98602-8218,,,,,2026-07-10 21:36:55.077+00,,2026-07-02 15:52:28.505+00,2026-07-10 21:36:55.236+00
e480a0c5-f3c8-4097-95e1-8d2dcbfae0a2,8f4abfd3-b0bd-4a0c-991a-d553d92f915a,eliana,Eliana,120363408538948281,120363408538948281,,,,,2026-07-13 18:53:15.451+00,,2026-07-07 15:12:46.47+00,2026-07-13 18:53:15.616+00
3d58387e-3247-45ad-a3ed-21129ebe8e36,32ccdbe1-627f-4fe3-a506-056b997ed89b,nathiele willock,Nathiele Willock,5511961901472,(11) 96190-1472,,,,,2026-07-10 13:09:57.067+00,,2026-07-10 13:08:48.016+00,2026-07-10 13:09:57.186+00
1a92750e-757f-421e-b548-eef24ee6949e,8f4abfd3-b0bd-4a0c-991a-d553d92f915a,rosangela,Rosângela,5511966342508,(11) 96634-2508,,,,,2026-07-10 22:44:34.719+00,,2026-07-07 15:49:25.82+00,2026-07-10 22:44:34.866+00
44859885-bde2-418e-82f7-dc1672d45393,8f4abfd3-b0bd-4a0c-991a-d553d92f915a,elisete novaes,Elisete Novaes,55119980314441469394172,5511998031444-1469394172,,,,,2026-07-12 01:27:05.01+00,,2026-07-07 15:47:24.109+00,2026-07-12 01:27:05.308+00
49e03515-67d5-475f-b50d-d4130bdf0e56,8f4abfd3-b0bd-4a0c-991a-d553d92f915a,gabi lima ❤,Gabi Lima ❤️,5511966342508,(11) 96634-2508,,,,,2026-07-10 22:45:14.34+00,,2026-07-07 15:50:34.202+00,2026-07-10 22:45:14.619+00
06cec95e-4df1-45da-aa12-62aad21da128,8f4abfd3-b0bd-4a0c-991a-d553d92f915a,5516981448965,5516981448965,5516981448965,(16) 98144-8965,,,,,2026-07-07 15:43:33.188+00,,2026-07-07 15:43:33.443+00,2026-07-07 15:43:33.443+00
d19618bd-b722-4ac2-80f3-f56b9a092a35,8f4abfd3-b0bd-4a0c-991a-d553d92f915a,eliana,Eliana,5511981239048,(11) 98123-9048,,,,,2026-07-11 00:00:40.147+00,,2026-07-08 00:33:10.547+00,2026-07-11 00:00:40.443+00
300525a0-8cc2-4acf-9ba1-f00cb86da667,8f4abfd3-b0bd-4a0c-991a-d553d92f915a,5511998031444-1469394172,5511998031444-1469394172,55119980314441469394172,5511998031444-1469394172,,,,,2026-07-07 15:45:32.91+00,,2026-07-07 15:45:33.109+00,2026-07-07 15:45:33.109+00
1c8bbec2-f809-4b89-aedb-371049997a2f,32ccdbe1-627f-4fe3-a506-056b997ed89b,israel ferreira silveira,Israel Ferreira Silveira,120363426492053836,120363426492053836,,,,,2026-07-07 15:47:43.255+00,,2026-07-07 15:47:43.422+00,2026-07-07 15:47:43.422+00
212e161d-10c4-47e6-bdf5-4ab2552ba12c,8f4abfd3-b0bd-4a0c-991a-d553d92f915a,claudio tang,Claudio Tang,120363409966112987,120363409966112987,,,,,2026-07-07 17:16:14.086+00,,2026-07-07 17:16:14.276+00,2026-07-07 17:16:14.276+00
9b5c2b70-3011-4dc2-a776-4598f3358c86,8f4abfd3-b0bd-4a0c-991a-d553d92f915a,buffet evento perfeito consultora mirian,Buffet Evento Perfeito Consultora Mirian,5511931529434,(11) 93152-9434,,,,,2026-07-07 17:20:54.273+00,,2026-07-07 17:20:54.446+00,2026-07-07 17:20:54.446+00
128e21af-bf69-4b41-8978-608e8027b4bf,8f4abfd3-b0bd-4a0c-991a-d553d92f915a,120363408049556384,120363408049556384,120363408049556384,120363408049556384,,,,,2026-07-07 17:22:13.368+00,,2026-07-07 17:22:13.568+00,2026-07-07 17:22:13.568+00
50334d62-b444-4182-a027-47bbea2c5535,8f4abfd3-b0bd-4a0c-991a-d553d92f915a,liber corretora de beneficios,Liber Corretora de Benefícios,120363408049556384,120363408049556384,,,,,2026-07-07 17:26:11.21+00,,2026-07-07 17:26:11.389+00,2026-07-07 17:26:11.389+00
6a473737-93ec-4594-af32-63cdc1d843b2,8f4abfd3-b0bd-4a0c-991a-d553d92f915a,rosangela,Rosângela,5511947469793,(11) 94746-9793,,,,,2026-07-10 16:31:46.126+00,,2026-07-10 16:31:46.578+00,2026-07-10 16:31:46.578+00
e6a017df-b26e-48a5-990e-a1d230865c70,8f4abfd3-b0bd-4a0c-991a-d553d92f915a,rosangela,Rosângela,5511998921410,(11) 99892-1410,,,,,2026-07-08 14:42:51.152+00,,2026-07-07 20:05:57.356+00,2026-07-08 14:42:51.3+00
808eaf77-2d0b-4511-811a-f6f93079ee92,8f4abfd3-b0bd-4a0c-991a-d553d92f915a,michelli,Michelli,120363152327785920,120363152327785920,,,,,2026-07-14 12:52:47.479+00,,2026-07-14 12:52:47.679+00,2026-07-14 12:52:47.679+00
e5372a02-a492-4093-83ad-5097606bb067,32ccdbe1-627f-4fe3-a506-056b997ed89b,jessica carvalho,Jéssica Carvalho,55119868568161598052251,5511986856816-1598052251,,,,,2026-07-09 21:43:18.094+00,,2026-07-09 17:33:57.559+00,2026-07-09 21:43:18.311+00
53fc05c1-24af-429f-b4f2-a61843ca7bae,8f4abfd3-b0bd-4a0c-991a-d553d92f915a,anna canola,Anna Canola,120363152327785920,120363152327785920,,,,,2026-07-14 15:13:27.167+00,,2026-07-14 14:54:42.346+00,2026-07-14 15:13:27.446+00
a7ff2810-6410-472a-b607-3461934c0076,862835fd-54ad-4ebd-986a-b5392f1bb227,pertto - planos de saude,Pertto - Planos de Saúde,551151951303,551151951303,,,,,2026-07-19 14:12:24.484+00,,2026-07-19 14:12:24.694+00,2026-07-19 14:12:24.694+00
04ae0791-d462-466b-8301-250e90aa7a9f,8f4abfd3-b0bd-4a0c-991a-d553d92f915a,jessica 🌸,Jessica 🌸,5511999719193,(11) 99971-9193,,,,,2026-07-13 14:43:48.841+00,,2026-07-08 01:07:22.778+00,2026-07-13 14:43:49.027+00
b030a7a2-b821-4879-a74f-79534426ba61,8f4abfd3-b0bd-4a0c-991a-d553d92f915a,rosangela,Rosângela,5511980630555,(11) 98063-0555,,,,,2026-07-11 21:13:52.141+00,,2026-07-07 22:18:10.513+00,2026-07-11 21:13:52.245+00
50145dde-7a50-4df2-a487-a0a93bf45188,8f4abfd3-b0bd-4a0c-991a-d553d92f915a,prado corretora,Prado Corretora,55119643405521612386114,5511964340552-1612386114,,,,,2026-07-13 14:44:30.268+00,,2026-07-07 16:09:17.158+00,2026-07-13 14:44:30.669+00
1fc8f7a4-1ccc-4f92-bb4c-1c10ff353331,8f4abfd3-b0bd-4a0c-991a-d553d92f915a,rosangela,Rosângela,5511984834178,(11) 98483-4178,,,,,2026-07-11 18:36:52.911+00,,2026-07-08 22:27:16.782+00,2026-07-11 18:36:53.048+00
f73b7ef1-d3b9-47aa-8977-33c71448b59b,8f4abfd3-b0bd-4a0c-991a-d553d92f915a,rosangela,Rosângela,5511999719193,(11) 99971-9193,,,,,2026-07-13 14:45:16.983+00,,2026-07-07 22:27:41.344+00,2026-07-13 14:45:17.123+00
39d018e6-f77b-4d69-a75f-7fb89d612174,32ccdbe1-627f-4fe3-a506-056b997ed89b,nathiele willock,Nathiele Willock,5511997991925,(11) 99799-1925,,,,,2026-07-07 18:20:48.362+00,,2026-07-07 18:20:40.638+00,2026-07-07 18:20:48.522+00
ee9b5259-637b-45f6-b8e2-483ce3b61dbc,8f4abfd3-b0bd-4a0c-991a-d553d92f915a,gustavo,Gustavo,5511964950310,(11) 96495-0310,,,,,2026-07-08 15:25:40.966+00,,2026-07-08 13:26:35.949+00,2026-07-08 15:25:41.219+00
eb5ba735-444c-46cc-8544-90aea9552a5c,8f4abfd3-b0bd-4a0c-991a-d553d92f915a,shainer oliveira,Shainer Oliveira,120363408049556384,120363408049556384,,,,,2026-07-07 18:25:28.466+00,,2026-07-07 18:25:28.731+00,2026-07-07 18:25:28.731+00
3d2284e8-717f-4415-b3f1-05e8a9bd4982,8f4abfd3-b0bd-4a0c-991a-d553d92f915a,rosangela,Rosângela,5511964950310,(11) 96495-0310,,,,,2026-07-08 15:28:58.175+00,,2026-07-08 14:44:59.914+00,2026-07-08 15:28:58.293+00
358fe134-eb22-4a85-9974-ef8de5692751,8f4abfd3-b0bd-4a0c-991a-d553d92f915a,mariana alcides,Mariana Alcides,120363426683334261,120363426683334261,,,,,2026-07-07 22:25:08.1+00,,2026-07-07 14:39:05.967+00,2026-07-07 22:25:08.46+00
d9d77c6e-9106-45d5-841d-c9fb3fbc6458,32ccdbe1-627f-4fe3-a506-056b997ed89b,matheus marinho,Matheus Marinho,120363426492053836,120363426492053836,,,,,2026-07-07 18:35:45.498+00,,2026-07-07 17:50:12.779+00,2026-07-07 18:35:45.785+00
0d1cddaf-3895-4aa3-a4d7-45675e5eba5d,8f4abfd3-b0bd-4a0c-991a-d553d92f915a,maria eduarda barros,Maria Eduarda Barros,120363152327785920,120363152327785920,,,,,2026-07-14 17:43:21.072+00,,2026-07-14 17:43:21.189+00,2026-07-14 17:43:21.189+00
d8c4171b-94ec-4048-9c22-64e24d881bda,8f4abfd3-b0bd-4a0c-991a-d553d92f915a,dynamus corretora seguros,Dynamus Corretora Seguros,120363040844924122,120363040844924122,,,,,2026-07-07 18:43:29.901+00,,2026-07-07 18:43:30.18+00,2026-07-07 18:43:30.18+00
02124bde-a3c0-4914-9a67-b6840d3d3271,8f4abfd3-b0bd-4a0c-991a-d553d92f915a,helena⚡,Helena⚡,120363207369713483,120363207369713483,,,,,2026-07-14 18:32:25.651+00,,2026-07-07 20:17:11.319+00,2026-07-14 18:32:25.951+00
09a41949-ad48-44b9-801e-5bd57a23b486,8f4abfd3-b0bd-4a0c-991a-d553d92f915a,cqcs 3,Cqcs 3,5571823427711434975200,557182342771-1434975200,,,,,2026-07-14 19:01:45.997+00,,2026-07-07 20:01:45.228+00,2026-07-14 19:01:46.17+00
7511003c-cfa9-4904-8fdd-2124fbfaa5fa,8f4abfd3-b0bd-4a0c-991a-d553d92f915a,rosangela,Rosângela,5511952354143,(11) 95235-4143,,,,,2026-07-14 14:16:38.783+00,,2026-07-07 20:23:42.613+00,2026-07-14 14:16:38.916+00
82161041-6b4e-4601-bfc4-f5dcff4d57f6,8f4abfd3-b0bd-4a0c-991a-d553d92f915a,carol✨,Carol✨,55119760655991549759385,5511976065599-1549759385,,,,,2026-07-13 16:26:55.522+00,,2026-07-13 16:26:55.852+00,2026-07-13 16:26:55.852+00
47c63490-d863-40ed-b840-96d33fa9b49f,8f4abfd3-b0bd-4a0c-991a-d553d92f915a,guilherme araujo,Guilherme Araújo,120363408049556384,120363408049556384,,,,,2026-07-14 14:20:33.136+00,,2026-07-07 18:17:07.509+00,2026-07-14 14:20:33.421+00
f6f3dc48-5a43-4e3b-99d3-56a3e4f36bcb,8f4abfd3-b0bd-4a0c-991a-d553d92f915a,jean cristian bento,JEAN CRISTIAN BENTO,120363408049556384,120363408049556384,,,,,2026-07-14 14:20:47.329+00,,2026-07-07 19:30:28.94+00,2026-07-14 14:20:47.633+00
415fc4f3-5349-46c2-ba01-0957dcc03c61,8f4abfd3-b0bd-4a0c-991a-d553d92f915a,flavio machado,Flávio Machado,120363409966112987,120363409966112987,,,,,2026-07-13 16:45:41.378+00,,2026-07-13 16:45:50.256+00,2026-07-13 16:45:50.256+00
02cf6c88-74eb-4e94-b48f-716b793a8fdf,8f4abfd3-b0bd-4a0c-991a-d553d92f915a,silvia,Silvia,120363408538948281,120363408538948281,,,,,2026-07-13 19:17:13.218+00,,2026-07-07 21:33:01.592+00,2026-07-13 19:17:13.432+00
4a619315-dc80-4209-882d-d60d11405580,8f4abfd3-b0bd-4a0c-991a-d553d92f915a,viviane,Viviane,120363207369713483,120363207369713483,,,,,2026-07-08 18:39:40.998+00,,2026-07-07 21:51:10.01+00,2026-07-08 18:39:41.171+00
9d0cec3b-996c-414d-b297-eac6597c6ea5,8f4abfd3-b0bd-4a0c-991a-d553d92f915a,5516994340100,5516994340100,5516994340100,(16) 99434-0100,,,,,2026-07-09 11:10:22.285+00,,2026-07-08 10:34:29.352+00,2026-07-09 11:10:22.494+00
13923ae2-883a-44e5-b638-39d603b7db32,32ccdbe1-627f-4fe3-a506-056b997ed89b,janayna campos,Janayna Campos,120363424152600492,120363424152600492,,,,,2026-07-07 19:03:31.71+00,,2026-07-07 15:09:23.589+00,2026-07-07 19:03:32.008+00
5bb0dc63-819c-4076-9088-77a1946ae62e,8f4abfd3-b0bd-4a0c-991a-d553d92f915a,cqcs 5,Cqcs 5,5571820392621467828390,557182039262-1467828390,,,,,2026-07-14 21:33:11.934+00,,2026-07-07 19:40:34.204+00,2026-07-14 21:33:12.112+00
bc647aec-3a76-4a3d-ab81-44571a298f33,8f4abfd3-b0bd-4a0c-991a-d553d92f915a,adriano,Adriano,120363426683334261,120363426683334261,,,,,2026-07-09 16:01:40.586+00,,2026-07-07 21:54:33.229+00,2026-07-09 16:01:40.717+00
ac5f13c5-a74a-4ce6-8beb-19f8e9d0e0a0,32ccdbe1-627f-4fe3-a506-056b997ed89b,ana nataly alves 💅🏻,Ana Nataly Alves 💅🏻,120363426492053836,120363426492053836,,,,,2026-07-07 23:04:48.507+00,,2026-07-07 23:04:48.781+00,2026-07-07 23:04:48.781+00
a4dea083-fcf9-436c-998a-c19e9b6ea49f,8f4abfd3-b0bd-4a0c-991a-d553d92f915a,ma2 seguros - corretora de seguros,MA2 SEGUROS - Corretora de Seguros,55119643405521612386114,5511964340552-1612386114,,,,,2026-07-14 21:55:48.666+00,,2026-07-13 14:51:38.889+00,2026-07-14 21:55:48.83+00
95a0085e-0f77-4a56-b3b6-46021dcb858b,8f4abfd3-b0bd-4a0c-991a-d553d92f915a,dr alexandre advogado e estrategista patrimonial,Dr Alexandre Advogado e Estrategista Patrimonial,5571823427711434975200,557182342771-1434975200,,,,,2026-07-07 19:31:34.545+00,,2026-07-07 19:31:34.834+00,2026-07-07 19:31:34.834+00
8ebadb39-5194-4b73-a1bf-2ef6122e86df,8f4abfd3-b0bd-4a0c-991a-d553d92f915a,💻⌚,💻⌚,5511996651705,(11) 99665-1705,,,,,2026-07-13 14:21:59.254+00,,2026-07-08 17:12:50.7+00,2026-07-13 14:21:59.462+00
cacfce88-b705-4b50-b7c6-3fa5fd00429e,8f4abfd3-b0bd-4a0c-991a-d553d92f915a,cqcs 1,Cqcs 1,5571823427711434975200,557182342771-1434975200,,,,,2026-07-14 22:26:44.686+00,,2026-07-07 16:11:41.906+00,2026-07-14 22:26:44.982+00
b5bc20f4-aad5-437e-98eb-702f14d05814,8f4abfd3-b0bd-4a0c-991a-d553d92f915a,fabiola rosa,Fabiola Rosa,120363426683334261,120363426683334261,,,,,2026-07-08 00:53:40.148+00,,2026-07-08 00:53:40.321+00,2026-07-08 00:53:40.321+00
f5e2749b-041b-4bcb-a766-05a6cbfeff4d,8f4abfd3-b0bd-4a0c-991a-d553d92f915a,alex fritzsons,Alex Fritzsons,5511933205020,(11) 93320-5020,,,,,2026-07-07 21:23:02.623+00,,2026-07-07 19:02:23.463+00,2026-07-07 21:23:02.787+00
05adf373-49b9-4180-90f6-eb70480b50ef,8f4abfd3-b0bd-4a0c-991a-d553d92f915a,rosangela,Rosângela,5511933205020,(11) 93320-5020,,,,,2026-07-07 21:23:30.453+00,,2026-07-07 20:09:49.477+00,2026-07-07 21:23:30.572+00
1efb58a4-6f24-4000-ba14-8c54be21530e,8f4abfd3-b0bd-4a0c-991a-d553d92f915a,leane,Leane,120363426683334261,120363426683334261,,,,,2026-07-07 21:45:20.769+00,,2026-07-07 21:41:55.298+00,2026-07-07 21:45:20.96+00
47382c06-1d0a-4dfb-82a5-012b33a3010a,8f4abfd3-b0bd-4a0c-991a-d553d92f915a,chirlei souza,Chirlêi Souza,120363207369713483,120363207369713483,,,,,2026-07-07 20:17:06.893+00,,2026-07-07 20:02:10.406+00,2026-07-07 20:17:07.065+00
732159f7-962d-4007-a4b6-44c9082710db,8f4abfd3-b0bd-4a0c-991a-d553d92f915a,rosangela,Rosângela,5511981239048,(11) 98123-9048,,,,,2026-07-11 00:03:36.097+00,,2026-07-07 22:02:56.446+00,2026-07-11 00:03:36.261+00
2d780aba-1569-4b6c-b057-3cb55eb80377,8f4abfd3-b0bd-4a0c-991a-d553d92f915a,dena,Dena,5511986650720,(11) 98665-0720,,,,,2026-07-11 02:43:48.431+00,,2026-07-11 02:43:48.639+00,2026-07-11 02:43:48.639+00
2302d8d9-4819-489a-8818-a62a1422b7c0,8f4abfd3-b0bd-4a0c-991a-d553d92f915a,120363408585774256,120363408585774256,120363408585774256,120363408585774256,,,,,2026-07-07 21:48:34.004+00,,2026-07-07 21:48:34.166+00,2026-07-07 21:48:34.166+00
accbde66-60fa-41a4-8c62-ddf36a7ef08c,32ccdbe1-627f-4fe3-a506-056b997ed89b,luciene furtado,Luciene Furtado,120363426492053836,120363426492053836,,,,,2026-07-07 23:40:09.337+00,,2026-07-07 23:40:09.525+00,2026-07-07 23:40:09.525+00
82f1f483-f2e1-4ecc-8414-8c3e9ed4627d,8f4abfd3-b0bd-4a0c-991a-d553d92f915a,prof. jose carlos filho,Prof. José Carlos Filho,120363426683334261,120363426683334261,,,,,2026-07-07 23:46:46.772+00,,2026-07-07 23:46:47.086+00,2026-07-07 23:46:47.086+00
8311d172-4c3b-484d-b72d-aa160f9329d5,8f4abfd3-b0bd-4a0c-991a-d553d92f915a,denise siqueira,Denise Siqueira,5511984740210,(11) 98474-0210,,,,,2026-07-07 23:47:09.725+00,,2026-07-07 23:46:45.408+00,2026-07-07 23:47:09.976+00
15d2a1c7-3253-45f9-96af-6d92a8f505fd,8f4abfd3-b0bd-4a0c-991a-d553d92f915a,rosangela,Rosângela,5511984740210,(11) 98474-0210,,,,,2026-07-07 23:58:24.283+00,,2026-07-07 23:30:22.846+00,2026-07-07 23:58:24.398+00
1670ccd0-69ea-4e53-8851-85d53fbc4ea1,8f4abfd3-b0bd-4a0c-991a-d553d92f915a,studio giovanna lores,Studio Giovanna Lores,5511959752115,(11) 95975-2115,,,,,2026-07-10 15:56:31.995+00,,2026-07-08 13:11:43.246+00,2026-07-10 15:56:32.324+00
3d0af6b6-f337-4e61-8f05-ec6630fdbcda,8f4abfd3-b0bd-4a0c-991a-d553d92f915a,michael 🤓🇧🇷,Michael 🤓🇧🇷,120363426683334261,120363426683334261,,,,,2026-07-09 01:48:08.539+00,,2026-07-08 12:23:06.614+00,2026-07-09 01:48:08.814+00
b1382d4e-f6df-4723-8069-765b4192e8e1,8f4abfd3-b0bd-4a0c-991a-d553d92f915a,degani - seguros & consorcios,DEGANI -  Seguros & Consórcios,55119643405521612386114,5511964340552-1612386114,,,,,2026-07-12 19:18:03.214+00,,2026-07-12 19:18:03.551+00,2026-07-12 19:18:03.551+00
baba6b59-7369-44a9-83b9-b420934530c5,8f4abfd3-b0bd-4a0c-991a-d553d92f915a,cecilia,Cecilia,120363152327785920,120363152327785920,,,,,2026-07-14 12:54:04.632+00,,2026-07-14 12:54:05.025+00,2026-07-14 12:54:05.025+00
3d5512a9-1905-4117-b619-6a647bd341c2,8f4abfd3-b0bd-4a0c-991a-d553d92f915a,rosangela,Rosângela,5511959752115,(11) 95975-2115,,,,,2026-07-08 13:06:24.431+00,,2026-07-08 13:06:24.611+00,2026-07-08 13:06:24.611+00
087c3ab0-fd40-4de3-a625-07cda9100667,8f4abfd3-b0bd-4a0c-991a-d553d92f915a,eugenia,Eugenia,55119760655991549759385,5511976065599-1549759385,,,,,2026-07-13 11:46:21.393+00,,2026-07-10 17:04:11.876+00,2026-07-13 11:46:21.598+00
f4506df7-24a2-44e5-9e5e-5bb8bd54e220,32ccdbe1-627f-4fe3-a506-056b997ed89b,renato lopes,Renato Lopes,55119868568161598052251,5511986856816-1598052251,,,,,2026-07-08 17:13:44.827+00,,2026-07-08 17:13:45.106+00,2026-07-08 17:13:45.106+00
aeb6a16e-611a-4482-aa3c-076b7ec0b244,32ccdbe1-627f-4fe3-a506-056b997ed89b,viviane,Viviane,120363424152600492,120363424152600492,,,,,2026-07-10 22:20:39.143+00,,2026-07-07 19:05:27.567+00,2026-07-10 22:20:39.366+00
bb0e0ed5-ae89-4247-b02e-eb35cc47237c,8f4abfd3-b0bd-4a0c-991a-d553d92f915a,adriano navarro,Adriano Navarro,55119643405521612386114,5511964340552-1612386114,,,,,2026-07-13 14:51:53.731+00,,2026-07-13 14:51:53.948+00,2026-07-13 14:51:53.948+00
2b1b8875-0675-4d7f-993f-d4ec8828c633,32ccdbe1-627f-4fe3-a506-056b997ed89b,ingrid b✨,Ingrid B✨,55119868568161598052251,5511986856816-1598052251,,,,,2026-07-10 14:16:18.084+00,,2026-07-04 22:37:28.764+00,2026-07-10 14:16:18.347+00
82a4f1f1-ba95-4062-b4d0-071df6e8ce9d,8f4abfd3-b0bd-4a0c-991a-d553d92f915a,sueli,Sueli,55119704159221599503496,5511970415922-1599503496,,,,,2026-07-14 13:53:31.384+00,,2026-07-08 11:17:10.125+00,2026-07-14 13:53:31.722+00
ba3ed954-9239-42d2-8cd1-0b880196e5a7,8f4abfd3-b0bd-4a0c-991a-d553d92f915a,rosangela,Rosângela,5511953608668,(11) 95360-8668,,,,,2026-07-09 17:10:30.169+00,,2026-07-09 14:22:08.343+00,2026-07-09 17:10:30.367+00
939c5ca0-6f28-4fa3-9999-3e240a66ace6,8f4abfd3-b0bd-4a0c-991a-d553d92f915a,maria socorro,Maria Socorro,5511947469793,(11) 94746-9793,,,,,2026-07-10 16:39:01.424+00,,2026-07-10 16:39:01.697+00,2026-07-10 16:39:01.697+00
75a24e34-0dea-4b72-ac79-bb87728ba9e7,8f4abfd3-b0bd-4a0c-991a-d553d92f915a,rose,Rose,5511980630555,(11) 98063-0555,,,,,2026-07-11 21:17:22.529+00,,2026-07-08 00:00:10.075+00,2026-07-11 21:17:22.651+00
e152b864-4e2d-40bf-bca1-a8e15613a6c7,8f4abfd3-b0bd-4a0c-991a-d553d92f915a,murilo romani fogaca,Murilo Romani Fogaça,554196693575,554196693575,,,,,2026-07-13 12:19:27.656+00,,2026-07-09 13:47:03.788+00,2026-07-13 12:19:27.874+00
4079997c-fcae-42d5-a758-b2294e816ae8,8f4abfd3-b0bd-4a0c-991a-d553d92f915a,soraia souza,Soraiã Souza,55119704159221599503496,5511970415922-1599503496,,,,,2026-07-14 12:02:23.811+00,,2026-07-08 12:12:04.041+00,2026-07-14 12:02:24.186+00
42edcc59-2d51-4809-b2c0-94e8a5aed0f1,8f4abfd3-b0bd-4a0c-991a-d553d92f915a,neia araujo,Neia Araujo,120363040844924122,120363040844924122,,,,,2026-07-08 11:20:55.895+00,,2026-07-08 10:48:54.124+00,2026-07-08 11:20:56.105+00
71e1a379-251e-4054-9049-2dbc5edc267c,8f4abfd3-b0bd-4a0c-991a-d553d92f915a,cintia costa,Cintia Costa,120363040844924122,120363040844924122,,,,,2026-07-09 18:29:34.874+00,,2026-07-09 18:29:35.166+00,2026-07-09 18:29:35.166+00
7a8eeecf-4789-4c5e-af0c-9199d2748d3e,8f4abfd3-b0bd-4a0c-991a-d553d92f915a,lydia maria,Lydia Maria,5511999534248,(11) 99953-4248,,,,,2026-07-15 11:06:21.619+00,,2026-07-07 13:11:21.578+00,2026-07-15 11:06:21.826+00
ca5f6154-63cd-4a78-b612-8864333dc1a6,32ccdbe1-627f-4fe3-a506-056b997ed89b,nathiele willock,Nathiele Willock,5514997337305,(14) 99733-7305,,,,,2026-07-08 13:50:03.566+00,,2026-07-07 12:37:40.179+00,2026-07-08 13:50:03.814+00
96f621d0-d71c-41da-8fe3-a1255db2aefa,8f4abfd3-b0bd-4a0c-991a-d553d92f915a,lilian chaves - livise corretora,LILIAN CHAVES - LIVISE CORRETORA,120363040844924122,120363040844924122,,,,,2026-07-14 14:47:04.25+00,,2026-07-07 14:22:19.056+00,2026-07-14 14:47:04.432+00
53b2e2b2-af9d-4526-9e08-497dc054870d,8f4abfd3-b0bd-4a0c-991a-d553d92f915a,marcus rodrigues,Marcus Rodrigues,55119643405521612386114,5511964340552-1612386114,,,,,2026-07-08 13:57:53.124+00,,2026-07-07 16:09:44.048+00,2026-07-08 13:57:53.3+00
71d8e084-be1b-484c-9208-3ce8b8a311df,8f4abfd3-b0bd-4a0c-991a-d553d92f915a,rosangela,Rosângela,5511987146031,(11) 98714-6031,,,,,2026-07-15 11:08:24.608+00,,2026-07-08 15:46:08.744+00,2026-07-15 11:08:24.734+00
887b05ca-e199-48b7-9332-2bf1b9bd11e0,32ccdbe1-627f-4fe3-a506-056b997ed89b,mimi morangos,Mimi Morangos,55119868568161598052251,5511986856816-1598052251,,,,,2026-07-09 13:28:15.184+00,,2026-07-05 14:34:49.303+00,2026-07-09 13:28:15.316+00
f6e93d16-4f7a-4996-8f86-b527266c41e6,8f4abfd3-b0bd-4a0c-991a-d553d92f915a,cqcs 9,Cqcs 9,5571823427711434975200,557182342771-1434975200,,,,,2026-07-14 15:08:53.901+00,,2026-07-08 13:12:00.102+00,2026-07-14 15:08:54.177+00
1a6d4c95-fd27-47f9-b989-b3f75f47302b,8f4abfd3-b0bd-4a0c-991a-d553d92f915a,rosangela,Rosângela,5511996999979,(11) 99699-9979,,,,,2026-07-08 12:17:29.614+00,,2026-07-08 12:17:29.84+00,2026-07-08 12:17:29.84+00
326c3d9b-4cbe-4c25-b2f8-3853406336ea,8f4abfd3-b0bd-4a0c-991a-d553d92f915a,rosangela,Rosângela,5511947375165,(11) 94737-5165,,,,,2026-07-13 19:22:30.452+00,,2026-07-07 14:50:19.533+00,2026-07-13 19:22:30.67+00
4c9ab153-2c2e-4563-ba8f-7621923dcddd,8f4abfd3-b0bd-4a0c-991a-d553d92f915a,elisete novaes,Elisete Novaes,5511996999979,(11) 99699-9979,,,,,2026-07-08 12:18:04.854+00,,2026-07-08 02:34:35.859+00,2026-07-08 12:18:05.07+00
25fa3ffb-dc13-4f2a-a1b5-a3983e5647bf,8f4abfd3-b0bd-4a0c-991a-d553d92f915a,vanessa planos de saude,Vanessa Planos de Saúde,120363040844924122,120363040844924122,,,,,2026-07-08 14:01:03.477+00,,2026-07-08 13:55:15.956+00,2026-07-08 14:01:03.632+00
a4f34227-7e3a-4d0b-8c0b-dc260021e225,8f4abfd3-b0bd-4a0c-991a-d553d92f915a,rosangela,Rosângela,5515997332777,(15) 99733-2777,,,,,2026-07-14 15:35:48.206+00,,2026-07-11 08:47:23.026+00,2026-07-14 15:35:48.339+00
f89bdd13-aa73-438c-bb34-ec83d2345c93,8f4abfd3-b0bd-4a0c-991a-d553d92f915a,gi sousa,Gi Sousa,120363272889041040,120363272889041040,,,,,2026-07-15 00:43:31.428+00,,2026-07-07 23:01:16.38+00,2026-07-15 00:43:31.729+00
80ec72cd-18f5-4cce-9e9a-dd95b96e41fa,7b577c22-5513-42cc-ab19-2bf867e14ebc,roberta frensel,Roberta Frensel,5521999229417,(21) 99922-9417,,,,,2026-07-08 12:32:37.928+00,,2026-07-08 12:26:22.542+00,2026-07-08 12:32:38.18+00
89dab789-359b-403f-b600-9a1fa42d814d,32ccdbe1-627f-4fe3-a506-056b997ed89b,nathiele willock,Nathiele Willock,5511950554880,(11) 95055-4880,,,,,2026-07-10 14:53:17.989+00,,2026-07-09 16:43:40.692+00,2026-07-10 14:53:18.12+00
4c38525c-d18a-45e5-842d-cfde53dfb7c6,8f4abfd3-b0bd-4a0c-991a-d553d92f915a,lara almeida ❤‍🔥,Lara Almeida ❤️‍🔥,120363426683334261,120363426683334261,,,,,2026-07-08 21:45:59.665+00,,2026-07-08 21:35:02.67+00,2026-07-08 21:45:59.89+00
12ae3ad4-7c34-4038-886b-2d889835e644,8f4abfd3-b0bd-4a0c-991a-d553d92f915a,tatiane santos,Tatiane Santos,5511961716726,(11) 96171-6726,,,,,2026-07-08 17:32:43.374+00,,2026-07-08 17:16:31.34+00,2026-07-08 17:32:43.565+00
986a4d4e-f1c1-4dd1-925f-688df1839d99,8f4abfd3-b0bd-4a0c-991a-d553d92f915a,rosangela,Rosângela,5511996638110,(11) 99663-8110,,,,,2026-07-10 13:52:55.665+00,,2026-07-08 14:05:48.666+00,2026-07-10 13:52:55.863+00
83b3ae4c-98e5-4152-892c-8e68b3b1aa82,8f4abfd3-b0bd-4a0c-991a-d553d92f915a,william castro,William Castro,120363040844924122,120363040844924122,,,,,2026-07-08 14:33:17.231+00,,2026-07-08 14:16:18.447+00,2026-07-08 14:33:17.428+00
baa0e24f-be1d-455d-b6c9-889263b439d7,8f4abfd3-b0bd-4a0c-991a-d553d92f915a,elaine,Elaine,120363405458948123,120363405458948123,,,,,2026-07-08 16:31:07.413+00,,2026-07-08 12:13:59.454+00,2026-07-08 16:31:07.602+00
a1940c70-a7c6-4437-8a7e-f0af0b73ee3b,8f4abfd3-b0bd-4a0c-991a-d553d92f915a,rafael brandao de oliveira,Rafael Brandão De Oliveira,5511995057509,(11) 99505-7509,,,,,2026-07-08 16:43:58.244+00,,2026-07-08 14:01:03.165+00,2026-07-08 16:43:58.554+00
9a52dc9a-a26e-4381-92a0-6c370f522687,32ccdbe1-627f-4fe3-a506-056b997ed89b,sonia regina 💖,Sônia Regina 💖,120363424152600492,120363424152600492,,,,,2026-07-08 14:15:41.374+00,,2026-07-08 13:03:28.622+00,2026-07-08 14:15:41.543+00
d5e62a4b-7cf2-4098-8025-6bb95f3cd358,8f4abfd3-b0bd-4a0c-991a-d553d92f915a,studio elah,Studio Elah,5511939016270,(11) 93901-6270,,,,,2026-07-08 16:43:59.812+00,,2026-07-08 16:44:00.089+00,2026-07-08 16:44:00.089+00
05d07b9a-15eb-4217-84fe-06447a6a2049,8f4abfd3-b0bd-4a0c-991a-d553d92f915a,abranto planos de saude,Abranto Planos de Saúde,120363040844924122,120363040844924122,,,,,2026-07-08 14:16:18.791+00,,2026-07-08 14:16:18.91+00,2026-07-08 14:16:18.91+00
057d153a-75bf-4cdf-bd6d-b23bfa47e481,32ccdbe1-627f-4fe3-a506-056b997ed89b,.,.,120363424152600492,120363424152600492,,,,,2026-07-08 16:53:10.214+00,,2026-07-08 14:17:14.438+00,2026-07-08 16:53:10.397+00
fe8e4cf8-ff42-450c-b890-1cf5a66fe155,8f4abfd3-b0bd-4a0c-991a-d553d92f915a,rosangela,Rosângela,5511961716726,(11) 96171-6726,,,,,2026-07-08 18:00:29.441+00,,2026-07-08 17:23:09.318+00,2026-07-08 18:00:29.568+00
fd9959ac-a33e-4d99-b598-de035d59b658,8f4abfd3-b0bd-4a0c-991a-d553d92f915a,flavia lelis,Flavia Lelis,5511998921410,(11) 99892-1410,,,,,2026-07-08 14:47:49.16+00,,2026-07-07 20:09:33.862+00,2026-07-08 14:47:49.39+00
90043007-7bc4-4d19-a1b1-23c6fafe13fb,8f4abfd3-b0bd-4a0c-991a-d553d92f915a,nildo bola,Nildo Bola,120363408842599148,120363408842599148,,,,,2026-07-11 23:59:46.819+00,,2026-07-11 23:59:46.334+00,2026-07-11 23:59:47.069+00
dd7efaaa-1394-4b0d-987b-f539efbd6095,8f4abfd3-b0bd-4a0c-991a-d553d92f915a,leonardo siqueira,Leonardo Siqueira,5511986076247,(11) 98607-6247,,,,,2026-07-12 18:05:29.158+00,,2026-07-10 13:24:11.934+00,2026-07-12 18:05:29.361+00
95dad17f-4219-44db-9d90-130e30b2015a,8f4abfd3-b0bd-4a0c-991a-d553d92f915a,fabiana rezende,Fabiana Rezende,5511985533466,(11) 98553-3466,,,,,2026-07-12 20:38:32.341+00,,2026-07-08 23:45:02.453+00,2026-07-12 20:38:32.633+00
153cb356-3625-4eaf-935a-c709feffbcb5,8f4abfd3-b0bd-4a0c-991a-d553d92f915a,rosangela,Rosângela,5511996651705,(11) 99665-1705,,,,,2026-07-13 15:06:36.829+00,,2026-07-13 14:56:54.258+00,2026-07-13 15:06:37.14+00
f101efe6-6ae2-4a9a-97ac-7d51336e3a03,8f4abfd3-b0bd-4a0c-991a-d553d92f915a,rosangela,Rosângela,5511985533466,(11) 98553-3466,,,,,2026-07-13 00:43:10.564+00,,2026-07-08 23:43:50.631+00,2026-07-13 00:43:10.729+00
046c3ec2-968c-462c-b6d1-e840fca4c826,8f4abfd3-b0bd-4a0c-991a-d553d92f915a,rosangela,Rosângela,5511986076247,(11) 98607-6247,,,,,2026-07-13 01:36:59.08+00,,2026-07-10 13:21:35.08+00,2026-07-13 01:36:59.417+00
8042f187-229b-4670-9852-d65f030ccef7,8f4abfd3-b0bd-4a0c-991a-d553d92f915a,rosana,Rosana,55119643405521612386114,5511964340552-1612386114,,,,,2026-07-14 13:30:02.27+00,,2026-07-10 14:22:02.01+00,2026-07-14 13:30:02.459+00
4997c726-b758-428e-afa2-dcd45844b3d3,8f4abfd3-b0bd-4a0c-991a-d553d92f915a,thais,thais,120363152327785920,120363152327785920,,,,,2026-07-14 17:10:46.064+00,,2026-07-14 17:10:46.218+00,2026-07-14 17:10:46.218+00
e2548ad7-3479-46fa-b115-9a6c78121c82,32ccdbe1-627f-4fe3-a506-056b997ed89b,nathiele willock,Nathiele Willock,5511932227095,(11) 93222-7095,,,,,2026-07-09 19:51:24.356+00,,2026-07-09 16:20:44.295+00,2026-07-09 19:51:24.526+00
50914ba7-0a39-4c75-88cc-b055c73aac47,8f4abfd3-b0bd-4a0c-991a-d553d92f915a,tia lanny,Tia Lanny,120363408585774256,120363408585774256,,,,,2026-07-11 02:36:32.64+00,,2026-07-09 05:45:16.609+00,2026-07-11 02:36:32.935+00
ff6254da-71ce-48bf-a20e-e2f808e034c5,8f4abfd3-b0bd-4a0c-991a-d553d92f915a,elza,Elza,5511999096473,(11) 99909-6473,,,,,2026-07-10 20:18:44.919+00,,2026-07-10 20:11:04.543+00,2026-07-10 20:18:45.085+00
30bd6dbd-3e61-4b9f-82b3-7930619a92ef,1c2d5668-5cd9-49a7-a138-3ccd2bea5cbb,expedito,EXPEDITO,5531995263818,(31) 99526-3818,thiagosaderm@hotmail.com,thiagosaderm@hotmail.com,,,2026-07-23 19:43:24.063+00,,2026-07-23 19:43:24.277+00,2026-07-23 19:43:24.277+00
ecc6f152-89fa-476b-855d-3c3f807f0f3e,8f4abfd3-b0bd-4a0c-991a-d553d92f915a,marcos santana,Marcos Santana,55119980314441469394172,5511998031444-1469394172,,,,,2026-07-14 19:11:35.001+00,,2026-07-09 00:04:25.642+00,2026-07-14 19:11:35.391+00
d56dd700-56b8-4cde-b95e-09526e22368b,32ccdbe1-627f-4fe3-a506-056b997ed89b,geny goncalves,Geny Gonçalves,5511961901472,(11) 96190-1472,,,,,2026-07-10 13:11:15.781+00,,2026-07-10 13:07:35.833+00,2026-07-10 13:11:15.947+00
9aeb66bf-16b3-4c5b-a99d-1c5b56b8b027,8f4abfd3-b0bd-4a0c-991a-d553d92f915a,simone negreiros,simone negreiros,55119704159221599503496,5511970415922-1599503496,,,,,2026-07-10 12:33:29.856+00,,2026-07-08 16:47:28.699+00,2026-07-10 12:33:30.071+00
52b5a119-e041-4b2d-b122-f7874e6f25b1,32ccdbe1-627f-4fe3-a506-056b997ed89b,wine willock,Wine Willock,5511932227095,(11) 93222-7095,,,,,2026-07-09 19:55:14.706+00,,2026-07-09 16:11:11.152+00,2026-07-09 19:55:14.949+00
dc394e64-ae91-4016-80a1-a3a324aa24b9,8f4abfd3-b0bd-4a0c-991a-d553d92f915a,lina modas,lina modas,5511941125313,(11) 94112-5313,,,,,2026-07-13 09:56:29.691+00,,2026-07-13 09:56:30.021+00,2026-07-13 09:56:30.021+00
73c709db-7f5c-4ae8-9447-e1338c9f56d2,8f4abfd3-b0bd-4a0c-991a-d553d92f915a,araujo,Araujo,55119980314441469394172,5511998031444-1469394172,,,,,2026-07-13 11:00:50.645+00,,2026-07-07 15:53:34.131+00,2026-07-13 11:00:50.813+00
9d4cb008-e5d2-4ebd-8595-1bda5c2b50be,8f4abfd3-b0bd-4a0c-991a-d553d92f915a,fernando,FERNANDO,55119980314441469394172,5511998031444-1469394172,,,,,2026-07-13 11:18:17.474+00,,2026-07-09 14:42:19.021+00,2026-07-13 11:18:17.673+00
e3bf60bb-ed7e-4fc7-b40d-3a86bc0a1971,8f4abfd3-b0bd-4a0c-991a-d553d92f915a,rosangela,Rosângela,551139071380,551139071380,,,,,2026-07-14 15:36:09.162+00,,2026-07-14 15:17:41.843+00,2026-07-14 15:36:09.289+00
0f25449a-f0bc-43cb-8c23-f452104313fb,8f4abfd3-b0bd-4a0c-991a-d553d92f915a,hashtag treinamentos,Hashtag Treinamentos,120363426683334261,120363426683334261,,,,,2026-07-13 12:02:07.521+00,,2026-07-07 21:31:59.269+00,2026-07-13 12:02:07.765+00
fb5f0065-d360-46c7-a90b-73e14c0f214a,8f4abfd3-b0bd-4a0c-991a-d553d92f915a,rosangela,Rosângela,5519997883563,(19) 99788-3563,,,,,2026-07-14 19:42:32.032+00,,2026-07-11 09:19:00.379+00,2026-07-14 19:42:32.278+00
67e5340f-f714-4c5c-9077-741277c5317d,8f4abfd3-b0bd-4a0c-991a-d553d92f915a,adriano fonseca,Adriano Fonseca,55119980314441469394172,5511998031444-1469394172,,,,,2026-07-13 12:13:37.637+00,,2026-07-07 16:40:58.821+00,2026-07-13 12:13:37.954+00
835f2520-194a-4b0b-8745-e1e59a37800d,8f4abfd3-b0bd-4a0c-991a-d553d92f915a,jacira,Jacira,55119980314441469394172,5511998031444-1469394172,,,,,2026-07-14 21:40:25.727+00,,2026-07-09 12:35:03.596+00,2026-07-14 21:40:25.914+00
cd67c21d-f2a2-4151-ad8a-532ead581b0d,8f4abfd3-b0bd-4a0c-991a-d553d92f915a,joyce guimaraes,Joyce Guimarães,120363207369713483,120363207369713483,,,,,2026-07-14 23:03:47.416+00,,2026-07-14 00:49:20.723+00,2026-07-14 23:03:47.673+00
cc3bfc8e-75ba-4655-840d-d54ba0d15a05,8f4abfd3-b0bd-4a0c-991a-d553d92f915a,gabriel bulhoes,Gabriel Bulhões,5521970527299,(21) 97052-7299,,,,,2026-07-13 22:31:25.35+00,,2026-07-09 14:06:38.613+00,2026-07-13 22:31:25.56+00
8eeabfb6-690a-4896-ba0c-7bc327a1932f,8f4abfd3-b0bd-4a0c-991a-d553d92f915a,brigida bia alice silva,Brigida Bia Alice Silva,5511953608668,(11) 95360-8668,,,,,2026-07-11 17:35:38.41+00,,2026-07-09 14:12:46.587+00,2026-07-11 17:35:38.573+00
39c5a426-a446-4192-b6d5-dcf9bf50cf63,8f4abfd3-b0bd-4a0c-991a-d553d92f915a,alessandro malheiros,Alessandro Malheiros,120363040844924122,120363040844924122,,,,,2026-07-13 14:28:21.916+00,,2026-07-08 01:31:36.648+00,2026-07-13 14:28:22.148+00
24e24552-348f-409b-81c2-c9dd0d39ec8c,8f4abfd3-b0bd-4a0c-991a-d553d92f915a,eva neli,Eva Neli,120363408585774256,120363408585774256,,,,,2026-07-15 01:30:00.477+00,,2026-07-09 22:11:20.174+00,2026-07-15 01:30:00.648+00
0e8cc1c9-bbaf-4ec4-83de-58d20a82e936,8f4abfd3-b0bd-4a0c-991a-d553d92f915a,vera,Vera,120363408585774256,120363408585774256,,,,,2026-07-15 01:49:16.685+00,,2026-07-09 21:48:35.548+00,2026-07-15 01:49:17.034+00
20757e00-b6d6-4867-8f5d-f819be46ef61,32ccdbe1-627f-4fe3-a506-056b997ed89b,elaine yeshua hamashia,Elaine Yeshua Hamashia,55119868568161598052251,5511986856816-1598052251,,,,,2026-07-10 15:29:33.867+00,,2026-07-10 14:16:23.965+00,2026-07-10 15:29:34.169+00
a23e230b-cba9-4cb9-b902-9e518e3dd277,8f4abfd3-b0bd-4a0c-991a-d553d92f915a,rosangela,Rosângela,5519998317810,(19) 99831-7810,,,,,2026-07-11 21:58:17.36+00,,2026-07-09 13:56:41.418+00,2026-07-11 21:58:17.598+00
c20a8b06-6180-4d46-8fb4-6e16c56cbadf,8f4abfd3-b0bd-4a0c-991a-d553d92f915a,josi,Josi,120363426683334261,120363426683334261,,,,,2026-07-10 21:02:08.345+00,,2026-07-09 16:13:23.376+00,2026-07-10 21:02:08.509+00
2a280068-4a0e-4c0a-934b-f54ed4ff98f8,8f4abfd3-b0bd-4a0c-991a-d553d92f915a,kamilo kangaroos prime,KAMILO KANGAROOS PRIME,5511967142152,(11) 96714-2152,,,,,2026-07-09 17:13:57.232+00,,2026-07-09 15:14:47.758+00,2026-07-09 17:13:57.493+00
2294f1b5-e56e-40b9-9b2e-0ec03904b38c,8f4abfd3-b0bd-4a0c-991a-d553d92f915a,manoel furtado,Manoel Furtado,120363040844924122,120363040844924122,,,,,2026-07-09 14:31:28.805+00,,2026-07-09 11:24:57.728+00,2026-07-09 14:31:29.128+00
70cf451c-342b-4f7d-9844-35f2d62fe249,32ccdbe1-627f-4fe3-a506-056b997ed89b,nelson birigui,Nelson Birigui,5518981172092,(18) 98117-2092,,,,,2026-07-10 13:51:47.022+00,,2026-07-08 20:34:00.13+00,2026-07-10 13:51:47.319+00
abf3449b-17d8-4bc6-87f3-6790c772a1fc,32ccdbe1-627f-4fe3-a506-056b997ed89b,nadiaaaa,Nadiaaaa,5511990162348,(11) 99016-2348,,,,,2026-07-09 21:32:33.546+00,,2026-07-05 00:01:32.399+00,2026-07-09 21:32:33.635+00
7ebeb651-5e2a-4094-a19f-84b6acb72a63,8f4abfd3-b0bd-4a0c-991a-d553d92f915a,rosangela,Rosângela,5511967142152,(11) 96714-2152,,,,,2026-07-09 17:20:42.694+00,,2026-07-09 17:06:38.896+00,2026-07-09 17:20:42.847+00
b525e3df-0440-4429-925f-a3a8fa2d56d5,8f4abfd3-b0bd-4a0c-991a-d553d92f915a,rosangela,Rosângela,5511941033017,(11) 94103-3017,,,,,2026-07-11 18:58:30.696+00,,2026-07-08 23:45:42.247+00,2026-07-11 18:58:30.86+00
8e11bf25-bd7f-4047-b907-69cc3f056feb,8f4abfd3-b0bd-4a0c-991a-d553d92f915a,jana tobias,Jana Tobias,120363040844924122,120363040844924122,,,,,2026-07-09 14:58:47.603+00,,2026-07-09 14:38:40.649+00,2026-07-09 14:58:47.808+00
6c2fa016-f430-4019-96fe-14f8e51d8b1d,8f4abfd3-b0bd-4a0c-991a-d553d92f915a,pedro,Pedro,120363405458948123,120363405458948123,,,,,2026-07-09 11:50:41.315+00,,2026-07-08 14:23:06.927+00,2026-07-09 11:50:41.492+00
b85c60f8-e74a-4ec0-94e2-04a033e2c593,8f4abfd3-b0bd-4a0c-991a-d553d92f915a,dr felipe,Dr Felipe,5511981354333,(11) 98135-4333,,,,,2026-07-09 15:30:47.36+00,,2026-07-09 15:30:43.39+00,2026-07-09 15:30:47.721+00
19240ed1-757f-4522-b3d1-824eced7fea7,8f4abfd3-b0bd-4a0c-991a-d553d92f915a,fernanda rossini,Fernanda Rossini,120363426683334261,120363426683334261,,,,,2026-07-09 22:22:19.082+00,,2026-07-09 22:22:19.263+00,2026-07-09 22:22:19.263+00
2f972456-84fa-48c7-97e0-08bd249b3d8c,8f4abfd3-b0bd-4a0c-991a-d553d92f915a,🖥samir marcelo💻,🖥️Samir Marcelo💻,120363426683334261,120363426683334261,,,,,2026-07-09 22:30:28.658+00,,2026-07-09 16:19:07.421+00,2026-07-09 22:30:28.873+00
48c5c4d2-0c32-4e92-8866-959096b7fb1a,8f4abfd3-b0bd-4a0c-991a-d553d92f915a,vida360 corretora de seguros,Vida360 Corretora de Seguros,120363040844924122,120363040844924122,,,,,2026-07-09 22:41:11.001+00,,2026-07-09 21:44:56.735+00,2026-07-09 22:41:11.314+00
639c82f9-8c4a-43cc-9a97-8b93d9057b47,8f4abfd3-b0bd-4a0c-991a-d553d92f915a,556199786327,556199786327,556199786327,556199786327,,,,,2026-07-09 12:30:21.683+00,,2026-07-09 12:30:21.962+00,2026-07-09 12:30:21.962+00
50418468-cf93-43fd-a26f-85ab6b24f3ef,8f4abfd3-b0bd-4a0c-991a-d553d92f915a,553197128388,553197128388,553197128388,553197128388,,,,,2026-07-09 01:08:21.543+00,,2026-07-09 01:08:21.824+00,2026-07-09 01:08:21.824+00
75d7400a-982a-44ef-8bc3-78724d4473cf,8f4abfd3-b0bd-4a0c-991a-d553d92f915a,jabson herber,Jabson Herber,120363426683334261,120363426683334261,,,,,2026-07-09 16:14:59.814+00,,2026-07-09 16:15:00.109+00,2026-07-09 16:15:00.109+00
198b2b62-907d-4fe0-8667-fb423b53a9f0,8f4abfd3-b0bd-4a0c-991a-d553d92f915a,brubs,Brubs,120363405458948123,120363405458948123,,,,,2026-07-09 12:38:25.054+00,,2026-07-09 12:37:33.242+00,2026-07-09 12:38:25.273+00
c2407394-67c1-4747-930b-8d8b7e6f7737,8f4abfd3-b0bd-4a0c-991a-d553d92f915a,tai_klement,Tai_klement,120363426683334261,120363426683334261,,,,,2026-07-09 23:03:16.954+00,,2026-07-09 01:37:01.712+00,2026-07-09 23:03:17.43+00
d191c885-4e33-4b34-8900-feff4bdf863a,8f4abfd3-b0bd-4a0c-991a-d553d92f915a,120363031916320997,120363031916320997,120363031916320997,120363031916320997,,,,,2026-07-09 18:40:56.94+00,,2026-07-09 18:40:57.248+00,2026-07-09 18:40:57.248+00
2956de5d-0153-4beb-8a16-4c26a4d43925,32ccdbe1-627f-4fe3-a506-056b997ed89b,5511978506319,5511978506319,5511978506319,(11) 97850-6319,,,,,2026-07-10 00:20:10.415+00,,2026-07-09 16:19:57.605+00,2026-07-10 00:20:10.748+00
c72a0a05-dea7-4c6d-ae9c-9834a8e0ce09,32ccdbe1-627f-4fe3-a506-056b997ed89b,nathiele willock,Nathiele Willock,5511945126746,(11) 94512-6746,,,,,2026-07-10 13:02:19.185+00,,2026-07-10 11:14:47.852+00,2026-07-10 13:02:19.317+00
2a7f5150-b80b-43fc-a047-2de86b624506,32ccdbe1-627f-4fe3-a506-056b997ed89b,natalia 🌸,Natalia 🌸,5511945126746,(11) 94512-6746,,,,,2026-07-10 13:03:37.675+00,,2026-07-10 11:18:20.94+00,2026-07-10 13:03:37.837+00
7f4ea681-8c92-431b-8f24-34341d1a65c3,8f4abfd3-b0bd-4a0c-991a-d553d92f915a,julio,Julio,55119760655991549759385,5511976065599-1549759385,,,,,2026-07-13 07:12:07.422+00,,2026-07-13 05:31:14.434+00,2026-07-13 07:12:07.761+00
09de99f2-eff3-45b2-b2fe-42b34d3d7a1a,8f4abfd3-b0bd-4a0c-991a-d553d92f915a,aline,Aline,120363152327785920,120363152327785920,,,,,2026-07-14 15:21:28.251+00,,2026-07-14 15:21:28.529+00,2026-07-14 15:21:28.529+00
f3a9e2b1-e19f-4f44-8484-de8f6f734824,8f4abfd3-b0bd-4a0c-991a-d553d92f915a,rosangela,Rosângela,5511936203330,(11) 93620-3330,,,,,2026-07-14 15:41:04.559+00,,2026-07-14 15:40:57.933+00,2026-07-14 15:41:04.675+00
35cbeedf-0e30-406b-9822-f0fd0b375e0c,b874694b-f463-4dbd-bb6f-b04f121a8802,antonio francisco dos santos,Antonio Francisco dos Santos,5512981553035,(12) 98155-3035,af10473@gmail.com,af10473@gmail.com,,,2026-07-22 20:36:07.133+00,,2026-07-22 20:36:07.6+00,2026-07-22 20:36:07.6+00
78641eb5-a43b-4e5e-a524-46cdb0f3b3c4,8f4abfd3-b0bd-4a0c-991a-d553d92f915a,gilson fillipe,Gilson Fillipe,120363040844924122,120363040844924122,,,,,2026-07-10 16:02:27.456+00,,2026-07-10 15:39:58.476+00,2026-07-10 16:02:27.655+00
8d64cef2-605e-427b-969c-8ae04c191763,32ccdbe1-627f-4fe3-a506-056b997ed89b,maria,Maria,120363424152600492,120363424152600492,,,,,2026-07-10 22:18:10.8+00,,2026-07-08 16:54:39.975+00,2026-07-10 22:18:10.943+00
dfe8e140-1b98-404f-9c48-e1fa03396a60,8f4abfd3-b0bd-4a0c-991a-d553d92f915a,andreia nogueira,Andreia Nogueira,120363408049556384,120363408049556384,,,,,2026-07-10 13:24:58.317+00,,2026-07-10 13:24:58.579+00,2026-07-10 13:24:58.579+00
bd2ad1b0-66fe-44c0-9b7a-4df6f53f8b78,8f4abfd3-b0bd-4a0c-991a-d553d92f915a,shirley lima,Shirley Lima,55119980314441469394172,5511998031444-1469394172,,,,,2026-07-11 23:46:58.122+00,,2026-07-11 23:26:26.663+00,2026-07-11 23:46:58.373+00
f128aa5e-13b8-4a4e-a47b-f6b9a45a7695,8f4abfd3-b0bd-4a0c-991a-d553d92f915a,120363408842599148,120363408842599148,120363408842599148,120363408842599148,,,,,2026-07-11 23:47:56.018+00,,2026-07-11 23:47:56.26+00,2026-07-11 23:47:56.26+00
8405d501-1fb5-44cf-b301-00832fcfacc2,8f4abfd3-b0bd-4a0c-991a-d553d92f915a,estouseguros almanaras consultoria,Estouseguros Almanaras Consultoria,55119643405521612386114,5511964340552-1612386114,,,,,2026-07-10 14:21:58.536+00,,2026-07-10 14:21:58.756+00,2026-07-10 14:21:58.756+00
c535a4c0-f9fe-431f-adb8-49a4502f82b7,8f4abfd3-b0bd-4a0c-991a-d553d92f915a,rosangela,Rosângela,5511994957380,(11) 99495-7380,,,,,2026-07-13 21:49:30.438+00,,2026-07-10 14:02:45.884+00,2026-07-13 21:49:30.562+00
1ac960a7-d799-4ea2-b8c5-8411e381ddc9,8f4abfd3-b0bd-4a0c-991a-d553d92f915a,franciane,Franciane,5511996638110,(11) 99663-8110,,,,,2026-07-10 13:38:59.663+00,,2026-07-08 14:06:52.886+00,2026-07-10 13:38:59.925+00
fa5e1a16-4732-42b5-8140-88aab784deb4,8f4abfd3-b0bd-4a0c-991a-d553d92f915a,447974045725,447974045725,447974045725,447974045725,,,,,2026-07-12 15:17:45.57+00,,2026-07-10 20:59:55.121+00,2026-07-12 15:17:45.824+00
aaec8657-87a1-483a-b98a-45c83decf01f,32ccdbe1-627f-4fe3-a506-056b997ed89b,andre silva,Andre Silva,55119868568161598052251,5511986856816-1598052251,,,,,2026-07-10 17:12:21.355+00,,2026-07-09 13:28:23.049+00,2026-07-10 17:12:21.68+00
4881a7da-0353-497f-97a4-2c186384421d,32ccdbe1-627f-4fe3-a506-056b997ed89b,nathiele willock,Nathiele Willock,5518981172092,(18) 98117-2092,,,,,2026-07-10 13:55:47.679+00,,2026-07-09 03:53:50.275+00,2026-07-10 13:55:47.901+00
4d40a72c-49ae-4021-ad1f-661afc7a41c3,32ccdbe1-627f-4fe3-a506-056b997ed89b,kelly apuque,Kelly Apuque,55119868568161598052251,5511986856816-1598052251,,,,,2026-07-10 17:32:55.382+00,,2026-07-10 17:32:55.653+00,2026-07-10 17:32:55.653+00
d47cee4a-5f4f-40ce-8715-2749e6f4f406,8f4abfd3-b0bd-4a0c-991a-d553d92f915a,rosangela,Rosângela,5511986650720,(11) 98665-0720,,,,,2026-07-10 14:23:36.465+00,,2026-07-10 14:22:54.077+00,2026-07-10 14:23:36.629+00
de1c466e-e3ba-4ba5-8fe1-30070f38e82a,8f4abfd3-b0bd-4a0c-991a-d553d92f915a,thuane marciano,Thuane Marciano,120363408049556384,120363408049556384,,,,,2026-07-10 11:35:54.491+00,,2026-07-10 11:35:46.878+00,2026-07-10 11:35:54.655+00
6ef6c60b-c031-409a-8ad6-5aad7aa90c08,8f4abfd3-b0bd-4a0c-991a-d553d92f915a,aline garcia,Aline Garcia,120363408049556384,120363408049556384,,,,,2026-07-10 11:35:58.65+00,,2026-07-07 17:39:25.935+00,2026-07-10 11:35:58.82+00
f58b20c9-05c6-48aa-a8f1-6100eb5726dd,8f4abfd3-b0bd-4a0c-991a-d553d92f915a,pedro andrade,Pedro Andrade,55119643405521612386114,5511964340552-1612386114,,,,,2026-07-12 18:11:39.985+00,,2026-07-10 18:54:22.155+00,2026-07-12 18:11:40.145+00
86217962-e36e-40fb-ac08-58168c114226,8f4abfd3-b0bd-4a0c-991a-d553d92f915a,andreia guedes costa,Andreia Guedes Costa,55119980314441469394172,5511998031444-1469394172,,,,,2026-07-10 14:30:37.242+00,,2026-07-10 14:30:37.52+00,2026-07-10 14:30:37.52+00
d54e40e2-f4e3-4070-850b-266d0dbb414f,8f4abfd3-b0bd-4a0c-991a-d553d92f915a,jane,Jane,5511994957380,(11) 99495-7380,,,,,2026-07-13 21:58:42.504+00,,2026-07-10 14:16:05.77+00,2026-07-13 21:58:42.632+00
da95b31a-3ea8-4e10-93e9-fabc99fad6a9,8f4abfd3-b0bd-4a0c-991a-d553d92f915a,jaqueline bentes,Jaqueline Bentes,120363040844924122,120363040844924122,,,,,2026-07-10 14:45:37.055+00,,2026-07-07 17:13:05.81+00,2026-07-10 14:45:37.297+00
8db2d471-fb07-495e-a966-08158e2121d7,8f4abfd3-b0bd-4a0c-991a-d553d92f915a,adriano tiburcio,Adriano Tiburcio,5511972707983,(11) 97270-7983,,,,,2026-07-10 19:08:36.933+00,,2026-07-10 19:08:37.243+00,2026-07-10 19:08:37.243+00
cdaa362d-ebdb-43e4-8510-1bd9a4344d5a,8f4abfd3-b0bd-4a0c-991a-d553d92f915a,antonio ramadas,Antônio Ramadas,120363040844924122,120363040844924122,,,,,2026-07-10 19:08:39.299+00,,2026-07-10 19:08:39.468+00,2026-07-10 19:08:39.468+00
14c68594-4ca1-475e-a392-b4ed7f779b3a,32ccdbe1-627f-4fe3-a506-056b997ed89b,dedicor,Dedicor,5511950554880,(11) 95055-4880,,,,,2026-07-10 14:46:36.057+00,,2026-07-10 14:42:30.196+00,2026-07-10 14:46:36.224+00
2eb34cfe-8dbf-4e4a-9b73-b5c8beac202c,8f4abfd3-b0bd-4a0c-991a-d553d92f915a,manuela cavalcanti,Manuela Cavalcanti,5571823427711434975200,557182342771-1434975200,,,,,2026-07-10 19:08:43.452+00,,2026-07-10 15:51:06.149+00,2026-07-10 19:08:43.61+00
753f7e33-2aef-4f02-84ae-3072fe7fb072,8f4abfd3-b0bd-4a0c-991a-d553d92f915a,rosangela,Rosângela,5511972707983,(11) 97270-7983,,,,,2026-07-10 19:20:35.94+00,,2026-07-10 19:20:36.072+00,2026-07-10 19:20:36.072+00
9246c2da-eaa1-418f-8239-4b9eb084f0e1,8f4abfd3-b0bd-4a0c-991a-d553d92f915a,amanda santos,Amanda Santos,120363040844924122,120363040844924122,,,,,2026-07-11 12:27:20.376+00,,2026-07-11 12:24:58.477+00,2026-07-11 12:27:20.545+00
1b3ad339-7ff8-440d-b089-a56f96bb076e,8f4abfd3-b0bd-4a0c-991a-d553d92f915a,nat volpini,Nat Volpini,120363152327785920,120363152327785920,,,,,2026-07-14 17:36:23.218+00,,2026-07-14 17:10:47.715+00,2026-07-14 17:36:23.55+00
72fb2e47-963c-43af-97b8-988be901530d,8f4abfd3-b0bd-4a0c-991a-d553d92f915a,goisale73,goisale73,5511955543820,(11) 95554-3820,,,,,2026-07-11 12:28:02.803+00,,2026-07-11 12:06:10.214+00,2026-07-11 12:28:02.973+00
405de55e-9ad4-4104-845b-73e4a142320c,8f4abfd3-b0bd-4a0c-991a-d553d92f915a,gabrielly marqueton,Gabrielly Marqueton,5571823427711434975200,557182342771-1434975200,,,,,2026-07-13 12:01:56.508+00,,2026-07-10 20:34:40.646+00,2026-07-13 12:01:56.649+00
fb6bc42d-8ef3-4ed3-b8d6-081e22828a45,8f4abfd3-b0bd-4a0c-991a-d553d92f915a,wallace😎,Wallace😎,5511958379374,(11) 95837-9374,,,,,2026-07-13 17:59:54.534+00,,2026-07-10 21:20:17.057+00,2026-07-13 17:59:54.82+00
0566f1a6-fbef-452f-94a5-027d063e5f2b,8f4abfd3-b0bd-4a0c-991a-d553d92f915a,ali reis,Ali Reis,120363207369713483,120363207369713483,,,,,2026-07-14 09:14:46.658+00,,2026-07-14 09:14:47.042+00,2026-07-14 09:14:47.042+00
9f6087e9-a157-454a-8c8f-388b01b5aad2,8f4abfd3-b0bd-4a0c-991a-d553d92f915a,andre soares,André Soares,120363040844924122,120363040844924122,,,,,2026-07-10 15:39:31.218+00,,2026-07-10 15:39:31.422+00,2026-07-10 15:39:31.422+00
1c32d3d7-6161-4bad-a261-5164c9d533b6,8f4abfd3-b0bd-4a0c-991a-d553d92f915a,rosangela,Rosângela,5511958379374,(11) 95837-9374,,,,,2026-07-13 18:16:04.408+00,,2026-07-10 21:18:54.787+00,2026-07-13 18:16:04.581+00
22ef8432-1d60-40f8-9e32-370211152de7,8f4abfd3-b0bd-4a0c-991a-d553d92f915a,ione,Ione,120363408585774256,120363408585774256,,,,,2026-07-14 11:59:58.933+00,,2026-07-08 23:20:01.566+00,2026-07-14 11:59:59.193+00
f5031027-7589-4845-93a6-687036bbcf01,8f4abfd3-b0bd-4a0c-991a-d553d92f915a,rosangela,Rosângela,5511999096473,(11) 99909-6473,,,,,2026-07-10 20:32:24.066+00,,2026-07-10 19:41:22.342+00,2026-07-10 20:32:24.199+00
d5638261-e6d2-4dbc-b159-d9e44f851f4f,8f4abfd3-b0bd-4a0c-991a-d553d92f915a,lucas garcia,Lucas Garcia,5511976388794,(11) 97638-8794,,,,,2026-07-14 20:48:40.092+00,,2026-07-14 20:48:32.237+00,2026-07-14 20:48:40.233+00
8cfc1c83-6313-41f3-b28c-06c9f8a3f743,8f4abfd3-b0bd-4a0c-991a-d553d92f915a,cqcs 2,CQCS 2,5571823427711434975200,557182342771-1434975200,,,,,2026-07-14 18:11:48.566+00,,2026-07-14 18:11:48.841+00,2026-07-14 18:11:48.841+00
d6dbd794-8ddb-43df-999f-78ea5261b589,8f4abfd3-b0bd-4a0c-991a-d553d92f915a,stephanie - comercial lummiapro,Stephanie - Comercial LummiaPro,5519997883563,(19) 99788-3563,,,,,2026-07-14 19:45:30.71+00,,2026-07-11 09:19:37.642+00,2026-07-14 19:45:30.876+00
0ce67387-7dd4-44bf-80e0-c712d12ff197,8f4abfd3-b0bd-4a0c-991a-d553d92f915a,5511987574102-1558843645,5511987574102-1558843645,55119875741021558843645,5511987574102-1558843645,,,,,2026-07-10 20:47:06.85+00,,2026-07-10 20:47:07.015+00,2026-07-10 20:47:07.015+00
71d8e5e1-bf00-4e92-8327-dcd4b970f5b2,8f4abfd3-b0bd-4a0c-991a-d553d92f915a,silvia,Silvia,5511952354143,(11) 95235-4143,,,,,2026-07-15 00:53:01.276+00,,2026-07-07 20:21:57.908+00,2026-07-15 00:53:01.624+00
ff0cb00f-03b5-4695-9a51-b7a46d9300b9,8f4abfd3-b0bd-4a0c-991a-d553d92f915a,120363027932136893,120363027932136893,120363027932136893,120363027932136893,,,,,2026-07-10 12:53:00.236+00,,2026-07-10 12:53:00.432+00,2026-07-10 12:53:00.432+00
a3134065-926b-4d96-9edc-575a3ff47e95,8f4abfd3-b0bd-4a0c-991a-d553d92f915a,120363385836217618,120363385836217618,120363385836217618,120363385836217618,,,,,2026-07-10 12:53:28.822+00,,2026-07-10 12:53:28.969+00,2026-07-10 12:53:28.969+00
ecbeb92b-dcab-42c2-bd0b-f2e25e176aee,8f4abfd3-b0bd-4a0c-991a-d553d92f915a,rosangela,Rosângela,5511992862545,(11) 99286-2545,,,,,2026-07-11 18:28:25.322+00,,2026-07-10 19:48:59.897+00,2026-07-11 18:28:25.443+00
dd36cece-14b4-4a2a-a52d-dd446492a263,32ccdbe1-627f-4fe3-a506-056b997ed89b,equilibrio orofacial,Equilibrio Orofacial,5511986028218,(11) 98602-8218,,,,,2026-07-10 21:59:49.569+00,,2026-07-02 12:10:09.218+00,2026-07-10 21:59:49.769+00
bf1a8265-5347-4bca-ad6c-c9013ecd4b04,8f4abfd3-b0bd-4a0c-991a-d553d92f915a,flavia rossigalli,Flávia Rossigalli,120363152327785920,120363152327785920,,,,,2026-07-14 12:54:26.805+00,,2026-07-14 12:54:23.738+00,2026-07-14 12:54:26.954+00
6581af6e-84cd-41ab-a017-fcc10dfc5731,8f4abfd3-b0bd-4a0c-991a-d553d92f915a,rosangela,Rosângela,5511955543820,(11) 95554-3820,,,,,2026-07-11 12:27:32.403+00,,2026-07-11 12:08:32.892+00,2026-07-11 12:27:32.53+00
1b7e7505-6a15-4c4c-98a8-e5c3eba09c74,32ccdbe1-627f-4fe3-a506-056b997ed89b,cleber de carvalho,Cleber De Carvalho,5511971690032,(11) 97169-0032,,,,,2026-07-23 19:54:42.975+00,,2026-07-23 19:54:43.225+00,2026-07-23 19:54:43.225+00
0edd0ce0-66de-427d-902f-8917e275baba,8f4abfd3-b0bd-4a0c-991a-d553d92f915a,sergio,Sergio,120363408842599148,120363408842599148,,,,,2026-07-12 00:08:51.39+00,,2026-07-12 00:08:51.148+00,2026-07-12 00:08:51.639+00
5b4d0897-b64d-4a6e-9fbb-1945f6660e78,8f4abfd3-b0bd-4a0c-991a-d553d92f915a,katia conceicao barnabe,Katia conceicao Barnabe,120363408842599148,120363408842599148,,,,,2026-07-12 00:16:27.015+00,,2026-07-11 23:59:24.721+00,2026-07-12 00:16:27.388+00
a8f6ad7e-7de7-41e3-9fbe-db6f643853d5,8f4abfd3-b0bd-4a0c-991a-d553d92f915a,💕,💕,120363408842599148,120363408842599148,,,,,2026-07-12 00:29:28.25+00,,2026-07-11 23:48:00.894+00,2026-07-12 00:29:28.689+00
cca1fd5f-b25a-4c92-b407-2908f8c46c72,8f4abfd3-b0bd-4a0c-991a-d553d92f915a,simone kagohara,Simone Kagohara,5511984834178,(11) 98483-4178,,,,,2026-07-11 16:56:44.91+00,,2026-07-08 22:26:06.314+00,2026-07-11 16:56:45.073+00
a3ff2766-adcf-41df-9169-378b9fe66069,8f4abfd3-b0bd-4a0c-991a-d553d92f915a,rafael germano,RAFAEL GERMANO,120363426683334261,120363426683334261,,,,,2026-07-11 17:01:09.588+00,,2026-07-11 10:02:52.897+00,2026-07-11 17:01:09.764+00
39833c9a-fbcf-4541-9c90-275570089c13,8f4abfd3-b0bd-4a0c-991a-d553d92f915a,patty,Patty,55119980314441469394172,5511998031444-1469394172,,,,,2026-07-12 00:51:25.739+00,,2026-07-12 00:51:26.032+00,2026-07-12 00:51:26.032+00
f304d79f-25e8-4840-b16b-9e59c9236d9a,8f4abfd3-b0bd-4a0c-991a-d553d92f915a,ormond seguros,Ormond Seguros,120363040844924122,120363040844924122,,,,,2026-07-14 16:35:11.454+00,,2026-07-07 20:12:59.597+00,2026-07-14 16:35:11.722+00
43e26245-54fe-43dc-919d-ff6d9ee54e5a,8f4abfd3-b0bd-4a0c-991a-d553d92f915a,vivian,Vivian,5511992862545,(11) 99286-2545,,,,,2026-07-11 18:19:14.428+00,,2026-07-10 22:59:19.989+00,2026-07-11 18:19:14.621+00
5ff1ba33-85e9-4ec3-88bc-db5995e49903,8f4abfd3-b0bd-4a0c-991a-d553d92f915a,marisa michelle,Marisa Michelle,120363408842599148,120363408842599148,,,,,2026-07-12 02:17:28.537+00,,2026-07-12 02:17:28.782+00,2026-07-12 02:17:28.782+00
9cdf3dad-1b73-43db-a96d-d0fb1cb9874f,8f4abfd3-b0bd-4a0c-991a-d553d92f915a,vilar,Vilar,120363426683334261,120363426683334261,,,,,2026-07-13 15:22:33.753+00,,2026-07-13 14:21:23.968+00,2026-07-13 15:22:33.989+00
1734474f-f924-47f2-99b2-c9144f6968aa,8f4abfd3-b0bd-4a0c-991a-d553d92f915a,rosangela,Rosângela,554141414141,554141414141,,,,,2026-07-13 15:22:37.918+00,,2026-07-13 14:23:10.251+00,2026-07-13 15:22:38.059+00
6f4c0ae0-9987-4e7a-824d-6a363cadcda6,8f4abfd3-b0bd-4a0c-991a-d553d92f915a,equipe admin,Equipe Admin,120363207369713483,120363207369713483,,,,,2026-07-14 20:06:09.177+00,,2026-07-07 18:35:18.663+00,2026-07-14 20:06:09.411+00
89e3a30d-53c3-4e1c-b499-61223b139f47,8f4abfd3-b0bd-4a0c-991a-d553d92f915a,rosangela,Rosângela,5511997586439,(11) 99758-6439,,,,,2026-07-12 16:15:05.755+00,,2026-07-11 19:01:34.425+00,2026-07-12 16:15:05.982+00
fde75bfd-8a14-4cc7-b97b-93cf5ebbf2ad,8f4abfd3-b0bd-4a0c-991a-d553d92f915a,robson,Robson,55119760655991549759385,5511976065599-1549759385,,,,,2026-07-13 11:21:55.695+00,,2026-07-13 11:17:46.426+00,2026-07-13 11:21:55.906+00
608b70b5-07e9-4fcd-902d-3d8ca6143f58,8f4abfd3-b0bd-4a0c-991a-d553d92f915a,renata nonato,Renata Nonato,120363385836217618,120363385836217618,,,,,2026-07-13 15:55:25.584+00,,2026-07-13 15:55:25.942+00,2026-07-13 15:55:25.942+00
d4b9eba8-166c-4237-bb43-0673699a4f8b,8f4abfd3-b0bd-4a0c-991a-d553d92f915a,veendos,Veendos,5515997332777,(15) 99733-2777,,,,,2026-07-14 20:08:06.417+00,,2026-07-13 17:59:27.883+00,2026-07-14 20:08:06.621+00
710f64d6-8274-4864-a1d5-39ec22918d56,8f4abfd3-b0bd-4a0c-991a-d553d92f915a,marcos costa,Marcos Costa,120363040844924122,120363040844924122,,,,,2026-07-13 16:37:01.095+00,,2026-07-07 16:54:59.437+00,2026-07-13 16:37:01.341+00
79769280-4c2f-48cb-b25c-912b62d3f54e,8f4abfd3-b0bd-4a0c-991a-d553d92f915a,nelson shizuo,Nelson Shizuo,55119760655991549759385,5511976065599-1549759385,,,,,2026-07-13 12:03:39.051+00,,2026-07-13 12:03:39.237+00,2026-07-13 12:03:39.237+00
7070c6e9-af6a-42f7-ac26-45e2d2350417,8f4abfd3-b0bd-4a0c-991a-d553d92f915a,drikas a cafeteira,Drikas A Cafeteira,55119760655991549759385,5511976065599-1549759385,,,,,2026-07-13 12:04:09.768+00,,2026-07-13 12:04:09.898+00,2026-07-13 12:04:09.898+00
c496e72b-84bb-47f3-b44e-1d352af69b65,8f4abfd3-b0bd-4a0c-991a-d553d92f915a,rosangela,Rosângela,5511939111615,(11) 93911-1615,,,,,2026-07-14 20:08:32.726+00,,2026-07-07 14:46:00.414+00,2026-07-14 20:08:32.889+00
ebd5b5ff-df69-4292-8ee1-b18679e6d398,8f4abfd3-b0bd-4a0c-991a-d553d92f915a,ricardo tavares,Ricardo Tavares,120363040844924122,120363040844924122,,,,,2026-07-14 14:48:29.231+00,,2026-07-13 14:06:07.674+00,2026-07-14 14:48:29.623+00
ad252f08-3636-482d-b070-da230d13f618,8f4abfd3-b0bd-4a0c-991a-d553d92f915a,552138280872,552138280872,552138280872,552138280872,,,,,2026-07-13 12:06:58.434+00,,2026-07-13 12:06:58.638+00,2026-07-13 12:06:58.638+00
5567c7a4-c299-444c-88c7-7385855aeb1b,8f4abfd3-b0bd-4a0c-991a-d553d92f915a,regina a.e.gouuveia,Regina A.E.Gouuveia,55119760655991549759385,5511976065599-1549759385,,,,,2026-07-13 12:09:27.469+00,,2026-07-13 12:04:42.06+00,2026-07-13 12:09:27.692+00
1cec2813-26da-4603-aac6-453e5cbfeff6,8f4abfd3-b0bd-4a0c-991a-d553d92f915a,mario junior,Mario Junior,5571823427711434975200,557182342771-1434975200,,,,,2026-07-13 17:22:12.534+00,,2026-07-13 17:21:47.704+00,2026-07-13 17:22:12.863+00
3520f25e-4e87-4039-a1b6-a5e53cdf4e3c,8f4abfd3-b0bd-4a0c-991a-d553d92f915a,segconsult corretora de seguros,Segconsult Corretora de Seguros,551134556051,551134556051,,,,,2026-07-13 17:35:48.636+00,,2026-07-13 15:11:20.427+00,2026-07-13 17:35:48.972+00
6d4ebc45-2d50-47a6-8ee5-6f8a5803407a,8f4abfd3-b0bd-4a0c-991a-d553d92f915a,rosangela,Rosângela,5511972623763,(11) 97262-3763,,,,,2026-07-14 20:55:32.649+00,,2026-07-10 17:00:38.613+00,2026-07-14 20:55:32.83+00
1dfb593f-f78d-4787-b7de-5cd13e79044e,8f4abfd3-b0bd-4a0c-991a-d553d92f915a,hilara barsotti,Hilara Barsotti,55119760655991549759385,5511976065599-1549759385,,,,,2026-07-13 12:26:23.521+00,,2026-07-13 12:26:23.75+00,2026-07-13 12:26:23.75+00
317fa560-34ee-49d8-a4dc-2778ce7c5422,8f4abfd3-b0bd-4a0c-991a-d553d92f915a,wilker amorim,Wilker Amorim,120363426683334261,120363426683334261,,,,,2026-07-13 12:28:48.49+00,,2026-07-13 12:28:48.879+00,2026-07-13 12:28:48.879+00
9328062b-d00b-43b0-9c41-86609d2cdc9b,8f4abfd3-b0bd-4a0c-991a-d553d92f915a,celia souza,Celia Souza,55119760655991549759385,5511976065599-1549759385,,,,,2026-07-13 12:38:47.787+00,,2026-07-13 12:38:47.961+00,2026-07-13 12:38:47.961+00
32bebde2-965e-4d93-82e5-63e7d39cd4ea,8f4abfd3-b0bd-4a0c-991a-d553d92f915a,marcelo silva,Marcelo Silva,5511984419261,(11) 98441-9261,,,,,2026-07-13 18:23:37.959+00,,2026-07-13 18:23:38.528+00,2026-07-13 18:23:38.528+00
96f25a96-d3a7-4be2-9e6e-be813c3580af,8f4abfd3-b0bd-4a0c-991a-d553d92f915a,ivonete amalia da silva,Ivonete Amalia Da Silva,55119760655991549759385,5511976065599-1549759385,,,,,2026-07-13 12:55:14.797+00,,2026-07-13 12:55:15.042+00,2026-07-13 12:55:15.042+00
78d679fa-27ab-4e74-a0d9-3a815030fee9,8f4abfd3-b0bd-4a0c-991a-d553d92f915a,𝓓𝓲𝓿𝓪 𝓥𝓲𝓪𝓷𝓪 🪬📿,𝓓𝓲𝓿𝓪 𝓥𝓲𝓪𝓷𝓪  🪬📿,55119760655991549759385,5511976065599-1549759385,,,,,2026-07-13 13:14:37.631+00,,2026-07-07 22:59:49.739+00,2026-07-13 13:14:38.006+00
749748b7-b18a-4932-b777-5ce237fef221,8f4abfd3-b0bd-4a0c-991a-d553d92f915a,jose luiz - corretor de seguros,José Luiz - Corretor de Seguros,120363040844924122,120363040844924122,,,,,2026-07-13 18:46:16.38+00,,2026-07-07 17:11:46.869+00,2026-07-13 18:46:16.688+00
ce23c457-5377-4a03-bb0e-144cdf37374d,8f4abfd3-b0bd-4a0c-991a-d553d92f915a,m. prado,M. Prado,5511960209866,(11) 96020-9866,,,,,2026-07-13 13:43:42.743+00,,2026-07-13 13:42:43.508+00,2026-07-13 13:43:43.065+00
2bc86d4b-c765-4eae-abe5-f6b0b39bb124,8f4abfd3-b0bd-4a0c-991a-d553d92f915a,rosangela,Rosângela,5521970527299,(21) 97052-7299,,,,,2026-07-13 22:19:42.249+00,,2026-07-09 14:04:51.776+00,2026-07-13 22:19:42.395+00
8a84f8c2-2eca-4077-bfc7-440a39fad0d6,8f4abfd3-b0bd-4a0c-991a-d553d92f915a,ana,Ana,120363152327785920,120363152327785920,,,,,2026-07-14 18:02:59.892+00,,2026-07-14 18:03:00.066+00,2026-07-14 18:03:00.066+00
2b813559-ed22-4890-b1fb-fa461928e1df,8f4abfd3-b0bd-4a0c-991a-d553d92f915a,554141414141,554141414141,554141414141,554141414141,,,,,2026-07-13 14:22:59.532+00,,2026-07-13 14:22:59.721+00,2026-07-13 14:22:59.721+00
8fa93809-e488-47a0-822e-4b7699dcf10c,8f4abfd3-b0bd-4a0c-991a-d553d92f915a,cqcs 8,Cqcs 8,5571820392621467828390,557182039262-1467828390,,,,,2026-07-14 18:50:37.398+00,,2026-07-13 18:30:35.255+00,2026-07-14 18:50:37.642+00
29e657b8-d285-4120-9879-a54b3b7f5ab8,8f4abfd3-b0bd-4a0c-991a-d553d92f915a,flavio machado,Flávio Machado,120363252386447909,120363252386447909,,,,,2026-07-14 10:56:21.774+00,,2026-07-13 13:30:40.446+00,2026-07-14 10:56:22.038+00
2ac2ba69-2493-4e71-a6f4-776a64d126db,8f4abfd3-b0bd-4a0c-991a-d553d92f915a,rosangela,Rosângela,5511960209866,(11) 96020-9866,,,,,2026-07-14 15:34:20.346+00,,2026-07-08 15:46:44.921+00,2026-07-14 15:34:20.47+00
2e0f7574-3fea-4512-8fee-9e3886964e91,8f4abfd3-b0bd-4a0c-991a-d553d92f915a,corretagem facil,Corretagem Facil,551139071380,551139071380,,,,,2026-07-14 15:35:39.972+00,,2026-07-14 15:22:13.4+00,2026-07-14 15:35:40.176+00
d8f3528e-6498-49e3-8eef-c627a7c18713,7b577c22-5513-42cc-ab19-2bf867e14ebc,fabiano s silva,Fabiano S Silva,5519995908063,(19) 99590-8063,,,,,2026-07-13 14:30:28.159+00,,2026-07-13 14:30:05.525+00,2026-07-13 14:30:28.363+00
b86149d7-e034-4731-a03e-e1946ed7dcce,8f4abfd3-b0bd-4a0c-991a-d553d92f915a,cqcs 7,CQCS 7,5571823427711434975200,557182342771-1434975200,,,,,2026-07-14 19:31:43.025+00,,2026-07-07 13:46:35.591+00,2026-07-14 19:31:43.291+00
326e93a3-000a-411d-bd7b-e0fb1f86ef0a,8f4abfd3-b0bd-4a0c-991a-d553d92f915a,gustavo ivaldo,Gustavo Ivaldo,120363040844924122,120363040844924122,,,,,2026-07-14 19:33:46.575+00,,2026-07-07 17:51:23.292+00,2026-07-14 19:33:46.902+00
141f176d-48ce-4ea2-9e84-1f11fd59adcd,8f4abfd3-b0bd-4a0c-991a-d553d92f915a,rosangela,Rosângela,5511983432459,(11) 98343-2459,,,,,2026-07-14 16:08:26.209+00,,2026-07-13 13:27:38.655+00,2026-07-14 16:08:26.365+00
b339d81c-c3bd-41c5-bfc8-8453aa054087,8f4abfd3-b0bd-4a0c-991a-d553d92f915a,donizete costa,Donizete Costa,5511983432459,(11) 98343-2459,,,,,2026-07-14 16:09:26.306+00,,2026-07-13 13:44:56.66+00,2026-07-14 16:09:26.576+00
a48438d9-f480-49a8-87fb-a3d94099b42c,8f4abfd3-b0bd-4a0c-991a-d553d92f915a,juliana,Juliana,120363152327785920,120363152327785920,,,,,2026-07-14 12:57:06.477+00,,2026-07-14 12:57:06.662+00,2026-07-14 12:57:06.662+00
a23900c4-f669-4fc0-bafe-0352c90e36ce,a94fc469-4603-487f-ab7f-e2712197d510,fernanda franca da silva,Fernanda Franca Da Silva,5521968989808,(21) 96898-9808,ffranca.advogados@gmail.com,ffranca.advogados@gmail.com,41105424000106,41105424000106,2026-07-22 22:09:30.673+00,,2026-07-22 22:09:31.137+00,2026-07-22 22:09:31.137+00
e966e483-bad5-4ca7-9e42-eda2e2989f45,8f4abfd3-b0bd-4a0c-991a-d553d92f915a,mind health assessoria em saude,Mind Health Assessoria em Saúde,120363040844924122,120363040844924122,,,,,2026-07-13 18:55:15.073+00,,2026-07-13 18:55:15.453+00,2026-07-13 18:55:15.453+00
d8fc521f-cf30-4aff-9060-1949ace0e4b2,8f4abfd3-b0bd-4a0c-991a-d553d92f915a,fabio figueiroa,FÁBIO FIGUEIROA,120363040844924122,120363040844924122,,,,,2026-07-13 19:06:01.54+00,,2026-07-13 19:06:01.734+00,2026-07-13 19:06:01.734+00
99f9bc4d-fd16-42c1-9fb9-e60a89de94d7,8f4abfd3-b0bd-4a0c-991a-d553d92f915a,5511973483410,5511973483410,5511973483410,(11) 97348-3410,,,,,2026-07-13 19:13:57.954+00,,2026-07-13 19:13:58.146+00,2026-07-13 19:13:58.146+00
4e40b94e-68b5-44c4-b956-168f0233a97d,8f4abfd3-b0bd-4a0c-991a-d553d92f915a,120363152327785920,120363152327785920,120363152327785920,120363152327785920,,,,,2026-07-13 19:17:06.525+00,,2026-07-13 19:17:06.747+00,2026-07-13 19:17:06.747+00
f37af58c-0314-4a55-b684-31c9589e4718,8f4abfd3-b0bd-4a0c-991a-d553d92f915a,claudia,Claudia,120363152327785920,120363152327785920,,,,,2026-07-14 12:59:30.622+00,,2026-07-14 12:59:30.891+00,2026-07-14 12:59:30.891+00
eef0010f-aaa3-4cee-9176-82649db6bb65,8f4abfd3-b0bd-4a0c-991a-d553d92f915a,silvia,Silvia,120363031866054683,120363031866054683,,,,,2026-07-14 11:10:06.237+00,,2026-07-07 13:57:31.228+00,2026-07-14 11:10:06.512+00
c59e4463-8629-4f38-8c04-1f34183ae317,8f4abfd3-b0bd-4a0c-991a-d553d92f915a,cinara,CINARA,120363152327785920,120363152327785920,,,,,2026-07-14 13:00:11.766+00,,2026-07-14 13:00:07.704+00,2026-07-14 13:00:11.903+00
5db1af2b-1d88-4355-8fe6-df868510b416,8f4abfd3-b0bd-4a0c-991a-d553d92f915a,rosangela,Rosângela,5511964545199,(11) 96454-5199,,,,,2026-07-14 12:05:46.576+00,,2026-07-14 12:05:38.228+00,2026-07-14 12:05:46.741+00
7de64fa7-8a06-4d3b-990e-f537964e8cc4,8f4abfd3-b0bd-4a0c-991a-d553d92f915a,giovana julio orem,Giovana Julio Orem,120363152327785920,120363152327785920,,,,,2026-07-14 13:04:00.837+00,,2026-07-14 13:03:06.127+00,2026-07-14 13:04:01.032+00
28b9d997-5e49-4199-9ff0-392d5d2e187c,8f4abfd3-b0bd-4a0c-991a-d553d92f915a,rosangela,Rosângela,5511944510958,(11) 94451-0958,,,,,2026-07-14 19:57:24.883+00,,2026-07-07 20:11:06.304+00,2026-07-14 19:57:25.08+00
9e67cc60-1c38-41db-9234-9bd4c940ecb5,8f4abfd3-b0bd-4a0c-991a-d553d92f915a,ana rosa,Ana Rosa,120363152327785920,120363152327785920,,,,,2026-07-14 13:07:26.737+00,,2026-07-14 13:07:26.9+00,2026-07-14 13:07:26.9+00
9c806ce6-d630-4efb-85b4-c68a5cf0e831,8f4abfd3-b0bd-4a0c-991a-d553d92f915a,carol perez,Carol Perez,120363152327785920,120363152327785920,,,,,2026-07-14 15:17:30.86+00,,2026-07-13 19:17:21.41+00,2026-07-14 15:17:31.166+00
88b27a6a-b192-4cb5-bd77-d5cffc1e210c,8f4abfd3-b0bd-4a0c-991a-d553d92f915a,aliny,Aliny,120363152327785920,120363152327785920,,,,,2026-07-14 13:13:01.522+00,,2026-07-14 13:07:51.007+00,2026-07-14 13:13:01.731+00
8bb3a4cb-054b-4a1f-bb75-65963ed87b0e,8f4abfd3-b0bd-4a0c-991a-d553d92f915a,alexandre machado,Alexandre Machado,120363040844924122,120363040844924122,,,,,2026-07-14 13:13:52.816+00,,2026-07-07 19:52:31.709+00,2026-07-14 13:13:53.063+00
23eae004-6a85-4567-adb9-9045575128d5,8f4abfd3-b0bd-4a0c-991a-d553d92f915a,5511971102576,5511971102576,5511971102576,(11) 97110-2576,,,,,2026-07-14 13:13:59.593+00,,2026-07-13 22:28:45.005+00,2026-07-14 13:13:59.831+00
ecc79aed-a3a2-4d46-a00c-f977e7ed8f72,8f4abfd3-b0bd-4a0c-991a-d553d92f915a,aline tabordo,Aline Tabordo,5511986581403,(11) 98658-1403,,,,,2026-07-14 13:15:45.583+00,,2026-07-14 13:15:45.834+00,2026-07-14 13:15:45.834+00
3423e9c5-6490-4176-ab01-04cb8ef2cc74,8f4abfd3-b0bd-4a0c-991a-d553d92f915a,giovanna gomes i planos de saude,Giovanna Gomes I Planos De Saude,120363408049556384,120363408049556384,,,,,2026-07-13 19:55:55.849+00,,2026-07-13 19:31:32.209+00,2026-07-13 19:55:56.132+00
98d02d0d-d604-438e-a01e-0795e2432fdc,8f4abfd3-b0bd-4a0c-991a-d553d92f915a,lais bulhoes,Laís Bulhões,120363408049556384,120363408049556384,,,,,2026-07-13 20:00:01.976+00,,2026-07-13 19:49:07.217+00,2026-07-13 20:00:02.242+00
fdc1284d-3810-4474-962d-1d7741341897,8f4abfd3-b0bd-4a0c-991a-d553d92f915a,mariangela,Mariangela,120363152327785920,120363152327785920,,,,,2026-07-14 13:18:11.105+00,,2026-07-14 13:18:11.443+00,2026-07-14 13:18:11.443+00
7f17964d-3494-43d2-bb73-dda656807ac2,8f4abfd3-b0bd-4a0c-991a-d553d92f915a,rodrigo pavanito,Rodrigo Pavanito,55119643405521612386114,5511964340552-1612386114,,,,,2026-07-14 13:29:01.726+00,,2026-07-14 13:26:38.462+00,2026-07-14 13:29:01.86+00
701386a8-e891-416d-ad09-39d04b01a8e4,8f4abfd3-b0bd-4a0c-991a-d553d92f915a,matheus barbosa,Matheus Barbosa,5511964545199,(11) 96454-5199,,,,,2026-07-14 12:41:33.532+00,,2026-07-14 10:10:27.97+00,2026-07-14 12:41:33.854+00
3bff33c3-3e64-4c90-957d-3c2fe2095730,8f4abfd3-b0bd-4a0c-991a-d553d92f915a,gattini,Gattini,120363152327785920,120363152327785920,,,,,2026-07-14 13:30:27.218+00,,2026-07-14 13:30:27.403+00,2026-07-14 13:30:27.403+00
27223d67-9ae5-4929-bac3-9e15b8eed643,8f4abfd3-b0bd-4a0c-991a-d553d92f915a,steh roulet,Steh Roulet,120363152327785920,120363152327785920,,,,,2026-07-14 13:33:15.755+00,,2026-07-14 13:33:16.006+00,2026-07-14 13:33:16.006+00
8cd498ff-b4bb-4692-9102-c9ae4782e1a1,8f4abfd3-b0bd-4a0c-991a-d553d92f915a,renata,Renata,120363152327785920,120363152327785920,,,,,2026-07-14 13:33:55.416+00,,2026-07-14 13:33:54.974+00,2026-07-14 13:33:55.59+00
15c92be4-89db-408b-9f68-d2f05c036629,8f4abfd3-b0bd-4a0c-991a-d553d92f915a,cassia,Cássia,120363207369713483,120363207369713483,,,,,2026-07-14 20:47:09.246+00,,2026-07-07 14:39:10.965+00,2026-07-14 20:47:09.555+00
a8bd09e5-2bb4-4c3e-8690-871474a78d66,8f4abfd3-b0bd-4a0c-991a-d553d92f915a,rosangela,Rosângela,5511986581403,(11) 98658-1403,,,,,2026-07-14 13:38:08.722+00,,2026-07-14 13:37:44.213+00,2026-07-14 13:38:08.82+00
7fcb84d3-16fc-483b-a284-e02fd177336f,8f4abfd3-b0bd-4a0c-991a-d553d92f915a,catarina miller,Catarina Miller,120363152327785920,120363152327785920,,,,,2026-07-14 15:42:57.146+00,,2026-07-14 15:28:09.317+00,2026-07-14 15:42:57.36+00
cfb88831-d58c-44a1-82d3-a250b74bbf88,8f4abfd3-b0bd-4a0c-991a-d553d92f915a,mara ferreira,Mara Ferreira,120363040844924122,120363040844924122,,,,,2026-07-14 17:42:08.797+00,,2026-07-07 16:59:27.294+00,2026-07-14 17:42:09.017+00
92ce20b5-2024-4e08-91d4-1247ac6c5752,8f4abfd3-b0bd-4a0c-991a-d553d92f915a,natalia vanzelli,Natalia Vanzelli,5511936203330,(11) 93620-3330,,,,,2026-07-14 16:02:34.624+00,,2026-07-07 14:29:41.24+00,2026-07-14 16:02:34.821+00
e8285ea7-90f8-4257-b9d2-9bb2aefcb608,8f4abfd3-b0bd-4a0c-991a-d553d92f915a,luciana,Luciana,120363152327785920,120363152327785920,,,,,2026-07-14 17:53:33.902+00,,2026-07-14 17:53:34.203+00,2026-07-14 17:53:34.203+00
f2d416da-b18c-4bc6-8c63-c98031988e05,8f4abfd3-b0bd-4a0c-991a-d553d92f915a,consilium corretora de seguros,Consilium Corretora de Seguros,120363040844924122,120363040844924122,,,,,2026-07-14 16:06:54.021+00,,2026-07-07 14:22:05.548+00,2026-07-14 16:06:54.191+00
5bcb747b-19e7-4c36-993e-2c1cadc08d35,8f4abfd3-b0bd-4a0c-991a-d553d92f915a,gi sousa,Gi Sousa,5511972623763,(11) 97262-3763,,,,,2026-07-14 20:55:24.939+00,,2026-07-10 17:01:22.062+00,2026-07-14 20:55:25.188+00
09279d92-d0eb-4115-a2ba-379711587a8d,8f4abfd3-b0bd-4a0c-991a-d553d92f915a,5512997890917,5512997890917,5512997890917,(12) 99789-0917,,,,,2026-07-14 16:09:51.847+00,,2026-07-08 14:25:59.906+00,2026-07-14 16:09:52.045+00
bbb068ee-cdda-4fb7-920e-27438a215667,8f4abfd3-b0bd-4a0c-991a-d553d92f915a,lucia,Lucia,120363207369713483,120363207369713483,,,,,2026-07-14 20:58:29.03+00,,2026-07-09 11:27:29.308+00,2026-07-14 20:58:29.275+00
85f6e788-5576-486e-abb9-89aed7d408f5,8f4abfd3-b0bd-4a0c-991a-d553d92f915a,rosangela,Rosângela,5511947271972,(11) 94727-1972,,,,,2026-07-14 21:47:21.146+00,,2026-07-14 13:43:50.388+00,2026-07-14 21:47:21.265+00
608ac928-67be-416b-96c0-fafa79ffd0f7,8f4abfd3-b0bd-4a0c-991a-d553d92f915a,ana danubia - ac corretores,Ana Danubia - AC CORRETORES,55119643405521612386114,5511964340552-1612386114,,,,,2026-07-14 14:05:24.748+00,,2026-07-14 14:05:25.054+00,2026-07-14 14:05:25.054+00
8dfb1b7a-2992-4b8e-a9f7-3d78da9f9f5c,8f4abfd3-b0bd-4a0c-991a-d553d92f915a,talitinha vicente,Talitinha Vicente,5511987146031,(11) 98714-6031,,,,,2026-07-14 22:39:11.736+00,,2026-07-08 13:30:44.449+00,2026-07-14 22:39:11.924+00
0eb9afcf-19c7-4ab2-ad62-4f61a3ed7f17,8f4abfd3-b0bd-4a0c-991a-d553d92f915a,renato rocha,Renato Rocha,55119980314441469394172,5511998031444-1469394172,,,,,2026-07-14 22:41:42.125+00,,2026-07-08 02:12:36.455+00,2026-07-14 22:41:42.296+00
59c63736-5f0e-45bf-8c42-748094f94b74,8f4abfd3-b0bd-4a0c-991a-d553d92f915a,elaine,elaine,5517992727605,(17) 99272-7605,,,,,2026-07-14 18:29:54.315+00,,2026-07-07 13:53:45.205+00,2026-07-14 18:29:54.503+00
5c90e935-82fd-4631-97e7-202e1eb78178,8f4abfd3-b0bd-4a0c-991a-d553d92f915a,silvia,Silvia,55119980314441469394172,5511998031444-1469394172,,,,,2026-07-14 18:37:26.055+00,,2026-07-08 23:48:19.094+00,2026-07-14 18:37:26.284+00
8b2f3455-6a46-484a-8655-309cd975cb01,8f4abfd3-b0bd-4a0c-991a-d553d92f915a,aline mathias⚡,Aline Mathias⚡,120363207369713483,120363207369713483,,,,,2026-07-14 14:08:11.856+00,,2026-07-14 14:07:58.479+00,2026-07-14 14:08:12.039+00
a4647716-71f4-4135-b3df-01487eb41d1a,8f4abfd3-b0bd-4a0c-991a-d553d92f915a,zeveseg corretora de seguros,Zeveseg Corretora de Seguros,55119643405521612386114,5511964340552-1612386114,,,,,2026-07-14 19:12:47.929+00,,2026-07-14 13:23:53.262+00,2026-07-14 19:12:48.312+00
04de10c4-5c70-460c-aafa-0b3e7670911d,8f4abfd3-b0bd-4a0c-991a-d553d92f915a,cristiane alpha marques corretora de seguros,Cristiane  Alpha Marques Corretora De Seguros,55119643405521612386114,5511964340552-1612386114,,,,,2026-07-14 14:14:22.036+00,,2026-07-14 14:14:22.308+00,2026-07-14 14:14:22.308+00
a267560c-0a06-46f4-a28e-62700a899098,8f4abfd3-b0bd-4a0c-991a-d553d92f915a,rosangela,Rosângela,5517992727605,(17) 99272-7605,,,,,2026-07-14 14:16:49.08+00,,2026-07-07 13:57:52.924+00,2026-07-14 14:16:49.22+00
16894917-39e6-4273-b1f5-6949d06f12a1,8f4abfd3-b0bd-4a0c-991a-d553d92f915a,seguros | planos de saude | consorcio,Seguros | Planos de Saúde | Consórcio,55119643405521612386114,5511964340552-1612386114,,,,,2026-07-14 14:19:39.083+00,,2026-07-14 14:19:23.1+00,2026-07-14 14:19:39.401+00
9c0f6edb-36b6-49d9-8154-067fc94453ad,8f4abfd3-b0bd-4a0c-991a-d553d92f915a,caroline gonzaga,Caroline Gonzaga,55119643405521612386114,5511964340552-1612386114,,,,,2026-07-14 14:20:18.778+00,,2026-07-14 14:20:19.063+00,2026-07-14 14:20:19.063+00
98c45f86-5def-491f-a59b-f5d0978cd1d1,a9c81e05-8b1a-47ad-a80d-dbc45603f068,marcos alexandre damazio da silva,Marcos Alexandre Damazio Da Silva,5521984918400,(21) 98491-8400,info@tavaresoffice.com.br,info@tavaresoffice.com.br,42416453000143,42416453000143,2026-07-22 17:32:47.618+00,,2026-07-22 17:32:47.964+00,2026-07-22 17:32:47.964+00
b1e19f08-c97f-4bf5-808f-ab739d9b6910,b874694b-f463-4dbd-bb6f-b04f121a8802,roberto rosa martins consultoria em tecnologia da informacao ltda,ROBERTO ROSA MARTINS CONSULTORIA EM TECNOLOGIA DA INFORMACAO LTDA,5511940130432,(11) 94013-0432,martinrr0711@gmail.com,martinrr0711@gmail.com,45092647000129,45092647000129,2026-07-22 19:11:55.433+00,,2026-07-22 19:11:55.803+00,2026-07-22 19:11:55.803+00
6d806cef-d6f2-49ca-a7e4-c571058fdec4,8f4abfd3-b0bd-4a0c-991a-d553d92f915a,cris t.,Cris T.,120363152327785920,120363152327785920,,,,,2026-07-14 17:42:43.731+00,,2026-07-14 17:42:43.862+00,2026-07-14 17:42:43.862+00
52a49212-177a-4215-bbe0-e14395067841,e51c5c55-1e13-45da-8a37-ed0f36f3d16c,mmv assessoria e servicos ltda,MMV ASSESSORIA E SERVICOS LTDA,5511962817435,(11) 96281-7435,gestao@mmvassessoria.com.br,gestao@mmvassessoria.com.br,39585839000174,39585839000174,2026-07-22 23:22:30.042+00,,2026-07-22 23:22:30.451+00,2026-07-22 23:22:30.451+00
6adae7a1-79f9-40cc-9027-b4fc747711f2,13bbd043-efcc-4c8a-9edd-f34941547546,jose carlos ricardo,Jose Carlos Ricardo,5511996595960,(11) 99659-5960,jcricardo@terra.com.br,jcricardo@terra.com.br,33385262000170,33385262000170,2026-07-23 18:54:02.219+00,,2026-07-23 18:54:02.536+00,2026-07-23 18:54:02.536+00
d33698be-d729-4069-910e-b107b776197d,8f4abfd3-b0bd-4a0c-991a-d553d92f915a,sol corretora,Sol Corretora,120363040844924122,120363040844924122,,,,,2026-07-14 16:19:23.375+00,,2026-07-07 15:06:33.333+00,2026-07-14 16:19:23.57+00
73ec42cf-134d-41e3-9a55-0e8deaa82309,8f4abfd3-b0bd-4a0c-991a-d553d92f915a,flavio machado,Flávio Machado,5511944510958,(11) 94451-0958,,,,,2026-07-14 19:57:04.045+00,,2026-07-07 18:56:44.838+00,2026-07-14 19:57:04.402+00
cf8b6f0b-7ce9-4bd8-a2e4-ea4de706fee6,b874694b-f463-4dbd-bb6f-b04f121a8802,camila de souza silva,Camila de Souza Silva,5519983173009,(19) 98317-3009,Camilarh@kwangjin-kr.com,camilarh@kwangjin-kr.com,,,2026-07-23 13:01:35.633+00,,2026-07-23 13:01:10.205+00,2026-07-23 13:01:35.872+00
d065bba8-2826-4ee2-b259-85913b2caa60,e51c5c55-1e13-45da-8a37-ed0f36f3d16c,wa carvalho construcao ltda,Wa Carvalho Construção ltda,5511985627295,(11) 98562-7295,antoniowilsonpiaui@hotmail.com,antoniowilsonpiaui@hotmail.com,,,2026-07-23 13:09:16.895+00,,2026-07-23 13:09:09.161+00,2026-07-23 13:09:17.261+00
9e13c34d-89e8-4958-9720-274d7dcac805,e51c5c55-1e13-45da-8a37-ed0f36f3d16c,a.l.da silva engenharia,A.L.DA SILVA ENGENHARIA,5511966723938,(11) 96672-3938,alexandre.lucio1620@gmail.com,alexandre.lucio1620@gmail.com,52887695000179,52887695000179,2026-07-23 13:09:42.4+00,,2026-07-23 13:09:42.703+00,2026-07-23 13:09:42.703+00
493b7a3d-8ff3-4827-9a48-560492922ac7,8f4abfd3-b0bd-4a0c-991a-d553d92f915a,rosangela,Rosângela,551127800271,551127800271,,,,,2026-07-14 18:21:49.472+00,,2026-07-07 14:51:54.08+00,2026-07-14 18:21:49.697+00
475eabb3-863b-4100-a11b-17efceb8195d,9bd5cccc-e18f-432e-ae67-dc33103d5791,maria elizete rodrigues da trindade,Maria Elizete Rodrigues Da Trindade,551155274807,1155274807,mariaerodrigues@adv.oabsp.org.br,mariaerodrigues@adv.oabsp.org.br,40644690000136,40644690000136,2026-07-23 13:29:42.532+00,,2026-07-23 13:29:42.987+00,2026-07-23 13:29:42.987+00
c4d5fc6f-6e70-495c-90f5-ea36d0c810ab,9e39aa76-bf9c-4630-afb4-5ea10a9cb738,fernando bailoni benavides,FERNANDO BAILONI BENAVIDES,5511978661951,(11) 97866-1951,akaperon10@hotmail.com,akaperon10@hotmail.com,,,2026-07-23 14:32:31.5+00,,2026-07-23 14:24:22.187+00,2026-07-23 14:32:31.843+00
b4ce37b7-d657-413a-8bb8-9cc3e460fe2d,968fc8e6-f918-4579-b0d1-26570ce5e94b,junior evangelista dos santos,Junior Evangelista Dos Santos,5511980645260,(11) 98064-5260,jr_evangelista@hotmail.com,jr_evangelista@hotmail.com,49977134000156,49977134000156,2026-07-23 15:04:54.513+00,,2026-07-23 15:04:54.993+00,2026-07-23 15:04:54.993+00
04a69709-ade3-4176-b326-f9a1cf62e65a,8f4abfd3-b0bd-4a0c-991a-d553d92f915a,juca sorria sempre 😁😁😁😁😁😁,JUCA SORRIA SEMPRE 😁😁😁😁😁😁,5511939111615,(11) 93911-1615,,,,,2026-07-14 20:07:09.874+00,,2026-07-07 15:09:29.984+00,2026-07-14 20:07:10.111+00
150a07e7-4b0e-419a-9839-15cff71dfade,e51c5c55-1e13-45da-8a37-ed0f36f3d16c,marcilia moreira manente,Marcilia Moreira Manente,551125778142,1125778142,marciliamm@hotmail.com,marciliamm@hotmail.com,,,2026-07-23 15:58:02.488+00,,2026-07-23 15:58:02.923+00,2026-07-23 15:58:02.923+00
0a3184d1-65c7-4ec0-8226-1463c98ad9e3,8f4abfd3-b0bd-4a0c-991a-d553d92f915a,juci - qualyteam,Juci - Qualyteam,5519981623067,(19) 98162-3067,,,,,2026-07-14 18:44:18.077+00,,2026-07-14 18:44:18.256+00,2026-07-14 18:44:18.256+00
7538d945-ad2a-48dc-afc4-70d6fca9b0db,b874694b-f463-4dbd-bb6f-b04f121a8802,sonia m mantovani,Sonia m mantovani,5519981287103,(19) 98128-7103,Soniamantonani63@hotmail.com,soniamantonani63@hotmail.com,,,2026-07-23 16:55:07.11+00,,2026-07-23 16:54:35.916+00,2026-07-23 16:55:07.572+00
3f1a62b1-1555-4694-97f7-59726e25e1d0,8f4abfd3-b0bd-4a0c-991a-d553d92f915a,multigrow.tec.br,Multigrow.tec.br,551127800271,551127800271,,,,,2026-07-14 19:01:34.848+00,,2026-07-07 17:08:08.601+00,2026-07-14 19:01:35.03+00
5dbffed1-4438-431b-bb45-ebc2f7f528d2,8f4abfd3-b0bd-4a0c-991a-d553d92f915a,rosangela,Rosângela,5511999069957,(11) 99906-9957,,,,,2026-07-14 20:35:24.034+00,,2026-07-14 19:39:12.777+00,2026-07-14 20:35:24.262+00
6a451781-9b9e-4fc3-aff6-ee8a5fac773d,8f4abfd3-b0bd-4a0c-991a-d553d92f915a,adriana,Adriana,5511999069957,(11) 99906-9957,,,,,2026-07-14 20:35:56.421+00,,2026-07-14 19:15:28.496+00,2026-07-14 20:35:56.638+00
ac50b34b-831c-449b-b31f-498fd4be0559,8f4abfd3-b0bd-4a0c-991a-d553d92f915a,francesco scavone seguros,Francesco Scavone Seguros,55119643405521612386114,5511964340552-1612386114,,,,,2026-07-14 19:18:23.675+00,,2026-07-14 19:12:48.835+00,2026-07-14 19:18:23.885+00
3a0b9ecb-8fe3-4ddb-bfa1-efdd334c2f4e,8f4abfd3-b0bd-4a0c-991a-d553d92f915a,rosangela,Rosângela,5511996209712,(11) 99620-9712,,,,,2026-07-14 21:02:03.386+00,,2026-07-14 21:01:29.232+00,2026-07-14 21:02:03.514+00
f9b76f7d-dd63-470b-a020-114a5f67df13,8f4abfd3-b0bd-4a0c-991a-d553d92f915a,rosangela,Rosângela,5511976281495,(11) 97628-1495,,,,,2026-07-14 19:38:59.591+00,,2026-07-14 19:38:14.449+00,2026-07-14 19:38:59.738+00
99e3e0db-ca83-4ee1-90ff-cd26f5930cb0,8f4abfd3-b0bd-4a0c-991a-d553d92f915a,victoria gouveia,Victoria Gouveia,5511976281495,(11) 97628-1495,,,,,2026-07-14 19:39:05.876+00,,2026-07-14 19:31:28.747+00,2026-07-14 19:39:06.053+00
dfdbcb8c-b5a0-44b0-8a16-24e789772908,8f4abfd3-b0bd-4a0c-991a-d553d92f915a,gi sousa,Gi Sousa,120363031866054683,120363031866054683,,,,,2026-07-14 21:11:48.321+00,,2026-07-07 13:20:55.783+00,2026-07-14 21:11:48.496+00
ce15d59b-23b0-4f5c-bd1b-93cffaf8be6f,8f4abfd3-b0bd-4a0c-991a-d553d92f915a,marciomikami,Marciomikami,5511958336705,(11) 95833-6705,,,,,2026-07-14 21:12:19.426+00,,2026-07-14 21:09:03.062+00,2026-07-14 21:12:19.598+00
00f67fee-ec13-441e-b047-f17551371d37,8f4abfd3-b0bd-4a0c-991a-d553d92f915a,rosangela,Rosângela,5511958336705,(11) 95833-6705,,,,,2026-07-14 21:13:18.047+00,,2026-07-14 21:08:43.938+00,2026-07-14 21:13:18.17+00
7817e7ea-bbfd-402f-9984-7960e2dd94bb,8f4abfd3-b0bd-4a0c-991a-d553d92f915a,cqcs 5,Cqcs 5,5571823427711434975200,557182342771-1434975200,,,,,2026-07-14 21:32:07.892+00,,2026-07-07 15:03:18.912+00,2026-07-14 21:32:08.282+00
9328ae06-e2af-40c8-991d-fd40449a27d6,8f4abfd3-b0bd-4a0c-991a-d553d92f915a,cqcs 1,Cqcs 1,5571820392621467828390,557182039262-1467828390,,,,,2026-07-14 21:34:33.459+00,,2026-07-14 14:45:31.39+00,2026-07-14 21:34:33.638+00
54c375d5-d55a-4096-bf02-cd1e5ed5977d,9703eb88-bcb7-4c08-952e-158f9c404728,120363407034925508,120363407034925508,120363407034925508,120363407034925508,,,,,2026-07-23 17:34:09.866+00,,2026-07-23 17:19:26.166+00,2026-07-23 17:34:10.233+00
3c01eca9-57ab-4a0f-ae85-d4fa6854909e,8f4abfd3-b0bd-4a0c-991a-d553d92f915a,cassio,Cassio,5511947271972,(11) 94727-1972,,,,,2026-07-14 21:47:41.674+00,,2026-07-14 13:42:27.691+00,2026-07-14 21:47:41.844+00
7f9ba701-2fbf-4765-b818-f0117bbe4916,8f4abfd3-b0bd-4a0c-991a-d553d92f915a,incolume cons e corretora de seguros,Incólume Cons e Corretora de Seguros,55119643405521612386114,5511964340552-1612386114,,,,,2026-07-14 21:55:53.533+00,,2026-07-14 21:55:53.7+00,2026-07-14 21:55:53.7+00
01b185a8-9934-4f9d-b480-e4c31678485a,8f4abfd3-b0bd-4a0c-991a-d553d92f915a,arnaldo macedo,Arnaldo Macedo,5571820392621467828390,557182039262-1467828390,,,,,2026-07-14 22:27:48.52+00,,2026-07-14 22:27:48.675+00,2026-07-14 22:27:48.675+00
6517118f-5598-4b95-aead-86bc1c78821c,9703eb88-bcb7-4c08-952e-158f9c404728,120363424211792632,120363424211792632,120363424211792632,120363424211792632,,,,,2026-07-23 18:00:54.41+00,,2026-07-23 16:57:49.365+00,2026-07-23 18:00:54.617+00
a0fa407f-8f8e-49e2-a784-7e67d47f4739,8f4abfd3-b0bd-4a0c-991a-d553d92f915a,arielle froes,Arielle Fróes,120363031916320997,120363031916320997,,,,,2026-07-14 22:34:57.158+00,,2026-07-14 22:34:57.629+00,2026-07-14 22:34:57.629+00
81736bb9-4165-4dc3-b432-926f19332aff,8f4abfd3-b0bd-4a0c-991a-d553d92f915a,donizete costa,Donizete Costa,55119980314441469394172,5511998031444-1469394172,,,,,2026-07-14 22:37:05.046+00,,2026-07-07 16:16:04.357+00,2026-07-14 22:37:05.203+00
3ffa4b37-fecb-41c7-ae26-f82851df135a,9703eb88-bcb7-4c08-952e-158f9c404728,120363405946450508,120363405946450508,120363405946450508,120363405946450508,,,,,2026-07-23 18:07:02.087+00,,2026-07-23 17:08:02.015+00,2026-07-23 18:07:02.375+00
550b6dbe-5e2f-4663-98d7-fc69c7403646,8f4abfd3-b0bd-4a0c-991a-d553d92f915a,tati nunes garcia,Tati Nunes Garcia,120363207369713483,120363207369713483,,,,,2026-07-14 23:03:58.607+00,,2026-07-12 18:50:01.447+00,2026-07-14 23:03:58.731+00
0937337a-dfaf-4f1b-b597-ee51c95a72ab,e51c5c55-1e13-45da-8a37-ed0f36f3d16c,jfdias servicos de engenharia ltda,JFDIAS SERVICOS DE ENGENHARIA LTDA,5511991876952,(11) 99187-6952,jfdias2000@hotmail.com,jfdias2000@hotmail.com,51071170000106,51071170000106,2026-07-23 18:23:30.523+00,,2026-07-23 12:34:01.636+00,2026-07-23 18:23:30.807+00
511d870a-34b0-4fc2-828a-ec2022854de1,8f4abfd3-b0bd-4a0c-991a-d553d92f915a,rosangela,Rosângela,5511996770759,(11) 99677-0759,,,,,2026-07-15 01:05:46.873+00,,2026-07-14 21:48:15.239+00,2026-07-15 01:05:47.224+00
dc0029cb-f5ea-4ed6-bc0e-72a0d7d81367,8f4abfd3-b0bd-4a0c-991a-d553d92f915a,cintia,Cintia,5511996770759,(11) 99677-0759,,,,,2026-07-15 01:28:29.2+00,,2026-07-14 21:43:53.791+00,2026-07-15 01:28:29.49+00
bcca3b60-a0ac-4df6-8110-834e70c826a0,7b577c22-5513-42cc-ab19-2bf867e14ebc,jorge luiz de oliveira lima,Jorge luiz de oliveira lima,5521971592661,(21) 97159-2661,,,,,2026-07-23 17:08:09.506+00,,2026-07-23 17:08:09.684+00,2026-07-23 17:08:09.684+00
8c39d77c-2832-43cb-bd85-6b9bb2a9b346,9703eb88-bcb7-4c08-952e-158f9c404728,mundoreview,MundoReview,120363322824281630,120363322824281630,,,,,2026-07-23 18:04:09.11+00,,2026-07-23 17:08:28.595+00,2026-07-23 18:04:09.337+00
eb817e31-1d87-4775-b4d0-ac358d0af90f,32ccdbe1-627f-4fe3-a506-056b997ed89b,willock,Willock,5511920044188,(11) 92004-4188,,,,,2026-07-23 19:01:29.866+00,,2026-07-23 18:58:40.293+00,2026-07-23 19:01:30.067+00
2e036d3b-0b2d-4e8f-9d0d-157805048701,1c2d5668-5cd9-49a7-a138-3ccd2bea5cbb,newton antonio bartholomeu dos santos,Newton Antonio Bartholomeu Dos Santos,5519981325252,(19) 98132-5252,nsantos@onecharge.biz,nsantos@onecharge.biz,28694450000140,28694450000140,2026-07-23 19:07:43.857+00,,2026-07-23 19:07:44.153+00,2026-07-23 19:07:44.153+00
6c9534ba-ab6a-409a-8202-0a43712f068c,1c2d5668-5cd9-49a7-a138-3ccd2bea5cbb,helio ricardo nogueira de carvalho,Helio Ricardo Nogueira De Carvalho,5521999083197,(21) 99908-3197,helinhotete@hotmail.com,helinhotete@hotmail.com,41859615000155,41859615000155,2026-07-23 19:16:52.242+00,,2026-07-23 19:15:45.65+00,2026-07-23 19:16:52.491+00
1f3540c4-6171-48be-ba00-ff4a9de1020c,7b577c22-5513-42cc-ab19-2bf867e14ebc,evandro de queiroz longo,Evandro De Queiroz Longo,5511999690127,(11) 99969-0127,e.queiroz.longo@gmail.com,e.queiroz.longo@gmail.com,30485578000146,30485578000146,2026-07-23 20:15:51.371+00,,2026-07-23 20:15:51.817+00,2026-07-23 20:15:51.817+00
51be05ce-3364-4f69-a661-2dccd7098a1c,32ccdbe1-627f-4fe3-a506-056b997ed89b,120363428094290555,120363428094290555,120363428094290555,120363428094290555,,,,,2026-07-23 20:19:27.067+00,,2026-07-23 19:23:31.063+00,2026-07-23 20:19:27.321+00
6234b0b8-f86a-4d4a-af92-cbf135b519dc,1c2d5668-5cd9-49a7-a138-3ccd2bea5cbb,cassiana d carlos de andrade podval,Cassiana D Carlos De Andrade Podval,5511981620899,(11) 98162-0899,cassiana.dcarlos@gmail.com,cassiana.dcarlos@gmail.com,58267785000143,58267785000143,2026-07-23 19:26:41.713+00,,2026-07-23 19:26:42.164+00,2026-07-23 19:26:42.164+00
494428c8-fa46-4da6-8382-55417a144f97,28f7b9e8-9516-4a08-864c-9ff3e085ba87,leatricia de cassia telles ribeiro,Leatricia De Cassia Telles Ribeiro,5533999892044,(33) 99989-2044,leatriciagv@hotmail.com,leatriciagv@hotmail.com,43439036000189,43439036000189,2026-07-23 19:27:23.524+00,,2026-07-23 19:27:23.984+00,2026-07-23 19:27:23.984+00
e6701805-d88b-4934-bd14-dbf338cb1afb,1c2d5668-5cd9-49a7-a138-3ccd2bea5cbb,elaine aparecida vieira de lima,Elaine Aparecida Vieira De Lima,5511988873224,(11) 98887-3224,vieiralima.advogados@gmail.com,vieiralima.advogados@gmail.com,27984147000110,27984147000110,2026-07-23 19:30:22.627+00,,2026-07-23 19:30:19.478+00,2026-07-23 19:30:22.936+00
21701485-f2a4-40cc-8500-1f584cccf681,1c2d5668-5cd9-49a7-a138-3ccd2bea5cbb,jorge luiz barreto de oliveira,Jorge Luiz Barreto De Oliveira,552132582187,2132582187,jorgeluiz.jloadvocacia@gmail.com,jorgeluiz.jloadvocacia@gmail.com,41547206000113,41547206000113,2026-07-23 19:31:50.684+00,,2026-07-23 19:31:50.965+00,2026-07-23 19:31:50.965+00
5b407eec-a581-4be7-bcc3-3a68c8848e19,1c2d5668-5cd9-49a7-a138-3ccd2bea5cbb,wallace lopes garcia,Wallace Lopes Garcia,5511983834369,(11) 98383-4369,wallace.garcia@grupolpm.com.br,wallace.garcia@grupolpm.com.br,37790098000138,37790098000138,2026-07-23 19:33:14.419+00,,2026-07-23 19:33:14.703+00,2026-07-23 19:33:14.703+00
732dd093-e462-4a94-ad99-7e7ded6f0c67,1c2d5668-5cd9-49a7-a138-3ccd2bea5cbb,daniela aparecida da silva,Daniela Aparecida Da Silva,5511963877375,(11) 96387-7375,rodrigo@grupowalcar.com.br,rodrigo@grupowalcar.com.br,52952035000124,52952035000124,2026-07-23 19:34:30.13+00,,2026-07-23 19:34:30.428+00,2026-07-23 19:34:30.428+00
8e8d69d8-cd11-4d0c-bb38-27b8adfc8a3d,32ccdbe1-627f-4fe3-a506-056b997ed89b,adm,adm,55219714948191585196100,5521971494819-1585196100,,,,,2026-07-23 20:24:12.094+00,,2026-07-23 19:23:22.576+00,2026-07-23 20:24:12.542+00
f95b47e8-1a2f-4f8b-aeba-4fc3ac11bc68,1c2d5668-5cd9-49a7-a138-3ccd2bea5cbb,evandro de queiroz longo,Evandro De Queiroz Longo,5511999690127,(11) 99969-0127,e.queiroz.longo@gmail.com,e.queiroz.longo@gmail.com,30485578000146,30485578000146,2026-07-23 19:37:39.659+00,,2026-07-23 19:37:40.05+00,2026-07-23 19:37:40.05+00
ee807750-f178-4a26-8bdc-2c566bec444e,32ccdbe1-627f-4fe3-a506-056b997ed89b,5521971494819-1582557994,5521971494819-1582557994,55219714948191582557994,5521971494819-1582557994,,,,,2026-07-23 20:26:35.945+00,,2026-07-23 19:24:06.403+00,2026-07-23 20:26:36.292+00
d0e9c0d7-66e5-4984-8d93-0db4e6d6df40,1c2d5668-5cd9-49a7-a138-3ccd2bea5cbb,andrea cristina de oliveira,Andrea Cristina De Oliveira,5511965370243,(11) 96537-0243,andreacrisoliveira@gmail.com,andreacrisoliveira@gmail.com,26386588000157,26386588000157,2026-07-23 19:46:43.113+00,,2026-07-23 19:46:41.219+00,2026-07-23 19:46:43.421+00
7701911e-e0a1-43a5-b91e-55261dd1f550,1c2d5668-5cd9-49a7-a138-3ccd2bea5cbb,euzana lima da silva quintanilha,Euzana Lima Da Silva Quintanilha,5522981255045,(22) 98125-5045,tiazainha@gmail.com,tiazainha@gmail.com,13499687000284,13499687000284,2026-07-23 19:47:29.547+00,,2026-07-23 19:47:29.853+00,2026-07-23 19:47:29.853+00
1e7b1bf4-c1e9-4f2e-837d-d5fc14806425,32ccdbe1-627f-4fe3-a506-056b997ed89b,garagem e ofertas,Garagem e Ofertas,120363407034925508,120363407034925508,,,,,2026-07-23 21:37:06.396+00,,2026-07-23 18:24:21.132+00,2026-07-23 21:37:06.637+00
de05199a-66ba-4e25-9012-3f54de033b81,32ccdbe1-627f-4fe3-a506-056b997ed89b,joao lima,Joao Lima,5511903410440,(11) 90341-0440,seed.lead.108@example.com,seed.lead.108@example.com,,,2026-05-06 00:44:29.573+00,,2026-07-23 22:20:53.867+00,2026-07-23 22:20:53.867+00
982051d7-4183-49b8-a3ed-d97daf634341,32ccdbe1-627f-4fe3-a506-056b997ed89b,karen araujo,Karen Araujo,5511938011885,(11) 93801-1885,seed.lead.115@example.com,seed.lead.115@example.com,,,2026-05-06 00:44:30.42+00,,2026-07-23 22:20:54.075+00,2026-07-23 22:20:54.075+00
0be6e378-e839-41b3-b1df-28e416907c63,32ccdbe1-627f-4fe3-a506-056b997ed89b,escola de idiomas fala mundo,Escola de Idiomas Fala Mundo,5511978901122,(11) 97890-1122,secretaria@falamundo.edu.br,secretaria@falamundo.edu.br,15263748000189,15263748000189,2026-06-17 11:46:14.872+00,,2026-07-23 22:20:54.323+00,2026-07-23 22:20:54.323+00
a9094da0-c85c-40bb-b316-4d5979b3fe3d,1c2d5668-5cd9-49a7-a138-3ccd2bea5cbb,djan cesar de jesus de sousa,Djan Cesar De Jesus De Sousa,5521970446717,(21) 97044-6717,engmaisltda@gmail.com,engmaisltda@gmail.com,46570493000104,46570493000104,2026-07-23 19:54:43.324+00,,2026-07-23 19:51:38.021+00,2026-07-23 19:54:43.59+00
473aa052-bc1e-445c-b315-5379ec440a77,32ccdbe1-627f-4fe3-a506-056b997ed89b,ana souza,Ana Souza,5511966603480,(11) 96660-3480,seed.lead.078@example.com,seed.lead.078@example.com,,,2026-05-06 00:44:26.124+00,,2026-07-23 22:20:54.576+00,2026-07-23 22:20:54.576+00
7f56f4d0-6a8b-4f28-ba56-b921093d47cb,1c2d5668-5cd9-49a7-a138-3ccd2bea5cbb,jose carlos ricardo,Jose Carlos Ricardo,5511996595960,(11) 99659-5960,jcricardo@terra.com.br,jcricardo@terra.com.br,33385262000170,33385262000170,2026-07-23 19:56:02.063+00,,2026-07-23 19:55:59.23+00,2026-07-23 19:56:02.184+00
19090a4f-20f6-424d-b4c3-92129329eee4,32ccdbe1-627f-4fe3-a506-056b997ed89b,paula barbosa araujo,Paula Barbosa Araujo,5511960808955,(11) 96080-8955,seed.lead.147@example.com,seed.lead.147@example.com,,,2026-05-12 12:30:35.629+00,,2026-07-23 22:20:54.784+00,2026-07-23 22:20:54.784+00
3e710610-aa52-4a6a-9a76-cfe6a3bdcd4a,32ccdbe1-627f-4fe3-a506-056b997ed89b,distribuidora bebidas geladas,Distribuidora Bebidas Geladas,5521988772233,(21) 98877-2233,vendas@bebidasgeladas.dist.br,vendas@bebidasgeladas.dist.br,26374859000190,26374859000190,2026-06-17 11:46:20.024+00,,2026-07-23 22:20:54.991+00,2026-07-23 22:20:54.991+00
db352405-5808-4e66-b510-abb53f0b2286,32ccdbe1-627f-4fe3-a506-056b997ed89b,studio pilates equilibrio,Studio Pilates Equilíbrio,5531966553344,(31) 96655-3344,,,37485960000101,37485960000101,2026-06-17 11:46:25.005+00,,2026-07-23 22:20:55.221+00,2026-07-23 22:20:55.221+00
57f6b660-d9bd-4a0d-a9c0-7c8507add50a,32ccdbe1-627f-4fe3-a506-056b997ed89b,marmitaria tempero caseiro,Marmitaria Tempero Caseiro,5541955444455,(41) 95544-4455,pedidos@temperocaseiro.food,pedidos@temperocaseiro.food,,,2026-06-17 11:46:29.352+00,,2026-07-23 22:20:55.423+00,2026-07-23 22:20:55.423+00
4f35d804-7bed-4b20-9ef9-1692144dcaff,32ccdbe1-627f-4fe3-a506-056b997ed89b,lucas araujo,Lucas Araujo,5511952294688,(11) 95229-4688,seed.lead.032@example.com,seed.lead.032@example.com,03218944225546,03218944225546,2026-05-06 00:44:20.775+00,,2026-07-23 22:20:55.632+00,2026-07-23 22:20:55.632+00
24581be6-3618-4727-bf18-bd854d624890,32ccdbe1-627f-4fe3-a506-056b997ed89b,felipe silva,Felipe Silva,5511972293404,(11) 97229-3404,seed.lead.006@example.com,seed.lead.006@example.com,,,2026-05-06 00:44:17.645+00,,2026-07-23 22:20:55.852+00,2026-07-23 22:20:55.852+00
7bdf0423-7762-4c5b-bf56-eb6d822b6240,32ccdbe1-627f-4fe3-a506-056b997ed89b,thiago gomes,Thiago Gomes,5511974536739,(11) 97453-6739,seed.lead.030@example.com,seed.lead.030@example.com,,,2026-05-06 00:44:20.567+00,,2026-07-23 22:20:56.285+00,2026-07-23 22:20:56.285+00
dc094059-c0e1-407f-95a8-e6f8c736ab72,32ccdbe1-627f-4fe3-a506-056b997ed89b,sabrina santos barbosa,Sabrina Santos Barbosa,5511942168840,(11) 94216-8840,seed.lead.042@example.com,seed.lead.042@example.com,,,2026-05-06 00:44:21.994+00,,2026-07-23 22:20:56.507+00,2026-07-23 22:20:56.507+00
c9d24056-90df-4c33-8296-01513d5f4af9,32ccdbe1-627f-4fe3-a506-056b997ed89b,matheus ibanez rodriguez,Matheus Ibanez Rodriguez,120363422445969878,120363422445969878,,,,,2026-07-23 19:01:22.771+00,,2026-07-23 19:01:22.964+00,2026-07-23 19:01:22.964+00
244c634f-12a4-4fc3-9630-68e989b135f3,1c2d5668-5cd9-49a7-a138-3ccd2bea5cbb,alex massayuki hayashi,ALEX MASSAYUKI HAYASHI,551124012688,1124012688,CONTATO@SIRATS.COM.BR,contato@sirats.com.br,30194532000178,30194532000178,2026-07-23 19:01:26.751+00,,2026-07-23 19:01:26.974+00,2026-07-23 19:01:26.974+00
9ad0b4ff-5236-4d21-9c2e-d05b88e63927,7b577c22-5513-42cc-ab19-2bf867e14ebc,carlos henrique de souza mathias,Carlos henrique de souza mathias,5521975951142,(21) 97595-1142,,,,,2026-07-23 17:09:07.501+00,,2026-07-23 17:09:00.529+00,2026-07-23 17:09:07.632+00
471624cf-8d96-4fed-8d16-e268b0b0609f,7b577c22-5513-42cc-ab19-2bf867e14ebc,wechely dos santos,Wechely Dos Santos,5511960892361,(11) 96089-2361,,,,,2026-07-23 17:12:03.232+00,,2026-07-23 17:12:03.564+00,2026-07-23 17:12:03.564+00
5cb0ee1e-4452-4195-894c-e4ef44cb9ba8,1c2d5668-5cd9-49a7-a138-3ccd2bea5cbb,joao vitor amarantes miranda,Joao Vitor Amarantes Miranda,5531972519887,(31) 97251-9887,joao0610205@gmail.com,joao0610205@gmail.com,53053479000190,53053479000190,2026-07-23 19:21:09.918+00,,2026-07-23 19:21:10.414+00,2026-07-23 19:21:10.414+00
608f43ea-ccec-43db-a29e-5db4f1b54f4d,9703eb88-bcb7-4c08-952e-158f9c404728,quero manga,Quero Mangá,120363045036296550,120363045036296550,,,,,2026-07-23 17:15:37.682+00,,2026-07-23 17:15:38.051+00,2026-07-23 17:15:38.051+00
1f6e5ee6-8023-4756-89d5-10eef1318282,1c2d5668-5cd9-49a7-a138-3ccd2bea5cbb,jose ricardo marques soler,Jose Ricardo Marques Soler,5511991466162,(11) 99146-6162,contorimoveis@gmail.com,contorimoveis@gmail.com,52574614000180,52574614000180,2026-07-23 19:23:44.298+00,,2026-07-23 19:23:40.569+00,2026-07-23 19:23:44.627+00
ad396152-9dd2-4100-9f23-2af5da61a269,1c2d5668-5cd9-49a7-a138-3ccd2bea5cbb,rodrigo oliveira salgado,Rodrigo Oliveira Salgado,5511981849835,(11) 98184-9835,rodrigo.salgado@gmail.com,rodrigo.salgado@gmail.com,32649948000169,32649948000169,2026-07-23 19:27:29.807+00,,2026-07-23 19:27:30.149+00,2026-07-23 19:27:30.149+00
c23061f0-cccb-4ec3-9af1-b31a92b52bd2,28f7b9e8-9516-4a08-864c-9ff3e085ba87,aline,ALINE,5521997016231,(21) 99701-6231,alinecassadini@gmail.com,alinecassadini@gmail.com,,,2026-07-23 19:27:54.837+00,,2026-07-23 19:27:55.209+00,2026-07-23 19:27:55.209+00
e5e80003-9a39-4392-b232-d7853dfa0d8d,1c2d5668-5cd9-49a7-a138-3ccd2bea5cbb,vanilson alves magalhaes,Vanilson Alves Magalhaes,5598981354120,(98) 98135-4120,Vanilsonmagalhas@gmail.com,vanilsonmagalhas@gmail.com,52898580000180,52898580000180,2026-07-23 19:28:50.355+00,,2026-07-23 19:28:50.731+00,2026-07-23 19:28:50.731+00
2255feaa-b345-486f-8af7-ae307330a3e7,1c2d5668-5cd9-49a7-a138-3ccd2bea5cbb,fernanda de souza portela,Fernanda De Souza Portela,5571992273654,(71) 99227-3654,fernandaportela.adv@gmai.com,fernandaportela.adv@gmai.com,46643116000140,46643116000140,2026-07-23 19:32:27.742+00,,2026-07-23 19:32:28.129+00,2026-07-23 19:32:28.129+00
4378c1dc-fc56-453d-8297-ecfad6b01bf8,1c2d5668-5cd9-49a7-a138-3ccd2bea5cbb,chrisostomo,CHRISOSTOMO,5521983967444,(21) 98396-7444,contato@telesforo.com.br,contato@telesforo.com.br,,,2026-07-23 19:33:42.1+00,,2026-07-23 19:33:42.424+00,2026-07-23 19:33:42.424+00
115b2ecd-9f88-402a-a936-b5bacf1b70f4,1c2d5668-5cd9-49a7-a138-3ccd2bea5cbb,antonio rafael nicola de negri,Antonio Rafael Nicola De Negri,5519992330433,(19) 99233-0433,contato@timeouro.com.br,contato@timeouro.com.br,43114108000118,43114108000118,2026-07-23 19:38:46.827+00,,2026-07-23 19:38:47.05+00,2026-07-23 19:38:47.05+00
665bc266-61c7-4b01-9b11-2022fbed758a,1c2d5668-5cd9-49a7-a138-3ccd2bea5cbb,felipe augusto spisso rodrigues,Felipe Augusto Spisso Rodrigues,5511994957205,(11) 99495-7205,felipe.rodrigues68@hotmail.com,felipe.rodrigues68@hotmail.com,49362280000177,49362280000177,2026-07-23 19:40:22.59+00,,2026-07-23 19:40:23.084+00,2026-07-23 19:40:23.084+00
960f6d1a-7161-4d94-b9fa-66a90325e3d2,1c2d5668-5cd9-49a7-a138-3ccd2bea5cbb,rogerio antunes rayol,Rogerio Antunes Rayol,5521979985813,(21) 97998-5813,rogerioraiou52.rgr@gmail.com,rogerioraiou52.rgr@gmail.com,25239634000122,25239634000122,2026-07-23 19:44:07.509+00,,2026-07-23 19:44:07.807+00,2026-07-23 19:44:07.807+00
0b1439c7-95b4-4658-bf8c-4522bcde75e1,1c2d5668-5cd9-49a7-a138-3ccd2bea5cbb,linaldo silva santos,LINALDO SILVA SANTOS,5511947876582,(11) 94787-6582,linaldossantos@yahoo.com,linaldossantos@yahoo.com,12738819000130,12738819000130,2026-07-23 19:45:03.378+00,,2026-07-23 19:45:03.672+00,2026-07-23 19:45:03.672+00
1f1eaa96-ce79-43e4-8a1e-d69f526e41f3,9703eb88-bcb7-4c08-952e-158f9c404728,120363404367671090,120363404367671090,120363404367671090,120363404367671090,,,,,2026-07-23 17:40:02.24+00,,2026-07-23 17:14:58.264+00,2026-07-23 17:40:02.407+00
95eb78c7-190f-42c5-87dc-d3b054ef0de0,968fc8e6-f918-4579-b0d1-26570ce5e94b,simone santos,Simone santos,5511987439165,(11) 98743-9165,,,48661849000132,48661849000132,2026-07-23 19:48:13.019+00,,2026-07-23 19:48:13.405+00,2026-07-23 19:48:13.405+00
50009a53-14fa-46e6-9ae9-523bbe20a7bb,9703eb88-bcb7-4c08-952e-158f9c404728,onfitpromo,onfitpromo,120363407703479792,120363407703479792,,,,,2026-07-23 17:47:45.026+00,,2026-07-23 17:01:16.703+00,2026-07-23 17:47:45.316+00
26e41eee-3ed5-431f-91dc-2eed33549e14,1c2d5668-5cd9-49a7-a138-3ccd2bea5cbb,marcus vinicio cid de oliveira,Marcus Vinicio Cid De Oliveira,5521975645128,(21) 97564-5128,marcus.cid@hotmail.com,marcus.cid@hotmail.com,35350211000139,35350211000139,2026-07-23 19:49:12.166+00,,2026-07-23 19:49:12.468+00,2026-07-23 19:49:12.468+00
007d5dcf-805d-44e5-af0f-eeeed2aa8b6e,9703eb88-bcb7-4c08-952e-158f9c404728,120363410122529093,120363410122529093,120363410122529093,120363410122529093,,,,,2026-07-23 17:54:41.428+00,,2026-07-23 16:57:15.821+00,2026-07-23 17:54:41.64+00
c15a2299-1145-4894-a2a6-0794adf7e28e,32ccdbe1-627f-4fe3-a506-056b997ed89b,corretor studio,Corretor Studio,5511924651308,(11) 92465-1308,,,,,2026-07-23 20:30:31.215+00,,2026-07-02 13:19:52+00,2026-07-23 20:30:31.493+00
d5e69f7e-0d40-4339-b3e0-cb2bd3c06b79,9703eb88-bcb7-4c08-952e-158f9c404728,120363066383562297,120363066383562297,120363066383562297,120363066383562297,,,,,2026-07-23 18:00:55.284+00,,2026-07-23 16:57:44.834+00,2026-07-23 18:00:55.604+00
0da16d91-f387-428e-a016-a1bfdc2022a5,32ccdbe1-627f-4fe3-a506-056b997ed89b,120363420112245434,120363420112245434,120363420112245434,120363420112245434,,,,,2026-07-23 20:10:53.648+00,,2026-07-23 19:56:11.832+00,2026-07-23 20:10:53.813+00
18e321a6-85a4-47c7-8123-1476f8f866cf,32ccdbe1-627f-4fe3-a506-056b997ed89b,bruxo,bruxo,120363423642097433,120363423642097433,,,,,2026-07-23 21:09:38.439+00,,2026-07-23 19:53:16.567+00,2026-07-23 21:09:38.637+00
c152e4d3-bb2d-4c8a-b8c2-5ab6e5c531b8,32ccdbe1-627f-4fe3-a506-056b997ed89b,gd barueri,GD BARUERI,55119400149751602794423,5511940014975-1602794423,,,,,2026-07-23 21:27:52.564+00,,2026-07-23 20:22:44.068+00,2026-07-23 21:27:52.756+00
3c54ee05-2d95-4767-9dd5-8c1c29a7a6c2,32ccdbe1-627f-4fe3-a506-056b997ed89b,adm luciano,ADM Luciano,120363410122529093,120363410122529093,,,,,2026-07-23 21:28:44.451+00,,2026-07-23 18:14:10.756+00,2026-07-23 21:28:44.588+00
28c4050e-7913-44eb-822b-e8fd2b716f5a,32ccdbe1-627f-4fe3-a506-056b997ed89b,120363066383562297,120363066383562297,120363066383562297,120363066383562297,,,,,2026-07-23 21:36:36.708+00,,2026-07-23 18:09:40.823+00,2026-07-23 21:36:36.874+00
16cd2b8c-8b42-413d-b5c3-85515b990a29,32ccdbe1-627f-4fe3-a506-056b997ed89b,sabrina santos,Sabrina Santos,5511909424575,(11) 90942-4575,,,,,2026-05-06 00:44:24.724+00,,2026-07-23 22:20:56.707+00,2026-07-23 22:20:56.707+00
da40d6d8-3c3f-4d96-992d-3d903b8c3f61,32ccdbe1-627f-4fe3-a506-056b997ed89b,isabela carvalho oliveira,Isabela Carvalho Oliveira,5511959721576,(11) 95972-1576,seed.lead.091@example.com,seed.lead.091@example.com,09118608876214,09118608876214,2026-05-06 00:44:27.721+00,,2026-07-23 22:20:56.889+00,2026-07-23 22:20:56.889+00
dacb6671-7907-462e-a11b-7814e0adb2b7,32ccdbe1-627f-4fe3-a506-056b997ed89b,gabriela martins,Gabriela Martins,5511917815875,(11) 91781-5875,seed.lead.086@example.com,seed.lead.086@example.com,08632116306662,08632116306662,2026-05-06 00:44:27.101+00,,2026-07-23 22:20:57.12+00,2026-07-23 22:20:57.12+00
37c026d1-ce4d-4495-b976-2a2aab3f3cae,32ccdbe1-627f-4fe3-a506-056b997ed89b,paula gomes,Paula Gomes,5511953022042,(11) 95302-2042,seed.lead.058@example.com,seed.lead.058@example.com,05819279520331,05819279520331,2026-05-06 00:44:23.822+00,,2026-07-23 22:20:57.529+00,2026-07-23 22:20:57.529+00
b13cc104-c146-418c-9715-e8fe933513f9,32ccdbe1-627f-4fe3-a506-056b997ed89b,felipe silva,Felipe Silva,5511994473969,(11) 99447-3969,seed.lead.059@example.com,seed.lead.059@example.com,05992560613087,05992560613087,2026-05-06 00:44:23.951+00,,2026-07-23 22:20:57.771+00,2026-07-23 22:20:57.771+00
a0fbb3e6-36bc-41d3-9520-cfb65a840929,32ccdbe1-627f-4fe3-a506-056b997ed89b,henrique silva,Henrique Silva,5511900429696,(11) 90042-9696,,,,,2026-05-06 00:44:26.734+00,,2026-07-23 22:20:57.996+00,2026-07-23 22:20:57.996+00
4d7cecc9-3bd4-449c-9bf5-db435c6a25e9,32ccdbe1-627f-4fe3-a506-056b997ed89b,william oliveira,William Oliveira,5511939335347,(11) 93933-5347,seed.lead.125@example.com,seed.lead.125@example.com,,,2026-05-06 00:44:31.553+00,,2026-07-23 22:20:58.182+00,2026-07-23 22:20:58.182+00
349326a1-a1b6-45cb-b91c-d0390405d051,760fc14a-229e-4212-9aa9-f90de968af69,edgard da silva filho,Edgard Da Silva Filho,5511968509875,(11) 96850-9875,prof.edgard.ed@gmail.com,prof.edgard.ed@gmail.com,53202507000194,53202507000194,2026-07-27 17:50:11.054+00,,2026-07-23 21:22:30.211+00,2026-07-27 17:50:11.426+00
678580b7-2b50-470a-98ee-32760d09ec20,7b577c22-5513-42cc-ab19-2bf867e14ebc,elaine aparecida vieira de lima,Elaine Aparecida Vieira De Lima,5511988873224,(11) 98887-3224,vieiralima.advogados@gmail.com,vieiralima.advogados@gmail.com,,,2026-07-23 17:23:17.248+00,,2026-07-23 17:23:17.786+00,2026-07-23 17:23:17.786+00
cf794329-cb86-4070-81ab-d4a0039232b5,9703eb88-bcb7-4c08-952e-158f9c404728,120363430451172472,120363430451172472,120363430451172472,120363430451172472,,,,,2026-07-23 17:32:22.229+00,,2026-07-23 17:32:22.536+00,2026-07-23 17:32:22.536+00
4103f472-727f-4d8b-9f14-166a843aadc5,9703eb88-bcb7-4c08-952e-158f9c404728,bruxo,bruxo,120363423642097433,120363423642097433,,,,,2026-07-23 17:35:38.458+00,,2026-07-23 17:22:19.041+00,2026-07-23 17:35:38.742+00
58253ced-95bc-4ca6-ab50-2d9de7b67fbe,32ccdbe1-627f-4fe3-a506-056b997ed89b,5521971494819-1581717161,5521971494819-1581717161,55219714948191581717161,5521971494819-1581717161,,,,,2026-07-23 20:27:08.408+00,,2026-07-23 19:23:30.04+00,2026-07-23 20:27:08.667+00
6c9053fa-86bb-420f-9371-f110e31b642c,9703eb88-bcb7-4c08-952e-158f9c404728,dani,Dani,55119400149751602794423,5511940014975-1602794423,,,,,2026-07-23 17:50:49.456+00,,2026-07-23 17:41:55.633+00,2026-07-23 17:50:49.64+00
2283e71f-12fd-4ac4-a36d-89928e772c71,54fd3322-4510-4b44-bfbc-52e1c44b4969,marcos saraiva de morais filho,Marcos Saraiva De Morais Filho,5577988575184,(77) 98857-5184,,,59600541000101,59600541000101,2026-07-23 17:51:05.37+00,,2026-07-23 17:51:05.748+00,2026-07-23 17:51:05.748+00
f61662e7-b6dd-4498-8f3e-4f3eadead728,54fd3322-4510-4b44-bfbc-52e1c44b4969,analupe souza da silva sociedade individual de advocacia,ANALUPE SOUZA DA SILVA SOCIEDADE INDIVIDUAL DE ADVOCACIA,5582996997643,(82) 99699-7643,analupesouzaadv@gmail.com,analupesouzaadv@gmail.com,45454746000103,45454746000103,2026-07-23 17:51:33.313+00,,2026-07-23 17:51:33.666+00,2026-07-23 17:51:33.666+00
5c26c676-beb4-4614-9282-48ee09d1723c,9703eb88-bcb7-4c08-952e-158f9c404728,willock,Willock,5511988859573,(11) 98885-9573,,,,,2026-07-23 17:52:36.584+00,,2026-07-23 17:52:36.736+00,2026-07-23 17:52:36.736+00
e115be39-92a1-4ba7-8bbb-cb55d32cb4a8,9703eb88-bcb7-4c08-952e-158f9c404728,telefonesevenstart,telefonesevenstart,120363422310297126,120363422310297126,,,,,2026-07-23 17:58:25.015+00,,2026-07-23 17:21:32.752+00,2026-07-23 17:58:25.451+00
8da5c68c-a1f5-43c8-a2ff-2dfe9800e164,32ccdbe1-627f-4fe3-a506-056b997ed89b,garimpeiroscategoria,GarimpeirosCategoria,120363422310297126,120363422310297126,,,,,2026-07-23 20:47:59.607+00,,2026-07-23 18:12:09.565+00,2026-07-23 20:47:59.861+00
5376f90b-ea53-4769-9f01-5ae5f97b7923,862835fd-54ad-4ebd-986a-b5392f1bb227,pertto - planos de saude,Pertto - Planos de Saúde,557199487540,557199487540,,,,,2026-07-19 14:12:12.248+00,,2026-07-19 14:12:12.498+00,2026-07-24 00:56:25.524+00
b5fa2cee-5632-4214-b860-8c5715835cc7,7b577c22-5513-42cc-ab19-2bf867e14ebc,expedito,EXPEDITO,5531995263818,(31) 99526-3818,thiagosaderm@hotmail.com,thiagosaderm@hotmail.com,,,2026-07-23 18:02:08.478+00,,2026-07-23 18:02:09.098+00,2026-07-23 18:02:09.098+00
8ca5df08-bd08-4056-8e6a-d9bb3b2f4da3,9703eb88-bcb7-4c08-952e-158f9c404728,120363428158898233,120363428158898233,120363428158898233,120363428158898233,,,,,2026-07-23 18:04:23.205+00,,2026-07-23 17:01:48.095+00,2026-07-23 18:04:23.378+00
ec89cf03-bbaa-432a-bd0a-f10f3f16a522,1c2d5668-5cd9-49a7-a138-3ccd2bea5cbb,marco,MARCO,5521992011937,(21) 99201-1937,marco.aurelio@helpness.com.br,marco.aurelio@helpness.com.br,,,2026-07-23 18:04:52.301+00,,2026-07-23 18:04:52.604+00,2026-07-23 18:04:52.604+00
40a7ce6e-4858-4d62-a628-c83f277f2355,1c2d5668-5cd9-49a7-a138-3ccd2bea5cbb,alexson brito dos santos,Alexson Brito Dos Santos,5511987672078,(11) 98767-2078,aa@gmail.com,aa@gmail.com,50823645000100,50823645000100,2026-07-23 18:05:54.706+00,,2026-07-23 18:05:54.942+00,2026-07-23 18:05:54.942+00
24c716d0-fba3-4e18-aedc-7156a40f20bc,32ccdbe1-627f-4fe3-a506-056b997ed89b,120363428319153256,120363428319153256,120363428319153256,120363428319153256,,,,,2026-07-23 18:58:44.03+00,,2026-07-23 18:17:35.213+00,2026-07-23 18:58:44.223+00
599b6ce7-6f18-4707-86e7-0ed6f7c1a262,13bbd043-efcc-4c8a-9edd-f34941547546,elaine aparecida vieira de lima,Elaine Aparecida Vieira De Lima,5511988873224,(11) 98887-3224,dtaytson@gmail.com,dtaytson@gmail.com,,,2026-07-23 18:13:57.622+00,,2026-07-23 17:32:47.999+00,2026-07-23 18:13:57.963+00
1bf7d1ba-31e8-4086-89d0-e16ba1cf4cf9,1c2d5668-5cd9-49a7-a138-3ccd2bea5cbb,edelcio dias lopes filho,Edelcio Dias Lopes Filho,5511964135500,(11) 96413-5500,edelcio@edleng.com.br,edelcio@edleng.com.br,42110806000182,42110806000182,2026-07-23 19:04:09.433+00,,2026-07-23 19:04:09.717+00,2026-07-23 19:04:09.717+00
7e1eb9a9-d0e2-44ac-8c50-72de25312962,32ccdbe1-627f-4fe3-a506-056b997ed89b,quero manga,Quero Mangá,120363045036296550,120363045036296550,,,,,2026-07-23 21:10:16.488+00,,2026-07-23 18:14:04.028+00,2026-07-23 21:10:16.683+00
a9a70e41-9eb7-41a3-879e-c92c3b433889,7b577c22-5513-42cc-ab19-2bf867e14ebc,jose carlos ricardo,Jose Carlos Ricardo,5511996595960,(11) 99659-5960,jcricardo@terra.com.br,jcricardo@terra.com.br,33385262000170,33385262000170,2026-07-23 18:19:57.467+00,,2026-07-23 18:19:57.961+00,2026-07-23 18:19:57.961+00
4f94e538-6910-4314-8ac4-8ba0016b1dd1,7b577c22-5513-42cc-ab19-2bf867e14ebc,edgard da silva filho,Edgard Da Silva Filho,5511968509875,(11) 96850-9875,prof.edgard.ed@gmail.com,prof.edgard.ed@gmail.com,53202507000194,53202507000194,2026-07-23 18:20:21.308+00,,2026-07-23 18:20:21.696+00,2026-07-23 18:20:21.696+00
38c2fc01-73c1-426f-a1d1-2f4d3998786d,1c2d5668-5cd9-49a7-a138-3ccd2bea5cbb,raquel secretaria /ricardo pedroso stella,Raquel secretaria /Ricardo Pedroso Stella,551155364995,1155364995,secretaria@ricardostella.com,secretaria@ricardostella.com,40189245000123,40189245000123,2026-07-23 19:22:20.775+00,,2026-07-23 19:22:21.234+00,2026-07-23 19:22:21.234+00
c084b88d-5ae6-4704-b8c3-9053f3b6022f,1c2d5668-5cd9-49a7-a138-3ccd2bea5cbb,michele /plinio dalmo de almeida,Michele /Plinio Dalmo De Almeida,551122035542,1122035542,michellealmeidamarinhoadv@gmail.com,michellealmeidamarinhoadv@gmail.com,50281044000105,50281044000105,2026-07-23 19:25:50.831+00,,2026-07-23 19:25:51.196+00,2026-07-23 19:25:51.196+00
e3bf54bb-6617-42f4-ae52-3f29923c0928,32ccdbe1-627f-4fe3-a506-056b997ed89b,onfitpromo,onfitpromo,120363407703479792,120363407703479792,,,,,2026-07-23 21:36:26.192+00,,2026-07-23 18:18:10.091+00,2026-07-23 21:36:26.346+00
93558c20-4f8b-46fb-92dc-1e900ed8d5ad,32ccdbe1-627f-4fe3-a506-056b997ed89b,corretor studio,Corretor Studio,120363430451172472,120363430451172472,,,,,2026-07-23 21:37:02.838+00,,2026-07-23 18:10:29.187+00,2026-07-23 21:37:02.94+00
0244cf08-27d4-4369-a098-6ddba8afd35d,32ccdbe1-627f-4fe3-a506-056b997ed89b,mateuzinho,Mateuzinho,120363404367671090,120363404367671090,,,,,2026-07-23 22:09:26.765+00,,2026-07-23 18:09:39.121+00,2026-07-23 22:09:26.988+00
f74495ff-e5e7-4ee3-ab84-744edf443fbc,32ccdbe1-627f-4fe3-a506-056b997ed89b,mundoreview,MundoReview,120363322824281630,120363322824281630,,,,,2026-07-23 22:09:28.848+00,,2026-07-23 18:21:08.783+00,2026-07-23 22:09:29.123+00
eb3bfdb2-32c1-453d-9b23-ead4bda280a7,32ccdbe1-627f-4fe3-a506-056b997ed89b,guilherme,Guilherme,120363428158898233,120363428158898233,,,,,2026-07-23 22:09:40.051+00,,2026-07-23 18:14:59.1+00,2026-07-23 22:09:40.295+00
2ef1d407-182a-4f14-bf4b-5282098daa5a,1c2d5668-5cd9-49a7-a138-3ccd2bea5cbb,cristiane de lourdes salles moscato,Cristiane De Lourdes Salles Moscato,5511999835700,(11) 99983-5700,cristianemoscato@hotmail.com,cristianemoscato@hotmail.com,33373037000114,33373037000114,2026-07-23 19:28:03.003+00,,2026-07-23 19:28:03.198+00,2026-07-23 19:28:03.198+00
ab84b764-16de-4d2f-a017-2c38efba2f59,32ccdbe1-627f-4fe3-a506-056b997ed89b,adm 2935 clube do homem,Adm 2935 Clube Do Homem,120363405946450508,120363405946450508,,,,,2026-07-23 22:09:47.491+00,,2026-07-23 18:10:07.151+00,2026-07-23 22:09:47.74+00
9a3247ca-16a7-4b23-80c3-251a45669611,1c2d5668-5cd9-49a7-a138-3ccd2bea5cbb,marcia,Marcia,5521996490869,(21) 99649-0869,marcia.mrc@administrativo.com,marcia.mrc@administrativo.com,39663708000168,39663708000168,2026-07-23 19:31:03.154+00,,2026-07-23 19:31:03.455+00,2026-07-23 19:31:03.455+00
ff8cc844-7e1c-480b-8a92-45d89f04342d,32ccdbe1-627f-4fe3-a506-056b997ed89b,eduarda lima,Eduarda Lima,5511939738538,(11) 93973-8538,seed.lead.025@example.com,seed.lead.025@example.com,02573057003714,02573057003714,2026-05-06 00:44:19.954+00,,2026-07-23 22:20:53.425+00,2026-07-23 22:20:53.425+00
82221b6e-f59f-44ce-9924-983a42857350,862835fd-54ad-4ebd-986a-b5392f1bb227,52995752480829,52995752480829,52995752480829,52995752480829,,,,,2026-07-23 17:59:34.244+00,,2026-07-23 18:00:54.647+00,2026-07-24 00:56:24.535+00
dd3b32f6-b867-4170-b975-45a861b34866,862835fd-54ad-4ebd-986a-b5392f1bb227,197620639207628,197620639207628,197620639207628,197620639207628,,,,,2026-07-22 13:24:47+00,,2026-07-23 18:00:55.216+00,2026-07-24 00:56:26.425+00
95f4eb75-5d5c-4ef1-b659-6748f1564367,862835fd-54ad-4ebd-986a-b5392f1bb227,bethania,Bethânia,551151951303,551151951303,,,,,2026-07-19 14:14:58.949+00,,2026-07-19 14:14:59.365+00,2026-07-24 00:56:26.041+00
d389e936-b651-4e7b-8a10-c741e7b0e806,862835fd-54ad-4ebd-986a-b5392f1bb227,166645452517394,166645452517394,166645452517394,166645452517394,,,,,2026-07-19 14:12:36+00,,2026-07-23 18:00:55.697+00,2026-07-24 00:56:25.869+00
b8f036c8-1c55-4a55-887c-16e5eb294f57,54fd3322-4510-4b44-bfbc-52e1c44b4969,dra. gilda,Dra. Gilda,5579991988291,(79) 99198-8291,,,42344412000199,42344412000199,2026-07-23 18:31:42.042+00,,2026-07-23 18:27:57.999+00,2026-07-23 18:31:42.25+00
1c7d02f3-7da3-4b49-bda5-3462aa864bd2,32ccdbe1-627f-4fe3-a506-056b997ed89b,120363424211792632,120363424211792632,120363424211792632,120363424211792632,,,,,2026-07-23 19:59:59.839+00,,2026-07-23 18:09:33.71+00,2026-07-23 20:00:00.035+00
db6989eb-b353-4ad9-854a-9b3df0492fd5,32ccdbe1-627f-4fe3-a506-056b997ed89b,nicolas barbosa,Nicolas Barbosa,5511936137593,(11) 93613-7593,seed.lead.029@example.com,seed.lead.029@example.com,,,2026-05-06 00:44:20.438+00,,2026-07-23 22:20:58.386+00,2026-07-23 22:20:58.386+00
e11f5830-a23b-4fca-a9a2-845bb115b582,32ccdbe1-627f-4fe3-a506-056b997ed89b,henrique martins,Henrique Martins,5511930551102,(11) 93055-1102,,,,,2026-05-06 13:47:34.578+00,,2026-07-23 22:20:58.591+00,2026-07-23 22:20:58.591+00
fb97497f-7a04-40c4-93b8-0e1b316e8ea6,32ccdbe1-627f-4fe3-a506-056b997ed89b,teste de bug formulario 2,Teste de bug formulario 2,5511985884048,(11) 98588-4048,,,,,2026-06-17 04:27:46.721+00,,2026-07-23 22:20:58.759+00,2026-07-23 22:20:58.759+00
0223f7b3-be5f-48db-bd22-ba40ac850c42,32ccdbe1-627f-4fe3-a506-056b997ed89b,sabrina ferreira,Sabrina Ferreira,5511969523933,(11) 96952-3933,seed.lead.071@example.com,seed.lead.071@example.com,,,2026-05-06 00:44:25.352+00,,2026-07-23 22:20:59.125+00,2026-07-23 22:20:59.125+00
250a96a7-1fb7-4ca0-aa9d-ab6b896c263b,32ccdbe1-627f-4fe3-a506-056b997ed89b,teste de bug formulario,Teste de bug formulario,5511986674700,(11) 98667-4700,matheuswilloyuhck@yahoo.com,matheuswilloyuhck@yahoo.com,,,2026-06-11 00:31:13.3+00,,2026-07-23 22:20:59.309+00,2026-07-23 22:20:59.309+00
476921c7-04ff-4307-8f26-626ac8455abb,32ccdbe1-627f-4fe3-a506-056b997ed89b,isabela souza,Isabela Souza,5511903069155,(11) 90306-9155,seed.lead.109@example.com,seed.lead.109@example.com,,,2026-05-06 00:44:29.689+00,,2026-07-23 22:20:59.495+00,2026-07-23 22:20:59.495+00
a000169f-eb81-48e6-bd2d-33d24eebc3ba,32ccdbe1-627f-4fe3-a506-056b997ed89b,joao barbosa,Joao Barbosa,5511916893804,(11) 91689-3804,seed.lead.129@example.com,seed.lead.129@example.com,,,2026-05-06 00:44:32.014+00,,2026-07-23 22:20:59.685+00,2026-07-23 22:20:59.685+00
2763f628-540a-449d-91e7-632cad8c3548,32ccdbe1-627f-4fe3-a506-056b997ed89b,mariana martins,Mariana Martins,5511972462325,(11) 97246-2325,seed.lead.072@example.com,seed.lead.072@example.com,,,2026-05-06 00:44:25.446+00,,2026-07-23 22:20:59.865+00,2026-07-23 22:20:59.865+00
11d2d375-0a0d-47c7-a2dc-fd1d3e2fac5c,32ccdbe1-627f-4fe3-a506-056b997ed89b,diego lima ribeiro,Diego Lima Ribeiro,5511946778503,(11) 94677-8503,seed.lead.126@example.com,seed.lead.126@example.com,12602973211199,12602973211199,2026-05-06 00:44:31.673+00,,2026-07-23 22:21:00.047+00,2026-07-23 22:21:00.047+00
846fa8ff-7e97-4171-9381-8b8418b08d1b,32ccdbe1-627f-4fe3-a506-056b997ed89b,gabriela carvalho,Gabriela Carvalho,5511940333637,(11) 94033-3637,seed.lead.096@example.com,seed.lead.096@example.com,,,2026-05-06 00:44:28.286+00,,2026-07-23 22:21:00.248+00,2026-07-23 22:21:00.248+00
1e6741d6-89b3-46cb-a1f2-c8ee2267b7e9,32ccdbe1-627f-4fe3-a506-056b997ed89b,vanessa rodrigues,Vanessa Rodrigues,5511922383320,(11) 92238-3320,seed.lead.080@example.com,seed.lead.080@example.com,,,2026-05-06 00:44:26.352+00,,2026-07-23 22:21:00.431+00,2026-07-23 22:21:00.431+00
a3f4efdb-23eb-4588-82c7-a7299c8c4da3,32ccdbe1-627f-4fe3-a506-056b997ed89b,thiago carvalho,Thiago Carvalho,5511927722793,(11) 92772-2793,seed.lead.095@example.com,seed.lead.095@example.com,09585720711283,09585720711283,2026-05-06 12:57:56.683+00,,2026-07-23 22:21:00.618+00,2026-07-23 22:21:00.618+00
86261c7d-d683-401a-a6bb-c8c5b1092bd6,32ccdbe1-627f-4fe3-a506-056b997ed89b,paula rodrigues,Paula Rodrigues,5511941587130,(11) 94158-7130,seed.lead.053@example.com,seed.lead.053@example.com,05300828282474,05300828282474,2026-05-06 00:44:23.299+00,,2026-07-23 22:21:00.827+00,2026-07-23 22:21:00.827+00
c1ce768a-2927-482f-859a-8a92ee3082ba,32ccdbe1-627f-4fe3-a506-056b997ed89b,felipe barbosa,Felipe Barbosa,5511968128069,(11) 96812-8069,seed.lead.020@example.com,seed.lead.020@example.com,,,2026-05-06 00:44:19.321+00,,2026-07-23 22:21:01.031+00,2026-07-23 22:21:01.031+00
8ab8d33d-c5ca-4603-8dba-c85e7f61158b,32ccdbe1-627f-4fe3-a506-056b997ed89b,karen barbosa,Karen Barbosa,5511943016506,(11) 94301-6506,seed.lead.089@example.com,seed.lead.089@example.com,08975295659746,08975295659746,2026-05-06 00:44:27.472+00,,2026-07-23 22:21:01.216+00,2026-07-23 22:21:01.216+00
f8237c48-f932-4def-b20d-0f0b95d10ab9,32ccdbe1-627f-4fe3-a506-056b997ed89b,felipe silva,Felipe Silva,5511902932257,(11) 90293-2257,seed.lead.001@example.com,seed.lead.001@example.com,,,2026-05-06 00:44:16.915+00,,2026-07-23 22:21:01.417+00,2026-07-23 22:21:01.417+00
65fb3154-04e0-4dd5-a4f4-772327a9ddc2,32ccdbe1-627f-4fe3-a506-056b997ed89b,lead pra transferencia publica,Lead pra transferencia publica,5511855431513,(11) 85543-1513,cheffia.tech4561532168@gmail.com,cheffia.tech4561532168@gmail.com,,,2026-07-19 16:32:41.642+00,,2026-07-23 22:21:01.596+00,2026-07-23 22:21:01.596+00
e619f7e1-8d80-467d-b6c8-002fd04a7739,32ccdbe1-627f-4fe3-a506-056b997ed89b,ana almeida,Ana Almeida,5511982217699,(11) 98221-7699,seed.lead.139@example.com,seed.lead.139@example.com,,,2026-05-06 00:44:33.141+00,,2026-07-23 22:21:01.776+00,2026-07-23 22:21:01.776+00
dfed0f34-b72c-4f3b-b22c-98c60ebb3eeb,32ccdbe1-627f-4fe3-a506-056b997ed89b,maria,maria,5545411151545,(45) 41115-1545,email1203456@email.com,email1203456@email.com,,,2026-05-25 11:37:36.302+00,,2026-07-23 22:21:01.955+00,2026-07-23 22:21:01.955+00
f2b33a0b-a7c7-4a39-8f30-b8093d7ad275,32ccdbe1-627f-4fe3-a506-056b997ed89b,isabela almeida,Isabela Almeida,5511944856485,(11) 94485-6485,seed.lead.016@example.com,seed.lead.016@example.com,,,2026-05-06 00:44:18.817+00,,2026-07-23 22:21:02.136+00,2026-07-23 22:21:02.136+00
9de7a0a2-5dcf-4e2e-bff9-5f5267112bf7,32ccdbe1-627f-4fe3-a506-056b997ed89b,paula ribeiro,Paula Ribeiro,5511948814229,(11) 94881-4229,seed.lead.114@example.com,seed.lead.114@example.com,,,2026-05-06 00:44:30.3+00,,2026-07-23 22:21:02.32+00,2026-07-23 22:21:02.32+00
d7140d04-9ab3-419a-9cc6-4baa4c40b441,32ccdbe1-627f-4fe3-a506-056b997ed89b,carla lima,Carla Lima,5511912342794,(11) 91234-2794,seed.lead.134@example.com,seed.lead.134@example.com,,,2026-05-06 00:44:32.625+00,,2026-07-23 22:21:02.499+00,2026-07-23 22:21:02.499+00
1b5d5f15-9284-4480-93ec-89a339eced90,32ccdbe1-627f-4fe3-a506-056b997ed89b,diego silva,Diego Silva,5511992458385,(11) 99245-8385,seed.lead.120@example.com,seed.lead.120@example.com,,,2026-05-06 00:44:30.998+00,,2026-07-23 22:21:02.685+00,2026-07-23 22:21:02.685+00
18bc7f09-2a91-490a-a98f-67ec14e39927,32ccdbe1-627f-4fe3-a506-056b997ed89b,bruno carvalho,Bruno Carvalho,5511936443128,(11) 93644-3128,,,,,2026-05-06 00:44:21.261+00,,2026-07-23 22:21:02.866+00,2026-07-23 22:21:02.866+00
0c745070-1103-4372-9af0-fa38a7620a3a,32ccdbe1-627f-4fe3-a506-056b997ed89b,nicolas almeida barbosa,Nicolas Almeida Barbosa,5511979701668,(11) 97970-1668,seed.lead.105@example.com,seed.lead.105@example.com,,,2026-05-06 00:44:29.238+00,,2026-07-23 22:21:03.027+00,2026-07-23 22:21:03.027+00
9b439448-9921-4a2d-9f86-69d62ef3f983,32ccdbe1-627f-4fe3-a506-056b997ed89b,joao rodrigues,Joao Rodrigues,5511960795308,(11) 96079-5308,seed.lead.145@example.com,seed.lead.145@example.com,,,2026-05-12 12:26:01.759+00,,2026-07-23 22:21:03.227+00,2026-07-23 22:21:03.227+00
66024b58-b68b-4693-902d-ab8908b8cf27,32ccdbe1-627f-4fe3-a506-056b997ed89b,henrique ferreira,Henrique Ferreira,5511924401345,(11) 92440-1345,seed.lead.060@example.com,seed.lead.060@example.com,,,2026-05-06 00:44:24.046+00,,2026-07-23 22:21:03.404+00,2026-07-23 22:21:03.404+00
81e2e7c2-c2e6-4540-b764-19df5d868bcc,32ccdbe1-627f-4fe3-a506-056b997ed89b,john doe,John Doe,5511652411906,(11) 65241-1906,johndoe@empresa.com,johndoe@empresa.com,,,2026-07-22 00:48:37.977+00,,2026-07-23 22:21:03.584+00,2026-07-23 22:21:03.584+00
f4692a42-07de-4784-9a27-4a617fe48b39,32ccdbe1-627f-4fe3-a506-056b997ed89b,karen barbosa,Karen Barbosa,5511966717752,(11) 96671-7752,,,,,2026-05-06 00:44:21.477+00,,2026-07-23 22:21:03.761+00,2026-07-23 22:21:03.761+00
da05cbc4-7d97-491a-b123-f05de67ca1be,32ccdbe1-627f-4fe3-a506-056b997ed89b,bruno ribeiro,Bruno Ribeiro,5511927541808,(11) 92754-1808,seed.lead.065@example.com,seed.lead.065@example.com,,,2026-05-06 00:44:24.605+00,,2026-07-23 22:21:03.919+00,2026-07-23 22:21:03.919+00
49c3b975-f671-433e-8869-f9d254b72db6,32ccdbe1-627f-4fe3-a506-056b997ed89b,eduarda souza almeida,Eduarda Souza Almeida,5511998002861,(11) 99800-2861,seed.lead.007@example.com,seed.lead.007@example.com,,,2026-05-06 00:44:17.74+00,,2026-07-23 22:21:04.096+00,2026-07-23 22:21:04.096+00
a2465ed5-7496-4634-9dc9-11ee59082a5d,32ccdbe1-627f-4fe3-a506-056b997ed89b,paula gomes rodrigues,Paula Gomes Rodrigues,5511972708796,(11) 97270-8796,seed.lead.077@example.com,seed.lead.077@example.com,,,2026-05-06 00:44:25.996+00,,2026-07-23 22:21:04.301+00,2026-07-23 22:21:04.301+00
bfc7c8a3-15c4-4685-b93f-1c846eab99bd,32ccdbe1-627f-4fe3-a506-056b997ed89b,isabela lima,Isabela Lima,5511932681004,(11) 93268-1004,seed.lead.076@example.com,seed.lead.076@example.com,,,2026-05-06 00:44:25.87+00,,2026-07-23 22:21:04.514+00,2026-07-23 22:21:04.514+00
d604d1c0-8082-4103-9014-93df3d478d85,32ccdbe1-627f-4fe3-a506-056b997ed89b,felipe pereira gomes,Felipe Pereira Gomes,5511934377663,(11) 93437-7663,seed.lead.133@example.com,seed.lead.133@example.com,,,2026-05-06 00:44:32.508+00,,2026-07-23 22:21:04.734+00,2026-07-23 22:21:04.734+00
95e9c63b-c4b8-404e-a43b-fac3ac017204,32ccdbe1-627f-4fe3-a506-056b997ed89b,rafael araujo souza,Rafael Araujo Souza,5511919662868,(11) 91966-2868,seed.lead.028@example.com,seed.lead.028@example.com,,,2026-05-06 00:44:20.31+00,,2026-07-23 22:21:04.941+00,2026-07-23 22:21:04.941+00
1101dc51-92e3-4fa0-a106-d5f6455b3bb3,32ccdbe1-627f-4fe3-a506-056b997ed89b,sabrina gomes ribeiro,Sabrina Gomes Ribeiro,5511948206858,(11) 94820-6858,seed.lead.014@example.com,seed.lead.014@example.com,,,2026-05-06 00:44:18.569+00,,2026-07-23 22:21:05.146+00,2026-07-23 22:21:05.146+00
421a2f5b-0872-476a-99e7-1d538d0f6cad,32ccdbe1-627f-4fe3-a506-056b997ed89b,cheffia,Cheffia,5511983709456,(11) 98370-9456,cheffia.tech4612@gmail.com,cheffia.tech4612@gmail.com,,,2026-06-19 23:48:56.851+00,,2026-07-23 22:21:05.353+00,2026-07-23 22:21:05.353+00
1e16a530-51db-41c6-a328-2cbaba672428,32ccdbe1-627f-4fe3-a506-056b997ed89b,henrique barbosa pereira,Henrique Barbosa Pereira,5511926018002,(11) 92601-8002,seed.lead.070@example.com,seed.lead.070@example.com,,,2026-05-06 00:44:25.224+00,,2026-07-23 22:21:05.579+00,2026-07-23 22:21:05.579+00
1146aa90-2462-4375-b76c-8e9e0e61c911,32ccdbe1-627f-4fe3-a506-056b997ed89b,bruno gomes,Bruno Gomes,5511938535181,(11) 93853-5181,seed.lead.132@example.com,seed.lead.132@example.com,,,2026-05-06 00:44:32.379+00,,2026-07-23 22:21:05.781+00,2026-07-23 22:21:05.781+00
2dbbbbc8-2542-4459-93b6-6e2d470c0e5f,32ccdbe1-627f-4fe3-a506-056b997ed89b,nicolas souza,Nicolas Souza,5511997750057,(11) 99775-0057,,,01205460501022,01205460501022,2026-05-06 00:44:18.309+00,,2026-07-23 22:21:06.002+00,2026-07-23 22:21:06.002+00
aed3eca5-f27e-4105-947b-c5bd259f6407,32ccdbe1-627f-4fe3-a506-056b997ed89b,rafael martins,Rafael Martins,5511979668889,(11) 97966-8889,seed.lead.009@example.com,seed.lead.009@example.com,00933067603720,00933067603720,2026-05-06 00:44:17.946+00,,2026-07-23 22:21:06.209+00,2026-07-23 22:21:06.209+00
ba190111-6553-4bb1-af09-99e74c1b31d5,32ccdbe1-627f-4fe3-a506-056b997ed89b,mariana costa,Mariana Costa,5511969413396,(11) 96941-3396,seed.lead.008@example.com,seed.lead.008@example.com,,,2026-05-06 00:44:17.826+00,,2026-07-23 22:21:06.431+00,2026-07-23 22:21:06.431+00
7132df1f-c2ad-4031-93e2-502742758aaa,32ccdbe1-627f-4fe3-a506-056b997ed89b,thiago lima,Thiago Lima,5511934373668,(11) 93437-3668,seed.lead.005@example.com,seed.lead.005@example.com,,,2026-05-06 00:44:17.516+00,,2026-07-23 22:21:06.635+00,2026-07-23 22:21:06.635+00
80c6b2fc-a0c0-4e82-8df0-33d677d12868,32ccdbe1-627f-4fe3-a506-056b997ed89b,thiago carvalho,Thiago Carvalho,5511956959530,(11) 95695-9530,seed.lead.107@example.com,seed.lead.107@example.com,,,2026-05-06 00:44:29.448+00,,2026-07-23 22:21:06.835+00,2026-07-23 22:21:06.835+00
3a2e4e88-61f1-419e-9bd7-3ecbd8a101d6,32ccdbe1-627f-4fe3-a506-056b997ed89b,isabela souza,Isabela Souza,5511998760436,(11) 99876-0436,seed.lead.073@example.com,seed.lead.073@example.com,,,2026-05-06 00:44:25.537+00,,2026-07-23 22:21:07.033+00,2026-07-23 22:21:07.033+00
26ac55fb-a55e-4dc4-9283-5c2bc6045cb8,32ccdbe1-627f-4fe3-a506-056b997ed89b,rafael araujo,Rafael Araujo,5511971172888,(11) 97117-2888,,,,,2026-05-06 00:44:27.84+00,,2026-07-23 22:21:07.232+00,2026-07-23 22:21:07.232+00
6408b360-b8de-48a0-b73e-3f52185991cd,32ccdbe1-627f-4fe3-a506-056b997ed89b,joao gomes,Joao Gomes,5511910408950,(11) 91040-8950,seed.lead.033@example.com,seed.lead.033@example.com,,,2026-05-06 00:44:20.897+00,,2026-07-23 22:21:07.411+00,2026-07-23 22:21:07.411+00
db717411-af15-49ac-9df7-8312475b64d6,32ccdbe1-627f-4fe3-a506-056b997ed89b,eduarda carvalho,Eduarda Carvalho,5511982873762,(11) 98287-3762,seed.lead.019@example.com,seed.lead.019@example.com,,,2026-05-06 00:44:19.197+00,,2026-07-23 22:21:07.613+00,2026-07-23 22:21:07.613+00
71f62de7-6493-4c12-b67a-8465f50d6658,32ccdbe1-627f-4fe3-a506-056b997ed89b,joao ferreira,Joao Ferreira,5511945650048,(11) 94565-0048,,,,,2026-05-06 00:44:24.967+00,,2026-07-23 22:21:07.815+00,2026-07-23 22:21:07.815+00
a7e5717b-6545-46b5-9a92-0ba87e45b7f0,32ccdbe1-627f-4fe3-a506-056b997ed89b,karen souza,Karen Souza,5511902297092,(11) 90229-7092,seed.lead.026@example.com,seed.lead.026@example.com,,,2026-05-06 00:44:20.084+00,,2026-07-23 22:21:08.014+00,2026-07-23 22:21:08.014+00
eee2402a-822c-4f81-9b06-6c728ba9dbc8,32ccdbe1-627f-4fe3-a506-056b997ed89b,vanessa souza,Vanessa Souza,5511962316717,(11) 96231-6717,seed.lead.111@example.com,seed.lead.111@example.com,,,2026-05-06 00:44:29.928+00,,2026-07-23 22:21:08.214+00,2026-07-23 22:21:08.214+00
4a2e7523-4037-43bb-9090-db2e3bf6a361,32ccdbe1-627f-4fe3-a506-056b997ed89b,teste lead,teste lead,5511983709746,(11) 98370-9746,cheffia.tech456423@gmail.com,cheffia.tech456423@gmail.com,,,2026-06-17 04:27:12.03+00,,2026-07-23 22:21:08.412+00,2026-07-23 22:21:08.412+00
c52c9615-57d9-46ae-822e-648f82660656,32ccdbe1-627f-4fe3-a506-056b997ed89b,nicolas martins,Nicolas Martins,5511906129613,(11) 90612-9613,seed.lead.150@example.com,seed.lead.150@example.com,,,2026-05-12 13:31:50.161+00,,2026-07-23 22:21:08.616+00,2026-07-23 22:21:08.616+00
4b0f926f-65a1-4ddc-88df-ca3259252e65,32ccdbe1-627f-4fe3-a506-056b997ed89b,nicolas costa,Nicolas Costa,5511979790941,(11) 97979-0941,,,,,2026-05-06 00:44:28.647+00,,2026-07-23 22:21:08.813+00,2026-07-23 22:21:08.813+00
dd42810b-634d-4916-a098-96aa2992f19d,32ccdbe1-627f-4fe3-a506-056b997ed89b,mariana costa,Mariana Costa,5511927469209,(11) 92746-9209,seed.lead.137@example.com,seed.lead.137@example.com,13745671432405,13745671432405,2026-05-06 00:44:32.939+00,,2026-07-23 22:21:08.991+00,2026-07-23 22:21:08.991+00
b2cc46f8-5be3-43d7-88a1-db9a8b4ba9f0,32ccdbe1-627f-4fe3-a506-056b997ed89b,bruno pereira,Bruno Pereira,5511954104986,(11) 95410-4986,seed.lead.017@example.com,seed.lead.017@example.com,,,2026-05-06 00:44:18.941+00,,2026-07-23 22:21:09.208+00,2026-07-23 22:21:09.208+00
be4a831d-8f07-4e29-beaa-4c2bddb69430,32ccdbe1-627f-4fe3-a506-056b997ed89b,paula gomes,Paula Gomes,5511932127334,(11) 93212-7334,seed.lead.027@example.com,seed.lead.027@example.com,,,2026-05-06 00:44:20.219+00,,2026-07-23 22:21:09.403+00,2026-07-23 22:21:09.403+00
6d18a56f-3585-423d-9ab9-63b532509142,32ccdbe1-627f-4fe3-a506-056b997ed89b,thiago ribeiro,Thiago Ribeiro,5511914815044,(11) 91481-5044,seed.lead.044@example.com,seed.lead.044@example.com,,,2026-05-06 00:44:22.243+00,,2026-07-23 22:21:09.601+00,2026-07-23 22:21:09.601+00
a48d9a59-0bb3-4436-a340-eb101d614019,32ccdbe1-627f-4fe3-a506-056b997ed89b,bruno lima,Bruno Lima,5511979639638,(11) 97963-9638,seed.lead.074@example.com,seed.lead.074@example.com,07429456973239,07429456973239,2026-05-06 00:44:25.667+00,,2026-07-23 22:21:09.802+00,2026-07-23 22:21:09.802+00
c294deb0-fc09-47db-8367-903243f9bcce,32ccdbe1-627f-4fe3-a506-056b997ed89b,thiago lima oliveira,Thiago Lima Oliveira,5511935472715,(11) 93547-2715,seed.lead.119@example.com,seed.lead.119@example.com,,,2026-05-06 12:50:17.577+00,,2026-07-23 22:21:10.024+00,2026-07-23 22:21:10.024+00
24034163-b063-46a8-8a0e-eb398a5d4dfb,32ccdbe1-627f-4fe3-a506-056b997ed89b,paula oliveira,Paula Oliveira,5511973659350,(11) 97365-9350,seed.lead.149@example.com,seed.lead.149@example.com,14959537140941,14959537140941,2026-05-13 19:10:49.232+00,,2026-07-23 22:21:10.242+00,2026-07-23 22:21:10.242+00
c1957baf-2430-4efa-b458-9ac3f7726c28,32ccdbe1-627f-4fe3-a506-056b997ed89b,isabela martins,Isabela Martins,5511903357581,(11) 90335-7581,,,,,2026-05-06 00:44:19.073+00,,2026-07-23 22:21:10.464+00,2026-07-23 22:21:10.464+00
27be114d-3cd4-4175-b9dc-375dce41d22b,32ccdbe1-627f-4fe3-a506-056b997ed89b,paula rodrigues,Paula Rodrigues,5511952964166,(11) 95296-4166,seed.lead.097@example.com,seed.lead.097@example.com,,,2026-05-06 00:44:28.411+00,,2026-07-23 22:21:10.646+00,2026-07-23 22:21:10.646+00
9582ffe3-2ec3-470d-9f6a-933dfbdd3c0e,32ccdbe1-627f-4fe3-a506-056b997ed89b,rafael barbosa,Rafael Barbosa,5511934116157,(11) 93411-6157,seed.lead.064@example.com,seed.lead.064@example.com,,,2026-05-06 00:44:24.484+00,,2026-07-23 22:21:10.849+00,2026-07-23 22:21:10.849+00
9658395e-d82b-4f0e-be93-24b11a346042,32ccdbe1-627f-4fe3-a506-056b997ed89b,isabela rodrigues,Isabela Rodrigues,5511940403039,(11) 94040-3039,seed.lead.052@example.com,seed.lead.052@example.com,05278101345882,05278101345882,2026-05-06 00:44:23.179+00,,2026-07-23 22:21:11.047+00,2026-07-23 22:21:11.047+00
cd6c5ff0-bbeb-42e7-aeee-fe71f5570b90,32ccdbe1-627f-4fe3-a506-056b997ed89b,ana araujo,Ana Araujo,5511926559003,(11) 92655-9003,seed.lead.141@example.com,seed.lead.141@example.com,,,2026-07-07 12:16:04.315+00,,2026-07-23 22:21:11.296+00,2026-07-23 22:21:11.296+00
b1a72c5f-52fe-4ae0-aa4f-0e018e1a83a1,32ccdbe1-627f-4fe3-a506-056b997ed89b,william souza,William Souza,5511921345627,(11) 92134-5627,seed.lead.039@example.com,seed.lead.039@example.com,,,2026-05-06 00:44:21.61+00,,2026-07-23 22:21:11.508+00,2026-07-23 22:21:11.508+00
85053cd7-7f8e-4785-a984-2d2ba1f413da,32ccdbe1-627f-4fe3-a506-056b997ed89b,bruno martins,Bruno Martins,5511987828623,(11) 98782-8623,seed.lead.131@example.com,seed.lead.131@example.com,,,2026-05-06 00:44:32.253+00,,2026-07-23 22:21:11.704+00,2026-07-23 22:21:11.704+00
948137ad-4344-44e1-a70d-020d58781af5,32ccdbe1-627f-4fe3-a506-056b997ed89b,sabrina carvalho,Sabrina Carvalho,5511926762074,(11) 92676-2074,seed.lead.040@example.com,seed.lead.040@example.com,,,2026-05-06 00:44:21.753+00,,2026-07-23 22:21:11.901+00,2026-07-23 22:21:11.901+00
2ef392fe-05fb-4b18-b283-07a1c1ef1b5f,32ccdbe1-627f-4fe3-a506-056b997ed89b,bruno lima,Bruno Lima,5511928966365,(11) 92896-6365,seed.lead.011@example.com,seed.lead.011@example.com,,,2026-05-06 00:44:18.191+00,,2026-07-23 22:21:12.099+00,2026-07-23 22:21:12.099+00
4b68611d-65bc-4ab6-a4b0-4b589f2fc756,32ccdbe1-627f-4fe3-a506-056b997ed89b,isabela araujo gomes,Isabela Araujo Gomes,5511930317018,(11) 93031-7018,seed.lead.140@example.com,seed.lead.140@example.com,14025195698989,14025195698989,2026-05-06 00:44:33.266+00,,2026-07-23 22:21:12.296+00,2026-07-23 22:21:12.296+00
9ff907f9-0b10-4dd8-96b4-9c117424ae2b,32ccdbe1-627f-4fe3-a506-056b997ed89b,bruno araujo,Bruno Araujo,5511984259006,(11) 98425-9006,seed.lead.069@example.com,seed.lead.069@example.com,,,2026-05-06 00:44:25.092+00,,2026-07-23 22:21:12.515+00,2026-07-23 22:21:12.515+00
199609c2-96ea-4f8e-bc57-6b2316d489a3,32ccdbe1-627f-4fe3-a506-056b997ed89b,mariana silva ribeiro,Mariana Silva Ribeiro,5511969549655,(11) 96954-9655,,,,,2026-05-06 00:44:21.144+00,,2026-07-23 22:21:12.712+00,2026-07-23 22:21:12.712+00
7a9c976e-5ce7-4336-b8ce-fc2510d08fe8,32ccdbe1-627f-4fe3-a506-056b997ed89b,isabela almeida,Isabela Almeida,5511942230618,(11) 94223-0618,seed.lead.121@example.com,seed.lead.121@example.com,,,2026-05-06 00:44:31.122+00,,2026-07-23 22:21:12.891+00,2026-07-23 22:21:12.891+00
c5e45dc6-3b65-4e1d-8648-f76acdf0c465,32ccdbe1-627f-4fe3-a506-056b997ed89b,paula barbosa,Paula Barbosa,5511928858743,(11) 92885-8743,seed.lead.103@example.com,seed.lead.103@example.com,,,2026-05-06 00:44:29.03+00,,2026-07-23 22:21:13.093+00,2026-07-23 22:21:13.093+00
9a654de3-0dc2-4a1d-bc2f-f9e677d04f3c,32ccdbe1-627f-4fe3-a506-056b997ed89b,eduarda barbosa souza,Eduarda Barbosa Souza,5511954849128,(11) 95484-9128,seed.lead.084@example.com,seed.lead.084@example.com,,,2026-05-06 00:44:26.855+00,,2026-07-23 22:21:13.295+00,2026-07-23 22:21:13.295+00
ee3bf355-5901-489c-8e22-693e12fcc449,32ccdbe1-627f-4fe3-a506-056b997ed89b,carla barbosa,Carla Barbosa,5511915705104,(11) 91570-5104,seed.lead.022@example.com,seed.lead.022@example.com,,,2026-05-06 00:44:19.569+00,,2026-07-23 22:21:13.493+00,2026-07-23 22:21:13.493+00
c7d98c35-0d5d-499a-9c53-28b281a095b4,32ccdbe1-627f-4fe3-a506-056b997ed89b,nat teste,NAT TESTE,5511988859573,(11) 98885-9573,nathielewillock@gmail.com,nathielewillock@gmail.com,,,2026-06-02 16:16:29.407+00,,2026-07-23 22:20:53.164+00,2026-07-23 22:21:25.887+00
5f50e4bf-f228-4f0c-a5d9-8c47baf52514,32ccdbe1-627f-4fe3-a506-056b997ed89b,carla ferreira,Carla Ferreira,5511903724570,(11) 90372-4570,seed.lead.003@example.com,seed.lead.003@example.com,,,2026-05-06 00:44:17.255+00,,2026-07-23 22:21:13.699+00,2026-07-23 22:21:13.699+00
1c010266-3966-4c3a-bb16-58f2dcd1d92a,32ccdbe1-627f-4fe3-a506-056b997ed89b,nicolas costa,Nicolas Costa,5511940480506,(11) 94048-0506,seed.lead.123@example.com,seed.lead.123@example.com,,,2026-05-06 00:44:31.309+00,,2026-07-23 22:21:13.904+00,2026-07-23 22:21:13.904+00
f6f50b33-8550-41f8-b286-8868016825b2,32ccdbe1-627f-4fe3-a506-056b997ed89b,novo lead de teste,Novo Lead de teste,5546152138483,(46) 15213-8483,cheffia.tech441156@gmail.com,cheffia.tech441156@gmail.com,,,2026-06-26 22:51:15.84+00,,2026-07-23 22:21:14.308+00,2026-07-23 22:21:14.308+00
2c94a013-1e8b-4db0-9dc6-a870c1e7517f,32ccdbe1-627f-4fe3-a506-056b997ed89b,thiago pereira,Thiago Pereira,5511972796338,(11) 97279-6338,seed.lead.090@example.com,seed.lead.090@example.com,,,2026-05-06 00:44:27.6+00,,2026-07-23 22:21:14.503+00,2026-07-23 22:21:14.503+00
b8c6da2f-20de-461d-9de3-ae8f8a4976eb,32ccdbe1-627f-4fe3-a506-056b997ed89b,mariana santos,Mariana Santos,5511998938507,(11) 99893-8507,seed.lead.094@example.com,seed.lead.094@example.com,,,2026-05-06 00:44:28.058+00,,2026-07-23 22:21:14.695+00,2026-07-23 22:21:14.695+00
c73154d1-fb3b-48cd-b0c2-b108ddd0232e,32ccdbe1-627f-4fe3-a506-056b997ed89b,rafael martins almeida,Rafael Martins Almeida,5511922321320,(11) 92232-1320,seed.lead.056@example.com,seed.lead.056@example.com,,,2026-05-06 00:44:23.619+00,,2026-07-23 22:21:14.886+00,2026-07-23 22:21:14.886+00
bc5902af-bd2e-44f0-90d0-30d8712ac4b5,32ccdbe1-627f-4fe3-a506-056b997ed89b,isabela pereira,Isabela Pereira,5511990612709,(11) 99061-2709,seed.lead.138@example.com,seed.lead.138@example.com,,,2026-05-06 00:44:33.025+00,,2026-07-23 22:21:15.088+00,2026-07-23 22:21:15.088+00
cbadfd02-8ff3-4afc-95ff-e30fc9d37209,32ccdbe1-627f-4fe3-a506-056b997ed89b,eduarda carvalho,Eduarda Carvalho,5511992021430,(11) 99202-1430,seed.lead.122@example.com,seed.lead.122@example.com,,,2026-05-06 00:44:31.217+00,,2026-07-23 22:21:15.281+00,2026-07-23 22:21:15.281+00
b1c2fd9f-8286-48e0-baf4-da88742c9cb4,32ccdbe1-627f-4fe3-a506-056b997ed89b,vanessa oliveira,Vanessa Oliveira,5511986447198,(11) 98644-7198,seed.lead.041@example.com,seed.lead.041@example.com,,,2026-05-06 00:44:21.874+00,,2026-07-23 22:21:15.478+00,2026-07-23 22:21:15.478+00
b851cf11-5875-45dc-99a0-3e1d4d26d065,32ccdbe1-627f-4fe3-a506-056b997ed89b,sabrina carvalho,Sabrina Carvalho,5511964298954,(11) 96429-8954,seed.lead.034@example.com,seed.lead.034@example.com,,,2026-05-06 00:44:21.02+00,,2026-07-23 22:21:15.674+00,2026-07-23 22:21:15.674+00
a24a8524-1e4e-40b2-80e4-1d137bb39ea4,32ccdbe1-627f-4fe3-a506-056b997ed89b,mariana ferreira,Mariana Ferreira,5511963783833,(11) 96378-3833,seed.lead.015@example.com,seed.lead.015@example.com,,,2026-05-06 00:44:18.692+00,,2026-07-23 22:21:15.872+00,2026-07-23 22:21:15.872+00
48ea53b7-3710-4b3d-baa2-f25ef946c368,32ccdbe1-627f-4fe3-a506-056b997ed89b,felipe ferreira,Felipe Ferreira,5511983374475,(11) 98337-4475,seed.lead.101@example.com,seed.lead.101@example.com,,,2026-05-06 00:44:28.855+00,,2026-07-23 22:21:16.069+00,2026-07-23 22:21:16.069+00
9d70500e-d903-48fe-9363-cc38c87f9b07,32ccdbe1-627f-4fe3-a506-056b997ed89b,joao costa,Joao Costa,5511939513396,(11) 93951-3396,seed.lead.087@example.com,seed.lead.087@example.com,,,2026-05-06 00:44:27.22+00,,2026-07-23 22:21:16.275+00,2026-07-23 22:21:16.275+00
b4ef8916-b8aa-4e06-b595-6e1cf6b04867,32ccdbe1-627f-4fe3-a506-056b997ed89b,rafael araujo,Rafael Araujo,5511939433263,(11) 93943-3263,seed.lead.127@example.com,seed.lead.127@example.com,,,2026-05-06 00:44:31.763+00,,2026-07-23 22:21:16.481+00,2026-07-23 22:21:16.481+00
477b41ba-3692-43c9-93d4-dcc95da5853b,32ccdbe1-627f-4fe3-a506-056b997ed89b,karen martins,Karen Martins,5511947597176,(11) 94759-7176,,,10236589882194,10236589882194,2026-05-06 00:44:28.944+00,,2026-07-23 22:21:16.681+00,2026-07-23 22:21:16.681+00
0dadc57a-a4a0-4b01-9308-a2d44d8bbc3f,32ccdbe1-627f-4fe3-a506-056b997ed89b,sabrina souza,Sabrina Souza,5511956728394,(11) 95672-8394,,,01391756597227,01391756597227,2026-05-06 00:44:18.436+00,,2026-07-23 22:21:16.881+00,2026-07-23 22:21:16.881+00
d63b1794-9621-4339-9594-2ecb4650fdf3,32ccdbe1-627f-4fe3-a506-056b997ed89b,isabela ribeiro,Isabela Ribeiro,5511924946013,(11) 92494-6013,seed.lead.113@example.com,seed.lead.113@example.com,,,2026-05-06 00:44:30.179+00,,2026-07-23 22:21:17.081+00,2026-07-23 22:21:17.081+00
d5f19b9c-d914-4c4c-a5c9-54263671f934,32ccdbe1-627f-4fe3-a506-056b997ed89b,thiago santos,Thiago Santos,5511921566288,(11) 92156-6288,seed.lead.050@example.com,seed.lead.050@example.com,,,2026-05-06 00:44:22.942+00,,2026-07-23 22:21:17.279+00,2026-07-23 22:21:17.279+00
bc5de59a-90c5-4af0-aa09-6d34bf20b12a,32ccdbe1-627f-4fe3-a506-056b997ed89b,henrique pereira,Henrique Pereira,5511943185417,(11) 94318-5417,seed.lead.085@example.com,seed.lead.085@example.com,,,2026-05-06 00:44:26.975+00,,2026-07-23 22:21:17.477+00,2026-07-23 22:21:17.477+00
68b96e0b-09f5-4718-a3b2-436f0f2fb85b,32ccdbe1-627f-4fe3-a506-056b997ed89b,sabrina costa,Sabrina Costa,5511904145474,(11) 90414-5474,seed.lead.106@example.com,seed.lead.106@example.com,,,2026-05-06 00:44:29.326+00,,2026-07-23 22:21:17.687+00,2026-07-23 22:21:17.687+00
894f8713-6c4c-45a3-960a-25c4a733ad6d,32ccdbe1-627f-4fe3-a506-056b997ed89b,teste lead perfil hom,teste lead perfil hom,5511111111111,(11) 11111-1111,seed.lead.00056@example.com,seed.lead.00056@example.com,,,2026-05-13 23:40:59.31+00,,2026-07-23 22:21:14.105+00,2026-07-23 22:21:17.89+00
79c750a9-db39-4e73-9e67-6c42fac7f914,32ccdbe1-627f-4fe3-a506-056b997ed89b,carla pereira,Carla Pereira,5511990921512,(11) 99092-1512,,,12896946012297,12896946012297,2026-05-06 00:44:31.897+00,,2026-07-23 22:21:18.084+00,2026-07-23 22:21:18.084+00
5585f208-af20-40b8-beb4-08752300d2ff,32ccdbe1-627f-4fe3-a506-056b997ed89b,diego pereira,Diego Pereira,5511995939335,(11) 99593-9335,seed.lead.054@example.com,seed.lead.054@example.com,,,2026-05-06 00:44:23.414+00,,2026-07-23 22:21:18.288+00,2026-07-23 22:21:18.288+00
c89cbd1b-cd9d-4ed1-98c3-30983b80ce5c,32ccdbe1-627f-4fe3-a506-056b997ed89b,paula souza,Paula Souza,5511987500828,(11) 98750-0828,seed.lead.100@example.com,seed.lead.100@example.com,10011321153310,10011321153310,2026-05-06 01:09:36.804+00,,2026-07-23 22:21:18.486+00,2026-07-23 22:21:18.486+00
b16622c8-db5e-4e78-b61f-9fbe86605055,32ccdbe1-627f-4fe3-a506-056b997ed89b,felipe rodrigues,Felipe Rodrigues,5511974444213,(11) 97444-4213,,,,,2026-05-06 13:45:46.37+00,,2026-07-23 22:21:18.702+00,2026-07-23 22:21:18.702+00
49d91bd9-f24f-4726-8631-c87f4e3ffe8d,32ccdbe1-627f-4fe3-a506-056b997ed89b,karen carvalho almeida,Karen Carvalho Almeida,5511938712994,(11) 93871-2994,seed.lead.098@example.com,seed.lead.098@example.com,09873258691697,09873258691697,2026-05-06 00:44:28.531+00,,2026-07-23 22:21:18.882+00,2026-07-23 22:21:18.882+00
944e3ac2-092b-4906-8ca7-37d2f251c7a2,32ccdbe1-627f-4fe3-a506-056b997ed89b,felipe martins pereira,Felipe Martins Pereira,5511909398800,(11) 90939-8800,seed.lead.049@example.com,seed.lead.049@example.com,,,2026-05-06 00:44:22.855+00,,2026-07-23 22:21:19.104+00,2026-07-23 22:21:19.104+00
46495d47-2600-4b50-9352-340565da2baa,32ccdbe1-627f-4fe3-a506-056b997ed89b,paula oliveira,Paula Oliveira,5511991228924,(11) 99122-8924,,,,,2026-05-06 00:44:22.603+00,,2026-07-23 22:21:19.299+00,2026-07-23 22:21:19.299+00
3a178fb7-8058-41f1-86f7-c85c0c4f5315,32ccdbe1-627f-4fe3-a506-056b997ed89b,karen rodrigues,Karen Rodrigues,5511901354394,(11) 90135-4394,seed.lead.024@example.com,seed.lead.024@example.com,02403575999630,02403575999630,2026-05-06 00:44:19.826+00,,2026-07-23 22:21:19.472+00,2026-07-23 22:21:19.472+00
494305e9-daef-4f78-910c-c7ffd024b714,32ccdbe1-627f-4fe3-a506-056b997ed89b,william oliveira,William Oliveira,5511951773290,(11) 95177-3290,seed.lead.130@example.com,seed.lead.130@example.com,,,2026-05-06 00:44:32.133+00,,2026-07-23 22:21:19.707+00,2026-07-23 22:21:19.707+00
2d8d49e2-11ff-4c8a-8e0f-afc92e76c8cd,32ccdbe1-627f-4fe3-a506-056b997ed89b,sabrina lima,Sabrina Lima,5511927756960,(11) 92775-6960,seed.lead.023@example.com,seed.lead.023@example.com,,,2026-05-06 00:44:19.698+00,,2026-07-23 22:21:19.898+00,2026-07-23 22:21:19.898+00
8f9e03d8-7222-4a77-8446-3055fae455e0,32ccdbe1-627f-4fe3-a506-056b997ed89b,eduarda carvalho,Eduarda Carvalho,5511952019770,(11) 95201-9770,seed.lead.079@example.com,seed.lead.079@example.com,,,2026-05-06 00:44:26.254+00,,2026-07-23 22:21:20.099+00,2026-07-23 22:21:20.099+00
09e12e9d-5c8d-43a0-8fe5-f7d9f076761d,32ccdbe1-627f-4fe3-a506-056b997ed89b,lucas ferreira,Lucas Ferreira,5511943820334,(11) 94382-0334,seed.lead.061@example.com,seed.lead.061@example.com,,,2026-05-06 00:44:24.139+00,,2026-07-23 22:21:20.298+00,2026-07-23 22:21:20.298+00
76c0b2e0-8f0d-483c-9e0c-bf2dfa27b88c,32ccdbe1-627f-4fe3-a506-056b997ed89b,joao lima,Joao Lima,5511994341834,(11) 99434-1834,seed.lead.002@example.com,seed.lead.002@example.com,00289198204938,00289198204938,2026-05-06 00:44:17.129+00,,2026-07-23 22:21:20.492+00,2026-07-23 22:21:20.492+00
d0098af7-b668-43fc-ab17-d904651f9f7a,32ccdbe1-627f-4fe3-a506-056b997ed89b,lucas almeida,Lucas Almeida,5511934704860,(11) 93470-4860,seed.lead.124@example.com,seed.lead.124@example.com,12412033457173,12412033457173,2026-05-06 12:50:02.42+00,,2026-07-23 22:21:20.705+00,2026-07-23 22:21:20.705+00
72e1b009-154b-4035-805f-87891bfd9e9f,32ccdbe1-627f-4fe3-a506-056b997ed89b,vanessa costa gomes,Vanessa Costa Gomes,5511929629064,(11) 92962-9064,seed.lead.112@example.com,seed.lead.112@example.com,,,2026-05-06 00:44:30.054+00,,2026-07-23 22:21:20.936+00,2026-07-23 22:21:20.936+00
fecce9b5-cba8-48ec-be11-7cc8d455371a,32ccdbe1-627f-4fe3-a506-056b997ed89b,sabrina souza,Sabrina Souza,5511961633183,(11) 96163-3183,,,,,2026-05-06 00:44:33.622+00,,2026-07-23 22:21:21.13+00,2026-07-23 22:21:21.13+00
f4a478ae-b65b-4a08-8b9d-3962b883eed0,32ccdbe1-627f-4fe3-a506-056b997ed89b,eduarda ribeiro,Eduarda Ribeiro,5511943527715,(11) 94352-7715,seed.lead.104@example.com,seed.lead.104@example.com,,,2026-05-06 00:44:29.147+00,,2026-07-23 22:21:21.326+00,2026-07-23 22:21:21.326+00
8868ff98-f71e-4ab6-a2ba-a8ba6b28c597,32ccdbe1-627f-4fe3-a506-056b997ed89b,karen santos,Karen Santos,5511953307381,(11) 95330-7381,seed.lead.093@example.com,seed.lead.093@example.com,,,2026-05-06 00:44:27.964+00,,2026-07-23 22:21:21.532+00,2026-07-23 22:21:21.532+00
0b76735c-7ff4-41a0-ac7a-2a28d687bce6,32ccdbe1-627f-4fe3-a506-056b997ed89b,nicolas lima,Nicolas Lima,5511979169939,(11) 97916-9939,seed.lead.031@example.com,seed.lead.031@example.com,,,2026-05-06 00:44:20.692+00,,2026-07-23 22:21:21.734+00,2026-07-23 22:21:21.734+00
6d6dfe0b-5dbc-463b-9ea1-21f604aabd30,32ccdbe1-627f-4fe3-a506-056b997ed89b,paula araujo lima,Paula Araujo Lima,5511911818318,(11) 91181-8318,seed.lead.063@example.com,seed.lead.063@example.com,,,2026-05-06 00:44:24.396+00,,2026-07-23 22:21:22.127+00,2026-07-23 22:21:22.127+00
c0625476-9eb2-4213-a240-3d82b3f111e8,32ccdbe1-627f-4fe3-a506-056b997ed89b,eduarda almeida,Eduarda Almeida,5511910704709,(11) 91070-4709,seed.lead.010@example.com,seed.lead.010@example.com,,,2026-05-06 00:44:18.065+00,,2026-07-23 22:21:22.326+00,2026-07-23 22:21:22.326+00
7517b499-138b-480b-bc5c-f78306eeb961,32ccdbe1-627f-4fe3-a506-056b997ed89b,nathiele willock,Nathiele Willock,5511983709790,(11) 98370-9790,eduardo@email.com,eduardo@email.com,60746948000112,60746948000112,2026-05-31 19:06:46.712+00,,2026-07-02 15:53:29.698+00,2026-07-23 22:21:22.521+00
c729c9ec-7c1a-4374-8ea1-65f360f90f04,32ccdbe1-627f-4fe3-a506-056b997ed89b,thiago oliveira,Thiago Oliveira,5511941595217,(11) 94159-5217,seed.lead.118@example.com,seed.lead.118@example.com,11875814245298,11875814245298,2026-05-06 00:44:30.78+00,,2026-07-23 22:21:22.706+00,2026-07-23 22:21:22.706+00
990125af-d94b-49cc-8702-d8d7700656ea,32ccdbe1-627f-4fe3-a506-056b997ed89b,joao gomes,Joao Gomes,5511986124887,(11) 98612-4887,seed.lead.046@example.com,seed.lead.046@example.com,,,2026-05-06 00:44:22.479+00,,2026-07-23 22:21:22.923+00,2026-07-23 22:21:22.923+00
04cce653-9d4d-4380-871b-aeba475513e5,32ccdbe1-627f-4fe3-a506-056b997ed89b,william carvalho,William Carvalho,5511947501692,(11) 94750-1692,seed.lead.057@example.com,seed.lead.057@example.com,05795379307341,05795379307341,2026-05-06 00:44:23.704+00,,2026-07-23 22:21:23.125+00,2026-07-23 22:21:23.125+00
e722dc88-c099-434f-bf1e-bcb9639e3123,32ccdbe1-627f-4fe3-a506-056b997ed89b,carla rodrigues,Carla Rodrigues,5511917631077,(11) 91763-1077,seed.lead.051@example.com,seed.lead.051@example.com,,,2026-05-06 00:44:23.064+00,,2026-07-23 22:21:23.344+00,2026-07-23 22:21:23.344+00
5c6a701a-dccf-482c-a3f4-8ef110d5fcb9,32ccdbe1-627f-4fe3-a506-056b997ed89b,ana silva,Ana Silva,5511938538570,(11) 93853-8570,seed.lead.135@example.com,seed.lead.135@example.com,13535936970514,13535936970514,2026-05-06 00:44:32.718+00,,2026-07-23 22:21:23.541+00,2026-07-23 22:21:23.541+00
7de0dcfb-594c-48f8-a6a1-d079d72d6ee5,32ccdbe1-627f-4fe3-a506-056b997ed89b,carla lima oliveira,Carla Lima Oliveira,5511946640409,(11) 94664-0409,,,,,2026-05-06 00:44:19.441+00,,2026-07-23 22:21:23.758+00,2026-07-23 22:21:23.758+00
510634d0-c299-473a-85c9-3521180b3732,32ccdbe1-627f-4fe3-a506-056b997ed89b,henrique rodrigues,Henrique Rodrigues,5511919320331,(11) 91932-0331,seed.lead.116@example.com,seed.lead.116@example.com,11649702886286,11649702886286,2026-05-06 00:44:30.54+00,,2026-07-23 22:21:23.95+00,2026-07-23 22:21:23.95+00
4a83fa0b-da17-4053-a1ab-b147102075ff,32ccdbe1-627f-4fe3-a506-056b997ed89b,novo lead para teste de bug,Novo lead para teste de bug,5511456123584,(11) 45612-3584,bug@email.com,bug@email.com,,,2026-05-19 23:58:53.666+00,,2026-07-23 22:21:24.187+00,2026-07-23 22:21:24.187+00
59273987-eff7-4b88-804c-19fabf26dee9,32ccdbe1-627f-4fe3-a506-056b997ed89b,teste de trigger,teste de trigger,551194562522,1194562522,trigger@email.com,trigger@email.com,,,2026-05-13 21:06:36.106+00,,2026-07-23 22:21:24.383+00,2026-07-23 22:21:24.383+00
d2fdbc72-c147-43ce-9879-a7280a8c9502,32ccdbe1-627f-4fe3-a506-056b997ed89b,joao oliveira,Joao Oliveira,5511916374176,(11) 91637-4176,seed.lead.144@example.com,seed.lead.144@example.com,,,2026-05-12 15:03:51.2+00,,2026-07-23 22:21:24.579+00,2026-07-23 22:21:24.579+00
3554a1f9-64ef-4584-bc28-93d38d05df14,32ccdbe1-627f-4fe3-a506-056b997ed89b,paula gomes,Paula Gomes,5511999280483,(11) 99928-0483,seed.lead.082@example.com,seed.lead.082@example.com,,,2026-05-06 13:17:04.922+00,,2026-07-23 22:21:24.778+00,2026-07-23 22:21:24.778+00
c7ce5efc-589c-477f-b03d-e226dc1016e2,32ccdbe1-627f-4fe3-a506-056b997ed89b,mariana silva,Mariana Silva,5511922486128,(11) 92248-6128,seed.lead.136@example.com,seed.lead.136@example.com,,,2026-05-07 20:22:59.63+00,,2026-07-23 22:21:24.98+00,2026-07-23 22:21:25.639+00
4a597e1e-6a76-49e6-973b-603ada5bd8f2,32ccdbe1-627f-4fe3-a506-056b997ed89b,bruno martins,Bruno Martins,5511921747918,(11) 92174-7918,seed.lead.148@example.com,seed.lead.148@example.com,,,2026-06-30 21:52:19.295+00,,2026-07-23 22:21:21.931+00,2026-07-23 22:21:26.015+00
44128a96-a118-4479-ba68-5cca770cff10,32ccdbe1-627f-4fe3-a506-056b997ed89b,matheus gmail,Matheus Gmail,5511983709790,(11) 98370-9790,matheuswillock@gmail.com,matheuswillock@gmail.com,,,2026-06-24 12:43:08.385+00,,2026-07-23 22:21:56.558+00,2026-07-23 22:21:56.558+00
86df656d-a7e6-4ec8-b1f8-9b0cd7640f01,32ccdbe1-627f-4fe3-a506-056b997ed89b,mariana da silva,mariana da silva,5511235489784,(11) 23548-9784,mariana@email.com,mariana@email.com,11.979.979/0001-08,11979979000108,2026-06-10 22:37:34.457+00,,2026-07-23 22:20:56.056+00,2026-07-23 22:28:57.913+00
f883b691-418a-409c-96d0-9a4915c0f0ac,27edf455-e61a-48a9-a846-e2c6f42999b5,leandro crelier de melo,Leandro Crelier De Melo,5521985944060,(21) 98594-4060,leandrocrelieradv@gmail.com,leandrocrelieradv@gmail.com,59575636000104,59575636000104,2026-07-24 12:24:26.825+00,,2026-07-24 12:24:27.096+00,2026-07-24 12:24:27.096+00
671e0583-5164-4052-bc4c-fc242642a013,7b577c22-5513-42cc-ab19-2bf867e14ebc,ivan coutinho,Ivan Coutinho,5511998212200,(11) 99821-2200,ivancou64@gmail.com,ivancou64@gmail.com,44409292000196,44409292000196,2026-07-24 12:58:11.329+00,,2026-07-24 12:58:11.733+00,2026-07-24 12:58:11.733+00
31397c18-3bb8-4be1-b8eb-9e303c573090,b874694b-f463-4dbd-bb6f-b04f121a8802,deborah santos de toledo,Deborah Santos de Toledo,5511981813441,(11) 98181-3441,borahtoledo@ymail.com,borahtoledo@ymail.com,,,2026-07-24 14:00:35.73+00,,2026-07-24 14:00:09.3+00,2026-07-24 14:00:36.009+00
ea8844a2-0f68-4c20-bf9f-9b9da4460417,862835fd-54ad-4ebd-986a-b5392f1bb227,marilia guedes,MARILIA GUEDES,5571982436066,(71) 98243-6066,marilia.guedes@jemanconsult.com.br,marilia.guedes@jemanconsult.com.br,24231767000190,24231767000190,2026-07-24 14:24:53.383+00,,2026-07-23 18:04:54.796+00,2026-07-24 14:24:53.979+00
d9d0611c-8c3c-42c3-a5a0-a550901409a5,862835fd-54ad-4ebd-986a-b5392f1bb227,guilherme araujo,Guilherme Araújo,120363412277450907,120363412277450907,,,,,2026-07-24 14:31:23.598+00,,2026-07-24 14:11:03.988+00,2026-07-24 14:31:23.931+00
7571f171-8a7f-4630-b45b-d30dca0ea1b9,862835fd-54ad-4ebd-986a-b5392f1bb227,william mamede,WILLIAM MAMEDE,5571991760432,(71) 99176-0432,wiliammamede@hotmail.com,wiliammamede@hotmail.com,39150279000125,39150279000125,2026-07-24 14:51:11.343+00,,2026-07-23 18:43:51.038+00,2026-07-24 14:51:11.798+00
1e12157f-679b-442c-86b0-c8b9718fffac,968fc8e6-f918-4579-b0d1-26570ce5e94b,daniela matos,Daniela matos,5511979719547,(11) 97971-9547,danielamatos.rh@hotmail.com,danielamatos.rh@hotmail.com,51960378000178,51960378000178,2026-07-24 15:55:56.239+00,,2026-07-24 15:55:56.856+00,2026-07-24 15:55:56.856+00
7fec4a22-5322-45e0-95d2-c037ed0fec5b,862835fd-54ad-4ebd-986a-b5392f1bb227,ricardo ferreira,RICARDO FERREIRA,5571996453301,(71) 99645-3301,stinacioengenharia@gmail.com,stinacioengenharia@gmail.com,26593808000113,26593808000113,2026-07-24 16:25:34.333+00,,2026-07-23 19:34:39.96+00,2026-07-24 16:25:34.781+00
a5acf728-9093-4f23-ab66-36eb06f172f8,a1b2c3d4-0001-4000-8000-000000000001,anelisa de souza frateschi,Anelisa De Souza Frateschi,5511982640269,(11) 98264-0269,anelisafrateschi@hotmail.com,anelisafrateschi@hotmail.com,57009384000120,57009384000120,2026-07-24 17:26:20.183+00,,2026-07-24 17:26:20.557+00,2026-07-24 17:26:20.557+00
eafd6645-fb85-4254-96e3-8b179345213e,862835fd-54ad-4ebd-986a-b5392f1bb227,irinaldo,Irinaldo,5571981147466,(71) 98114-7466,irinaldocruz@gmail.com,irinaldocruz@gmail.com,21291167000129,21291167000129,2026-07-24 17:50:35.294+00,,2026-07-24 17:50:35.953+00,2026-07-24 17:50:35.953+00
f13408e8-1094-47bd-811c-ab0c15d9a2d3,a9c81e05-8b1a-47ad-a80d-dbc45603f068,marcio luis mania,Marcio Luis Mania,5511993901445,(11) 99390-1445,marciomania@hotmail.com,marciomania@hotmail.com,27696724000178,27696724000178,2026-07-24 18:11:10.2+00,,2026-07-24 18:11:11.13+00,2026-07-24 18:11:11.13+00
9d82a45b-02ac-485c-bec8-e1b53e4cc372,7b577c22-5513-42cc-ab19-2bf867e14ebc,rosangela maria da silva carvalho,ROSANGELA MARIA DA SILVA CARVALHO,5511987137068,(11) 98713-7068,dcarvpack.parfum@gmail.com,dcarvpack.parfum@gmail.com,35949351000128,35949351000128,2026-07-27 13:28:33.493+00,,2026-07-27 13:28:33.83+00,2026-07-27 13:28:33.83+00
aff1cea4-804b-460d-961b-087050222d90,760fc14a-229e-4212-9aa9-f90de968af69,evandro de queiroz longo,Evandro De Queiroz Longo,5511999690127,(11) 99969-0127,e.queiroz.longo@gmail.com,e.queiroz.longo@gmail.com,30485578000146,30485578000146,2026-07-27 13:31:55.4+00,,2026-07-24 15:54:43.393+00,2026-07-27 13:31:55.753+00
b41ad00e-a097-4bbf-b9b3-d704188567b4,862835fd-54ad-4ebd-986a-b5392f1bb227,joao luiz,joao luiz,5571981171829,(71) 98117-1829,jluisoliveira80@gmail.com,jluisoliveira80@gmail.com,29437644000123,29437644000123,2026-07-27 13:35:59.647+00,,2026-07-27 13:33:03.189+00,2026-07-27 13:35:59.971+00
bd9605c3-a17b-4e58-9e56-0bd129dd0a4d,862835fd-54ad-4ebd-986a-b5392f1bb227,juscelino de souza,juscelino de souza,5571992475512,(71) 99247-5512,araujo1973.corretor@gmail.com,araujo1973.corretor@gmail.com,22685446000130,22685446000130,2026-07-27 13:55:18.722+00,,2026-07-27 13:50:44.696+00,2026-07-27 13:55:19.026+00
55146605-b3ba-44cc-8f4c-5ce0a4be1eb7,7b577c22-5513-42cc-ab19-2bf867e14ebc,angelo roberto capasso,Angelo Roberto Capasso,5511999580081,(11) 99958-0081,angerobecapa@uol.com.br,angerobecapa@uol.com.br,50606176000160,50606176000160,2026-07-27 15:00:16.482+00,,2026-07-27 15:00:16.829+00,2026-07-27 15:00:16.829+00
70c0d9e5-638f-4c40-ab20-b112f74c46d7,e51c5c55-1e13-45da-8a37-ed0f36f3d16c,fenix projetos e consultoria ltda,FENIX PROJETOS E CONSULTORIA LTDA,5511970395154,(11) 97039-5154,marcio.baptistel@me.com,marcio.baptistel@me.com,38006523000118,38006523000118,2026-07-27 16:42:36.594+00,,2026-07-27 16:41:04.494+00,2026-07-27 16:42:36.987+00
c738c5a2-9d18-4bdd-91f9-f78c79588524,862835fd-54ad-4ebd-986a-b5392f1bb227,pertto - planos de saude,Pertto - Planos de Saúde,557196709972,557196709972,,,,,2026-07-27 17:17:52.884+00,,2026-07-27 17:17:53.143+00,2026-07-27 17:17:53.143+00
0e3e152a-9e2a-4930-ba73-126d43fa6b53,7b577c22-5513-42cc-ab19-2bf867e14ebc,bruna geovana,Bruna Geovana,5511937358082,(11) 93735-8082,bgeovanaa234@gmail.com,bgeovanaa234@gmail.com,29417838000167,29417838000167,2026-07-27 17:44:53.063+00,,2026-07-27 17:44:53.54+00,2026-07-27 17:44:53.54+00
27605df0-b00f-45ff-ad89-0beadafce08b,27edf455-e61a-48a9-a846-e2c6f42999b5,rodrigo pereira lugao,Rodrigo Pereira Lugao,5521992222642,(21) 99222-2642,rodrigolugao@gmail.com,rodrigolugao@gmail.com,49480777000190,49480777000190,2026-07-27 17:46:29.177+00,,2026-07-27 17:46:29.524+00,2026-07-27 17:46:29.524+00
e49aa185-4bf9-4474-97b9-17f8b1260fa0,27edf455-e61a-48a9-a846-e2c6f42999b5,bruno teste,Bruno Teste,5511965999012,(11) 96599-9012,bruno@onsidemarketing.com.br,bruno@onsidemarketing.com.br,,,2026-07-27 17:46:35.481+00,,2026-07-27 17:46:35.757+00,2026-07-27 17:46:35.757+00
45fa9c4e-782f-4ef7-9b45-91cd39a12efd,54fd3322-4510-4b44-bfbc-52e1c44b4969,janete souza carvalho sociedade individual de advocacia,JANETE SOUZA CARVALHO SOCIEDADE INDIVIDUAL DE ADVOCACIA,5577992026337,(77) 99202-6337,janetesc.adv@gmail.com,janetesc.adv@gmail.com,42977451000123,42977451000123,2026-07-27 18:45:40.128+00,,2026-07-27 18:43:21.434+00,2026-07-27 18:45:40.359+00
32fc4779-44ef-4b08-8294-e6a1d7f79ef4,862835fd-54ad-4ebd-986a-b5392f1bb227,mirna,MIRNA,5571992191900,(71) 99219-1900,andreorllastransportespesados@gmail.com,andreorllastransportespesados@gmail.com,,,2026-07-27 18:55:28.622+00,,2026-07-24 12:33:59.096+00,2026-07-27 18:55:29.067+00
ebd29ad0-b7b4-4b52-9349-7a561518b930,3519d0a1-12b5-4a38-bbd5-a5b9d518cb53,lucas,Lucas,5511981317078,(11) 98131-7078,,,,,2026-07-27 18:57:57.88+00,,2026-07-27 18:56:03.946+00,2026-07-27 18:57:58.32+00
6c115070-6663-4c76-ab1e-2a0cfda6c8b0,54fd3322-4510-4b44-bfbc-52e1c44b4969,helenice de moraes sociedade individual de advocacia,HELENICE DE MORAES SOCIEDADE INDIVIDUAL DE ADVOCACIA,558299191727,8299191727,,,,,2026-07-27 19:26:55.575+00,,2026-07-27 19:26:55.941+00,2026-07-27 19:26:55.941+00
5c09bb41-cbc7-422f-be69-08446b16be67,968fc8e6-f918-4579-b0d1-26570ce5e94b,raul dos santos passos,RAUL DOS SANTOS PASSOS,5511963384010,(11) 96338-4010,raulspassos@gmail.com,raulspassos@gmail.com,49339993000110,49339993000110,2026-07-27 19:30:24.211+00,,2026-07-27 19:30:24.941+00,2026-07-27 19:30:24.941+00
