id,profileId,teamId,channel,status,reason,sourceType,sourceId,updatedAt,createdAt
636d1212-df00-4e7d-a7c8-f7627461e900,44351eaa-537a-44d1-b1fd-814ae504a0bd,32ccdbe1-627f-4fe3-a506-056b997ed89b,whatsapp,unknown,,whatsapp_contact,b34c2f05-cb9e-4d17-8318-4f46df8ae9fe,2026-07-02 17:07:11.643+00,2026-07-02 17:07:07.349+00
1e02f2e5-80d3-466d-84f3-8e15cb4ebaa7,9acb376c-ef99-4ccf-a98f-b2d45c0d57ab,32ccdbe1-627f-4fe3-a506-056b997ed89b,whatsapp,unknown,,whatsapp_contact,b34c2f05-cb9e-4d17-8318-4f46df8ae9fe,2026-07-02 17:07:25.711+00,2026-07-02 17:07:20.95+00
8e2cad41-8f23-46ea-a521-ba4f8ae4d1f9,dd36cece-14b4-4a2a-a52d-dd446492a263,32ccdbe1-627f-4fe3-a506-056b997ed89b,whatsapp,unknown,,whatsapp_contact,bcc58b4e-3422-45f5-a540-b8f1fa6a94a4,2026-07-10 21:59:49.875+00,2026-07-02 12:10:11.745+00
318727fe-a283-4d4e-a6db-f60e4403cc54,890b7c9d-ef11-4d31-9d26-2b69b8a43c48,a9c81e05-8b1a-47ad-a80d-dbc45603f068,whatsapp,unknown,,whatsapp_contact,16d3d0b8-2f88-49dc-98a2-9ae8a5d88141,2026-07-02 11:51:25.851+00,2026-07-02 11:51:25.851+00
b5c5fea7-a05d-40e5-966c-97e79f29276d,d7b0200b-c713-4d02-9cd4-9c1de7c7d476,32ccdbe1-627f-4fe3-a506-056b997ed89b,whatsapp,unknown,,whatsapp_contact,1ee488b6-31a4-479f-9027-654ebd27bc8c,2026-07-04 16:27:09.918+00,2026-07-02 22:06:55.557+00
cbd48e27-6d2f-495b-9f33-13bed110f2d9,3e95e886-849d-495f-9215-104660181545,32ccdbe1-627f-4fe3-a506-056b997ed89b,whatsapp,unknown,,whatsapp_contact,bcc58b4e-3422-45f5-a540-b8f1fa6a94a4,2026-07-10 21:36:55.373+00,2026-07-02 15:52:28.65+00
01f2c19c-c672-481b-aae0-a70e7dcf0885,f3d22c6a-3fab-4fa4-b8b0-3fcf7d6fe5eb,32ccdbe1-627f-4fe3-a506-056b997ed89b,whatsapp,unknown,,whatsapp_contact,cae49db9-0e30-4322-b9c6-f1cc311de7e5,2026-07-10 21:26:31.119+00,2026-07-02 18:47:19.211+00
fac6c7ee-c555-4e88-956b-a0662c6a51f4,6e6835a8-0cb1-4938-ac4a-e1a6e0a85c0f,a9c81e05-8b1a-47ad-a80d-dbc45603f068,whatsapp,unknown,,whatsapp_contact,7a3a62b1-e790-45cd-9c54-c1b7c6d287c8,2026-07-02 18:36:14.459+00,2026-07-02 13:16:29.797+00
c2ea5329-faac-40e1-a52b-55194270b46a,c15a2299-1145-4894-a2a6-0794adf7e28e,32ccdbe1-627f-4fe3-a506-056b997ed89b,whatsapp,unknown,,whatsapp_contact,a97ff78b-1563-4744-864c-a52f81bb2740,2026-07-23 20:30:31.566+00,2026-07-02 13:19:54.325+00
3b4a9f2a-5293-4d45-9e3c-729cfa7f502d,7517b499-138b-480b-bc5c-f78306eeb961,32ccdbe1-627f-4fe3-a506-056b997ed89b,whatsapp,unknown,,whatsapp_contact,cae49db9-0e30-4322-b9c6-f1cc311de7e5,2026-07-10 21:34:40.824+00,2026-07-02 15:53:29.809+00
88677ef1-91c3-46ac-a49c-8fdf1b7c268c,79f54e0b-2d19-4528-9d6d-7229996e815a,32ccdbe1-627f-4fe3-a506-056b997ed89b,whatsapp,unknown,,whatsapp_contact,fff4395a-3475-4c8b-9e44-72ee2898bb24,2026-07-07 12:00:44.554+00,2026-07-03 16:14:53.217+00
43c5bd17-6d6b-4fa4-b555-08f58fda43a2,e52e188f-00d1-4a8a-adb3-ef0c9523cbdd,32ccdbe1-627f-4fe3-a506-056b997ed89b,whatsapp,unknown,,whatsapp_contact,fff4395a-3475-4c8b-9e44-72ee2898bb24,2026-07-02 12:42:17.821+00,2026-07-02 12:42:17.821+00
b4dc6ec9-9660-445d-9ec8-4357d0bd55ab,cc6e72c6-61e3-4086-97ac-e7cac77794aa,a9c81e05-8b1a-47ad-a80d-dbc45603f068,whatsapp,unknown,,whatsapp_contact,2a029c93-65e7-4fb1-90f1-7cf967aa52bd,2026-07-02 12:42:55.722+00,2026-07-02 12:42:45.839+00
6391feda-95c5-42c3-8912-eb09c8283b1b,49d3dc34-19be-4b3d-809b-4585aa0d2d07,32ccdbe1-627f-4fe3-a506-056b997ed89b,whatsapp,unknown,,whatsapp_contact,fff4395a-3475-4c8b-9e44-72ee2898bb24,2026-07-08 17:09:17.505+00,2026-07-03 16:10:08.742+00
8e9bb120-8b69-4bd7-b2c2-fe5bbece159e,c9867de2-d37d-471d-9e95-d133c9f5d5e7,a9c81e05-8b1a-47ad-a80d-dbc45603f068,whatsapp,unknown,,whatsapp_contact,eb0d8e80-6715-4a77-967e-e249f012fb27,2026-07-02 13:40:39.652+00,2026-07-02 13:20:14.642+00
2c481fce-3bdf-4658-bd4f-67914494aa30,0eecedaa-9fce-477b-87c2-ec50e372f0de,a9c81e05-8b1a-47ad-a80d-dbc45603f068,whatsapp,unknown,,whatsapp_contact,eb0d8e80-6715-4a77-967e-e249f012fb27,2026-07-02 13:41:39.109+00,2026-07-02 13:03:06.577+00
1e1b9505-3cc5-4413-9b3f-873cd107423d,ad8ac345-f1eb-4aa8-a77b-6e2887215dfe,a9c81e05-8b1a-47ad-a80d-dbc45603f068,whatsapp,unknown,,whatsapp_contact,2a029c93-65e7-4fb1-90f1-7cf967aa52bd,2026-07-02 13:01:44.644+00,2026-07-02 11:51:32.828+00
3e5cbe86-0c91-4eb4-bd6c-168231810147,903551d1-17d9-477f-8ac6-1ea49c066ec2,a9c81e05-8b1a-47ad-a80d-dbc45603f068,whatsapp,unknown,,whatsapp_contact,96e518e2-9319-44e3-82a2-71d529d3af4c,2026-07-02 18:49:27.644+00,2026-07-02 18:49:08.216+00
788b253e-6840-45a5-9703-f016fd920da8,8a7723e3-55df-4753-8a0c-861183122f0d,32ccdbe1-627f-4fe3-a506-056b997ed89b,whatsapp,unknown,,whatsapp_contact,fff4395a-3475-4c8b-9e44-72ee2898bb24,2026-07-02 17:29:07.395+00,2026-07-02 12:46:50.442+00
9b13ebfb-5945-443b-b950-836f0e5f70e7,62708950-de7e-4315-9119-10030fc5ece2,a9c81e05-8b1a-47ad-a80d-dbc45603f068,whatsapp,unknown,,whatsapp_contact,6a2bad46-e2a2-4821-a3b7-4b170c17d1cc,2026-07-02 16:40:44.059+00,2026-07-02 16:40:44.059+00
90a34d9b-4ee8-47f0-9198-e05368d989b4,6d24ee7d-4c0d-4ddf-9e5e-d00603b1829d,32ccdbe1-627f-4fe3-a506-056b997ed89b,whatsapp,unknown,,whatsapp_contact,fff4395a-3475-4c8b-9e44-72ee2898bb24,2026-07-02 17:30:15.965+00,2026-07-02 17:30:15.965+00
f527255b-078e-41da-9c14-9735183f95d2,4580ac12-1000-4040-ba1a-68dfb89a52b3,32ccdbe1-627f-4fe3-a506-056b997ed89b,whatsapp,unknown,,whatsapp_contact,fff4395a-3475-4c8b-9e44-72ee2898bb24,2026-07-03 16:09:21.179+00,2026-07-03 16:09:21.179+00
f760c154-5e6a-453c-812b-8de88e41fa87,fe9e2c99-a7ed-4f4f-8c60-084b2e4592ef,32ccdbe1-627f-4fe3-a506-056b997ed89b,whatsapp,unknown,,whatsapp_contact,fff4395a-3475-4c8b-9e44-72ee2898bb24,2026-07-04 22:35:39.43+00,2026-07-02 21:07:34.42+00
2dd4fbf2-88f1-435b-ade5-fa59a3c6ef6a,f8e02bc0-5082-4ffd-a54c-20970132dd47,a9c81e05-8b1a-47ad-a80d-dbc45603f068,whatsapp,unknown,,whatsapp_contact,9625f904-9514-4935-9b0b-bbce538748e3,2026-07-02 19:01:32.729+00,2026-07-02 18:07:24.406+00
f25b4ec5-27ad-41e0-892c-1ab8c4a3471b,74f5bab4-d582-45fb-b4a4-060bb784c3b9,a9c81e05-8b1a-47ad-a80d-dbc45603f068,whatsapp,unknown,,whatsapp_contact,9625f904-9514-4935-9b0b-bbce538748e3,2026-07-02 19:01:44.376+00,2026-07-02 18:18:03.581+00
9e46a211-b14f-4a3d-a38c-c467c47f26b1,83135c8d-8343-4c0e-9e3d-e04966f51a53,a9c81e05-8b1a-47ad-a80d-dbc45603f068,whatsapp,unknown,,whatsapp_contact,6a2bad46-e2a2-4821-a3b7-4b170c17d1cc,2026-07-02 14:42:38.276+00,2026-07-02 14:42:38.276+00
34ea2498-c390-4a51-a631-7cf5d9fb5898,eb7dfd9a-6654-44d2-a920-a5224cedc718,32ccdbe1-627f-4fe3-a506-056b997ed89b,whatsapp,unknown,,whatsapp_contact,75d3b2e3-c433-434f-9488-dbaa2e8c2ead,2026-07-02 17:36:20.034+00,2026-07-02 17:07:39.639+00
50c5885c-0558-458b-80bb-9cd6d74d13c7,231768ef-6534-4623-a45a-f40c3d16dfba,32ccdbe1-627f-4fe3-a506-056b997ed89b,whatsapp,unknown,,whatsapp_contact,fff4395a-3475-4c8b-9e44-72ee2898bb24,2026-07-02 18:18:11.156+00,2026-07-02 18:15:42.244+00
33e0c722-8f39-426d-be02-6e88fc0d0fb6,e4a1308e-32ab-4177-9143-6ab4c9ef5c31,32ccdbe1-627f-4fe3-a506-056b997ed89b,whatsapp,unknown,,whatsapp_contact,fff4395a-3475-4c8b-9e44-72ee2898bb24,2026-07-03 14:31:56.727+00,2026-07-02 17:36:25.918+00
33d334e6-99c0-4c49-be88-53c8cea58b05,9a5d84ce-3252-4144-afb6-f8386abb57d5,7b577c22-5513-42cc-ab19-2bf867e14ebc,whatsapp,unknown,,whatsapp_contact,b116ecb2-2846-4cb7-8043-4f2539db5aaa,2026-07-02 19:07:48.801+00,2026-07-02 19:07:48.801+00
932749ad-5815-4d6b-99f7-37583c43f30e,7fda7e5d-a87c-4f6c-b6f7-ea7277543a02,32ccdbe1-627f-4fe3-a506-056b997ed89b,whatsapp,unknown,,whatsapp_contact,fff4395a-3475-4c8b-9e44-72ee2898bb24,2026-07-03 14:42:07.497+00,2026-07-02 12:52:58.849+00
5aab0cc8-112e-4a28-a82a-035c783b3e2d,a8d16495-f6d9-4a1f-98f8-144638f5b252,32ccdbe1-627f-4fe3-a506-056b997ed89b,whatsapp,unknown,,whatsapp_contact,bc2fef39-10b7-4506-ab5a-de0aaef5dfaa,2026-07-06 10:50:10.129+00,2026-07-03 19:16:21.36+00
a295fbd9-0551-4bf0-82fe-d6ca9e8c65a7,955748f0-b0bb-4c60-bc50-c4a6efa2db34,32ccdbe1-627f-4fe3-a506-056b997ed89b,whatsapp,unknown,,whatsapp_contact,47869f6b-4aba-4086-91a0-4cdf223bfe47,2026-07-05 22:28:52.119+00,2026-07-02 11:28:38.521+00
c7e3c81e-0d8a-4197-8521-8760f4ad0580,538b5ebd-58a6-4fac-b849-a712d72bdcbd,7b577c22-5513-42cc-ab19-2bf867e14ebc,whatsapp,unknown,,whatsapp_contact,fc78f0c0-cbe6-4d2a-a5a1-371794589558,2026-07-02 19:13:22.93+00,2026-07-02 19:10:56.587+00
f09e489d-9d38-4266-8807-e92b05c69ebd,fa849832-a591-4b5e-a304-4de18575b686,32ccdbe1-627f-4fe3-a506-056b997ed89b,whatsapp,unknown,,whatsapp_contact,04676610-02e4-4ebc-9626-c803b03d9a27,2026-07-03 18:35:45.464+00,2026-07-03 18:35:39.226+00
369e1912-614e-482b-84cf-40628cdf2de6,ff3c70df-857b-427c-9ed2-5813162ac564,32ccdbe1-627f-4fe3-a506-056b997ed89b,whatsapp,unknown,,whatsapp_contact,fff4395a-3475-4c8b-9e44-72ee2898bb24,2026-07-02 20:08:33.826+00,2026-07-02 20:08:33.826+00
e6fb7fb3-9f97-4c07-9467-4ee19a33bed2,a29b0c71-d176-4bd1-a34d-31cf1e4ce72e,32ccdbe1-627f-4fe3-a506-056b997ed89b,whatsapp,unknown,,whatsapp_contact,1ee488b6-31a4-479f-9027-654ebd27bc8c,2026-07-04 12:39:46.756+00,2026-07-02 12:56:52.048+00
42511415-a123-4ca6-bd42-71dba184426e,274429bb-6a4d-4c81-aeef-c653b1ea94d2,32ccdbe1-627f-4fe3-a506-056b997ed89b,whatsapp,unknown,,whatsapp_contact,f7b08977-1f69-4c8e-a6f2-dd2a10dea410,2026-07-03 10:26:36.02+00,2026-07-03 10:26:36.02+00
2ed17baf-03f2-4e63-aaea-42af3da2137d,78dce158-8ed4-4e24-b4ea-fc6d4324afb7,32ccdbe1-627f-4fe3-a506-056b997ed89b,whatsapp,unknown,,whatsapp_contact,fe3eeb84-bd90-4667-bc62-0b210b11996d,2026-07-03 22:19:55.002+00,2026-07-03 20:31:43.441+00
e14814be-4d82-4679-af5a-4a399ba28c8a,591aa6a4-d182-4ae6-9192-8265dae09d5f,32ccdbe1-627f-4fe3-a506-056b997ed89b,whatsapp,unknown,,whatsapp_contact,fff4395a-3475-4c8b-9e44-72ee2898bb24,2026-07-03 14:31:48.013+00,2026-07-02 19:59:44.651+00
02abdacb-2eec-4f8c-90f2-abd6a82c5617,47df7ee9-2dab-48c4-bbeb-aeeab3bf75e6,7b577c22-5513-42cc-ab19-2bf867e14ebc,whatsapp,unknown,,whatsapp_contact,45cbc171-0776-42ad-8eb8-3609dff279eb,2026-07-03 14:41:44.521+00,2026-07-03 14:41:44.521+00
283acff8-2623-4bed-a132-99ff191f3f74,b6342fa3-0ae6-4eec-b8f8-e2e8df69d9af,32ccdbe1-627f-4fe3-a506-056b997ed89b,whatsapp,unknown,,whatsapp_contact,fff4395a-3475-4c8b-9e44-72ee2898bb24,2026-07-03 20:14:24.816+00,2026-07-02 12:45:58.718+00
745fb85d-636c-41a8-957c-593053d2f6aa,0d37ffb2-c737-492c-85a2-af2fa5463c04,32ccdbe1-627f-4fe3-a506-056b997ed89b,whatsapp,unknown,,whatsapp_contact,fff4395a-3475-4c8b-9e44-72ee2898bb24,2026-07-03 20:15:05.898+00,2026-07-03 20:15:05.898+00
cb8831e2-7b08-427f-87a6-802df46a4e8b,023f4ef9-a548-481b-8ad5-1b2f1ac8f256,32ccdbe1-627f-4fe3-a506-056b997ed89b,whatsapp,unknown,,whatsapp_contact,0750250f-f463-4c24-8778-13a8461716e6,2026-07-03 21:38:26.789+00,2026-07-03 12:42:06.115+00
edba7272-a5f6-4ea6-a8a0-97f337e34f4d,d24d332e-6120-4779-b852-fb320f7ea4ae,32ccdbe1-627f-4fe3-a506-056b997ed89b,whatsapp,unknown,,whatsapp_contact,798a97ba-64cd-453f-baa6-42b21cff41e5,2026-07-03 21:25:11.759+00,2026-07-03 21:25:11.759+00
28d71146-507f-43c3-9aaa-572ec26e9298,cb2d01fd-69df-49d5-9aac-88d79cb40f69,32ccdbe1-627f-4fe3-a506-056b997ed89b,whatsapp,unknown,,whatsapp_contact,0750250f-f463-4c24-8778-13a8461716e6,2026-07-03 22:09:49.998+00,2026-07-03 12:41:40.621+00
8f6335d3-0b64-4508-bb7d-12f69135ea33,24aef70e-3338-4904-bb6d-adb5a7104a6f,32ccdbe1-627f-4fe3-a506-056b997ed89b,whatsapp,unknown,,whatsapp_contact,47869f6b-4aba-4086-91a0-4cdf223bfe47,2026-07-04 20:20:14.474+00,2026-07-04 14:19:39.179+00
27301323-93ab-4b06-b1d6-e64c1cb327d7,7a8eeecf-4789-4c5e-af0c-9199d2748d3e,8f4abfd3-b0bd-4a0c-991a-d553d92f915a,whatsapp,unknown,,whatsapp_contact,d47a3c37-7891-4cf3-8f49-3de617c9b3d0,2026-07-15 11:06:21.912+00,2026-07-07 13:11:21.738+00
c477772f-025d-485f-b946-16426d630749,5cb0bb0c-edfd-4205-8521-af8418231b9f,32ccdbe1-627f-4fe3-a506-056b997ed89b,whatsapp,unknown,,whatsapp_contact,47869f6b-4aba-4086-91a0-4cdf223bfe47,2026-07-04 14:17:22.289+00,2026-07-04 00:59:52.577+00
6b340296-ced0-4e5e-860c-055ee67b35a5,9f646f5e-28b7-4e4d-8abf-caea712310c0,32ccdbe1-627f-4fe3-a506-056b997ed89b,whatsapp,unknown,,whatsapp_contact,74580569-1c14-44dc-a19f-0aaac5c93c5b,2026-07-10 11:43:22.631+00,2026-07-05 18:36:35.767+00
e2ebdc54-6830-43b7-9dde-a5f1e98e7dd8,85f878f3-70b2-4c02-844b-0622949557c8,32ccdbe1-627f-4fe3-a506-056b997ed89b,whatsapp,unknown,,whatsapp_contact,fff4395a-3475-4c8b-9e44-72ee2898bb24,2026-07-05 20:05:55.295+00,2026-07-05 20:05:55.295+00
5cacf14a-0873-436f-b8ad-13b24c30aa70,be69eada-9a1f-432a-899c-837a1decf424,32ccdbe1-627f-4fe3-a506-056b997ed89b,whatsapp,unknown,,whatsapp_contact,47869f6b-4aba-4086-91a0-4cdf223bfe47,2026-07-05 22:31:11.444+00,2026-07-05 22:30:46.183+00
c9c50360-be59-4450-9161-4362c5208376,c1b1918f-ca46-49b4-a268-9bc560411929,32ccdbe1-627f-4fe3-a506-056b997ed89b,whatsapp,unknown,,whatsapp_contact,add8ff1e-94c7-4eda-97d0-880d710579c7,2026-07-05 00:51:52.405+00,2026-07-05 00:51:15.178+00
baaf9f91-50ed-4072-86e0-c043fb336d58,920bc924-1add-4a6e-ad44-a45dc85429c1,32ccdbe1-627f-4fe3-a506-056b997ed89b,whatsapp,unknown,,whatsapp_contact,fff4395a-3475-4c8b-9e44-72ee2898bb24,2026-07-05 18:07:29.192+00,2026-07-05 18:07:29.192+00
c6e4a7bf-5ec1-47b4-8a0d-3982421bf958,53bd0439-aae9-48d1-a295-726081827376,32ccdbe1-627f-4fe3-a506-056b997ed89b,whatsapp,unknown,,whatsapp_contact,a46fd211-531a-46df-a7e6-9b0b4b60d1d3,2026-07-10 17:44:17.242+00,2026-07-03 21:43:47.631+00
fa86a308-11c9-45c8-ae41-a112a6077829,45a50dbe-7853-4800-a6fc-a616287002d4,32ccdbe1-627f-4fe3-a506-056b997ed89b,whatsapp,unknown,,whatsapp_contact,fff4395a-3475-4c8b-9e44-72ee2898bb24,2026-07-10 11:44:34.162+00,2026-07-07 11:58:33.204+00
abf756ff-4b00-4e5f-b7d1-6dd7c47e75e5,e4405e81-20ee-41a7-81ea-d82dd4ed698e,32ccdbe1-627f-4fe3-a506-056b997ed89b,whatsapp,unknown,,whatsapp_contact,a46fd211-531a-46df-a7e6-9b0b4b60d1d3,2026-07-10 18:51:31.885+00,2026-07-03 21:36:24.626+00
1bec9791-dd39-4c96-bd80-81a01b5f165e,7c383aea-d875-49d3-ad02-dee242edfba7,32ccdbe1-627f-4fe3-a506-056b997ed89b,whatsapp,unknown,,whatsapp_contact,fff4395a-3475-4c8b-9e44-72ee2898bb24,2026-07-05 14:26:09.558+00,2026-07-05 14:26:09.558+00
c73ec7e7-8714-4871-94ab-7473842da37d,eef3a220-9e19-4e66-a080-dc1fc5b47f8d,32ccdbe1-627f-4fe3-a506-056b997ed89b,whatsapp,unknown,,whatsapp_contact,fe3eeb84-bd90-4667-bc62-0b210b11996d,2026-07-03 22:20:12.955+00,2026-07-03 21:52:22.767+00
05ee6e78-bb7f-4054-8a75-048d8775a6e4,7fc64a01-2192-4d3e-933c-991ac95f7164,32ccdbe1-627f-4fe3-a506-056b997ed89b,whatsapp,unknown,,whatsapp_contact,fff4395a-3475-4c8b-9e44-72ee2898bb24,2026-07-04 15:23:14.07+00,2026-07-04 15:23:14.07+00
b3c922d3-0c9c-4145-8bd2-4b686c4e16e1,02e7bd98-955f-4920-b99c-66e23f407483,32ccdbe1-627f-4fe3-a506-056b997ed89b,whatsapp,unknown,,whatsapp_contact,e0213f00-59a6-436f-a3ca-f81ea6e484f9,2026-07-06 15:58:09.298+00,2026-07-06 15:58:09.298+00
79cb1f9a-dbab-4e7b-a0bb-efb8a7def125,48d6b9f8-c63f-4254-b983-b3c6310ffe79,32ccdbe1-627f-4fe3-a506-056b997ed89b,whatsapp,unknown,,whatsapp_contact,fff4395a-3475-4c8b-9e44-72ee2898bb24,2026-07-04 19:17:52.799+00,2026-07-04 14:50:47.607+00
6aea02f7-1b38-436c-98a4-4f51e75ebec4,78f947bc-46d9-4cac-88b5-9ae587e8ba80,32ccdbe1-627f-4fe3-a506-056b997ed89b,whatsapp,unknown,,whatsapp_contact,fff4395a-3475-4c8b-9e44-72ee2898bb24,2026-07-05 14:34:40.011+00,2026-07-05 14:31:28.213+00
f16402cf-e6d4-492b-9810-086f174fb231,abf3449b-17d8-4bc6-87f3-6790c772a1fc,32ccdbe1-627f-4fe3-a506-056b997ed89b,whatsapp,unknown,,whatsapp_contact,1ee488b6-31a4-479f-9027-654ebd27bc8c,2026-07-09 21:32:33.686+00,2026-07-05 00:01:32.509+00
1c87949a-f520-4243-a74c-829ccf8b9175,d1b57826-29e3-49e1-8a3a-48c74009d041,32ccdbe1-627f-4fe3-a506-056b997ed89b,whatsapp,unknown,,whatsapp_contact,fff4395a-3475-4c8b-9e44-72ee2898bb24,2026-07-08 16:32:38.38+00,2026-07-04 19:18:00.695+00
c86dd1c4-e466-4628-a30c-fe83f2c63aa7,9a39c135-00ba-4cf7-9b89-d5e487d73095,32ccdbe1-627f-4fe3-a506-056b997ed89b,whatsapp,unknown,,whatsapp_contact,47869f6b-4aba-4086-91a0-4cdf223bfe47,2026-07-05 23:06:14.304+00,2026-07-05 22:41:19.991+00
1dd59156-ea4a-4566-9f7e-93074702fc54,15c343c5-d490-4fc8-a979-d36f043c42c3,32ccdbe1-627f-4fe3-a506-056b997ed89b,whatsapp,unknown,,whatsapp_contact,fff4395a-3475-4c8b-9e44-72ee2898bb24,2026-07-07 12:14:46.733+00,2026-07-07 11:54:13.364+00
7d16aa3e-53b1-44e9-a617-103a41f418f2,b199bb98-55ef-4c4d-a2f7-4a49146a2046,32ccdbe1-627f-4fe3-a506-056b997ed89b,whatsapp,unknown,,whatsapp_contact,47869f6b-4aba-4086-91a0-4cdf223bfe47,2026-07-04 00:51:48.941+00,2026-07-03 02:51:37.304+00
a72bc369-b2b6-4ca2-83e8-3066ace5cce5,5000019f-c4ec-46f4-9b1a-dba8b824775d,32ccdbe1-627f-4fe3-a506-056b997ed89b,whatsapp,unknown,,whatsapp_contact,47869f6b-4aba-4086-91a0-4cdf223bfe47,2026-07-04 00:55:08.8+00,2026-07-04 00:55:08.8+00
1ec6c059-235f-4d10-b483-e2550d54f87d,35465baa-2fa7-4dc0-8493-b5cdab19d088,32ccdbe1-627f-4fe3-a506-056b997ed89b,whatsapp,unknown,,whatsapp_contact,47869f6b-4aba-4086-91a0-4cdf223bfe47,2026-07-07 03:18:19.269+00,2026-07-06 13:59:10.864+00
fb05273d-5b40-47ba-9bbd-d57d89bb85a5,7ffcf207-d85b-466a-82b0-25a9e0111e8d,32ccdbe1-627f-4fe3-a506-056b997ed89b,whatsapp,unknown,,whatsapp_contact,fff4395a-3475-4c8b-9e44-72ee2898bb24,2026-07-07 11:53:52.778+00,2026-07-05 14:31:06.433+00
eb190508-375b-465a-a69e-ebf3bdc6156f,b9238fbf-052a-4a74-aafc-18a4a5f8a2cb,32ccdbe1-627f-4fe3-a506-056b997ed89b,whatsapp,unknown,,whatsapp_contact,47869f6b-4aba-4086-91a0-4cdf223bfe47,2026-07-04 00:59:50.088+00,2026-07-04 00:56:27.774+00
d9c26c0a-2ef9-48d5-93b0-4b7bd03b814c,b9e48b45-06e6-4157-a449-cd80a897ac6d,32ccdbe1-627f-4fe3-a506-056b997ed89b,whatsapp,unknown,,whatsapp_contact,e0213f00-59a6-436f-a3ca-f81ea6e484f9,2026-07-06 12:40:45.457+00,2026-07-06 12:40:45.457+00
a750bbf1-de0f-4b73-a8bf-fe675b44a438,67e27e9c-aacb-498b-9e7d-b4ecc6558e6a,32ccdbe1-627f-4fe3-a506-056b997ed89b,whatsapp,unknown,,whatsapp_contact,bc2fef39-10b7-4506-ab5a-de0aaef5dfaa,2026-07-06 13:33:58.6+00,2026-07-03 21:39:25.737+00
fa012637-45db-4359-8337-f57859f3c511,81c027d1-1e71-479f-9ea8-bb9d2d9a24c9,32ccdbe1-627f-4fe3-a506-056b997ed89b,whatsapp,unknown,,whatsapp_contact,e0213f00-59a6-436f-a3ca-f81ea6e484f9,2026-07-06 13:35:22.408+00,2026-07-06 12:40:57.493+00
4dde097b-5c39-4f66-93b8-dbc1a6fc901e,2778e37a-2400-4521-b9bb-0b6190318816,32ccdbe1-627f-4fe3-a506-056b997ed89b,whatsapp,unknown,,whatsapp_contact,fff4395a-3475-4c8b-9e44-72ee2898bb24,2026-07-06 14:35:22.301+00,2026-07-06 14:35:22.301+00
5be753b4-9a53-4675-a505-51106ab9291f,c0750d7b-66c2-4e9d-88fd-08e0ae4555bf,32ccdbe1-627f-4fe3-a506-056b997ed89b,whatsapp,unknown,,whatsapp_contact,add8ff1e-94c7-4eda-97d0-880d710579c7,2026-07-06 13:42:14.723+00,2026-07-05 00:51:24.044+00
16247ecb-8e5e-49e9-aca7-8d88df8cc69a,6aa3c99d-f411-498b-a49b-6f71d4ec6d46,32ccdbe1-627f-4fe3-a506-056b997ed89b,whatsapp,unknown,,whatsapp_contact,fff4395a-3475-4c8b-9e44-72ee2898bb24,2026-07-06 10:49:56.332+00,2026-07-04 19:46:45.686+00
9a5fa897-a78d-472e-92ec-886540fb73e0,586f0cc5-66c6-4a47-a041-5e2642b8c239,32ccdbe1-627f-4fe3-a506-056b997ed89b,whatsapp,unknown,,whatsapp_contact,74580569-1c14-44dc-a19f-0aaac5c93c5b,2026-07-10 11:56:29.585+00,2026-07-06 19:37:52.272+00
8bc03d60-28fe-4a5f-b114-9b7b51db4e8a,ca5f6154-63cd-4a78-b612-8864333dc1a6,32ccdbe1-627f-4fe3-a506-056b997ed89b,whatsapp,unknown,,whatsapp_contact,747b5fdb-f101-4376-9059-de1e42c6c618,2026-07-08 13:50:03.922+00,2026-07-07 12:37:40.316+00
0ac87fc3-221e-459c-81f2-3f4ed64c9523,09a1a2a0-3c32-4f12-b2f3-8d8883d8725f,32ccdbe1-627f-4fe3-a506-056b997ed89b,whatsapp,unknown,,whatsapp_contact,fff4395a-3475-4c8b-9e44-72ee2898bb24,2026-07-07 11:58:20.289+00,2026-07-07 11:58:20.289+00
dbe92da4-fa5d-49de-846f-27390b42d4ba,6bcac790-605e-44f8-ba3e-4830de674345,32ccdbe1-627f-4fe3-a506-056b997ed89b,whatsapp,unknown,,whatsapp_contact,fff4395a-3475-4c8b-9e44-72ee2898bb24,2026-07-06 13:03:54.349+00,2026-07-06 13:03:54.349+00
7b99acfe-5969-4801-83a5-333eeccb5940,634813e7-c57e-45d6-a4da-294cc9cba767,32ccdbe1-627f-4fe3-a506-056b997ed89b,whatsapp,unknown,,whatsapp_contact,fff4395a-3475-4c8b-9e44-72ee2898bb24,2026-07-06 14:19:18.885+00,2026-07-06 14:19:18.885+00
2ad4d137-741d-445c-921a-9d7a8ad1c935,2b1b8875-0675-4d7f-993f-d4ec8828c633,32ccdbe1-627f-4fe3-a506-056b997ed89b,whatsapp,unknown,,whatsapp_contact,fff4395a-3475-4c8b-9e44-72ee2898bb24,2026-07-10 14:16:18.456+00,2026-07-04 22:37:28.869+00
5cc5e0c0-f193-47af-8a00-a64c3588cc43,126589ed-ed99-445c-921d-a00305852082,32ccdbe1-627f-4fe3-a506-056b997ed89b,whatsapp,unknown,,whatsapp_contact,47869f6b-4aba-4086-91a0-4cdf223bfe47,2026-07-06 13:58:01.701+00,2026-07-05 23:12:56.149+00
0a59581a-f0ea-4e2a-8453-4d22783f1812,887b05ca-e199-48b7-9332-2bf1b9bd11e0,32ccdbe1-627f-4fe3-a506-056b997ed89b,whatsapp,unknown,,whatsapp_contact,fff4395a-3475-4c8b-9e44-72ee2898bb24,2026-07-09 13:28:15.377+00,2026-07-05 14:34:49.379+00
5b79b92e-e322-4a38-b661-d33e7d02920f,4b5d70fe-e15d-4c8a-b643-c08b182a173a,32ccdbe1-627f-4fe3-a506-056b997ed89b,whatsapp,unknown,,whatsapp_contact,e0213f00-59a6-436f-a3ca-f81ea6e484f9,2026-07-06 20:49:57.509+00,2026-07-06 20:49:57.509+00
9b43b8c3-ace6-4883-9ae5-283803940d4f,c0992b35-3621-47f6-8419-2a7cd5762c7b,32ccdbe1-627f-4fe3-a506-056b997ed89b,whatsapp,unknown,,whatsapp_contact,747b5fdb-f101-4376-9059-de1e42c6c618,2026-07-07 12:05:16.73+00,2026-07-07 12:05:16.73+00
3149f58d-c1c7-4426-856e-cd73227a47f5,64337206-f961-4d88-a7dc-5b1ed38829be,8f4abfd3-b0bd-4a0c-991a-d553d92f915a,whatsapp,unknown,,whatsapp_contact,21beccd6-12ba-45a0-9cab-4b65d52baef5,2026-07-07 13:20:54.266+00,2026-07-07 13:20:54.266+00
2a96df51-7d34-4ffe-94e1-c041e31dc583,b773b06d-13b0-4331-9759-78461f04d2fc,8f4abfd3-b0bd-4a0c-991a-d553d92f915a,whatsapp,unknown,,whatsapp_contact,0dbb5188-9fb9-4f7d-9756-e824ff61efcb,2026-07-07 13:20:54.836+00,2026-07-07 13:20:54.836+00
32454c42-0826-4edf-95ee-b4b45ecfe55b,430b0a93-b92c-47aa-814d-05c855f87d01,8f4abfd3-b0bd-4a0c-991a-d553d92f915a,whatsapp,unknown,,whatsapp_contact,27e5f683-857d-4903-93f7-fb2a94a41e33,2026-07-07 13:35:53.152+00,2026-07-07 13:35:53.152+00
e63e6293-3a5c-448a-a3df-92d0bc608815,bb11d3b9-01d7-4fb7-ac1f-3536b1487eea,8f4abfd3-b0bd-4a0c-991a-d553d92f915a,whatsapp,unknown,,whatsapp_contact,9dfdcb62-45c3-4dae-baf5-d371e38233b7,2026-07-07 13:38:58.406+00,2026-07-07 13:38:58.406+00
a112e7ee-a315-4f97-8590-b88e12aa08c4,59c63736-5f0e-45bf-8c42-748094f94b74,8f4abfd3-b0bd-4a0c-991a-d553d92f915a,whatsapp,unknown,,whatsapp_contact,3718961c-4e09-4353-934e-fefde4d08ba1,2026-07-14 18:29:54.585+00,2026-07-07 13:53:45.403+00
05a7c8f0-9336-49c0-9388-ac4bf98ef969,b86149d7-e034-4731-a03e-e1946ed7dcce,8f4abfd3-b0bd-4a0c-991a-d553d92f915a,whatsapp,unknown,,whatsapp_contact,0dbb5188-9fb9-4f7d-9756-e824ff61efcb,2026-07-14 19:31:43.418+00,2026-07-07 13:46:35.769+00
28c0a514-fa9a-4c97-bd1c-32a5d18fbb0a,dfdbcb8c-b5a0-44b0-8a16-24e789772908,8f4abfd3-b0bd-4a0c-991a-d553d92f915a,whatsapp,unknown,,whatsapp_contact,21beccd6-12ba-45a0-9cab-4b65d52baef5,2026-07-14 21:11:48.568+00,2026-07-07 13:20:55.913+00
b5d5be2c-bab8-4ead-9e34-d28db6fd89b9,4269cc77-b880-4a31-823e-acb276c55c42,8f4abfd3-b0bd-4a0c-991a-d553d92f915a,whatsapp,unknown,,whatsapp_contact,d47a3c37-7891-4cf3-8f49-3de617c9b3d0,2026-07-14 15:34:15.694+00,2026-07-07 13:33:06.203+00
ef85126b-94e8-4701-ad06-bba68a573fc2,e712987e-007d-461d-9e88-0b8b158b46b3,32ccdbe1-627f-4fe3-a506-056b997ed89b,whatsapp,unknown,,whatsapp_contact,c3859cc4-ec60-43d9-9af8-cc494dd03aab,2026-07-07 13:46:23.727+00,2026-07-07 13:46:23.727+00
be9a87d5-04a5-4af1-b0c5-7395cd0d2af3,8711f6a6-8aae-4fac-95b6-1d61b822e92a,32ccdbe1-627f-4fe3-a506-056b997ed89b,whatsapp,unknown,,whatsapp_contact,c3859cc4-ec60-43d9-9af8-cc494dd03aab,2026-07-07 13:46:57.87+00,2026-07-07 13:46:57.87+00
c7131945-d8ce-4837-8d5b-a7619ac95354,b4ac510f-d79a-4920-b549-c107f97276f0,32ccdbe1-627f-4fe3-a506-056b997ed89b,whatsapp,unknown,,whatsapp_contact,c3859cc4-ec60-43d9-9af8-cc494dd03aab,2026-07-07 13:47:00.076+00,2026-07-07 13:46:37.03+00
ff0672fd-8ae6-4283-aa53-d7efdd41daf4,7e1b95fd-bfce-46db-8654-1ddc023aba41,32ccdbe1-627f-4fe3-a506-056b997ed89b,whatsapp,unknown,,whatsapp_contact,c3859cc4-ec60-43d9-9af8-cc494dd03aab,2026-07-07 13:47:36.409+00,2026-07-07 13:47:36.409+00
f2c308f3-7212-4a21-a97a-a28dbfd9d6fe,2bc42ce3-322b-4500-af19-b00c88a85254,32ccdbe1-627f-4fe3-a506-056b997ed89b,whatsapp,unknown,,whatsapp_contact,c3859cc4-ec60-43d9-9af8-cc494dd03aab,2026-07-07 13:48:03.631+00,2026-07-07 13:48:03.631+00
e2919e68-865c-4670-9a4d-7a27e3d80d05,16c03d3b-639e-4e64-82e8-2b025de6048d,32ccdbe1-627f-4fe3-a506-056b997ed89b,whatsapp,unknown,,whatsapp_contact,c3859cc4-ec60-43d9-9af8-cc494dd03aab,2026-07-07 13:48:43.329+00,2026-07-07 13:48:43.329+00
6acbf4c7-4f89-43f1-9fd7-ff804b2c003e,0990d245-201d-4443-9f6a-3b9d71716fff,32ccdbe1-627f-4fe3-a506-056b997ed89b,whatsapp,unknown,,whatsapp_contact,c3859cc4-ec60-43d9-9af8-cc494dd03aab,2026-07-07 13:48:47.594+00,2026-07-07 13:48:47.594+00
99d56f36-5bc8-4ffb-ad69-0639dcccad2f,8306e8ea-3797-4d19-807c-0c7ec57a1e8e,32ccdbe1-627f-4fe3-a506-056b997ed89b,whatsapp,unknown,,whatsapp_contact,c3859cc4-ec60-43d9-9af8-cc494dd03aab,2026-07-07 13:48:48.184+00,2026-07-07 13:48:48.184+00
a698c8d9-6c96-4ff9-bba9-c54375279071,dd24de5f-ad9e-4730-b43d-77a86d162d4b,8f4abfd3-b0bd-4a0c-991a-d553d92f915a,whatsapp,unknown,,whatsapp_contact,d7c53f47-e6bd-4705-801f-765fbf1acf70,2026-07-07 13:48:53.503+00,2026-07-07 13:48:53.503+00
fc26cdcc-db53-40db-b763-2db584acfc30,c900db94-1d69-4ec3-ab63-94919103bb1e,32ccdbe1-627f-4fe3-a506-056b997ed89b,whatsapp,unknown,,whatsapp_contact,c3859cc4-ec60-43d9-9af8-cc494dd03aab,2026-07-07 13:49:21.649+00,2026-07-07 13:49:21.649+00
1ba342af-6a9a-44b6-b445-4cd492689610,b89573bf-de55-4c72-80b1-5147739db5a0,32ccdbe1-627f-4fe3-a506-056b997ed89b,whatsapp,unknown,,whatsapp_contact,c3859cc4-ec60-43d9-9af8-cc494dd03aab,2026-07-07 13:50:02.6+00,2026-07-07 13:50:02.6+00
9f99c74f-7f28-4014-a086-37267f5b284b,719ccfe7-054d-4bd2-9b6b-1149f46b6ee2,32ccdbe1-627f-4fe3-a506-056b997ed89b,whatsapp,unknown,,whatsapp_contact,c3859cc4-ec60-43d9-9af8-cc494dd03aab,2026-07-07 13:50:12.998+00,2026-07-07 13:50:12.998+00
0474502f-a053-4cf4-ac32-acf3b4108440,40dc5802-090f-44c1-8515-c5d5163ed59b,32ccdbe1-627f-4fe3-a506-056b997ed89b,whatsapp,unknown,,whatsapp_contact,c3859cc4-ec60-43d9-9af8-cc494dd03aab,2026-07-07 13:50:49.835+00,2026-07-07 13:50:49.835+00
b6d8fdb4-00aa-453f-9d75-273eaa015fa3,5a26fb9b-ad2f-4c71-9c03-519b1808f1e2,32ccdbe1-627f-4fe3-a506-056b997ed89b,whatsapp,unknown,,whatsapp_contact,c3859cc4-ec60-43d9-9af8-cc494dd03aab,2026-07-07 13:51:42.885+00,2026-07-07 13:51:42.885+00
85c9b95a-e3ed-4203-aea2-408156fe2e2e,6730e896-fa33-4457-b530-1442a48d546f,32ccdbe1-627f-4fe3-a506-056b997ed89b,whatsapp,unknown,,whatsapp_contact,c3859cc4-ec60-43d9-9af8-cc494dd03aab,2026-07-07 13:52:05.879+00,2026-07-07 13:52:05.879+00
d5d0ddde-0314-4023-8480-94eab2ac0a9c,0eb95a61-e533-4b77-b47c-d7de6f84326a,32ccdbe1-627f-4fe3-a506-056b997ed89b,whatsapp,unknown,,whatsapp_contact,c3859cc4-ec60-43d9-9af8-cc494dd03aab,2026-07-07 13:52:18.201+00,2026-07-07 13:52:18.201+00
e82ffc99-9c2e-43cf-a9bb-f7c8107736a5,2b93861f-dbee-491f-945d-5da2e6f6b7b8,32ccdbe1-627f-4fe3-a506-056b997ed89b,whatsapp,unknown,,whatsapp_contact,c3859cc4-ec60-43d9-9af8-cc494dd03aab,2026-07-07 13:52:19.185+00,2026-07-07 13:52:19.185+00
9ebf9696-30ac-4d3e-b3b8-e54916792095,b827520e-1668-43c3-a511-dabdb35c68de,32ccdbe1-627f-4fe3-a506-056b997ed89b,whatsapp,unknown,,whatsapp_contact,c3859cc4-ec60-43d9-9af8-cc494dd03aab,2026-07-07 13:53:52.046+00,2026-07-07 13:53:52.046+00
a9723fbd-4ba9-434a-a3aa-6f3ec8346b55,8ade83a8-1bac-411b-922e-33348e49bdc3,32ccdbe1-627f-4fe3-a506-056b997ed89b,whatsapp,unknown,,whatsapp_contact,c3859cc4-ec60-43d9-9af8-cc494dd03aab,2026-07-07 13:54:22.649+00,2026-07-07 13:54:22.649+00
f0c66464-d56a-441d-8fa5-04c6792184fd,44b922e7-83e3-4fda-91c6-50a8d9f5fefe,32ccdbe1-627f-4fe3-a506-056b997ed89b,whatsapp,unknown,,whatsapp_contact,c3859cc4-ec60-43d9-9af8-cc494dd03aab,2026-07-07 13:55:46.957+00,2026-07-07 13:55:46.957+00
c0c76d53-cbd1-42bb-89e8-f2e0f2dd9cbc,4a0aff6b-e72e-4a15-aebd-4e1f9f0fda78,32ccdbe1-627f-4fe3-a506-056b997ed89b,whatsapp,unknown,,whatsapp_contact,c3859cc4-ec60-43d9-9af8-cc494dd03aab,2026-07-07 13:55:50.333+00,2026-07-07 13:55:50.333+00
06615732-a220-487c-80d5-b139aab1991a,739a1af4-218b-4491-9a01-1f5431c364fc,32ccdbe1-627f-4fe3-a506-056b997ed89b,whatsapp,unknown,,whatsapp_contact,c3859cc4-ec60-43d9-9af8-cc494dd03aab,2026-07-07 13:54:47.623+00,2026-07-07 13:54:47.623+00
f2c99e33-e451-452f-954b-b2a9aa6f9ee4,9b461d3b-fd8b-422a-b0d0-9debfce5cc2e,32ccdbe1-627f-4fe3-a506-056b997ed89b,whatsapp,unknown,,whatsapp_contact,c3859cc4-ec60-43d9-9af8-cc494dd03aab,2026-07-07 13:54:52.923+00,2026-07-07 13:54:52.923+00
77827d45-78ca-44ed-84a1-589d06c2e592,aab7b4f9-b9bd-4ad5-a8d0-157458df268d,32ccdbe1-627f-4fe3-a506-056b997ed89b,whatsapp,unknown,,whatsapp_contact,c3859cc4-ec60-43d9-9af8-cc494dd03aab,2026-07-07 13:57:43.192+00,2026-07-07 13:57:43.192+00
6772e0bb-4b31-4cb5-bb3c-34a5ec9e96c1,eef0010f-aaa3-4cee-9176-82649db6bb65,8f4abfd3-b0bd-4a0c-991a-d553d92f915a,whatsapp,unknown,,whatsapp_contact,21beccd6-12ba-45a0-9cab-4b65d52baef5,2026-07-14 11:10:06.64+00,2026-07-07 13:57:31.365+00
16eef1b4-7785-45b5-a3b4-b329a2179b7c,9ccb535a-a61d-47a7-84fe-895e26dbf4cc,32ccdbe1-627f-4fe3-a506-056b997ed89b,whatsapp,unknown,,whatsapp_contact,c3859cc4-ec60-43d9-9af8-cc494dd03aab,2026-07-07 13:57:41.046+00,2026-07-07 13:57:41.046+00
9b11ff43-bee3-49de-a73a-a93990a8e5bf,1023b5dd-14a2-4f9e-9c14-6ee8f3bcbf89,32ccdbe1-627f-4fe3-a506-056b997ed89b,whatsapp,unknown,,whatsapp_contact,c3859cc4-ec60-43d9-9af8-cc494dd03aab,2026-07-07 13:58:00.819+00,2026-07-07 13:58:00.819+00
b8e20439-de53-4693-acad-5ae7cf232d0d,389311ec-953f-4694-b4e5-fd1a9005cc90,8f4abfd3-b0bd-4a0c-991a-d553d92f915a,whatsapp,unknown,,whatsapp_contact,e95dd195-0413-41ef-a31c-b651529c8853,2026-07-07 14:45:00.148+00,2026-07-07 14:43:19.498+00
2703e599-a71c-4c52-a118-4ea19a6f9ef9,d33698be-d729-4069-910e-b107b776197d,8f4abfd3-b0bd-4a0c-991a-d553d92f915a,whatsapp,unknown,,whatsapp_contact,c71b5ab9-0e14-47ad-9a95-5a24bf4411b6,2026-07-14 16:19:23.676+00,2026-07-07 15:06:33.42+00
4fdd9f85-c69a-4ea4-9c94-d1068663c9e8,15ae29a2-3a7a-4000-a898-7523fac2160b,32ccdbe1-627f-4fe3-a506-056b997ed89b,whatsapp,unknown,,whatsapp_contact,c3859cc4-ec60-43d9-9af8-cc494dd03aab,2026-07-07 14:05:40.363+00,2026-07-07 14:05:40.363+00
3c5e4e0d-8081-4e7c-9665-25d4bf597e8b,5198fe0c-6fe7-4234-89f9-aad84e483b20,32ccdbe1-627f-4fe3-a506-056b997ed89b,whatsapp,unknown,,whatsapp_contact,c3859cc4-ec60-43d9-9af8-cc494dd03aab,2026-07-07 14:07:54.805+00,2026-07-07 14:07:54.805+00
42a21504-92d0-4d3b-8000-df3dfb112031,281c9931-746a-42e3-8147-f70c5ae50320,32ccdbe1-627f-4fe3-a506-056b997ed89b,whatsapp,unknown,,whatsapp_contact,c3859cc4-ec60-43d9-9af8-cc494dd03aab,2026-07-07 14:08:25.177+00,2026-07-07 14:08:25.177+00
d6389b91-5d9a-466c-b382-14b101cda209,81c9402b-5a11-4be4-a0dd-3b0584250ece,8f4abfd3-b0bd-4a0c-991a-d553d92f915a,whatsapp,unknown,,whatsapp_contact,1c4eae83-3a78-4cdb-be9b-af8f87895210,2026-07-07 14:09:25.132+00,2026-07-07 14:09:25.132+00
cc98f5cf-331c-4e48-a0a4-21c88f0a5135,47689e97-311b-46e6-bfea-4824e99c4821,8f4abfd3-b0bd-4a0c-991a-d553d92f915a,whatsapp,unknown,,whatsapp_contact,c71b5ab9-0e14-47ad-9a95-5a24bf4411b6,2026-07-07 14:09:26.927+00,2026-07-07 14:09:26.927+00
3acfa6a2-7ea6-462d-b37a-2cd11413b191,16eda450-02f0-4ddf-b512-9c9f32c97113,32ccdbe1-627f-4fe3-a506-056b997ed89b,whatsapp,unknown,,whatsapp_contact,c3859cc4-ec60-43d9-9af8-cc494dd03aab,2026-07-07 14:14:51.253+00,2026-07-07 14:14:51.253+00
406e972e-9bad-41b5-b2c0-338a6fb51674,3c599771-d4e7-49fb-99ca-d82ef22fc623,32ccdbe1-627f-4fe3-a506-056b997ed89b,whatsapp,unknown,,whatsapp_contact,c3859cc4-ec60-43d9-9af8-cc494dd03aab,2026-07-07 14:15:57.98+00,2026-07-07 14:15:57.98+00
f80d0da4-f37e-403d-8d4d-64002b4feab1,7817e7ea-bbfd-402f-9984-7960e2dd94bb,8f4abfd3-b0bd-4a0c-991a-d553d92f915a,whatsapp,unknown,,whatsapp_contact,0dbb5188-9fb9-4f7d-9756-e824ff61efcb,2026-07-14 21:32:08.414+00,2026-07-07 15:03:19.027+00
cd1ea03a-9936-4deb-8dd9-b838bc967d90,92ce20b5-2024-4e08-91d4-1247ac6c5752,8f4abfd3-b0bd-4a0c-991a-d553d92f915a,whatsapp,unknown,,whatsapp_contact,05fdc044-8af9-4dd7-8be5-8eb084b421af,2026-07-14 16:02:34.922+00,2026-07-07 14:29:41.387+00
f4cb9563-316d-48cd-b3cf-091545d4eb8a,64718553-fb9b-461b-82c2-0db8a1025337,32ccdbe1-627f-4fe3-a506-056b997ed89b,whatsapp,unknown,,whatsapp_contact,a938e954-d57f-4400-ba8d-b98080aeb53a,2026-07-07 15:06:34.863+00,2026-07-07 15:06:24.821+00
60ecafd1-1968-42ae-a962-b74cb20dfca4,f01763d1-af83-43c8-993b-0ed1f17a7754,32ccdbe1-627f-4fe3-a506-056b997ed89b,whatsapp,unknown,,whatsapp_contact,c3859cc4-ec60-43d9-9af8-cc494dd03aab,2026-07-07 15:07:07.215+00,2026-07-07 15:07:07.215+00
53d840b5-ed76-4d03-9194-7b6bd7e4717d,cc8024b3-ede6-4fab-9580-6a7146c6656e,32ccdbe1-627f-4fe3-a506-056b997ed89b,whatsapp,unknown,,whatsapp_contact,a938e954-d57f-4400-ba8d-b98080aeb53a,2026-07-07 14:28:05.54+00,2026-07-07 14:28:05.54+00
f6c191dc-683f-4dc9-a29f-e4d7ca9bf8d2,15c92be4-89db-408b-9f68-d2f05c036629,8f4abfd3-b0bd-4a0c-991a-d553d92f915a,whatsapp,unknown,,whatsapp_contact,d54833aa-5513-475b-88ca-c86012dd1290,2026-07-14 20:47:09.701+00,2026-07-07 14:39:11.054+00
c68b7db8-8f97-48ae-8e65-db91cf2b0322,2636c6e2-2934-4895-9fba-8b0937bd2605,32ccdbe1-627f-4fe3-a506-056b997ed89b,whatsapp,unknown,,whatsapp_contact,c3859cc4-ec60-43d9-9af8-cc494dd03aab,2026-07-07 14:34:39.848+00,2026-07-07 14:34:39.848+00
3b721eee-7331-4796-a33a-a4b7f12889cf,3d30565a-5dae-48d6-afc5-e62d8faab78d,32ccdbe1-627f-4fe3-a506-056b997ed89b,whatsapp,unknown,,whatsapp_contact,c3859cc4-ec60-43d9-9af8-cc494dd03aab,2026-07-07 14:38:00.558+00,2026-07-07 14:38:00.558+00
887fd873-6906-40d9-b37e-927dccc8ce56,f81810fe-8332-4df3-98b2-5e2b4c9cd165,8f4abfd3-b0bd-4a0c-991a-d553d92f915a,whatsapp,unknown,,whatsapp_contact,d54833aa-5513-475b-88ca-c86012dd1290,2026-07-07 14:38:29.418+00,2026-07-07 14:38:29.418+00
9328cf32-0f19-4603-8720-af1f34d85931,19299389-c38f-4d08-b10f-09a3c8df4723,8f4abfd3-b0bd-4a0c-991a-d553d92f915a,whatsapp,unknown,,whatsapp_contact,a7042597-2485-445c-8450-82484a9b54d3,2026-07-14 15:58:00.482+00,2026-07-07 15:52:34.05+00
c6a8bc35-6b30-4f57-91de-bec58658f810,ddff8dba-327d-49d3-99e4-3163d547124a,8f4abfd3-b0bd-4a0c-991a-d553d92f915a,whatsapp,unknown,,whatsapp_contact,77416a76-2aae-45d8-8fbd-c82f27fcda2e,2026-07-13 13:06:18.915+00,2026-07-07 15:45:53.668+00
e40dfa9c-40da-4410-b145-9fbe83a60476,5b527967-bc07-47f0-8bbe-761eef47c35c,8f4abfd3-b0bd-4a0c-991a-d553d92f915a,whatsapp,unknown,,whatsapp_contact,880adc3b-8a63-4a88-a3cb-0800dbdbb37f,2026-07-07 14:42:19.859+00,2026-07-07 14:42:19.859+00
27c93489-728d-46e6-b1ff-1038996a6b52,e480a0c5-f3c8-4097-95e1-8d2dcbfae0a2,8f4abfd3-b0bd-4a0c-991a-d553d92f915a,whatsapp,unknown,,whatsapp_contact,a7042597-2485-445c-8450-82484a9b54d3,2026-07-13 18:53:15.685+00,2026-07-07 15:12:46.58+00
a75f773e-bf01-481c-9539-406c8b8273f5,a267560c-0a06-46f4-a28e-62700a899098,8f4abfd3-b0bd-4a0c-991a-d553d92f915a,whatsapp,unknown,,whatsapp_contact,3718961c-4e09-4353-934e-fefde4d08ba1,2026-07-14 14:16:49.304+00,2026-07-07 13:57:53.06+00
a35c017c-79f7-4328-919e-1cf9e1ee05e5,358fe134-eb22-4a85-9974-ef8de5692751,8f4abfd3-b0bd-4a0c-991a-d553d92f915a,whatsapp,unknown,,whatsapp_contact,1c4eae83-3a78-4cdb-be9b-af8f87895210,2026-07-07 22:25:08.643+00,2026-07-07 14:39:06.078+00
a529698c-e9fe-4011-b567-24acc88fd896,4e7c3058-f6c0-4a17-9e6e-15682f72a39d,32ccdbe1-627f-4fe3-a506-056b997ed89b,whatsapp,unknown,,whatsapp_contact,c3859cc4-ec60-43d9-9af8-cc494dd03aab,2026-07-07 15:23:37.471+00,2026-07-07 15:23:37.471+00
277eed81-0a07-4ede-9e53-0cacba3fe440,e312a71a-c442-4cdb-9e47-7fc4366c950d,8f4abfd3-b0bd-4a0c-991a-d553d92f915a,whatsapp,unknown,,whatsapp_contact,e95dd195-0413-41ef-a31c-b651529c8853,2026-07-07 14:44:49.364+00,2026-07-07 14:25:25.748+00
71884c13-d55f-4481-93b5-7ac29de24621,456487b6-d113-47d0-bf53-c60e8bed59ee,8f4abfd3-b0bd-4a0c-991a-d553d92f915a,whatsapp,unknown,,whatsapp_contact,a7042597-2485-445c-8450-82484a9b54d3,2026-07-07 15:12:22.443+00,2026-07-07 15:12:22.443+00
042e6db3-f86e-4d4c-bce5-bc335fd2f3e4,300525a0-8cc2-4acf-9ba1-f00cb86da667,8f4abfd3-b0bd-4a0c-991a-d553d92f915a,whatsapp,unknown,,whatsapp_contact,77416a76-2aae-45d8-8fbd-c82f27fcda2e,2026-07-07 15:45:33.234+00,2026-07-07 15:45:33.234+00
8b86d069-dfb8-49a4-85e7-683d6735607e,6b84fb0d-b774-4fec-b131-f95fb8c8574b,32ccdbe1-627f-4fe3-a506-056b997ed89b,whatsapp,unknown,,whatsapp_contact,47869f6b-4aba-4086-91a0-4cdf223bfe47,2026-07-07 15:03:14.958+00,2026-07-03 00:46:01.381+00
fce1f3c3-6798-4161-a4e0-1315f909b873,07ad1471-367e-4db4-82f0-2016e67854bd,8f4abfd3-b0bd-4a0c-991a-d553d92f915a,whatsapp,unknown,,whatsapp_contact,ce986e2c-8c0b-4469-9061-7ac3b6fc7076,2026-07-07 15:05:32.687+00,2026-07-07 15:05:32.687+00
2ba7469c-71e8-4512-a69e-63778498fe22,49e03515-67d5-475f-b50d-d4130bdf0e56,8f4abfd3-b0bd-4a0c-991a-d553d92f915a,whatsapp,unknown,,whatsapp_contact,8c626556-c13c-406a-bfd8-a9156996fe9f,2026-07-10 22:45:14.749+00,2026-07-07 15:50:34.278+00
bac4878e-4e9b-4fdd-801c-cb0ef4fece87,55c6d01c-5cc1-43e0-ac98-d4a271bd31e5,32ccdbe1-627f-4fe3-a506-056b997ed89b,whatsapp,unknown,,whatsapp_contact,c3859cc4-ec60-43d9-9af8-cc494dd03aab,2026-07-07 15:20:17.057+00,2026-07-07 15:20:17.057+00
9e5668e2-1c3e-436f-ba59-c753bac23d83,73c709db-7f5c-4ae8-9447-e1338c9f56d2,8f4abfd3-b0bd-4a0c-991a-d553d92f915a,whatsapp,unknown,,whatsapp_contact,77416a76-2aae-45d8-8fbd-c82f27fcda2e,2026-07-13 11:00:50.872+00,2026-07-07 15:53:34.237+00
6473b313-3be3-4842-b411-320d4a1754cf,44859885-bde2-418e-82f7-dc1672d45393,8f4abfd3-b0bd-4a0c-991a-d553d92f915a,whatsapp,unknown,,whatsapp_contact,77416a76-2aae-45d8-8fbd-c82f27fcda2e,2026-07-12 01:27:05.401+00,2026-07-07 15:47:24.254+00
50aedbcc-5dcb-4ce7-bccf-cdb64c882e6b,06cec95e-4df1-45da-aa12-62aad21da128,8f4abfd3-b0bd-4a0c-991a-d553d92f915a,whatsapp,unknown,,whatsapp_contact,b2906da9-1a1a-4e12-a1a0-6df33c28ef13,2026-07-07 15:43:33.545+00,2026-07-07 15:43:33.545+00
71311952-26ff-41ca-a874-a70dc61f2c30,1c8bbec2-f809-4b89-aedb-371049997a2f,32ccdbe1-627f-4fe3-a506-056b997ed89b,whatsapp,unknown,,whatsapp_contact,c3859cc4-ec60-43d9-9af8-cc494dd03aab,2026-07-07 15:47:43.498+00,2026-07-07 15:47:43.498+00
d204db51-80cc-4bb1-8e0b-c2ae94fd7945,997707d2-005c-4265-93da-34663126de64,8f4abfd3-b0bd-4a0c-991a-d553d92f915a,whatsapp,unknown,,whatsapp_contact,0c6ac491-2961-42b7-9ac8-41f1e80750f6,2026-07-13 18:41:31.5+00,2026-07-07 14:49:03.408+00
872ac588-8f48-4eb9-957c-66792b9c6e1d,f2d416da-b18c-4bc6-8c63-c98031988e05,8f4abfd3-b0bd-4a0c-991a-d553d92f915a,whatsapp,unknown,,whatsapp_contact,c71b5ab9-0e14-47ad-9a95-5a24bf4411b6,2026-07-14 16:06:54.288+00,2026-07-07 14:22:05.666+00
2617da1c-a043-4902-a033-3b9c7d2b279c,13923ae2-883a-44e5-b638-39d603b7db32,32ccdbe1-627f-4fe3-a506-056b997ed89b,whatsapp,unknown,,whatsapp_contact,47869f6b-4aba-4086-91a0-4cdf223bfe47,2026-07-07 19:03:32.143+00,2026-07-07 15:09:23.716+00
cc88ce5b-70ed-459d-ab56-86d58984ce40,326c3d9b-4cbe-4c25-b2f8-3853406336ea,8f4abfd3-b0bd-4a0c-991a-d553d92f915a,whatsapp,unknown,,whatsapp_contact,0c6ac491-2961-42b7-9ac8-41f1e80750f6,2026-07-13 19:22:30.837+00,2026-07-07 14:50:19.617+00
a4a5a638-d461-4385-9d09-673f5955fcdc,04a69709-ade3-4176-b326-f9a1cf62e65a,8f4abfd3-b0bd-4a0c-991a-d553d92f915a,whatsapp,unknown,,whatsapp_contact,74e0e699-c2b1-413b-bc1e-775369275948,2026-07-14 20:07:10.217+00,2026-07-07 15:09:30.104+00
94b4535c-44a2-4e9f-8365-613d4415b789,c496e72b-84bb-47f3-b44e-1d352af69b65,8f4abfd3-b0bd-4a0c-991a-d553d92f915a,whatsapp,unknown,,whatsapp_contact,74e0e699-c2b1-413b-bc1e-775369275948,2026-07-14 20:08:32.96+00,2026-07-07 14:46:00.531+00
4fcf00a2-8d6a-49b9-842a-1704eef4870d,96f621d0-d71c-41da-8fe3-a1255db2aefa,8f4abfd3-b0bd-4a0c-991a-d553d92f915a,whatsapp,unknown,,whatsapp_contact,c71b5ab9-0e14-47ad-9a95-5a24bf4411b6,2026-07-14 14:47:04.515+00,2026-07-07 14:22:19.142+00
16491fdc-959c-4083-a44d-5ac5d0a44351,f1865cd7-2019-41d3-9111-983ba194e8d6,8f4abfd3-b0bd-4a0c-991a-d553d92f915a,whatsapp,unknown,,whatsapp_contact,1c4eae83-3a78-4cdb-be9b-af8f87895210,2026-07-07 22:27:03.19+00,2026-07-07 14:46:41.652+00
285e8e1d-bf70-4433-a856-4b7c6658ee2d,1a92750e-757f-421e-b548-eef24ee6949e,8f4abfd3-b0bd-4a0c-991a-d553d92f915a,whatsapp,unknown,,whatsapp_contact,8c626556-c13c-406a-bfd8-a9156996fe9f,2026-07-10 22:44:34.957+00,2026-07-07 15:49:25.898+00
203382da-d05f-4493-8b2d-2848d6a90026,4732fc8c-73f2-452e-adbe-dac05ea35a3b,8f4abfd3-b0bd-4a0c-991a-d553d92f915a,whatsapp,unknown,,whatsapp_contact,ce986e2c-8c0b-4469-9061-7ac3b6fc7076,2026-07-14 22:41:15.551+00,2026-07-07 15:30:41.081+00
89ec1021-4cdb-426c-9513-2cb4575f32a2,5dfdb30d-cd20-49c9-bb65-09a90a9f34b0,8f4abfd3-b0bd-4a0c-991a-d553d92f915a,whatsapp,unknown,,whatsapp_contact,9dfdcb62-45c3-4dae-baf5-d371e38233b7,2026-07-07 16:14:43.147+00,2026-07-07 16:14:43.147+00
ae33ddd6-c6f1-4dd7-8817-7fbdae237138,53b2e2b2-af9d-4526-9e08-497dc054870d,8f4abfd3-b0bd-4a0c-991a-d553d92f915a,whatsapp,unknown,,whatsapp_contact,9dfdcb62-45c3-4dae-baf5-d371e38233b7,2026-07-08 13:57:53.368+00,2026-07-07 16:09:44.138+00
58f9a7ba-aae4-4223-814e-0625db64e1c1,50145dde-7a50-4df2-a487-a0a93bf45188,8f4abfd3-b0bd-4a0c-991a-d553d92f915a,whatsapp,unknown,,whatsapp_contact,9dfdcb62-45c3-4dae-baf5-d371e38233b7,2026-07-13 14:44:30.857+00,2026-07-07 16:09:17.283+00
f1022c19-5680-4704-b054-4b1f9094ac9e,a950a927-91d3-4963-889c-b8c63bc3f845,8f4abfd3-b0bd-4a0c-991a-d553d92f915a,whatsapp,unknown,,whatsapp_contact,9dfdcb62-45c3-4dae-baf5-d371e38233b7,2026-07-07 16:13:41.424+00,2026-07-07 16:13:19.284+00
f146b1f2-edb4-4ecf-b0ed-28f9bf409430,28ff6fe8-e888-4404-8653-36a65d1ee27e,8f4abfd3-b0bd-4a0c-991a-d553d92f915a,whatsapp,unknown,,whatsapp_contact,84c409d8-4cbe-4db7-8ffb-6fb396162e89,2026-07-14 14:20:41.06+00,2026-07-07 17:37:53.804+00
bd1d0e89-fe00-4b32-abb8-32521671b4ac,cfb88831-d58c-44a1-82d3-a250b74bbf88,8f4abfd3-b0bd-4a0c-991a-d553d92f915a,whatsapp,unknown,,whatsapp_contact,c71b5ab9-0e14-47ad-9a95-5a24bf4411b6,2026-07-14 17:42:09.135+00,2026-07-07 16:59:27.39+00
aed8f9c5-2aeb-4ae8-ab7f-7f92c97489cc,cacfce88-b705-4b50-b7c6-3fa5fd00429e,8f4abfd3-b0bd-4a0c-991a-d553d92f915a,whatsapp,unknown,,whatsapp_contact,0dbb5188-9fb9-4f7d-9756-e824ff61efcb,2026-07-14 22:26:45.088+00,2026-07-07 16:11:41.984+00
29d33874-e5b4-432d-b2ee-ca83b3a175d4,212e161d-10c4-47e6-bdf5-4ab2552ba12c,8f4abfd3-b0bd-4a0c-991a-d553d92f915a,whatsapp,unknown,,whatsapp_contact,27e5f683-857d-4903-93f7-fb2a94a41e33,2026-07-07 17:16:14.368+00,2026-07-07 17:16:14.368+00
1c7dbd3a-a6b0-4e94-ae32-11ea7f3a80ab,81736bb9-4165-4dc3-b432-926f19332aff,8f4abfd3-b0bd-4a0c-991a-d553d92f915a,whatsapp,unknown,,whatsapp_contact,77416a76-2aae-45d8-8fbd-c82f27fcda2e,2026-07-14 22:37:05.315+00,2026-07-07 16:16:04.438+00
17c5da20-a6c9-4ca5-ae41-fbb16fd08181,9b5c2b70-3011-4dc2-a776-4598f3358c86,8f4abfd3-b0bd-4a0c-991a-d553d92f915a,whatsapp,unknown,,whatsapp_contact,6b5fd8e7-dea3-48be-8dc9-662328184f2d,2026-07-07 17:20:54.584+00,2026-07-07 17:20:54.584+00
0b6dc112-5af7-4ea2-9eee-53b160c0c70f,128e21af-bf69-4b41-8978-608e8027b4bf,8f4abfd3-b0bd-4a0c-991a-d553d92f915a,whatsapp,unknown,,whatsapp_contact,84c409d8-4cbe-4db7-8ffb-6fb396162e89,2026-07-07 17:22:13.683+00,2026-07-07 17:22:13.683+00
51f0672c-fcf4-420d-b349-6cee1a2213e6,50334d62-b444-4182-a027-47bbea2c5535,8f4abfd3-b0bd-4a0c-991a-d553d92f915a,whatsapp,unknown,,whatsapp_contact,84c409d8-4cbe-4db7-8ffb-6fb396162e89,2026-07-07 17:26:11.498+00,2026-07-07 17:26:11.498+00
1dc69b7a-4c29-4efd-b05d-9a9ff81fc597,8fc76a2b-ffe7-461c-81af-4abd65e65573,8f4abfd3-b0bd-4a0c-991a-d553d92f915a,whatsapp,unknown,,whatsapp_contact,27e5f683-857d-4903-93f7-fb2a94a41e33,2026-07-13 16:45:41.812+00,2026-07-07 17:16:15.063+00
217ba4d2-dd8e-4ff8-9195-ea6d1d3e43ba,326e93a3-000a-411d-bd7b-e0fb1f86ef0a,8f4abfd3-b0bd-4a0c-991a-d553d92f915a,whatsapp,unknown,,whatsapp_contact,c71b5ab9-0e14-47ad-9a95-5a24bf4411b6,2026-07-14 19:33:47.067+00,2026-07-07 17:51:23.401+00
d3748f9c-9f8b-40d9-9414-db0f2da07407,8ac62f97-5e4e-4d9d-a193-4f607c68ada8,8f4abfd3-b0bd-4a0c-991a-d553d92f915a,whatsapp,unknown,,whatsapp_contact,2a201843-387e-4d0e-abe6-46d6c219f4d2,2026-07-07 17:40:59.416+00,2026-07-07 17:40:59.416+00
d2879e7b-909e-4e4c-8374-ade68f8bb207,6ef6c60b-c031-409a-8ad6-5aad7aa90c08,8f4abfd3-b0bd-4a0c-991a-d553d92f915a,whatsapp,unknown,,whatsapp_contact,84c409d8-4cbe-4db7-8ffb-6fb396162e89,2026-07-10 11:35:58.896+00,2026-07-07 17:39:26.041+00
2ab8f0c5-40be-4b19-9e65-5ab86a4791a3,47c63490-d863-40ed-b840-96d33fa9b49f,8f4abfd3-b0bd-4a0c-991a-d553d92f915a,whatsapp,unknown,,whatsapp_contact,84c409d8-4cbe-4db7-8ffb-6fb396162e89,2026-07-14 14:20:33.554+00,2026-07-07 18:17:07.617+00
68d2a43b-f3a1-4ee6-9a96-166525f4c1c3,39d018e6-f77b-4d69-a75f-7fb89d612174,32ccdbe1-627f-4fe3-a506-056b997ed89b,whatsapp,unknown,,whatsapp_contact,c526ee86-256b-4309-bc38-0e9e04ec0e1b,2026-07-07 18:20:48.626+00,2026-07-07 18:20:40.759+00
323b593c-9563-4313-8b7d-b3d8beb483cb,eb5ba735-444c-46cc-8544-90aea9552a5c,8f4abfd3-b0bd-4a0c-991a-d553d92f915a,whatsapp,unknown,,whatsapp_contact,84c409d8-4cbe-4db7-8ffb-6fb396162e89,2026-07-07 18:25:28.903+00,2026-07-07 18:25:28.903+00
0770da98-b3d0-4655-88d6-f1a8968fef94,d9d77c6e-9106-45d5-841d-c9fb3fbc6458,32ccdbe1-627f-4fe3-a506-056b997ed89b,whatsapp,unknown,,whatsapp_contact,c3859cc4-ec60-43d9-9af8-cc494dd03aab,2026-07-07 18:35:45.902+00,2026-07-07 17:50:12.886+00
b5187ae6-7f9c-4d39-b598-26a86a74e399,02124bde-a3c0-4914-9a67-b6840d3d3271,8f4abfd3-b0bd-4a0c-991a-d553d92f915a,whatsapp,unknown,,whatsapp_contact,d54833aa-5513-475b-88ca-c86012dd1290,2026-07-14 18:32:26.086+00,2026-07-07 20:17:11.419+00
e31ec31d-2d76-4e73-93fe-fbdbc6e633c4,d8c4171b-94ec-4048-9c22-64e24d881bda,8f4abfd3-b0bd-4a0c-991a-d553d92f915a,whatsapp,unknown,,whatsapp_contact,c71b5ab9-0e14-47ad-9a95-5a24bf4411b6,2026-07-07 18:43:30.343+00,2026-07-07 18:43:30.343+00
e00d5430-a93d-4d59-a04e-44e4698062e4,0f25449a-f0bc-43cb-8c23-f452104313fb,8f4abfd3-b0bd-4a0c-991a-d553d92f915a,whatsapp,unknown,,whatsapp_contact,1c4eae83-3a78-4cdb-be9b-af8f87895210,2026-07-13 12:02:07.943+00,2026-07-07 21:31:59.389+00
0abb676b-92b8-45d4-b660-120e05821ec7,95a0085e-0f77-4a56-b3b6-46021dcb858b,8f4abfd3-b0bd-4a0c-991a-d553d92f915a,whatsapp,unknown,,whatsapp_contact,0dbb5188-9fb9-4f7d-9756-e824ff61efcb,2026-07-07 19:31:34.974+00,2026-07-07 19:31:34.974+00
b3849574-7ce9-443d-8e96-6fd78bd23d9b,710f64d6-8274-4864-a1d5-39ec22918d56,8f4abfd3-b0bd-4a0c-991a-d553d92f915a,whatsapp,unknown,,whatsapp_contact,c71b5ab9-0e14-47ad-9a95-5a24bf4411b6,2026-07-13 16:37:01.462+00,2026-07-07 16:54:59.564+00
0f3e290c-fe6f-4533-8168-456f143b88eb,749748b7-b18a-4932-b777-5ce237fef221,8f4abfd3-b0bd-4a0c-991a-d553d92f915a,whatsapp,unknown,,whatsapp_contact,c71b5ab9-0e14-47ad-9a95-5a24bf4411b6,2026-07-13 18:46:16.84+00,2026-07-07 17:11:46.955+00
1676e508-f9c7-48c5-8dc1-15276d3a1e07,47382c06-1d0a-4dfb-82a5-012b33a3010a,8f4abfd3-b0bd-4a0c-991a-d553d92f915a,whatsapp,unknown,,whatsapp_contact,d54833aa-5513-475b-88ca-c86012dd1290,2026-07-07 20:17:07.159+00,2026-07-07 20:02:10.501+00
2ee43125-2d85-424d-b242-cc361d0d65ff,28b9d997-5e49-4199-9ff0-392d5d2e187c,8f4abfd3-b0bd-4a0c-991a-d553d92f915a,whatsapp,unknown,,whatsapp_contact,d10407ba-0e28-4d8f-9682-8942108ab593,2026-07-14 19:57:25.16+00,2026-07-07 20:11:06.387+00
ee2e3215-ea60-482b-b809-114ea06f0226,05adf373-49b9-4180-90f6-eb70480b50ef,8f4abfd3-b0bd-4a0c-991a-d553d92f915a,whatsapp,unknown,,whatsapp_contact,017d8222-cf2b-4bbd-9c46-5fc189c43f20,2026-07-07 21:23:30.652+00,2026-07-07 20:09:49.624+00
87c08524-b66d-4f5e-b04b-8540f2daab9b,5bb0dc63-819c-4076-9088-77a1946ae62e,8f4abfd3-b0bd-4a0c-991a-d553d92f915a,whatsapp,unknown,,whatsapp_contact,2fcc5f27-de79-40dc-9e22-cd5267bf40e3,2026-07-14 21:33:12.223+00,2026-07-07 19:40:34.36+00
d1739163-6175-489a-9059-7f3f8fc01a71,1efb58a4-6f24-4000-ba14-8c54be21530e,8f4abfd3-b0bd-4a0c-991a-d553d92f915a,whatsapp,unknown,,whatsapp_contact,1c4eae83-3a78-4cdb-be9b-af8f87895210,2026-07-07 21:45:21.034+00,2026-07-07 21:41:55.443+00
0abeda7b-820f-4ae6-9450-0f7ab58aa6ae,f5e2749b-041b-4bcb-a766-05a6cbfeff4d,8f4abfd3-b0bd-4a0c-991a-d553d92f915a,whatsapp,unknown,,whatsapp_contact,017d8222-cf2b-4bbd-9c46-5fc189c43f20,2026-07-07 21:23:02.862+00,2026-07-07 19:02:23.614+00
dccf31ba-f22b-42ef-83cd-c4ac9ece5477,09a41949-ad48-44b9-801e-5bd57a23b486,8f4abfd3-b0bd-4a0c-991a-d553d92f915a,whatsapp,unknown,,whatsapp_contact,0dbb5188-9fb9-4f7d-9756-e824ff61efcb,2026-07-14 19:01:46.28+00,2026-07-07 20:01:45.333+00
30332998-9dc7-47d8-8be8-2d25824f8028,02cf6c88-74eb-4e94-b48f-716b793a8fdf,8f4abfd3-b0bd-4a0c-991a-d553d92f915a,whatsapp,unknown,,whatsapp_contact,a7042597-2485-445c-8450-82484a9b54d3,2026-07-13 19:17:13.522+00,2026-07-07 21:33:01.694+00
b15f8643-95cb-4314-b27a-592095d35e50,71d8e5e1-bf00-4e92-8327-dcd4b970f5b2,8f4abfd3-b0bd-4a0c-991a-d553d92f915a,whatsapp,unknown,,whatsapp_contact,e706bec3-2f6b-47f0-88d6-71ae4b76a3a5,2026-07-15 00:53:01.801+00,2026-07-07 20:21:58.007+00
e59f75c6-17a5-408d-9b8b-96f3c173c17e,67e5340f-f714-4c5c-9077-741277c5317d,8f4abfd3-b0bd-4a0c-991a-d553d92f915a,whatsapp,unknown,,whatsapp_contact,77416a76-2aae-45d8-8fbd-c82f27fcda2e,2026-07-13 12:13:38.071+00,2026-07-07 16:40:58.956+00
01c6d92b-0c6b-4ccc-884c-14f937a74378,f304d79f-25e8-4840-b16b-9e59c9236d9a,8f4abfd3-b0bd-4a0c-991a-d553d92f915a,whatsapp,unknown,,whatsapp_contact,c71b5ab9-0e14-47ad-9a95-5a24bf4411b6,2026-07-14 16:35:11.808+00,2026-07-07 20:12:59.703+00
7d84913e-38e4-44bb-9575-036fd7799c56,3ad6e4dc-ef59-489d-bdf6-ba4898339add,8f4abfd3-b0bd-4a0c-991a-d553d92f915a,whatsapp,unknown,,whatsapp_contact,77416a76-2aae-45d8-8fbd-c82f27fcda2e,2026-07-14 23:12:00.206+00,2026-07-07 17:32:59.554+00
57049d9c-5bef-442b-966c-0e593183f792,af74e3c3-e9c8-41de-90e1-1cd93860d79a,8f4abfd3-b0bd-4a0c-991a-d553d92f915a,whatsapp,unknown,,whatsapp_contact,d54833aa-5513-475b-88ca-c86012dd1290,2026-07-14 00:43:38.743+00,2026-07-07 21:20:07.111+00
c3be433f-793c-42a0-8705-1e9ef954bee3,2302d8d9-4819-489a-8818-a62a1422b7c0,8f4abfd3-b0bd-4a0c-991a-d553d92f915a,whatsapp,unknown,,whatsapp_contact,70caf345-9019-42db-aec5-0543468b6e45,2026-07-07 21:48:34.281+00,2026-07-07 21:48:34.281+00
e72d4c0c-974c-46c7-9441-020ac71f8226,fd9959ac-a33e-4d99-b598-de035d59b658,8f4abfd3-b0bd-4a0c-991a-d553d92f915a,whatsapp,unknown,,whatsapp_contact,4f1182ce-81f8-41fc-86d0-d7e49c99f6ed,2026-07-08 14:47:49.482+00,2026-07-07 20:09:33.954+00
cc98801a-3a32-4011-9eba-57d0ca26555e,e6a017df-b26e-48a5-990e-a1d230865c70,8f4abfd3-b0bd-4a0c-991a-d553d92f915a,whatsapp,unknown,,whatsapp_contact,4f1182ce-81f8-41fc-86d0-d7e49c99f6ed,2026-07-08 14:42:51.419+00,2026-07-07 20:05:57.453+00
e129a8e7-82cd-49cd-ba0d-4a73711f56a5,7511003c-cfa9-4904-8fdd-2124fbfaa5fa,8f4abfd3-b0bd-4a0c-991a-d553d92f915a,whatsapp,unknown,,whatsapp_contact,e706bec3-2f6b-47f0-88d6-71ae4b76a3a5,2026-07-14 14:16:39.009+00,2026-07-07 20:23:42.703+00
e0e72f92-a2f6-4f04-a3d0-04d5eeb534d9,f6f3dc48-5a43-4e3b-99d3-56a3e4f36bcb,8f4abfd3-b0bd-4a0c-991a-d553d92f915a,whatsapp,unknown,,whatsapp_contact,84c409d8-4cbe-4db7-8ffb-6fb396162e89,2026-07-14 14:20:47.762+00,2026-07-07 19:30:29.057+00
88eb6afe-857a-440e-b801-0b039d80ecd8,d4880e6b-2b83-46ff-8130-e8b91b2fe4c1,8f4abfd3-b0bd-4a0c-991a-d553d92f915a,whatsapp,unknown,,whatsapp_contact,6105f171-f6a7-4e05-b8b2-8ab45fb49e50,2026-07-13 15:02:11.684+00,2026-07-07 21:21:06.674+00
6e95de04-e63c-4218-8696-1d4f5780e118,6f4c0ae0-9987-4e7a-824d-6a363cadcda6,8f4abfd3-b0bd-4a0c-991a-d553d92f915a,whatsapp,unknown,,whatsapp_contact,d54833aa-5513-475b-88ca-c86012dd1290,2026-07-14 20:06:09.508+00,2026-07-07 18:35:18.913+00
1492ee67-6721-4edb-bc81-6d3bef299d40,da95b31a-3ea8-4e10-93e9-fabc99fad6a9,8f4abfd3-b0bd-4a0c-991a-d553d92f915a,whatsapp,unknown,,whatsapp_contact,c71b5ab9-0e14-47ad-9a95-5a24bf4411b6,2026-07-10 14:45:37.454+00,2026-07-07 17:13:05.901+00
f3e93f12-bb49-4006-9d86-da234d1d0b55,aeb6a16e-611a-4482-aa3c-076b7ec0b244,32ccdbe1-627f-4fe3-a506-056b997ed89b,whatsapp,unknown,,whatsapp_contact,47869f6b-4aba-4086-91a0-4cdf223bfe47,2026-07-10 22:20:39.465+00,2026-07-07 19:05:27.671+00
15c3680b-e2b5-4bb6-a89f-cfc45c10d357,73ec42cf-134d-41e3-9a55-0e8deaa82309,8f4abfd3-b0bd-4a0c-991a-d553d92f915a,whatsapp,unknown,,whatsapp_contact,d10407ba-0e28-4d8f-9682-8942108ab593,2026-07-14 19:57:04.538+00,2026-07-07 18:56:45.016+00
40a0b754-5f44-4084-9c60-c5645e0ec012,8bb3a4cb-054b-4a1f-bb75-65963ed87b0e,8f4abfd3-b0bd-4a0c-991a-d553d92f915a,whatsapp,unknown,,whatsapp_contact,c71b5ab9-0e14-47ad-9a95-5a24bf4411b6,2026-07-14 13:13:53.211+00,2026-07-07 19:52:31.842+00
d53dba09-b6f8-43fc-84f9-8ee1f9ac4d7e,72c91d89-b3e4-4c24-8b78-0845d2c864fa,8f4abfd3-b0bd-4a0c-991a-d553d92f915a,whatsapp,unknown,,whatsapp_contact,ce986e2c-8c0b-4469-9061-7ac3b6fc7076,2026-07-08 15:47:48.827+00,2026-07-08 10:30:52.082+00
95267e92-145b-4642-b424-b65d52c2077d,3d0af6b6-f337-4e61-8f05-ec6630fdbcda,8f4abfd3-b0bd-4a0c-991a-d553d92f915a,whatsapp,unknown,,whatsapp_contact,1c4eae83-3a78-4cdb-be9b-af8f87895210,2026-07-09 01:48:08.98+00,2026-07-08 12:23:06.774+00
e80025bd-bf4e-4c48-b51d-ddeb4ec73779,b5bc20f4-aad5-437e-98eb-702f14d05814,8f4abfd3-b0bd-4a0c-991a-d553d92f915a,whatsapp,unknown,,whatsapp_contact,1c4eae83-3a78-4cdb-be9b-af8f87895210,2026-07-08 00:53:40.413+00,2026-07-08 00:53:40.413+00
af034f31-2fa8-4065-8438-6946219c2014,ac5f13c5-a74a-4ce6-8beb-19f8e9d0e0a0,32ccdbe1-627f-4fe3-a506-056b997ed89b,whatsapp,unknown,,whatsapp_contact,c3859cc4-ec60-43d9-9af8-cc494dd03aab,2026-07-07 23:04:48.938+00,2026-07-07 23:04:48.938+00
fee04364-f550-403e-adae-cbf438915290,4a619315-dc80-4209-882d-d60d11405580,8f4abfd3-b0bd-4a0c-991a-d553d92f915a,whatsapp,unknown,,whatsapp_contact,d54833aa-5513-475b-88ca-c86012dd1290,2026-07-08 18:39:41.273+00,2026-07-07 21:51:10.131+00
07800109-2e5e-4ff6-87d7-e5b76ecda534,04ae0791-d462-466b-8301-250e90aa7a9f,8f4abfd3-b0bd-4a0c-991a-d553d92f915a,whatsapp,unknown,,whatsapp_contact,8b47704c-bbbe-4b99-a099-6c65f468f038,2026-07-13 14:43:49.167+00,2026-07-08 01:07:22.856+00
c052678d-dcaa-4913-a1cc-6f708a4efb8b,15d2a1c7-3253-45f9-96af-6d92a8f505fd,8f4abfd3-b0bd-4a0c-991a-d553d92f915a,whatsapp,unknown,,whatsapp_contact,f4b9652d-ef0c-48dc-89f5-1732a672d856,2026-07-07 23:58:24.469+00,2026-07-07 23:30:22.953+00
209a5824-76fe-4269-9ea6-0c134ca1d5c8,75a24e34-0dea-4b72-ac79-bb87728ba9e7,8f4abfd3-b0bd-4a0c-991a-d553d92f915a,whatsapp,unknown,,whatsapp_contact,9e399ede-e1a6-4632-87b6-815c40016d09,2026-07-11 21:17:22.713+00,2026-07-08 00:00:10.163+00
53b9e489-0c2c-4a0e-b796-9be4e5bfc606,42edcc59-2d51-4809-b2c0-94e8a5aed0f1,8f4abfd3-b0bd-4a0c-991a-d553d92f915a,whatsapp,unknown,,whatsapp_contact,c71b5ab9-0e14-47ad-9a95-5a24bf4411b6,2026-07-08 11:20:56.191+00,2026-07-08 10:48:54.259+00
dd6d1d15-6731-43e6-8801-63aee56d6324,bc647aec-3a76-4a3d-ab81-44571a298f33,8f4abfd3-b0bd-4a0c-991a-d553d92f915a,whatsapp,unknown,,whatsapp_contact,1c4eae83-3a78-4cdb-be9b-af8f87895210,2026-07-09 16:01:40.797+00,2026-07-07 21:54:33.354+00
371faa90-23ea-4009-9000-7eb16eb71522,9a52dc9a-a26e-4381-92a0-6c370f522687,32ccdbe1-627f-4fe3-a506-056b997ed89b,whatsapp,unknown,,whatsapp_contact,47869f6b-4aba-4086-91a0-4cdf223bfe47,2026-07-08 14:15:41.624+00,2026-07-08 13:03:28.711+00
bee49af2-51b1-4ad8-98dd-07c0cb4fac88,80ec72cd-18f5-4cce-9e9a-dd95b96e41fa,7b577c22-5513-42cc-ab19-2bf867e14ebc,whatsapp,unknown,,whatsapp_contact,06ae762d-29c6-4ddd-8c42-62fbba3ceec3,2026-07-08 12:32:38.266+00,2026-07-08 12:26:22.636+00
523a6a77-1a1d-44e5-a05a-c5e3411b07c3,accbde66-60fa-41a4-8c62-ddf36a7ef08c,32ccdbe1-627f-4fe3-a506-056b997ed89b,whatsapp,unknown,,whatsapp_contact,c3859cc4-ec60-43d9-9af8-cc494dd03aab,2026-07-07 23:40:09.653+00,2026-07-07 23:40:09.653+00
bdfe9843-c5d8-42f9-bf33-b46a4b460e39,82a4f1f1-ba95-4062-b4d0-071df6e8ce9d,8f4abfd3-b0bd-4a0c-991a-d553d92f915a,whatsapp,unknown,,whatsapp_contact,ce986e2c-8c0b-4469-9061-7ac3b6fc7076,2026-07-14 13:53:31.885+00,2026-07-08 11:17:10.245+00
bc630a5c-15a2-4829-a110-b4002c6645ea,1a6d4c95-fd27-47f9-b989-b3f75f47302b,8f4abfd3-b0bd-4a0c-991a-d553d92f915a,whatsapp,unknown,,whatsapp_contact,e0a6c4fc-bc38-497f-a3f8-7b7e1ef8c473,2026-07-08 12:17:29.958+00,2026-07-08 12:17:29.958+00
ed0f0225-2af8-4bb0-b309-0ce32055f08b,3d5512a9-1905-4117-b619-6a647bd341c2,8f4abfd3-b0bd-4a0c-991a-d553d92f915a,whatsapp,unknown,,whatsapp_contact,f70ed125-34c6-4d41-8293-19c1f30baad0,2026-07-08 13:06:24.713+00,2026-07-08 13:06:24.713+00
255d9e95-8247-4214-bf63-8d8b16aa613f,82f1f483-f2e1-4ecc-8414-8c3e9ed4627d,8f4abfd3-b0bd-4a0c-991a-d553d92f915a,whatsapp,unknown,,whatsapp_contact,1c4eae83-3a78-4cdb-be9b-af8f87895210,2026-07-07 23:46:47.267+00,2026-07-07 23:46:47.267+00
752a648c-52dd-43fe-960c-c67e04252d5a,8311d172-4c3b-484d-b72d-aa160f9329d5,8f4abfd3-b0bd-4a0c-991a-d553d92f915a,whatsapp,unknown,,whatsapp_contact,f4b9652d-ef0c-48dc-89f5-1732a672d856,2026-07-07 23:47:10.098+00,2026-07-07 23:46:45.581+00
fbcc9179-2c11-47f7-af31-2937ec09f5fb,4c9ab153-2c2e-4563-ba8f-7621923dcddd,8f4abfd3-b0bd-4a0c-991a-d553d92f915a,whatsapp,unknown,,whatsapp_contact,e0a6c4fc-bc38-497f-a3f8-7b7e1ef8c473,2026-07-08 12:18:05.156+00,2026-07-08 02:34:35.958+00
5b4231c7-6a60-49c9-9e9c-2c528c701a0a,d19618bd-b722-4ac2-80f3-f56b9a092a35,8f4abfd3-b0bd-4a0c-991a-d553d92f915a,whatsapp,unknown,,whatsapp_contact,5a6c4684-36e8-4a34-b659-1ff39f0dc531,2026-07-11 00:00:40.578+00,2026-07-08 00:33:10.633+00
2393195f-d781-429c-aee1-14b4c9d89219,b030a7a2-b821-4879-a74f-79534426ba61,8f4abfd3-b0bd-4a0c-991a-d553d92f915a,whatsapp,unknown,,whatsapp_contact,9e399ede-e1a6-4632-87b6-815c40016d09,2026-07-11 21:13:52.313+00,2026-07-07 22:18:10.627+00
4e87d716-4bcb-43c7-82fc-6dc3c5edd4bc,732159f7-962d-4007-a4b6-44c9082710db,8f4abfd3-b0bd-4a0c-991a-d553d92f915a,whatsapp,unknown,,whatsapp_contact,5a6c4684-36e8-4a34-b659-1ff39f0dc531,2026-07-11 00:03:36.366+00,2026-07-07 22:02:56.854+00
9d7ab845-1fc1-4506-b3f9-2245be894dc7,f73b7ef1-d3b9-47aa-8977-33c71448b59b,8f4abfd3-b0bd-4a0c-991a-d553d92f915a,whatsapp,unknown,,whatsapp_contact,8b47704c-bbbe-4b99-a099-6c65f468f038,2026-07-13 14:45:17.245+00,2026-07-07 22:27:41.412+00
0d19785d-0b96-44de-8101-2df51cbaa705,986a4d4e-f1c1-4dd1-925f-688df1839d99,8f4abfd3-b0bd-4a0c-991a-d553d92f915a,whatsapp,unknown,,whatsapp_contact,aefa3317-3f09-48b2-af0e-058ddf5ffc92,2026-07-10 13:52:55.982+00,2026-07-08 14:05:48.788+00
764b9c44-c41b-4b14-a186-75e43215894c,81f39ab5-a4ec-4e73-9ad5-9fd3545cc47c,8f4abfd3-b0bd-4a0c-991a-d553d92f915a,whatsapp,unknown,,whatsapp_contact,1c4eae83-3a78-4cdb-be9b-af8f87895210,2026-07-08 13:24:38.713+00,2026-07-08 13:24:38.713+00
49c2d359-832b-4743-a79a-bef2741d9110,09279d92-d0eb-4115-a2ba-379711587a8d,8f4abfd3-b0bd-4a0c-991a-d553d92f915a,whatsapp,unknown,,whatsapp_contact,639a6293-2cea-454b-b85b-a2013316b174,2026-07-14 16:09:52.174+00,2026-07-08 14:26:00.014+00
65dda23e-6c78-4679-81d6-41ff96fa5f2a,25fa3ffb-dc13-4f2a-a1b5-a3983e5647bf,8f4abfd3-b0bd-4a0c-991a-d553d92f915a,whatsapp,unknown,,whatsapp_contact,c71b5ab9-0e14-47ad-9a95-5a24bf4411b6,2026-07-08 14:01:03.724+00,2026-07-08 13:55:16.044+00
574065cc-0510-4004-b1f9-974cff5be9e5,05d07b9a-15eb-4217-84fe-06447a6a2049,8f4abfd3-b0bd-4a0c-991a-d553d92f915a,whatsapp,unknown,,whatsapp_contact,c71b5ab9-0e14-47ad-9a95-5a24bf4411b6,2026-07-08 14:16:18.994+00,2026-07-08 14:16:18.994+00
6368b87d-180e-40d6-9aed-76c4e4be7855,83b3ae4c-98e5-4152-892c-8e68b3b1aa82,8f4abfd3-b0bd-4a0c-991a-d553d92f915a,whatsapp,unknown,,whatsapp_contact,c71b5ab9-0e14-47ad-9a95-5a24bf4411b6,2026-07-08 14:33:17.517+00,2026-07-08 14:16:18.518+00
d2d173ab-2ce1-462c-bb73-bd6c6223c4f9,ee9b5259-637b-45f6-b8e2-483ce3b61dbc,8f4abfd3-b0bd-4a0c-991a-d553d92f915a,whatsapp,unknown,,whatsapp_contact,7b07b4de-70ef-456f-91d2-e696768da196,2026-07-08 15:25:41.366+00,2026-07-08 13:26:36.07+00
299ea7a9-e005-4af8-8ef4-8dd14ace8f42,f89bdd13-aa73-438c-bb34-ec83d2345c93,8f4abfd3-b0bd-4a0c-991a-d553d92f915a,whatsapp,unknown,,whatsapp_contact,71f89cfa-5007-400c-ad56-ca27b49b8e30,2026-07-15 00:43:31.848+00,2026-07-07 23:01:16.518+00
620a8c96-ca5c-4c44-a487-396f2fe3caa8,78d679fa-27ab-4e74-a0d9-3a815030fee9,8f4abfd3-b0bd-4a0c-991a-d553d92f915a,whatsapp,unknown,,whatsapp_contact,2a201843-387e-4d0e-abe6-46d6c219f4d2,2026-07-13 13:14:38.152+00,2026-07-07 22:59:49.861+00
cd70807c-c954-495c-8e34-efa8f136e45f,3d2284e8-717f-4415-b3f1-05e8a9bd4982,8f4abfd3-b0bd-4a0c-991a-d553d92f915a,whatsapp,unknown,,whatsapp_contact,7b07b4de-70ef-456f-91d2-e696768da196,2026-07-08 15:28:58.372+00,2026-07-08 14:45:00.044+00
0839cfc9-105e-499f-9c7b-1b1044b6022c,1ac960a7-d799-4ea2-b8c5-8411e381ddc9,8f4abfd3-b0bd-4a0c-991a-d553d92f915a,whatsapp,unknown,,whatsapp_contact,aefa3317-3f09-48b2-af0e-058ddf5ffc92,2026-07-10 13:39:00.072+00,2026-07-08 14:06:52.962+00
48c59aaf-21e0-49b9-ad9b-48ef8042ee11,54539895-9adb-4093-ad3d-0f278c9fad2f,8f4abfd3-b0bd-4a0c-991a-d553d92f915a,whatsapp,unknown,,whatsapp_contact,ce986e2c-8c0b-4469-9061-7ac3b6fc7076,2026-07-14 11:22:19.948+00,2026-07-08 10:12:23.932+00
be9b72dc-2a21-4496-a7ab-e7366098e8ef,71d8e084-be1b-484c-9208-3ce8b8a311df,8f4abfd3-b0bd-4a0c-991a-d553d92f915a,whatsapp,unknown,,whatsapp_contact,3b61fb8a-5a70-4a36-ae5a-23301d58666e,2026-07-15 11:08:24.81+00,2026-07-08 15:46:08.876+00
62a2b236-8ce6-4e82-a851-ebf00840c001,a1940c70-a7c6-4437-8a7e-f0af0b73ee3b,8f4abfd3-b0bd-4a0c-991a-d553d92f915a,whatsapp,unknown,,whatsapp_contact,47cf82cd-0388-4d0e-9a92-caec4254af5a,2026-07-08 16:43:58.661+00,2026-07-08 14:01:03.242+00
886e23bb-16a4-4d20-82d2-019783ee992a,2ac2ba69-2493-4e71-a6f4-776a64d126db,8f4abfd3-b0bd-4a0c-991a-d553d92f915a,whatsapp,unknown,,whatsapp_contact,2a946e9d-01b3-40f1-809d-1bde5a4eeaba,2026-07-14 15:34:20.533+00,2026-07-08 15:46:44.981+00
c8f900a0-1b17-42c2-b344-889a5ee72dc1,8dfb1b7a-2992-4b8e-a9f7-3d78da9f9f5c,8f4abfd3-b0bd-4a0c-991a-d553d92f915a,whatsapp,unknown,,whatsapp_contact,3b61fb8a-5a70-4a36-ae5a-23301d58666e,2026-07-14 22:39:12.001+00,2026-07-08 13:30:44.52+00
f02f88b5-27d2-42ec-b8ed-4ec61f6dc868,baa0e24f-be1d-455d-b6c9-889263b439d7,8f4abfd3-b0bd-4a0c-991a-d553d92f915a,whatsapp,unknown,,whatsapp_contact,fd2b13fd-bb94-49d5-995c-89a9f465f811,2026-07-08 16:31:07.683+00,2026-07-08 12:13:59.543+00
175f7351-93d2-4eba-9dca-6118295b33d2,057d153a-75bf-4cdf-bd6d-b23bfa47e481,32ccdbe1-627f-4fe3-a506-056b997ed89b,whatsapp,unknown,,whatsapp_contact,47869f6b-4aba-4086-91a0-4cdf223bfe47,2026-07-08 16:53:10.481+00,2026-07-08 14:17:14.533+00
f48cc9a5-4041-43f9-a1f2-c7f34ac7d1b8,1670ccd0-69ea-4e53-8851-85d53fbc4ea1,8f4abfd3-b0bd-4a0c-991a-d553d92f915a,whatsapp,unknown,,whatsapp_contact,f70ed125-34c6-4d41-8293-19c1f30baad0,2026-07-10 15:56:32.451+00,2026-07-08 13:11:43.388+00
08ff5b9a-7d8e-4682-8676-2fa4a1afb172,9d0cec3b-996c-414d-b297-eac6597c6ea5,8f4abfd3-b0bd-4a0c-991a-d553d92f915a,whatsapp,unknown,,whatsapp_contact,5f70eb16-b907-487e-bb03-686a2dc923f8,2026-07-09 11:10:22.57+00,2026-07-08 10:34:29.47+00
09a326d8-4546-4c2d-b3fb-003dc1f9c9a3,6c2fa016-f430-4019-96fe-14f8e51d8b1d,8f4abfd3-b0bd-4a0c-991a-d553d92f915a,whatsapp,unknown,,whatsapp_contact,fd2b13fd-bb94-49d5-995c-89a9f465f811,2026-07-09 11:50:41.579+00,2026-07-08 14:23:07.058+00
1147f963-d07b-4fc9-bfa1-073b3473832d,4079997c-fcae-42d5-a758-b2294e816ae8,8f4abfd3-b0bd-4a0c-991a-d553d92f915a,whatsapp,unknown,,whatsapp_contact,ce986e2c-8c0b-4469-9061-7ac3b6fc7076,2026-07-14 12:02:24.359+00,2026-07-08 12:12:04.201+00
b59fcb45-129c-46c2-aa11-a32ba40151b4,f6e93d16-4f7a-4996-8f86-b527266c41e6,8f4abfd3-b0bd-4a0c-991a-d553d92f915a,whatsapp,unknown,,whatsapp_contact,0dbb5188-9fb9-4f7d-9756-e824ff61efcb,2026-07-14 15:08:54.293+00,2026-07-08 13:12:00.22+00
571b97cf-c827-4fe2-99c4-b7b3cda356b4,0eb9afcf-19c7-4ab2-ad62-4f61a3ed7f17,8f4abfd3-b0bd-4a0c-991a-d553d92f915a,whatsapp,unknown,,whatsapp_contact,77416a76-2aae-45d8-8fbd-c82f27fcda2e,2026-07-14 22:41:42.366+00,2026-07-08 02:12:36.591+00
974cf1ce-d0c0-47ad-8f3e-a5252f66f08b,e7837129-7c17-4cc8-b93b-b24ae1bea32a,8f4abfd3-b0bd-4a0c-991a-d553d92f915a,whatsapp,unknown,,whatsapp_contact,2b9a978e-858b-4c76-9940-c606e60c34cb,2026-07-09 02:21:33.04+00,2026-07-09 01:21:28.172+00
dbf0b18f-f15c-46d2-84ae-e39c56f4e4ae,d5e62a4b-7cf2-4098-8025-6bb95f3cd358,8f4abfd3-b0bd-4a0c-991a-d553d92f915a,whatsapp,unknown,,whatsapp_contact,3e7a3123-9a83-40ce-bc28-f7a48f9afdd1,2026-07-08 16:44:00.22+00,2026-07-08 16:44:00.22+00
eb34389e-c0d4-4475-a29f-be317c0de5f6,f2ad11fc-d6f3-4162-adef-5d09abd60f31,8f4abfd3-b0bd-4a0c-991a-d553d92f915a,whatsapp,unknown,,whatsapp_contact,1c4eae83-3a78-4cdb-be9b-af8f87895210,2026-07-08 22:17:01.043+00,2026-07-08 22:17:01.043+00
aba90f42-f3cf-4a8a-bf1e-58e3161cfdb0,0275e421-d68d-4847-9d36-247a5265574a,8f4abfd3-b0bd-4a0c-991a-d553d92f915a,whatsapp,unknown,,whatsapp_contact,0dbb5188-9fb9-4f7d-9756-e824ff61efcb,2026-07-08 20:07:42.683+00,2026-07-08 20:02:27.416+00
087c210b-872b-401d-b8c7-d9c9206ed39e,f4506df7-24a2-44e5-9e5e-5bb8bd54e220,32ccdbe1-627f-4fe3-a506-056b997ed89b,whatsapp,unknown,,whatsapp_contact,fff4395a-3475-4c8b-9e44-72ee2898bb24,2026-07-08 17:13:45.227+00,2026-07-08 17:13:45.227+00
10171750-c8ad-4179-afda-4aee38dc189f,4881a7da-0353-497f-97a4-2c186384421d,32ccdbe1-627f-4fe3-a506-056b997ed89b,whatsapp,unknown,,whatsapp_contact,4f102821-fd80-487f-a1a5-f22de76fcfdf,2026-07-10 13:55:48.048+00,2026-07-09 03:53:50.379+00
4820a9d5-fb52-447c-a90b-695f65419000,bf6e787c-0e39-49b7-aa63-d865c51596d0,8f4abfd3-b0bd-4a0c-991a-d553d92f915a,whatsapp,unknown,,whatsapp_contact,1c4eae83-3a78-4cdb-be9b-af8f87895210,2026-07-08 20:17:07.492+00,2026-07-08 17:28:58.052+00
4b0cd97c-1eff-40ed-b563-2cc26e6eda7d,fe8e4cf8-ff42-450c-b890-1cf5a66fe155,8f4abfd3-b0bd-4a0c-991a-d553d92f915a,whatsapp,unknown,,whatsapp_contact,81bb3ee2-3fad-4c7e-8e2a-0f985eafa3a4,2026-07-08 18:00:29.647+00,2026-07-08 17:23:09.447+00
22b6b021-5dc1-4acf-b73b-6ea55b52542a,5c90e935-82fd-4631-97e7-202e1eb78178,8f4abfd3-b0bd-4a0c-991a-d553d92f915a,whatsapp,unknown,,whatsapp_contact,77416a76-2aae-45d8-8fbd-c82f27fcda2e,2026-07-14 18:37:26.387+00,2026-07-08 23:48:19.15+00
f91761c2-1003-4128-9177-70cfd5861eaa,cfaf5970-94fb-4a9c-bd9c-6ab800227fec,8f4abfd3-b0bd-4a0c-991a-d553d92f915a,whatsapp,unknown,,whatsapp_contact,c71b5ab9-0e14-47ad-9a95-5a24bf4411b6,2026-07-08 18:00:49.152+00,2026-07-08 18:00:49.152+00
8bd2b399-9f44-4266-9709-fec565708438,0a9c2acd-f004-4804-8ecd-eaac79d6e65f,32ccdbe1-627f-4fe3-a506-056b997ed89b,whatsapp,unknown,,whatsapp_contact,c3859cc4-ec60-43d9-9af8-cc494dd03aab,2026-07-08 18:15:43.86+00,2026-07-08 15:51:35.321+00
09fe063e-2047-4db2-9d68-c0776f57c4c6,70cf451c-342b-4f7d-9844-35f2d62fe249,32ccdbe1-627f-4fe3-a506-056b997ed89b,whatsapp,unknown,,whatsapp_contact,4f102821-fd80-487f-a1a5-f22de76fcfdf,2026-07-10 13:51:47.443+00,2026-07-08 20:34:00.227+00
7e7f3e13-199d-46e4-94a3-1ab81be424b9,50418468-cf93-43fd-a26f-85ab6b24f3ef,8f4abfd3-b0bd-4a0c-991a-d553d92f915a,whatsapp,unknown,,whatsapp_contact,a5dff866-5624-4d06-a1c5-be2e3ef3a0c0,2026-07-09 01:08:21.981+00,2026-07-09 01:08:21.981+00
a2703d99-d5c3-49f4-bfbd-38682a9c53be,95dad17f-4219-44db-9d90-130e30b2015a,8f4abfd3-b0bd-4a0c-991a-d553d92f915a,whatsapp,unknown,,whatsapp_contact,a1da3c3a-4b8f-4686-a496-db73ab96e3bb,2026-07-12 20:38:32.783+00,2026-07-08 23:45:02.511+00
66cd71e3-441a-4660-b9c0-45c929bdb03d,e79cb161-b0bd-4149-8009-80d2be1b21ed,8f4abfd3-b0bd-4a0c-991a-d553d92f915a,whatsapp,unknown,,whatsapp_contact,1c4eae83-3a78-4cdb-be9b-af8f87895210,2026-07-09 00:28:52.649+00,2026-07-09 00:28:52.649+00
5394e0e9-26a0-45eb-9641-f51986c39576,cc3bfc8e-75ba-4655-840d-d54ba0d15a05,8f4abfd3-b0bd-4a0c-991a-d553d92f915a,whatsapp,unknown,,whatsapp_contact,ed303d72-31d2-4fae-8b0c-f50e50b2d9b4,2026-07-13 22:31:25.651+00,2026-07-09 14:06:38.765+00
edc1d563-92f3-4a25-a9ed-16d50738a67b,eadd326a-8fbe-407b-8ab4-b2d45a588b2d,8f4abfd3-b0bd-4a0c-991a-d553d92f915a,whatsapp,unknown,,whatsapp_contact,d54833aa-5513-475b-88ca-c86012dd1290,2026-07-08 19:17:20.313+00,2026-07-08 19:05:33.375+00
d1786ed8-4eb9-454f-9f50-8880f8a98b67,12ae3ad4-7c34-4038-886b-2d889835e644,8f4abfd3-b0bd-4a0c-991a-d553d92f915a,whatsapp,unknown,,whatsapp_contact,81bb3ee2-3fad-4c7e-8e2a-0f985eafa3a4,2026-07-08 17:32:43.643+00,2026-07-08 17:16:31.5+00
a2792687-ac3a-4409-9e1a-ed5acb28a845,4c38525c-d18a-45e5-842d-cfde53dfb7c6,8f4abfd3-b0bd-4a0c-991a-d553d92f915a,whatsapp,unknown,,whatsapp_contact,1c4eae83-3a78-4cdb-be9b-af8f87895210,2026-07-08 21:45:59.972+00,2026-07-08 21:35:02.789+00
462ef713-b930-42d6-bbd9-6c45775d0bcf,1fc8f7a4-1ccc-4f92-bb4c-1c10ff353331,8f4abfd3-b0bd-4a0c-991a-d553d92f915a,whatsapp,unknown,,whatsapp_contact,5b01a4cf-1fcd-412f-910d-510cc9d9e6de,2026-07-11 18:36:53.098+00,2026-07-08 22:27:16.894+00
a242fccb-fff0-47a4-a5bb-b3212b89f8d0,e5902554-7487-4706-b293-1d639053bb9c,32ccdbe1-627f-4fe3-a506-056b997ed89b,whatsapp,unknown,,whatsapp_contact,fff4395a-3475-4c8b-9e44-72ee2898bb24,2026-07-08 17:44:34.219+00,2026-07-08 17:08:14.902+00
9497595d-5564-484b-828b-bb7217bc9ef5,a23e230b-cba9-4cb9-b902-9e518e3dd277,8f4abfd3-b0bd-4a0c-991a-d553d92f915a,whatsapp,unknown,,whatsapp_contact,2b9a978e-858b-4c76-9940-c606e60c34cb,2026-07-11 21:58:17.706+00,2026-07-09 13:56:41.516+00
85bfd32b-aabd-4445-af7b-338ffbad109f,8ebadb39-5194-4b73-a1bf-2ef6122e86df,8f4abfd3-b0bd-4a0c-991a-d553d92f915a,whatsapp,unknown,,whatsapp_contact,0203f61d-0d28-4fd6-abcc-1876ad385798,2026-07-13 14:21:59.547+00,2026-07-08 17:12:50.843+00
ec7f84be-4c40-403f-9a75-d5759e4d95d9,ecc6f152-89fa-476b-855d-3c3f807f0f3e,8f4abfd3-b0bd-4a0c-991a-d553d92f915a,whatsapp,unknown,,whatsapp_contact,77416a76-2aae-45d8-8fbd-c82f27fcda2e,2026-07-14 19:11:35.605+00,2026-07-09 00:04:25.843+00
e9ec2974-d39c-4288-bd33-65196c00ad91,639c82f9-8c4a-43cc-9a97-8b93d9057b47,8f4abfd3-b0bd-4a0c-991a-d553d92f915a,whatsapp,unknown,,whatsapp_contact,31b680b4-67ec-4987-87e1-4a88b19639cb,2026-07-09 12:30:22.124+00,2026-07-09 12:30:22.124+00
be190611-22ed-49fd-a26c-c61a01e4fdce,9aeb66bf-16b3-4c5b-a99d-1c5b56b8b027,8f4abfd3-b0bd-4a0c-991a-d553d92f915a,whatsapp,unknown,,whatsapp_contact,ce986e2c-8c0b-4469-9061-7ac3b6fc7076,2026-07-10 12:33:30.139+00,2026-07-08 16:47:28.8+00
0146e384-976f-4747-8afe-4df62c8d14cf,bbb068ee-cdda-4fb7-920e-27438a215667,8f4abfd3-b0bd-4a0c-991a-d553d92f915a,whatsapp,unknown,,whatsapp_contact,d54833aa-5513-475b-88ca-c86012dd1290,2026-07-14 20:58:29.399+00,2026-07-09 11:27:29.401+00
75ebfeb0-516e-4f4e-87f5-ec19af6f1ecd,198b2b62-907d-4fe0-8667-fb423b53a9f0,8f4abfd3-b0bd-4a0c-991a-d553d92f915a,whatsapp,unknown,,whatsapp_contact,fd2b13fd-bb94-49d5-995c-89a9f465f811,2026-07-09 12:38:25.389+00,2026-07-09 12:37:33.418+00
575b8a30-7c4b-4900-bd26-d9b208de482b,ba3ed954-9239-42d2-8cd1-0b880196e5a7,8f4abfd3-b0bd-4a0c-991a-d553d92f915a,whatsapp,unknown,,whatsapp_contact,e4fbc7df-cf2c-420d-9637-ec2b7116b3eb,2026-07-09 17:10:30.507+00,2026-07-09 14:22:08.481+00
f7e39bf5-922f-4df6-b299-b7fb821426da,aaec8657-87a1-483a-b98a-45c83decf01f,32ccdbe1-627f-4fe3-a506-056b997ed89b,whatsapp,unknown,,whatsapp_contact,fff4395a-3475-4c8b-9e44-72ee2898bb24,2026-07-10 17:12:21.824+00,2026-07-09 13:28:23.129+00
9f10cbf1-cb59-46b1-a60d-da0bc6d249ae,50914ba7-0a39-4c75-88cc-b055c73aac47,8f4abfd3-b0bd-4a0c-991a-d553d92f915a,whatsapp,unknown,,whatsapp_contact,70caf345-9019-42db-aec5-0543468b6e45,2026-07-11 02:36:33.073+00,2026-07-09 05:45:16.761+00
df699a2a-3325-4e45-858e-9cb1d77c6921,8eeabfb6-690a-4896-ba0c-7bc327a1932f,8f4abfd3-b0bd-4a0c-991a-d553d92f915a,whatsapp,unknown,,whatsapp_contact,e4fbc7df-cf2c-420d-9637-ec2b7116b3eb,2026-07-11 17:35:38.678+00,2026-07-09 14:12:46.774+00
f9891ba1-3667-46d3-ac53-a30b2b605270,f101efe6-6ae2-4a9a-97ac-7d51336e3a03,8f4abfd3-b0bd-4a0c-991a-d553d92f915a,whatsapp,unknown,,whatsapp_contact,a1da3c3a-4b8f-4686-a496-db73ab96e3bb,2026-07-13 00:43:10.842+00,2026-07-08 23:43:50.731+00
e563ef51-dbb1-4ff4-b898-284cef29ba58,674643f8-18e6-4759-b0b2-86edef986276,8f4abfd3-b0bd-4a0c-991a-d553d92f915a,whatsapp,unknown,,whatsapp_contact,77416a76-2aae-45d8-8fbd-c82f27fcda2e,2026-07-09 13:43:23.418+00,2026-07-09 13:43:23.418+00
b7524ea5-7e81-4ef3-9c5a-6f0486818c94,b525e3df-0440-4429-925f-a3a8fa2d56d5,8f4abfd3-b0bd-4a0c-991a-d553d92f915a,whatsapp,unknown,,whatsapp_contact,4434739b-68d0-4077-a3f3-4a15aff73588,2026-07-11 18:58:30.942+00,2026-07-08 23:45:42.303+00
f215a94f-9c0c-473d-92b4-282e8ba9df47,2294f1b5-e56e-40b9-9b2e-0ec03904b38c,8f4abfd3-b0bd-4a0c-991a-d553d92f915a,whatsapp,unknown,,whatsapp_contact,c71b5ab9-0e14-47ad-9a95-5a24bf4411b6,2026-07-09 14:31:29.246+00,2026-07-09 11:24:57.851+00
01ad3bb4-9521-4cb3-b52f-777849d7c288,1c1b60db-2b07-46d2-8274-3b55ac3d53c9,8f4abfd3-b0bd-4a0c-991a-d553d92f915a,whatsapp,unknown,,whatsapp_contact,562da26f-ae11-4073-9148-277e6439bc4d,2026-07-09 14:06:45.514+00,2026-07-09 14:06:45.514+00
90cdfb5c-6ea8-4982-b16a-7766f26e8255,8e11bf25-bd7f-4047-b907-69cc3f056feb,8f4abfd3-b0bd-4a0c-991a-d553d92f915a,whatsapp,unknown,,whatsapp_contact,c71b5ab9-0e14-47ad-9a95-5a24bf4411b6,2026-07-09 14:58:47.905+00,2026-07-09 14:38:40.935+00
8147be65-4183-49d0-ae61-aae4b15cb6b4,c2407394-67c1-4747-930b-8d8b7e6f7737,8f4abfd3-b0bd-4a0c-991a-d553d92f915a,whatsapp,unknown,,whatsapp_contact,1c4eae83-3a78-4cdb-be9b-af8f87895210,2026-07-09 23:03:17.591+00,2026-07-09 01:37:01.793+00
916898e4-51b8-4c30-9501-f3ad5c071dd8,835f2520-194a-4b0b-8745-e1e59a37800d,8f4abfd3-b0bd-4a0c-991a-d553d92f915a,whatsapp,unknown,,whatsapp_contact,77416a76-2aae-45d8-8fbd-c82f27fcda2e,2026-07-14 21:40:26.02+00,2026-07-09 12:35:03.728+00
598b47a0-ae23-44f4-a10b-1a60cba75905,ea231234-ff57-40e9-9acc-16673f6aa512,8f4abfd3-b0bd-4a0c-991a-d553d92f915a,whatsapp,unknown,,whatsapp_contact,8eaa3d9e-565d-4500-80cb-81fcaf51b38c,2026-07-09 17:10:21.675+00,2026-07-09 00:36:51.728+00
4f94924c-bb69-4ff7-92c4-4065dc8387a6,e152b864-4e2d-40bf-bca1-a8e15613a6c7,8f4abfd3-b0bd-4a0c-991a-d553d92f915a,whatsapp,unknown,,whatsapp_contact,a72177a8-de90-418d-b8fa-2f2518f352f3,2026-07-13 12:19:27.984+00,2026-07-09 13:47:03.932+00
1952773d-8143-467a-a9ad-1c2b2efb1a3c,cca1fd5f-b25a-4c92-b407-2908f8c46c72,8f4abfd3-b0bd-4a0c-991a-d553d92f915a,whatsapp,unknown,,whatsapp_contact,5b01a4cf-1fcd-412f-910d-510cc9d9e6de,2026-07-11 16:56:45.147+00,2026-07-08 22:26:06.47+00
c9b6e69b-d2a6-4c64-bc7d-c1d008cf0a67,9d4cb008-e5d2-4ebd-8595-1bda5c2b50be,8f4abfd3-b0bd-4a0c-991a-d553d92f915a,whatsapp,unknown,,whatsapp_contact,77416a76-2aae-45d8-8fbd-c82f27fcda2e,2026-07-13 11:18:17.823+00,2026-07-09 14:42:19.14+00
078d01ee-b894-4f06-a3de-67acecd6cb9a,22ef8432-1d60-40f8-9e32-370211152de7,8f4abfd3-b0bd-4a0c-991a-d553d92f915a,whatsapp,unknown,,whatsapp_contact,70caf345-9019-42db-aec5-0543468b6e45,2026-07-14 11:59:59.3+00,2026-07-08 23:20:01.634+00
03d4a2f3-49b0-4754-b174-d7b0223fe552,2bc86d4b-c765-4eae-abe5-f6b0b39bb124,8f4abfd3-b0bd-4a0c-991a-d553d92f915a,whatsapp,unknown,,whatsapp_contact,ed303d72-31d2-4fae-8b0c-f50e50b2d9b4,2026-07-13 22:19:42.497+00,2026-07-09 14:04:51.918+00
434f31b7-02a3-4207-a633-5212074e598b,39c5a426-a446-4192-b6d5-dcf9bf50cf63,8f4abfd3-b0bd-4a0c-991a-d553d92f915a,whatsapp,unknown,,whatsapp_contact,c71b5ab9-0e14-47ad-9a95-5a24bf4411b6,2026-07-13 14:28:22.258+00,2026-07-08 01:31:36.71+00
2ccf65dc-6515-4b34-87b4-ae7275ae01c2,b85c60f8-e74a-4ec0-94e2-04a033e2c593,8f4abfd3-b0bd-4a0c-991a-d553d92f915a,whatsapp,unknown,,whatsapp_contact,562da26f-ae11-4073-9148-277e6439bc4d,2026-07-09 15:30:47.868+00,2026-07-09 15:30:43.562+00
357ea310-80f7-4179-8af4-ab3993987622,75d7400a-982a-44ef-8bc3-78724d4473cf,8f4abfd3-b0bd-4a0c-991a-d553d92f915a,whatsapp,unknown,,whatsapp_contact,1c4eae83-3a78-4cdb-be9b-af8f87895210,2026-07-09 16:15:00.191+00,2026-07-09 16:15:00.191+00
9992100c-419c-4942-8262-4831ad1d5221,7ebeb651-5e2a-4094-a19f-84b6acb72a63,8f4abfd3-b0bd-4a0c-991a-d553d92f915a,whatsapp,unknown,,whatsapp_contact,1fec6a1c-0864-4856-a96a-0815ed7d8c24,2026-07-09 17:20:42.942+00,2026-07-09 17:06:39.036+00
e47bb93f-0943-476d-8c3b-5ba6a5ecde14,48c5c4d2-0c32-4e92-8866-959096b7fb1a,8f4abfd3-b0bd-4a0c-991a-d553d92f915a,whatsapp,unknown,,whatsapp_contact,c71b5ab9-0e14-47ad-9a95-5a24bf4411b6,2026-07-09 22:41:11.463+00,2026-07-09 21:44:56.913+00
3a5f595b-e994-4593-9d11-0524c9725ced,c535a4c0-f9fe-431f-adb8-49a4502f82b7,8f4abfd3-b0bd-4a0c-991a-d553d92f915a,whatsapp,unknown,,whatsapp_contact,82044363-fd7e-4af6-907e-271b3f752dce,2026-07-13 21:49:30.641+00,2026-07-10 14:02:46.014+00
297cd89c-de16-4b02-971b-b5e074256cf0,14c68594-4ca1-475e-a392-b4ed7f779b3a,32ccdbe1-627f-4fe3-a506-056b997ed89b,whatsapp,unknown,,whatsapp_contact,12970cc7-fb20-4601-94ea-fc65866c43a6,2026-07-10 14:46:36.3+00,2026-07-10 14:42:30.294+00
a22fba28-47de-44fc-bf49-25553df8beb6,de1c466e-e3ba-4ba5-8fe1-30070f38e82a,8f4abfd3-b0bd-4a0c-991a-d553d92f915a,whatsapp,unknown,,whatsapp_contact,84c409d8-4cbe-4db7-8ffb-6fb396162e89,2026-07-10 11:35:54.728+00,2026-07-10 11:35:47.021+00
427baabf-4cfe-4069-8123-db342f61b302,dd7efaaa-1394-4b0d-987b-f539efbd6095,8f4abfd3-b0bd-4a0c-991a-d553d92f915a,whatsapp,unknown,,whatsapp_contact,2f606cee-bdb3-4d23-a17a-fece9fc166e6,2026-07-12 18:05:29.455+00,2026-07-10 13:24:12.063+00
c4615e04-8256-4036-a436-b1c543a4525e,24e24552-348f-409b-81c2-c9dd0d39ec8c,8f4abfd3-b0bd-4a0c-991a-d553d92f915a,whatsapp,unknown,,whatsapp_contact,70caf345-9019-42db-aec5-0543468b6e45,2026-07-15 01:30:00.778+00,2026-07-09 22:11:20.273+00
78a0ea52-bda8-40a2-915b-7678b3eceb6e,3d58387e-3247-45ad-a3ed-21129ebe8e36,32ccdbe1-627f-4fe3-a506-056b997ed89b,whatsapp,unknown,,whatsapp_contact,4e4daeb8-ee30-4011-b4cc-967867a0d72f,2026-07-10 13:09:57.258+00,2026-07-10 13:08:48.094+00
8f839777-db34-4d53-b19e-1d6d728e71c7,d56dd700-56b8-4cde-b95e-09526e22368b,32ccdbe1-627f-4fe3-a506-056b997ed89b,whatsapp,unknown,,whatsapp_contact,4e4daeb8-ee30-4011-b4cc-967867a0d72f,2026-07-10 13:11:16.025+00,2026-07-10 13:07:35.935+00
c615e229-d19c-4f2d-9d79-cd9f453fd6b7,c20a8b06-6180-4d46-8fb4-6e16c56cbadf,8f4abfd3-b0bd-4a0c-991a-d553d92f915a,whatsapp,unknown,,whatsapp_contact,1c4eae83-3a78-4cdb-be9b-af8f87895210,2026-07-10 21:02:08.592+00,2026-07-09 16:13:23.52+00
90ccfe79-6b39-4f45-8c3a-5996d744fbce,d47cee4a-5f4f-40ce-8715-2749e6f4f406,8f4abfd3-b0bd-4a0c-991a-d553d92f915a,whatsapp,unknown,,whatsapp_contact,0d59e430-7cd5-437e-adf1-9d818a30b1f0,2026-07-10 14:23:36.718+00,2026-07-10 14:22:54.16+00
112ad6a7-87d4-43d0-8415-8c994307fc6a,751c9abd-4292-4702-b8a4-1eaa446d220a,8f4abfd3-b0bd-4a0c-991a-d553d92f915a,whatsapp,unknown,,whatsapp_contact,7fba0c00-73c0-475b-a87d-5bca58b2dbf1,2026-07-11 09:13:11.3+00,2026-07-09 17:20:21.473+00
e60787fc-530b-47a9-b4ab-53bb48e45b1d,e5372a02-a492-4093-83ad-5097606bb067,32ccdbe1-627f-4fe3-a506-056b997ed89b,whatsapp,unknown,,whatsapp_contact,fff4395a-3475-4c8b-9e44-72ee2898bb24,2026-07-09 21:43:18.418+00,2026-07-09 17:33:57.666+00
001baa91-063f-491e-a08c-059f481e0f69,e2548ad7-3479-46fa-b115-9a6c78121c82,32ccdbe1-627f-4fe3-a506-056b997ed89b,whatsapp,unknown,,whatsapp_contact,63b39129-b5d3-40c9-8f40-b6661c75185f,2026-07-09 19:51:24.594+00,2026-07-09 16:20:44.402+00
67450ca1-c468-4b54-bc57-e436fe0c1d85,cecc4c60-4690-4e1e-9420-92383640edb1,8f4abfd3-b0bd-4a0c-991a-d553d92f915a,whatsapp,unknown,,whatsapp_contact,31b680b4-67ec-4987-87e1-4a88b19639cb,2026-07-09 17:11:21.117+00,2026-07-09 17:11:21.117+00
770dc6fb-4a29-4995-8743-3b2db195e45d,8d64cef2-605e-427b-969c-8ae04c191763,32ccdbe1-627f-4fe3-a506-056b997ed89b,whatsapp,unknown,,whatsapp_contact,47869f6b-4aba-4086-91a0-4cdf223bfe47,2026-07-10 22:18:11.011+00,2026-07-08 16:54:40.122+00
92a021cb-aa2c-4027-a455-009d21a95fc3,ff0cb00f-03b5-4695-9a51-b7a46d9300b9,8f4abfd3-b0bd-4a0c-991a-d553d92f915a,whatsapp,unknown,,whatsapp_contact,8764fdc7-2927-4134-b62e-4b1989174a05,2026-07-10 12:53:00.735+00,2026-07-10 12:53:00.735+00
a594d25e-f89c-4de6-9d20-62859a723dde,d4b2fd96-12e0-4a17-9b58-6bda02c8c877,8f4abfd3-b0bd-4a0c-991a-d553d92f915a,whatsapp,unknown,,whatsapp_contact,c71b5ab9-0e14-47ad-9a95-5a24bf4411b6,2026-07-09 18:22:54.442+00,2026-07-09 18:22:54.442+00
04ab7eff-4fab-475c-86a7-d894eb9548e0,52b5a119-e041-4b2d-b122-f7874e6f25b1,32ccdbe1-627f-4fe3-a506-056b997ed89b,whatsapp,unknown,,whatsapp_contact,63b39129-b5d3-40c9-8f40-b6661c75185f,2026-07-09 19:55:15.043+00,2026-07-09 16:11:11.3+00
fa3f968c-9359-45b9-a1a0-5df107247f4f,71e1a379-251e-4054-9049-2dbc5edc267c,8f4abfd3-b0bd-4a0c-991a-d553d92f915a,whatsapp,unknown,,whatsapp_contact,c71b5ab9-0e14-47ad-9a95-5a24bf4411b6,2026-07-09 18:29:35.304+00,2026-07-09 18:29:35.304+00
e8f45541-3229-448f-868c-71c5955f3613,a3134065-926b-4d96-9edc-575a3ff47e95,8f4abfd3-b0bd-4a0c-991a-d553d92f915a,whatsapp,unknown,,whatsapp_contact,f2cf7a39-6c82-4744-b175-111aa589b0a2,2026-07-10 12:53:29.038+00,2026-07-10 12:53:29.038+00
4eedcda8-43c6-43ea-8932-c512e1262260,2956de5d-0153-4beb-8a16-4c26a4d43925,32ccdbe1-627f-4fe3-a506-056b997ed89b,whatsapp,unknown,,whatsapp_contact,9e97972d-e968-4fed-af09-27616e683083,2026-07-10 00:20:10.869+00,2026-07-09 16:19:57.714+00
8fd49d6d-71e1-459d-a4d1-c0a29476e2b6,2a280068-4a0e-4c0a-934b-f54ed4ff98f8,8f4abfd3-b0bd-4a0c-991a-d553d92f915a,whatsapp,unknown,,whatsapp_contact,1fec6a1c-0864-4856-a96a-0815ed7d8c24,2026-07-09 17:13:57.619+00,2026-07-09 15:14:47.877+00
a311f986-ce36-422b-93a9-6258b7ca1e15,d191c885-4e33-4b34-8900-feff4bdf863a,8f4abfd3-b0bd-4a0c-991a-d553d92f915a,whatsapp,unknown,,whatsapp_contact,0162fbf4-e0a0-402d-a109-577db549c24e,2026-07-09 18:40:57.406+00,2026-07-09 18:40:57.406+00
b020b39a-7c89-4274-9c5c-d01803bb7786,19240ed1-757f-4522-b3d1-824eced7fea7,8f4abfd3-b0bd-4a0c-991a-d553d92f915a,whatsapp,unknown,,whatsapp_contact,1c4eae83-3a78-4cdb-be9b-af8f87895210,2026-07-09 22:22:19.42+00,2026-07-09 22:22:19.42+00
757496cb-5c28-405a-afab-d9f1ceba7e5f,2f972456-84fa-48c7-97e0-08bd249b3d8c,8f4abfd3-b0bd-4a0c-991a-d553d92f915a,whatsapp,unknown,,whatsapp_contact,1c4eae83-3a78-4cdb-be9b-af8f87895210,2026-07-09 22:30:29.009+00,2026-07-09 16:19:07.493+00
73989b9b-0b72-4497-8f16-4ea3ae2083d4,4cb09ccf-da2f-458b-9706-f563a5a141d1,8f4abfd3-b0bd-4a0c-991a-d553d92f915a,whatsapp,unknown,,whatsapp_contact,5f70eb16-b907-487e-bb03-686a2dc923f8,2026-07-15 10:35:02.786+00,2026-07-10 11:43:15.604+00
2ab85261-ba13-4df4-ae6e-8dbc5a3586b2,c72a0a05-dea7-4c6d-ae9c-9834a8e0ce09,32ccdbe1-627f-4fe3-a506-056b997ed89b,whatsapp,unknown,,whatsapp_contact,97dd098b-56f5-4bc0-80be-3c5bfbfc6f40,2026-07-10 13:02:19.4+00,2026-07-10 11:14:47.941+00
0defb02a-eaa0-49f9-936f-746e4759dee5,8405d501-1fb5-44cf-b301-00832fcfacc2,8f4abfd3-b0bd-4a0c-991a-d553d92f915a,whatsapp,unknown,,whatsapp_contact,9dfdcb62-45c3-4dae-baf5-d371e38233b7,2026-07-10 14:21:58.871+00,2026-07-10 14:21:58.871+00
371fcf86-828c-4581-8613-e8e067292c0e,2a7f5150-b80b-43fc-a047-2de86b624506,32ccdbe1-627f-4fe3-a506-056b997ed89b,whatsapp,unknown,,whatsapp_contact,97dd098b-56f5-4bc0-80be-3c5bfbfc6f40,2026-07-10 13:03:37.934+00,2026-07-10 11:18:21.043+00
f6c6fa99-9e52-4817-937e-23864ad3a361,046c3ec2-968c-462c-b6d1-e840fca4c826,8f4abfd3-b0bd-4a0c-991a-d553d92f915a,whatsapp,unknown,,whatsapp_contact,2f606cee-bdb3-4d23-a17a-fece9fc166e6,2026-07-13 01:36:59.565+00,2026-07-10 13:21:35.175+00
714f7b01-6acf-4a5f-a4e8-ae705fcc51a5,458b9f66-d572-4573-b2b4-d0d628086217,8f4abfd3-b0bd-4a0c-991a-d553d92f915a,whatsapp,unknown,,whatsapp_contact,c71b5ab9-0e14-47ad-9a95-5a24bf4411b6,2026-07-10 10:11:54.156+00,2026-07-10 10:11:54.156+00
86ab0066-b080-45cd-8c10-fdc9a5e401ba,20757e00-b6d6-4867-8f5d-f819be46ef61,32ccdbe1-627f-4fe3-a506-056b997ed89b,whatsapp,unknown,,whatsapp_contact,fff4395a-3475-4c8b-9e44-72ee2898bb24,2026-07-10 15:29:34.316+00,2026-07-10 14:16:24.076+00
a786be80-8bc6-4d35-9adf-02d112aa6c8c,dfe8e140-1b98-404f-9c48-e1fa03396a60,8f4abfd3-b0bd-4a0c-991a-d553d92f915a,whatsapp,unknown,,whatsapp_contact,84c409d8-4cbe-4db7-8ffb-6fb396162e89,2026-07-10 13:24:58.663+00,2026-07-10 13:24:58.663+00
96cdb835-f0ef-4b89-93e6-d508a6daeda6,78641eb5-a43b-4e5e-a524-46cdb0f3b3c4,8f4abfd3-b0bd-4a0c-991a-d553d92f915a,whatsapp,unknown,,whatsapp_contact,c71b5ab9-0e14-47ad-9a95-5a24bf4411b6,2026-07-10 16:02:27.75+00,2026-07-10 15:39:58.586+00
112adbca-fd90-4dc9-99d0-89efcb687e89,86217962-e36e-40fb-ac08-58168c114226,8f4abfd3-b0bd-4a0c-991a-d553d92f915a,whatsapp,unknown,,whatsapp_contact,77416a76-2aae-45d8-8fbd-c82f27fcda2e,2026-07-10 14:30:37.637+00,2026-07-10 14:30:37.637+00
70982a05-cb1a-4d1b-a710-aa9250b3161a,89dab789-359b-403f-b600-9a1fa42d814d,32ccdbe1-627f-4fe3-a506-056b997ed89b,whatsapp,unknown,,whatsapp_contact,12970cc7-fb20-4601-94ea-fc65866c43a6,2026-07-10 14:53:18.202+00,2026-07-09 16:43:40.877+00
b13a3dc0-0843-4ead-b0b3-bb73f5c810c3,9f6087e9-a157-454a-8c8f-388b01b5aad2,8f4abfd3-b0bd-4a0c-991a-d553d92f915a,whatsapp,unknown,,whatsapp_contact,c71b5ab9-0e14-47ad-9a95-5a24bf4411b6,2026-07-10 15:39:31.526+00,2026-07-10 15:39:31.526+00
d2175b0b-08d6-438c-8905-8c0ec26d2394,d54e40e2-f4e3-4070-850b-266d0dbb414f,8f4abfd3-b0bd-4a0c-991a-d553d92f915a,whatsapp,unknown,,whatsapp_contact,82044363-fd7e-4af6-907e-271b3f752dce,2026-07-13 21:58:42.698+00,2026-07-10 14:16:05.877+00
5a1b64f3-b5ab-4750-9513-2d82e631ae25,2eb34cfe-8dbf-4e4a-9b73-b5c8beac202c,8f4abfd3-b0bd-4a0c-991a-d553d92f915a,whatsapp,unknown,,whatsapp_contact,0dbb5188-9fb9-4f7d-9756-e824ff61efcb,2026-07-10 19:08:43.68+00,2026-07-10 15:51:06.316+00
671dcd00-2dcb-484c-bb4c-c7481011648d,6a473737-93ec-4594-af32-63cdc1d843b2,8f4abfd3-b0bd-4a0c-991a-d553d92f915a,whatsapp,unknown,,whatsapp_contact,ed1afa41-f54b-400f-adb7-bffe17d4626e,2026-07-10 16:31:46.737+00,2026-07-10 16:31:46.737+00
a54afe6c-2cd3-4b50-ba9e-3dea3b55cbc1,939c5ca0-6f28-4fa3-9999-3e240a66ace6,8f4abfd3-b0bd-4a0c-991a-d553d92f915a,whatsapp,unknown,,whatsapp_contact,ed1afa41-f54b-400f-adb7-bffe17d4626e,2026-07-10 16:39:01.833+00,2026-07-10 16:39:01.833+00
998aa143-46f2-4891-90cc-1a87790521f1,9964aacb-3343-47c7-91c8-e33b3179080b,8f4abfd3-b0bd-4a0c-991a-d553d92f915a,whatsapp,unknown,,whatsapp_contact,0dbb5188-9fb9-4f7d-9756-e824ff61efcb,2026-07-14 17:42:50.819+00,2026-07-09 18:51:43.169+00
66d8303c-32d1-4ea9-ae9d-58d84c4beb22,8042f187-229b-4670-9852-d65f030ccef7,8f4abfd3-b0bd-4a0c-991a-d553d92f915a,whatsapp,unknown,,whatsapp_contact,9dfdcb62-45c3-4dae-baf5-d371e38233b7,2026-07-14 13:30:02.553+00,2026-07-10 14:22:02.115+00
5e4e83ef-8996-4604-b610-8e14974f4ba8,0e8cc1c9-bbaf-4ec4-83de-58d20a82e936,8f4abfd3-b0bd-4a0c-991a-d553d92f915a,whatsapp,unknown,,whatsapp_contact,70caf345-9019-42db-aec5-0543468b6e45,2026-07-15 01:49:17.214+00,2026-07-09 21:48:35.686+00
0ae1c81a-c58b-4c20-9ccc-33778aa7392c,5bcb747b-19e7-4c36-993e-2c1cadc08d35,8f4abfd3-b0bd-4a0c-991a-d553d92f915a,whatsapp,unknown,,whatsapp_contact,70af459f-0a43-4992-a4ae-9415ce0f03c2,2026-07-14 20:55:25.303+00,2026-07-10 17:01:22.156+00
0485d4f9-ebbd-4c61-b7ce-2b4a5b7a233a,6581af6e-84cd-41ab-a017-fcc10dfc5731,8f4abfd3-b0bd-4a0c-991a-d553d92f915a,whatsapp,unknown,,whatsapp_contact,0a0a47f3-5453-4cc9-965d-4a8ae6096069,2026-07-11 12:27:32.607+00,2026-07-11 12:08:33.01+00
bb5bfd3d-b86b-4714-82e0-b6d26565476b,4d40a72c-49ae-4021-ad1f-661afc7a41c3,32ccdbe1-627f-4fe3-a506-056b997ed89b,whatsapp,unknown,,whatsapp_contact,fff4395a-3475-4c8b-9e44-72ee2898bb24,2026-07-10 17:32:55.78+00,2026-07-10 17:32:55.78+00
d68440a3-0250-4c2c-9088-fe3285a540f1,8db2d471-fb07-495e-a966-08158e2121d7,8f4abfd3-b0bd-4a0c-991a-d553d92f915a,whatsapp,unknown,,whatsapp_contact,35664f47-b72f-4c42-aaba-5705d9814c4b,2026-07-10 19:08:37.393+00,2026-07-10 19:08:37.393+00
b229c0cd-256c-4884-8d43-e20b1da84984,cdaa362d-ebdb-43e4-8510-1bd9a4344d5a,8f4abfd3-b0bd-4a0c-991a-d553d92f915a,whatsapp,unknown,,whatsapp_contact,c71b5ab9-0e14-47ad-9a95-5a24bf4411b6,2026-07-10 19:08:39.562+00,2026-07-10 19:08:39.562+00
357dc15c-c1c0-473e-8b96-247ae31d64a5,753f7e33-2aef-4f02-84ae-3072fe7fb072,8f4abfd3-b0bd-4a0c-991a-d553d92f915a,whatsapp,unknown,,whatsapp_contact,35664f47-b72f-4c42-aaba-5705d9814c4b,2026-07-10 19:20:36.163+00,2026-07-10 19:20:36.163+00
e812a9a7-4f06-4838-94f6-7556fe503dbe,72fb2e47-963c-43af-97b8-988be901530d,8f4abfd3-b0bd-4a0c-991a-d553d92f915a,whatsapp,unknown,,whatsapp_contact,0a0a47f3-5453-4cc9-965d-4a8ae6096069,2026-07-11 12:28:03.05+00,2026-07-11 12:06:10.35+00
7ffff54d-d644-4675-a00c-83fc6e6866ef,5b4d0897-b64d-4a6e-9fbb-1945f6660e78,8f4abfd3-b0bd-4a0c-991a-d553d92f915a,whatsapp,unknown,,whatsapp_contact,e882dbba-1ffb-4b85-a073-614681b2bcb2,2026-07-12 00:16:27.562+00,2026-07-11 23:59:24.82+00
da09bd63-249d-442e-923c-500df945c7ac,23e63936-8c50-44b2-99d0-0be9436d26a5,8f4abfd3-b0bd-4a0c-991a-d553d92f915a,whatsapp,unknown,,whatsapp_contact,4434739b-68d0-4077-a3f3-4a15aff73588,2026-07-11 18:58:53.87+00,2026-07-11 00:10:54.935+00
6ebe682c-d3ed-441a-b98c-44518e708cfd,405de55e-9ad4-4104-845b-73e4a142320c,8f4abfd3-b0bd-4a0c-991a-d553d92f915a,whatsapp,unknown,,whatsapp_contact,0dbb5188-9fb9-4f7d-9756-e824ff61efcb,2026-07-13 12:01:56.706+00,2026-07-10 20:34:40.765+00
a184b0ab-5187-48c3-be3e-bccc0e2eaeb0,a8f6ad7e-7de7-41e3-9fbe-db6f643853d5,8f4abfd3-b0bd-4a0c-991a-d553d92f915a,whatsapp,unknown,,whatsapp_contact,e882dbba-1ffb-4b85-a073-614681b2bcb2,2026-07-12 00:29:28.84+00,2026-07-11 23:48:01.003+00
4d64eae4-2a89-4b78-be24-7cb6d55f3f69,1c32d3d7-6161-4bad-a261-5164c9d533b6,8f4abfd3-b0bd-4a0c-991a-d553d92f915a,whatsapp,unknown,,whatsapp_contact,e60c1811-e0c2-4116-95b9-69dc5c18eba5,2026-07-13 18:16:04.715+00,2026-07-10 21:18:54.935+00
b3f46528-bebc-4eda-ba8f-39278e8325e1,bd2ad1b0-66fe-44c0-9b7a-4df6f53f8b78,8f4abfd3-b0bd-4a0c-991a-d553d92f915a,whatsapp,unknown,,whatsapp_contact,77416a76-2aae-45d8-8fbd-c82f27fcda2e,2026-07-11 23:46:58.504+00,2026-07-11 23:26:26.768+00
72395365-4cdb-40ac-b28a-abb8b29fa05d,f128aa5e-13b8-4a4e-a47b-f6b9a45a7695,8f4abfd3-b0bd-4a0c-991a-d553d92f915a,whatsapp,unknown,,whatsapp_contact,e882dbba-1ffb-4b85-a073-614681b2bcb2,2026-07-11 23:47:56.453+00,2026-07-11 23:47:56.453+00
5b958ba3-c7e7-401c-9ef7-f973eb56258c,ff6254da-71ce-48bf-a20e-e2f808e034c5,8f4abfd3-b0bd-4a0c-991a-d553d92f915a,whatsapp,unknown,,whatsapp_contact,f9862137-d166-48ed-9b22-77e1841ea507,2026-07-10 20:18:45.165+00,2026-07-10 20:11:04.701+00
1e0fca34-1bcd-4d67-8aeb-dc666642c525,43e26245-54fe-43dc-919d-ff6d9ee54e5a,8f4abfd3-b0bd-4a0c-991a-d553d92f915a,whatsapp,unknown,,whatsapp_contact,0d2a55d2-3be8-4fbe-9aea-2d521007be2b,2026-07-11 18:19:14.706+00,2026-07-10 22:59:20.077+00
3529b901-ad65-4eac-aca5-73e8a1be06d4,f5031027-7589-4845-93a6-687036bbcf01,8f4abfd3-b0bd-4a0c-991a-d553d92f915a,whatsapp,unknown,,whatsapp_contact,f9862137-d166-48ed-9b22-77e1841ea507,2026-07-10 20:32:24.285+00,2026-07-10 19:41:22.489+00
12867f66-d846-44cb-803a-c5b34524525a,fb5f0065-d360-46c7-a90b-73e14c0f214a,8f4abfd3-b0bd-4a0c-991a-d553d92f915a,whatsapp,unknown,,whatsapp_contact,e705b87d-b5a1-47fd-bc58-eddf4c2fad67,2026-07-14 19:42:32.388+00,2026-07-11 09:19:00.557+00
f33a662b-0bfb-4513-aac6-c21ec1a94cb9,0ce67387-7dd4-44bf-80e0-c712d12ff197,8f4abfd3-b0bd-4a0c-991a-d553d92f915a,whatsapp,unknown,,whatsapp_contact,a9c8b282-03c8-40dd-9fb6-a05df4dd5ced,2026-07-10 20:47:07.102+00,2026-07-10 20:47:07.102+00
e92149d6-ba43-479c-ad40-56bdb54f0ec2,550b6dbe-5e2f-4663-98d7-fc69c7403646,8f4abfd3-b0bd-4a0c-991a-d553d92f915a,whatsapp,unknown,,whatsapp_contact,d54833aa-5513-475b-88ca-c86012dd1290,2026-07-14 23:03:58.792+00,2026-07-12 18:50:01.598+00
5ed3c64c-2de0-42a8-8a82-a1072037f085,a3ff2766-adcf-41df-9169-378b9fe66069,8f4abfd3-b0bd-4a0c-991a-d553d92f915a,whatsapp,unknown,,whatsapp_contact,1c4eae83-3a78-4cdb-be9b-af8f87895210,2026-07-11 17:01:09.85+00,2026-07-11 10:02:53.07+00
9638a9a7-bcea-4cc8-bbd8-7ec30091369e,fb6bc42d-8ef3-4ed3-b8d6-081e22828a45,8f4abfd3-b0bd-4a0c-991a-d553d92f915a,whatsapp,unknown,,whatsapp_contact,e60c1811-e0c2-4116-95b9-69dc5c18eba5,2026-07-13 17:59:54.935+00,2026-07-10 21:20:17.172+00
6e535f1a-12b9-4bb7-a2b6-1136ca0f6592,5567c7a4-c299-444c-88c7-7385855aeb1b,8f4abfd3-b0bd-4a0c-991a-d553d92f915a,whatsapp,unknown,,whatsapp_contact,2a201843-387e-4d0e-abe6-46d6c219f4d2,2026-07-13 12:09:27.775+00,2026-07-13 12:04:42.156+00
1fd76712-216c-43fe-875d-d66c22baf1f3,39833c9a-fbcf-4541-9c90-275570089c13,8f4abfd3-b0bd-4a0c-991a-d553d92f915a,whatsapp,unknown,,whatsapp_contact,77416a76-2aae-45d8-8fbd-c82f27fcda2e,2026-07-12 00:51:26.183+00,2026-07-12 00:51:26.183+00
c06be7d4-3107-47be-a342-975c60b38a71,3f1a62b1-1555-4694-97f7-59726e25e1d0,8f4abfd3-b0bd-4a0c-991a-d553d92f915a,whatsapp,unknown,,whatsapp_contact,64315533-1451-4c94-88e6-21cade1ef6ae,2026-07-14 19:01:35.113+00,2026-07-07 17:08:08.712+00
ae62810e-6fe7-4466-8813-48e14d5f6768,5ff1ba33-85e9-4ec3-88bc-db5995e49903,8f4abfd3-b0bd-4a0c-991a-d553d92f915a,whatsapp,unknown,,whatsapp_contact,e882dbba-1ffb-4b85-a073-614681b2bcb2,2026-07-12 02:17:28.902+00,2026-07-12 02:17:28.902+00
5d67276a-c08a-4f75-82ab-3dd1fa28aeb2,2d780aba-1569-4b6c-b057-3cb55eb80377,8f4abfd3-b0bd-4a0c-991a-d553d92f915a,whatsapp,unknown,,whatsapp_contact,0d59e430-7cd5-437e-adf1-9d818a30b1f0,2026-07-11 02:43:48.751+00,2026-07-11 02:43:48.751+00
4bbd4fb1-2084-44e2-825c-1fc2ea12f19a,a4f34227-7e3a-4d0b-8c0b-dc260021e225,8f4abfd3-b0bd-4a0c-991a-d553d92f915a,whatsapp,unknown,,whatsapp_contact,11f2e7d9-aef2-4a66-94ad-af4d8e6f60f5,2026-07-14 15:35:48.413+00,2026-07-11 08:47:23.167+00
492485fb-1b74-411e-b3c1-bd343a2e4080,ea1ffd8d-ce87-4b29-b3dc-dd40f1577609,8f4abfd3-b0bd-4a0c-991a-d553d92f915a,whatsapp,unknown,,whatsapp_contact,2a201843-387e-4d0e-abe6-46d6c219f4d2,2026-07-13 02:47:18.608+00,2026-07-13 02:44:48.719+00
85d553a5-8599-484f-bbed-e050be959016,9246c2da-eaa1-418f-8239-4b9eb084f0e1,8f4abfd3-b0bd-4a0c-991a-d553d92f915a,whatsapp,unknown,,whatsapp_contact,c71b5ab9-0e14-47ad-9a95-5a24bf4411b6,2026-07-11 12:27:20.623+00,2026-07-11 12:24:58.585+00
1f4b8060-0ba5-4ad8-b21c-8ad2d3e61015,90043007-7bc4-4d19-a1b1-23c6fafe13fb,8f4abfd3-b0bd-4a0c-991a-d553d92f915a,whatsapp,unknown,,whatsapp_contact,e882dbba-1ffb-4b85-a073-614681b2bcb2,2026-07-11 23:59:47.184+00,2026-07-11 23:59:46.454+00
d6676954-37a8-4875-91dc-9081d9a0567b,0edd0ce0-66de-427d-902f-8917e275baba,8f4abfd3-b0bd-4a0c-991a-d553d92f915a,whatsapp,unknown,,whatsapp_contact,e882dbba-1ffb-4b85-a073-614681b2bcb2,2026-07-12 00:08:51.801+00,2026-07-12 00:08:51.254+00
fba59172-3db9-4345-82e6-bb18250448b4,ecbeb92b-dcab-42c2-bd0b-f2e25e176aee,8f4abfd3-b0bd-4a0c-991a-d553d92f915a,whatsapp,unknown,,whatsapp_contact,0d2a55d2-3be8-4fbe-9aea-2d521007be2b,2026-07-11 18:28:25.494+00,2026-07-10 19:49:00.006+00
c9271792-cdee-44f1-b68c-6976d8ef13ce,493b7a3d-8ff3-4827-9a48-560492922ac7,8f4abfd3-b0bd-4a0c-991a-d553d92f915a,whatsapp,unknown,,whatsapp_contact,64315533-1451-4c94-88e6-21cade1ef6ae,2026-07-14 18:21:49.828+00,2026-07-07 14:51:54.175+00
21a22885-761a-437d-bbdd-7fe799d715ac,fa5e1a16-4732-42b5-8140-88aab784deb4,8f4abfd3-b0bd-4a0c-991a-d553d92f915a,whatsapp,unknown,,whatsapp_contact,b6f08b78-aee0-4f8b-9e55-a23c6cf3e1b2,2026-07-12 15:17:45.925+00,2026-07-10 20:59:55.212+00
cd82908c-462b-488e-9554-80e74dff4230,89e3a30d-53c3-4e1c-b499-61223b139f47,8f4abfd3-b0bd-4a0c-991a-d553d92f915a,whatsapp,unknown,,whatsapp_contact,6f65a365-7195-4bb4-b5f4-d908e8086137,2026-07-12 16:15:06.11+00,2026-07-11 19:01:34.524+00
f31294ab-9f89-4a33-91c5-19fe5e08817f,f58b20c9-05c6-48aa-a8f1-6100eb5726dd,8f4abfd3-b0bd-4a0c-991a-d553d92f915a,whatsapp,unknown,,whatsapp_contact,9dfdcb62-45c3-4dae-baf5-d371e38233b7,2026-07-12 18:11:40.204+00,2026-07-10 18:54:22.353+00
c0a16f74-3ff0-4cc7-ad2b-cd13caef9ca4,b1382d4e-f6df-4723-8069-765b4192e8e1,8f4abfd3-b0bd-4a0c-991a-d553d92f915a,whatsapp,unknown,,whatsapp_contact,9dfdcb62-45c3-4dae-baf5-d371e38233b7,2026-07-12 19:18:03.706+00,2026-07-12 19:18:03.706+00
2afb1f00-a14c-490c-91b4-070d4eaeaed4,fb2c785b-6921-43c6-8007-65017aeebdc6,8f4abfd3-b0bd-4a0c-991a-d553d92f915a,whatsapp,unknown,,whatsapp_contact,9dfdcb62-45c3-4dae-baf5-d371e38233b7,2026-07-12 23:38:47.01+00,2026-07-12 23:38:47.01+00
2d8ffc01-bce9-44ac-9f2f-3a08e25392f2,7f4ea681-8c92-431b-8f24-34341d1a65c3,8f4abfd3-b0bd-4a0c-991a-d553d92f915a,whatsapp,unknown,,whatsapp_contact,2a201843-387e-4d0e-abe6-46d6c219f4d2,2026-07-13 07:12:07.88+00,2026-07-13 05:31:14.564+00
48f6ae44-7d48-4530-aead-dc3a0ed22b0c,dc394e64-ae91-4016-80a1-a3a324aa24b9,8f4abfd3-b0bd-4a0c-991a-d553d92f915a,whatsapp,unknown,,whatsapp_contact,67ba3a71-bce9-4888-ab0a-547c893a879b,2026-07-13 09:56:30.199+00,2026-07-13 09:56:30.199+00
4e6426a0-2d6b-44ac-a36a-f4adf57ab4f1,fde75bfd-8a14-4cc7-b97b-93cf5ebbf2ad,8f4abfd3-b0bd-4a0c-991a-d553d92f915a,whatsapp,unknown,,whatsapp_contact,2a201843-387e-4d0e-abe6-46d6c219f4d2,2026-07-13 11:21:56+00,2026-07-13 11:17:46.572+00
849fc3a3-32b7-40ac-9d4a-0439cae1d35d,087c3ab0-fd40-4de3-a625-07cda9100667,8f4abfd3-b0bd-4a0c-991a-d553d92f915a,whatsapp,unknown,,whatsapp_contact,2a201843-387e-4d0e-abe6-46d6c219f4d2,2026-07-13 11:46:21.686+00,2026-07-10 17:04:12.136+00
a854c98c-651f-4c4d-8295-87584c3a61c3,79769280-4c2f-48cb-b25c-912b62d3f54e,8f4abfd3-b0bd-4a0c-991a-d553d92f915a,whatsapp,unknown,,whatsapp_contact,2a201843-387e-4d0e-abe6-46d6c219f4d2,2026-07-13 12:03:39.35+00,2026-07-13 12:03:39.35+00
1ad29373-28c4-443a-a2ca-df0854f1c387,7070c6e9-af6a-42f7-ac26-45e2d2350417,8f4abfd3-b0bd-4a0c-991a-d553d92f915a,whatsapp,unknown,,whatsapp_contact,2a201843-387e-4d0e-abe6-46d6c219f4d2,2026-07-13 12:04:09.961+00,2026-07-13 12:04:09.961+00
ae3f4256-3c47-406e-8146-4b1c39fc7ba7,ad252f08-3636-482d-b070-da230d13f618,8f4abfd3-b0bd-4a0c-991a-d553d92f915a,whatsapp,unknown,,whatsapp_contact,11668aca-32c9-4ea5-9898-49db7046f5c5,2026-07-13 12:06:58.744+00,2026-07-13 12:06:58.744+00
d548c734-b289-489a-ab22-94317f71dfdd,6d4ebc45-2d50-47a6-8ee5-6f8a5803407a,8f4abfd3-b0bd-4a0c-991a-d553d92f915a,whatsapp,unknown,,whatsapp_contact,70af459f-0a43-4992-a4ae-9415ce0f03c2,2026-07-14 20:55:32.942+00,2026-07-10 17:00:38.764+00
1e100df9-df2c-4084-89b6-dd95632421a6,1dfb593f-f78d-4787-b7de-5cd13e79044e,8f4abfd3-b0bd-4a0c-991a-d553d92f915a,whatsapp,unknown,,whatsapp_contact,2a201843-387e-4d0e-abe6-46d6c219f4d2,2026-07-13 12:26:23.92+00,2026-07-13 12:26:23.92+00
bfce428e-58e8-403c-9ad8-73bb2bae486f,317fa560-34ee-49d8-a4dc-2778ce7c5422,8f4abfd3-b0bd-4a0c-991a-d553d92f915a,whatsapp,unknown,,whatsapp_contact,1c4eae83-3a78-4cdb-be9b-af8f87895210,2026-07-13 12:28:49.027+00,2026-07-13 12:28:49.027+00
3fa27b80-936a-4940-801c-838413c6c92c,9328062b-d00b-43b0-9c41-86609d2cdc9b,8f4abfd3-b0bd-4a0c-991a-d553d92f915a,whatsapp,unknown,,whatsapp_contact,2a201843-387e-4d0e-abe6-46d6c219f4d2,2026-07-13 12:38:48.092+00,2026-07-13 12:38:48.092+00
1076ee83-0417-449f-abc2-6cf96da3891a,96f25a96-d3a7-4be2-9e6e-be813c3580af,8f4abfd3-b0bd-4a0c-991a-d553d92f915a,whatsapp,unknown,,whatsapp_contact,2a201843-387e-4d0e-abe6-46d6c219f4d2,2026-07-13 12:55:15.201+00,2026-07-13 12:55:15.201+00
e69c3673-fb6d-4def-94e8-8bb25239e088,1cec2813-26da-4603-aac6-453e5cbfeff6,8f4abfd3-b0bd-4a0c-991a-d553d92f915a,whatsapp,unknown,,whatsapp_contact,0dbb5188-9fb9-4f7d-9756-e824ff61efcb,2026-07-13 17:22:13.006+00,2026-07-13 17:21:47.894+00
79668117-8174-4d09-9112-4e61a0045a06,ce23c457-5377-4a03-bb0e-144cdf37374d,8f4abfd3-b0bd-4a0c-991a-d553d92f915a,whatsapp,unknown,,whatsapp_contact,2a946e9d-01b3-40f1-809d-1bde5a4eeaba,2026-07-13 13:43:43.173+00,2026-07-13 13:42:43.656+00
a0a97554-974c-4eac-a31e-2d9d333f2642,bf1a8265-5347-4bca-ad6c-c9013ecd4b04,8f4abfd3-b0bd-4a0c-991a-d553d92f915a,whatsapp,unknown,,whatsapp_contact,cb6e04f1-85f8-4ae9-b9b0-85d4cf8251f6,2026-07-14 12:54:27.025+00,2026-07-14 12:54:23.812+00
7762cc20-bc32-48a7-a178-0600e95e51ce,3520f25e-4e87-4039-a1b6-a5e53cdf4e3c,8f4abfd3-b0bd-4a0c-991a-d553d92f915a,whatsapp,unknown,,whatsapp_contact,69462a98-74f0-41ff-a442-fde79f81e137,2026-07-13 17:35:49.123+00,2026-07-13 15:11:20.567+00
03a3591a-6ae0-4669-8dca-c53ea2fb187a,b339d81c-c3bd-41c5-bfc8-8453aa054087,8f4abfd3-b0bd-4a0c-991a-d553d92f915a,whatsapp,unknown,,whatsapp_contact,9f55b03c-efe3-4ea5-a7b3-6610eed8a374,2026-07-14 16:09:26.723+00,2026-07-13 13:44:56.75+00
16b543c6-d76e-45e0-a1b7-c807a08a6170,ebd5b5ff-df69-4292-8ee1-b18679e6d398,8f4abfd3-b0bd-4a0c-991a-d553d92f915a,whatsapp,unknown,,whatsapp_contact,c71b5ab9-0e14-47ad-9a95-5a24bf4411b6,2026-07-14 14:48:29.716+00,2026-07-13 14:06:07.829+00
6f0f4c5d-7ab1-4c3b-967f-94da0460f3d7,2b813559-ed22-4890-b1fb-fa461928e1df,8f4abfd3-b0bd-4a0c-991a-d553d92f915a,whatsapp,unknown,,whatsapp_contact,9dd0774b-ba15-46d1-85ae-018aae465366,2026-07-13 14:22:59.85+00,2026-07-13 14:22:59.85+00
3805cb5b-07a7-4b00-a078-654959af07ef,fad31f2f-36c1-4e12-9781-7aabf234e3cd,8f4abfd3-b0bd-4a0c-991a-d553d92f915a,whatsapp,unknown,,whatsapp_contact,cb6e04f1-85f8-4ae9-b9b0-85d4cf8251f6,2026-07-14 12:49:51.836+00,2026-07-14 12:49:51.836+00
3040a42c-4d4c-425b-975f-be8d71e3b2a4,d8f3528e-6498-49e3-8eef-c627a7c18713,7b577c22-5513-42cc-ab19-2bf867e14ebc,whatsapp,unknown,,whatsapp_contact,7abbda65-1cab-41db-aebe-2b8f763383b5,2026-07-13 14:30:28.442+00,2026-07-13 14:30:05.654+00
5b0b663a-7087-4e95-ba2c-d1b8fffd8361,9c806ce6-d630-4efb-85b4-c68a5cf0e831,8f4abfd3-b0bd-4a0c-991a-d553d92f915a,whatsapp,unknown,,whatsapp_contact,cb6e04f1-85f8-4ae9-b9b0-85d4cf8251f6,2026-07-14 15:17:31.342+00,2026-07-13 19:17:21.498+00
f22c3017-d3d2-4c68-bc99-cdac98619c04,bb0e0ed5-ae89-4247-b02e-eb35cc47237c,8f4abfd3-b0bd-4a0c-991a-d553d92f915a,whatsapp,unknown,,whatsapp_contact,9dfdcb62-45c3-4dae-baf5-d371e38233b7,2026-07-13 14:51:54.036+00,2026-07-13 14:51:54.036+00
3b142623-0948-4bab-8f52-ab42df25b979,153cb356-3625-4eaf-935a-c709feffbcb5,8f4abfd3-b0bd-4a0c-991a-d553d92f915a,whatsapp,unknown,,whatsapp_contact,0203f61d-0d28-4fd6-abcc-1876ad385798,2026-07-13 15:06:37.269+00,2026-07-13 14:56:54.393+00
c81751e1-e5a7-4759-b356-29cb16e788f9,32bebde2-965e-4d93-82e5-63e7d39cd4ea,8f4abfd3-b0bd-4a0c-991a-d553d92f915a,whatsapp,unknown,,whatsapp_contact,758fdaf1-ccc0-4c48-a317-1fb51aadab20,2026-07-13 18:23:38.752+00,2026-07-13 18:23:38.752+00
1d0cc814-6dba-4611-81d6-0a317303a3a4,29e657b8-d285-4120-9879-a54b3b7f5ab8,8f4abfd3-b0bd-4a0c-991a-d553d92f915a,whatsapp,unknown,,whatsapp_contact,d7c53f47-e6bd-4705-801f-765fbf1acf70,2026-07-14 10:56:22.132+00,2026-07-13 13:30:40.587+00
ac5403e3-a39d-467f-b1d3-0c460c4d3bf1,9cdf3dad-1b73-43db-a96d-d0fb1cb9874f,8f4abfd3-b0bd-4a0c-991a-d553d92f915a,whatsapp,unknown,,whatsapp_contact,1c4eae83-3a78-4cdb-be9b-af8f87895210,2026-07-13 15:22:34.138+00,2026-07-13 14:21:24.115+00
c9c28d8d-071a-4cc5-8e77-eee2e98b761a,1734474f-f924-47f2-99b2-c9144f6968aa,8f4abfd3-b0bd-4a0c-991a-d553d92f915a,whatsapp,unknown,,whatsapp_contact,9dd0774b-ba15-46d1-85ae-018aae465366,2026-07-13 15:22:38.139+00,2026-07-13 14:23:10.447+00
99cf9c00-0620-4d55-bbd1-4c9ee808f54f,89dbcb6a-bf3d-4306-b941-adc45053db5e,8f4abfd3-b0bd-4a0c-991a-d553d92f915a,whatsapp,unknown,,whatsapp_contact,f2cf7a39-6c82-4744-b175-111aa589b0a2,2026-07-13 15:31:49.145+00,2026-07-13 15:31:49.145+00
80f3e720-4671-4bf8-808d-434055924450,9fd41d37-d7e0-49be-8a44-1c42e3ccd320,8f4abfd3-b0bd-4a0c-991a-d553d92f915a,whatsapp,unknown,,whatsapp_contact,8764fdc7-2927-4134-b62e-4b1989174a05,2026-07-13 15:32:54.078+00,2026-07-13 15:32:54.078+00
0329095d-37f8-423a-af0b-719d46728630,608b70b5-07e9-4fcd-902d-3d8ca6143f58,8f4abfd3-b0bd-4a0c-991a-d553d92f915a,whatsapp,unknown,,whatsapp_contact,f2cf7a39-6c82-4744-b175-111aa589b0a2,2026-07-13 15:55:26.102+00,2026-07-13 15:55:26.102+00
73dbaced-0392-4c81-b316-ec137257ce75,82161041-6b4e-4601-bfc4-f5dcff4d57f6,8f4abfd3-b0bd-4a0c-991a-d553d92f915a,whatsapp,unknown,,whatsapp_contact,2a201843-387e-4d0e-abe6-46d6c219f4d2,2026-07-13 16:26:56.002+00,2026-07-13 16:26:56.002+00
d5f1e728-da5e-489b-87b4-d95acb680d62,98d02d0d-d604-438e-a01e-0795e2432fdc,8f4abfd3-b0bd-4a0c-991a-d553d92f915a,whatsapp,unknown,,whatsapp_contact,84c409d8-4cbe-4db7-8ffb-6fb396162e89,2026-07-13 20:00:02.356+00,2026-07-13 19:49:07.352+00
c051b1c2-1cf2-4678-8767-436be29a2928,415fc4f3-5349-46c2-ba01-0957dcc03c61,8f4abfd3-b0bd-4a0c-991a-d553d92f915a,whatsapp,unknown,,whatsapp_contact,27e5f683-857d-4903-93f7-fb2a94a41e33,2026-07-13 16:45:50.42+00,2026-07-13 16:45:50.42+00
3115a6e5-aa4b-456c-aace-d1046f4447f1,e966e483-bad5-4ca7-9e42-eda2e2989f45,8f4abfd3-b0bd-4a0c-991a-d553d92f915a,whatsapp,unknown,,whatsapp_contact,c71b5ab9-0e14-47ad-9a95-5a24bf4411b6,2026-07-13 18:55:15.606+00,2026-07-13 18:55:15.606+00
bb5b457d-ef66-4c4c-897c-d53958ff8426,d8fc521f-cf30-4aff-9060-1949ace0e4b2,8f4abfd3-b0bd-4a0c-991a-d553d92f915a,whatsapp,unknown,,whatsapp_contact,c71b5ab9-0e14-47ad-9a95-5a24bf4411b6,2026-07-13 19:06:01.835+00,2026-07-13 19:06:01.835+00
97b23480-e74b-4ef4-b154-4f0a8248f624,99f9bc4d-fd16-42c1-9fb9-e60a89de94d7,8f4abfd3-b0bd-4a0c-991a-d553d92f915a,whatsapp,unknown,,whatsapp_contact,e2ea697d-0202-42b4-98ae-9d43cc7858b1,2026-07-13 19:13:58.24+00,2026-07-13 19:13:58.24+00
0e3a96f3-d34d-442e-a1d6-9e3494698680,4e40b94e-68b5-44c4-b956-168f0233a97d,8f4abfd3-b0bd-4a0c-991a-d553d92f915a,whatsapp,unknown,,whatsapp_contact,cb6e04f1-85f8-4ae9-b9b0-85d4cf8251f6,2026-07-13 19:17:06.899+00,2026-07-13 19:17:06.899+00
c5245e42-2cfe-4020-8fdd-85bead02f2b1,3423e9c5-6490-4176-ab01-04cb8ef2cc74,8f4abfd3-b0bd-4a0c-991a-d553d92f915a,whatsapp,unknown,,whatsapp_contact,84c409d8-4cbe-4db7-8ffb-6fb396162e89,2026-07-13 19:55:56.264+00,2026-07-13 19:31:32.36+00
751ecc63-4449-42ff-9fae-90e822efea49,a48438d9-f480-49a8-87fb-a3d94099b42c,8f4abfd3-b0bd-4a0c-991a-d553d92f915a,whatsapp,unknown,,whatsapp_contact,cb6e04f1-85f8-4ae9-b9b0-85d4cf8251f6,2026-07-14 12:57:06.804+00,2026-07-14 12:57:06.804+00
16f40fc9-f61c-4b3a-bddd-311a261c453a,5db1af2b-1d88-4355-8fe6-df868510b416,8f4abfd3-b0bd-4a0c-991a-d553d92f915a,whatsapp,unknown,,whatsapp_contact,c5e665a1-9d79-4006-b070-be7cb28009e8,2026-07-14 12:05:46.84+00,2026-07-14 12:05:38.355+00
576d7e21-e754-4b06-9b68-af7f7228638a,701386a8-e891-416d-ad09-39d04b01a8e4,8f4abfd3-b0bd-4a0c-991a-d553d92f915a,whatsapp,unknown,,whatsapp_contact,c5e665a1-9d79-4006-b070-be7cb28009e8,2026-07-14 12:41:33.974+00,2026-07-14 10:10:28.175+00
48a8cf0b-e507-44d9-84e1-00aab7caacb2,f71e9dda-38e1-451c-86dc-ee75eeb78692,8f4abfd3-b0bd-4a0c-991a-d553d92f915a,whatsapp,unknown,,whatsapp_contact,cb6e04f1-85f8-4ae9-b9b0-85d4cf8251f6,2026-07-14 15:50:02.248+00,2026-07-14 12:52:39.152+00
fb0eac5c-3740-470e-9baa-344ebb496146,8fa93809-e488-47a0-822e-4b7699dcf10c,8f4abfd3-b0bd-4a0c-991a-d553d92f915a,whatsapp,unknown,,whatsapp_contact,2fcc5f27-de79-40dc-9e22-cd5267bf40e3,2026-07-14 18:50:37.781+00,2026-07-13 18:30:35.446+00
4594e808-8daa-42c6-a85e-3095bf99ceae,808eaf77-2d0b-4511-811a-f6f93079ee92,8f4abfd3-b0bd-4a0c-991a-d553d92f915a,whatsapp,unknown,,whatsapp_contact,cb6e04f1-85f8-4ae9-b9b0-85d4cf8251f6,2026-07-14 12:52:47.775+00,2026-07-14 12:52:47.775+00
bc2b82f2-93cd-4e0d-a3df-3e9060b9da3d,baba6b59-7369-44a9-83b9-b420934530c5,8f4abfd3-b0bd-4a0c-991a-d553d92f915a,whatsapp,unknown,,whatsapp_contact,cb6e04f1-85f8-4ae9-b9b0-85d4cf8251f6,2026-07-14 12:54:05.165+00,2026-07-14 12:54:05.165+00
83e75f1d-9f62-4020-8a9b-48b30d7f41f5,0566f1a6-fbef-452f-94a5-027d063e5f2b,8f4abfd3-b0bd-4a0c-991a-d553d92f915a,whatsapp,unknown,,whatsapp_contact,d54833aa-5513-475b-88ca-c86012dd1290,2026-07-14 09:14:47.225+00,2026-07-14 09:14:47.225+00
742044ab-5f24-4a94-b98f-c63a3519e06b,f37af58c-0314-4a55-b684-31c9589e4718,8f4abfd3-b0bd-4a0c-991a-d553d92f915a,whatsapp,unknown,,whatsapp_contact,cb6e04f1-85f8-4ae9-b9b0-85d4cf8251f6,2026-07-14 12:59:31.039+00,2026-07-14 12:59:31.039+00
20fc528d-ec6a-4c7a-8a34-6289e6845969,c59e4463-8629-4f38-8c04-1f34183ae317,8f4abfd3-b0bd-4a0c-991a-d553d92f915a,whatsapp,unknown,,whatsapp_contact,cb6e04f1-85f8-4ae9-b9b0-85d4cf8251f6,2026-07-14 13:00:11.962+00,2026-07-14 13:00:07.807+00
5a53d584-aa74-4699-a9d1-1c701609af92,7de64fa7-8a06-4d3b-990e-f537964e8cc4,8f4abfd3-b0bd-4a0c-991a-d553d92f915a,whatsapp,unknown,,whatsapp_contact,cb6e04f1-85f8-4ae9-b9b0-85d4cf8251f6,2026-07-14 13:04:01.115+00,2026-07-14 13:03:06.264+00
91d98517-65e8-4729-996d-98f9ee7ff192,23eae004-6a85-4567-adb9-9045575128d5,8f4abfd3-b0bd-4a0c-991a-d553d92f915a,whatsapp,unknown,,whatsapp_contact,308e385d-2a5d-44ad-acb0-6b8acbd5c8fc,2026-07-14 13:13:59.945+00,2026-07-13 22:28:45.145+00
4c4ae40b-aaa9-4549-bcd1-eebbf6bec691,4830c1de-d8bb-4bab-9160-6f2fc7aa3896,8f4abfd3-b0bd-4a0c-991a-d553d92f915a,whatsapp,unknown,,whatsapp_contact,9dfdcb62-45c3-4dae-baf5-d371e38233b7,2026-07-14 13:57:31.012+00,2026-07-13 14:45:25.32+00
8aa03234-6015-4512-a962-c931e7e05c2b,141f176d-48ce-4ea2-9e84-1f11fd59adcd,8f4abfd3-b0bd-4a0c-991a-d553d92f915a,whatsapp,unknown,,whatsapp_contact,9f55b03c-efe3-4ea5-a7b3-6610eed8a374,2026-07-14 16:08:26.459+00,2026-07-13 13:27:38.794+00
870006f4-1c21-4dca-8f50-3c781a000813,d4b9eba8-166c-4237-bb43-0673699a4f8b,8f4abfd3-b0bd-4a0c-991a-d553d92f915a,whatsapp,unknown,,whatsapp_contact,11f2e7d9-aef2-4a66-94ad-af4d8e6f60f5,2026-07-14 20:08:06.711+00,2026-07-13 17:59:28.027+00
d831fe8b-ac54-40a2-8208-1df80aebe1d6,a4dea083-fcf9-436c-998a-c19e9b6ea49f,8f4abfd3-b0bd-4a0c-991a-d553d92f915a,whatsapp,unknown,,whatsapp_contact,9dfdcb62-45c3-4dae-baf5-d371e38233b7,2026-07-14 21:55:48.91+00,2026-07-13 14:51:39.005+00
018b6ca1-bbba-4149-9a78-8dccc61a9b68,cd67c21d-f2a2-4151-ad8a-532ead581b0d,8f4abfd3-b0bd-4a0c-991a-d553d92f915a,whatsapp,unknown,,whatsapp_contact,d54833aa-5513-475b-88ca-c86012dd1290,2026-07-14 23:03:47.866+00,2026-07-14 00:49:20.807+00
61039d2c-bea6-4dee-821d-19496022cb13,9e67cc60-1c38-41db-9234-9bd4c940ecb5,8f4abfd3-b0bd-4a0c-991a-d553d92f915a,whatsapp,unknown,,whatsapp_contact,cb6e04f1-85f8-4ae9-b9b0-85d4cf8251f6,2026-07-14 13:07:26.975+00,2026-07-14 13:07:26.975+00
01d44c80-daf3-40ad-b60a-530ebb3f5170,88b27a6a-b192-4cb5-bd77-d5cffc1e210c,8f4abfd3-b0bd-4a0c-991a-d553d92f915a,whatsapp,unknown,,whatsapp_contact,cb6e04f1-85f8-4ae9-b9b0-85d4cf8251f6,2026-07-14 13:13:01.824+00,2026-07-14 13:07:51.086+00
5fba05a8-bbcd-4f95-b169-181574535fee,ecc79aed-a3a2-4d46-a00c-f977e7ed8f72,8f4abfd3-b0bd-4a0c-991a-d553d92f915a,whatsapp,unknown,,whatsapp_contact,e3ac9819-38c0-4ca7-ba39-65c3c8e8f2bb,2026-07-14 13:15:45.988+00,2026-07-14 13:15:45.988+00
48dcd43c-9494-4cdc-88ba-c013a7c2c9b8,fdc1284d-3810-4474-962d-1d7741341897,8f4abfd3-b0bd-4a0c-991a-d553d92f915a,whatsapp,unknown,,whatsapp_contact,cb6e04f1-85f8-4ae9-b9b0-85d4cf8251f6,2026-07-14 13:18:11.594+00,2026-07-14 13:18:11.594+00
1b879c74-4e26-49c5-860b-c09466ec66b1,e3bf60bb-ed7e-4fc7-b40d-3a86bc0a1971,8f4abfd3-b0bd-4a0c-991a-d553d92f915a,whatsapp,unknown,,whatsapp_contact,0b6a0a5d-8233-4b48-a516-80b163c3797d,2026-07-14 15:36:09.362+00,2026-07-14 15:17:41.974+00
46a232f7-bc1f-42da-9b9d-e38d25987c40,7f17964d-3494-43d2-bb73-dda656807ac2,8f4abfd3-b0bd-4a0c-991a-d553d92f915a,whatsapp,unknown,,whatsapp_contact,9dfdcb62-45c3-4dae-baf5-d371e38233b7,2026-07-14 13:29:01.919+00,2026-07-14 13:26:38.577+00
0c7f6d08-221d-4485-8f8b-bace14e1474d,3bff33c3-3e64-4c90-957d-3c2fe2095730,8f4abfd3-b0bd-4a0c-991a-d553d92f915a,whatsapp,unknown,,whatsapp_contact,cb6e04f1-85f8-4ae9-b9b0-85d4cf8251f6,2026-07-14 13:30:27.485+00,2026-07-14 13:30:27.485+00
c111e76b-bd50-4b55-999b-2b326859e431,27223d67-9ae5-4929-bac3-9e15b8eed643,8f4abfd3-b0bd-4a0c-991a-d553d92f915a,whatsapp,unknown,,whatsapp_contact,cb6e04f1-85f8-4ae9-b9b0-85d4cf8251f6,2026-07-14 13:33:16.132+00,2026-07-14 13:33:16.132+00
25a83615-45bd-43d4-bafc-b70d7ba956f0,8cd498ff-b4bb-4692-9102-c9ae4782e1a1,8f4abfd3-b0bd-4a0c-991a-d553d92f915a,whatsapp,unknown,,whatsapp_contact,cb6e04f1-85f8-4ae9-b9b0-85d4cf8251f6,2026-07-14 13:33:55.666+00,2026-07-14 13:33:55.097+00
7151b529-51cc-44a7-8d0f-abf7160f0a32,a8bd09e5-2bb4-4c3e-8690-871474a78d66,8f4abfd3-b0bd-4a0c-991a-d553d92f915a,whatsapp,unknown,,whatsapp_contact,e3ac9819-38c0-4ca7-ba39-65c3c8e8f2bb,2026-07-14 13:38:08.881+00,2026-07-14 13:37:44.31+00
c5edfbbf-94a5-44f1-b70d-ba2039aa8a7e,f3a9e2b1-e19f-4f44-8484-de8f6f734824,8f4abfd3-b0bd-4a0c-991a-d553d92f915a,whatsapp,unknown,,whatsapp_contact,05fdc044-8af9-4dd7-8be5-8eb084b421af,2026-07-14 15:41:04.734+00,2026-07-14 15:40:58.055+00
3f6de734-5e9a-4c85-a40b-500b045115b2,7fcb84d3-16fc-483b-a284-e02fd177336f,8f4abfd3-b0bd-4a0c-991a-d553d92f915a,whatsapp,unknown,,whatsapp_contact,cb6e04f1-85f8-4ae9-b9b0-85d4cf8251f6,2026-07-14 15:42:57.462+00,2026-07-14 15:28:09.545+00
55b00e9b-d24f-4f06-8a68-de60f4022dda,7b1c7219-40ed-4fd0-b398-a34d55071033,8f4abfd3-b0bd-4a0c-991a-d553d92f915a,whatsapp,unknown,,whatsapp_contact,cb6e04f1-85f8-4ae9-b9b0-85d4cf8251f6,2026-07-14 16:37:44.326+00,2026-07-14 16:37:44.326+00
50a4b9cc-c279-486a-ab6e-bd6203b07b3f,81d569ac-a51e-4de0-80cf-9bd6d706b611,8f4abfd3-b0bd-4a0c-991a-d553d92f915a,whatsapp,unknown,,whatsapp_contact,cb6e04f1-85f8-4ae9-b9b0-85d4cf8251f6,2026-07-14 16:43:12.598+00,2026-07-14 16:43:12.598+00
3f597161-660b-4b64-90bd-1865252921b4,d5638261-e6d2-4dbc-b159-d9e44f851f4f,8f4abfd3-b0bd-4a0c-991a-d553d92f915a,whatsapp,unknown,,whatsapp_contact,3f20adfb-4147-43d5-b5ce-b19b3a37cf0b,2026-07-14 20:48:40.289+00,2026-07-14 20:48:32.349+00
9c93fa3e-82e0-44c7-9d01-cb2a00b2899f,5dbffed1-4438-431b-bb45-ebc2f7f528d2,8f4abfd3-b0bd-4a0c-991a-d553d92f915a,whatsapp,unknown,,whatsapp_contact,4128d81c-3f3d-4d88-8a5c-bdcef227a999,2026-07-14 20:35:24.41+00,2026-07-14 19:39:12.861+00
99294d82-8ef4-42d5-8d86-4d0fbcfc5378,608ac928-67be-416b-96c0-fafa79ffd0f7,8f4abfd3-b0bd-4a0c-991a-d553d92f915a,whatsapp,unknown,,whatsapp_contact,9dfdcb62-45c3-4dae-baf5-d371e38233b7,2026-07-14 14:05:25.202+00,2026-07-14 14:05:25.202+00
7286cc15-2d7a-4b1d-bd27-0d698a0b6a9e,8b2f3455-6a46-484a-8655-309cd975cb01,8f4abfd3-b0bd-4a0c-991a-d553d92f915a,whatsapp,unknown,,whatsapp_contact,d54833aa-5513-475b-88ca-c86012dd1290,2026-07-14 14:08:12.131+00,2026-07-14 14:07:58.586+00
fe499d49-0339-4d5e-b247-7b9cc8cf3aad,04de10c4-5c70-460c-aafa-0b3e7670911d,8f4abfd3-b0bd-4a0c-991a-d553d92f915a,whatsapp,unknown,,whatsapp_contact,9dfdcb62-45c3-4dae-baf5-d371e38233b7,2026-07-14 14:14:22.434+00,2026-07-14 14:14:22.434+00
f97e464c-24ee-46ed-b137-ba212ad3fc36,4997c726-b758-428e-afa2-dcd45844b3d3,8f4abfd3-b0bd-4a0c-991a-d553d92f915a,whatsapp,unknown,,whatsapp_contact,cb6e04f1-85f8-4ae9-b9b0-85d4cf8251f6,2026-07-14 17:10:46.312+00,2026-07-14 17:10:46.312+00
51ffcfe5-2f04-4d07-bbd2-dc3e216a2a42,16894917-39e6-4273-b1f5-6949d06f12a1,8f4abfd3-b0bd-4a0c-991a-d553d92f915a,whatsapp,unknown,,whatsapp_contact,9dfdcb62-45c3-4dae-baf5-d371e38233b7,2026-07-14 14:19:39.544+00,2026-07-14 14:19:23.249+00
9eb2638b-e15a-4c2f-a4a4-dbf71e3716f7,9c0f6edb-36b6-49d9-8154-067fc94453ad,8f4abfd3-b0bd-4a0c-991a-d553d92f915a,whatsapp,unknown,,whatsapp_contact,9dfdcb62-45c3-4dae-baf5-d371e38233b7,2026-07-14 14:20:19.199+00,2026-07-14 14:20:19.199+00
2188e9c3-8a9f-4103-87fd-5f151d9fa7fe,53fc05c1-24af-429f-b4f2-a61843ca7bae,8f4abfd3-b0bd-4a0c-991a-d553d92f915a,whatsapp,unknown,,whatsapp_contact,cb6e04f1-85f8-4ae9-b9b0-85d4cf8251f6,2026-07-14 15:13:27.586+00,2026-07-14 14:54:42.492+00
6a5f257c-3ca0-4493-838f-9debdf767ce8,1b3ad339-7ff8-440d-b089-a56f96bb076e,8f4abfd3-b0bd-4a0c-991a-d553d92f915a,whatsapp,unknown,,whatsapp_contact,cb6e04f1-85f8-4ae9-b9b0-85d4cf8251f6,2026-07-14 17:36:23.739+00,2026-07-14 17:10:47.785+00
56c4233e-6ff9-4e26-857a-8ece9def0697,09de99f2-eff3-45b2-b2fe-42b34d3d7a1a,8f4abfd3-b0bd-4a0c-991a-d553d92f915a,whatsapp,unknown,,whatsapp_contact,cb6e04f1-85f8-4ae9-b9b0-85d4cf8251f6,2026-07-14 15:21:28.646+00,2026-07-14 15:21:28.646+00
d6de5418-0382-433b-9dd7-0aeb8470867f,2e0f7574-3fea-4512-8fee-9e3886964e91,8f4abfd3-b0bd-4a0c-991a-d553d92f915a,whatsapp,unknown,,whatsapp_contact,0b6a0a5d-8233-4b48-a516-80b163c3797d,2026-07-14 15:35:40.256+00,2026-07-14 15:22:13.517+00
427900c1-6b1d-4292-9291-ccdcca65173a,6d806cef-d6f2-49ca-a7e4-c571058fdec4,8f4abfd3-b0bd-4a0c-991a-d553d92f915a,whatsapp,unknown,,whatsapp_contact,cb6e04f1-85f8-4ae9-b9b0-85d4cf8251f6,2026-07-14 17:42:43.921+00,2026-07-14 17:42:43.921+00
3070c340-c05c-48ec-81a6-9e2b78fe40aa,0d1cddaf-3895-4aa3-a4d7-45675e5eba5d,8f4abfd3-b0bd-4a0c-991a-d553d92f915a,whatsapp,unknown,,whatsapp_contact,cb6e04f1-85f8-4ae9-b9b0-85d4cf8251f6,2026-07-14 17:43:21.252+00,2026-07-14 17:43:21.252+00
39ead801-fc51-4fc6-8d34-29b90cdbe30d,e8285ea7-90f8-4257-b9d2-9bb2aefcb608,8f4abfd3-b0bd-4a0c-991a-d553d92f915a,whatsapp,unknown,,whatsapp_contact,cb6e04f1-85f8-4ae9-b9b0-85d4cf8251f6,2026-07-14 17:53:34.331+00,2026-07-14 17:53:34.331+00
54fe4b5c-180d-4072-aea4-3aafed09c295,8a84f8c2-2eca-4077-bfc7-440a39fad0d6,8f4abfd3-b0bd-4a0c-991a-d553d92f915a,whatsapp,unknown,,whatsapp_contact,cb6e04f1-85f8-4ae9-b9b0-85d4cf8251f6,2026-07-14 18:03:00.16+00,2026-07-14 18:03:00.16+00
d9d21524-4285-41ff-bde9-365ba67f9f37,8cfc1c83-6313-41f3-b28c-06c9f8a3f743,8f4abfd3-b0bd-4a0c-991a-d553d92f915a,whatsapp,unknown,,whatsapp_contact,0dbb5188-9fb9-4f7d-9756-e824ff61efcb,2026-07-14 18:11:48.968+00,2026-07-14 18:11:48.968+00
6f582ddc-68be-4fb7-ac84-5485c39fc904,0a3184d1-65c7-4ec0-8226-1463c98ad9e3,8f4abfd3-b0bd-4a0c-991a-d553d92f915a,whatsapp,unknown,,whatsapp_contact,b605e701-75cd-4e51-9f9c-adb27d95145e,2026-07-14 18:44:18.366+00,2026-07-14 18:44:18.366+00
4ec383f2-1f4b-4bc6-b2f2-a4830a1aa0e3,a4647716-71f4-4135-b3df-01487eb41d1a,8f4abfd3-b0bd-4a0c-991a-d553d92f915a,whatsapp,unknown,,whatsapp_contact,9dfdcb62-45c3-4dae-baf5-d371e38233b7,2026-07-14 19:12:48.493+00,2026-07-14 13:23:53.435+00
78aeb9dc-3c65-4d5e-a9fc-c975d02c63a6,ce15d59b-23b0-4f5c-bd1b-93cffaf8be6f,8f4abfd3-b0bd-4a0c-991a-d553d92f915a,whatsapp,unknown,,whatsapp_contact,b1e21b81-339a-42f9-a31e-6c6b90ced4cb,2026-07-14 21:12:19.694+00,2026-07-14 21:09:03.142+00
c5c23315-d2da-47e7-9838-229e1243b232,ac50b34b-831c-449b-b31f-498fd4be0559,8f4abfd3-b0bd-4a0c-991a-d553d92f915a,whatsapp,unknown,,whatsapp_contact,9dfdcb62-45c3-4dae-baf5-d371e38233b7,2026-07-14 19:18:23.969+00,2026-07-14 19:12:48.979+00
cde385cb-d02b-43f3-8dc5-b9ede1ec7f01,85f6e788-5576-486e-abb9-89aed7d408f5,8f4abfd3-b0bd-4a0c-991a-d553d92f915a,whatsapp,unknown,,whatsapp_contact,238ec11e-f160-4311-a2f7-8c49f0198877,2026-07-14 21:47:21.341+00,2026-07-14 13:43:50.498+00
a95dcd66-7ffb-42cd-b26d-4486c2add53c,f9b76f7d-dd63-470b-a020-114a5f67df13,8f4abfd3-b0bd-4a0c-991a-d553d92f915a,whatsapp,unknown,,whatsapp_contact,3ec5531e-7977-4f3d-9af3-2255e8f34725,2026-07-14 19:38:59.828+00,2026-07-14 19:38:14.609+00
1d8a5a40-62f2-4d80-948e-7f1c3e4223e2,99e3e0db-ca83-4ee1-90ff-cd26f5930cb0,8f4abfd3-b0bd-4a0c-991a-d553d92f915a,whatsapp,unknown,,whatsapp_contact,3ec5531e-7977-4f3d-9af3-2255e8f34725,2026-07-14 19:39:06.135+00,2026-07-14 19:31:28.927+00
3a071cc7-2685-4adf-b3bd-3dafed1f5188,6a451781-9b9e-4fc3-aff6-ee8a5fac773d,8f4abfd3-b0bd-4a0c-991a-d553d92f915a,whatsapp,unknown,,whatsapp_contact,4128d81c-3f3d-4d88-8a5c-bdcef227a999,2026-07-14 20:35:56.736+00,2026-07-14 19:15:28.753+00
361857a6-adeb-4952-92ad-52e01cbc6f28,3c01eca9-57ab-4a0f-ae85-d4fa6854909e,8f4abfd3-b0bd-4a0c-991a-d553d92f915a,whatsapp,unknown,,whatsapp_contact,238ec11e-f160-4311-a2f7-8c49f0198877,2026-07-14 21:47:41.934+00,2026-07-14 13:42:27.819+00
32581a55-ff15-4820-8050-805894bccc14,d6dbd794-8ddb-43df-999f-78ea5261b589,8f4abfd3-b0bd-4a0c-991a-d553d92f915a,whatsapp,unknown,,whatsapp_contact,e705b87d-b5a1-47fd-bc58-eddf4c2fad67,2026-07-14 19:45:30.953+00,2026-07-11 09:19:37.767+00
c2ec0268-a3cb-41db-a9d1-afd09abc9f3f,1807a755-9803-41e5-9441-d43909d5fcc8,8f4abfd3-b0bd-4a0c-991a-d553d92f915a,whatsapp,unknown,,whatsapp_contact,2e6e290a-f526-4c83-b2e8-20552c589bf2,2026-07-14 19:58:23.013+00,2026-07-14 19:58:23.013+00
2d501a02-ff35-49f1-9266-ab0b40ea70a1,3a0b9ecb-8fe3-4ddb-bfa1-efdd334c2f4e,8f4abfd3-b0bd-4a0c-991a-d553d92f915a,whatsapp,unknown,,whatsapp_contact,a2867e80-d111-410d-97df-2d8b0eacb21a,2026-07-14 21:02:03.593+00,2026-07-14 21:01:29.33+00
bb223b81-0f70-4520-96fc-c75795e5298a,396a7fb5-32be-4500-9640-d7302f2ab4e8,8f4abfd3-b0bd-4a0c-991a-d553d92f915a,whatsapp,unknown,,whatsapp_contact,47cf82cd-0388-4d0e-9a92-caec4254af5a,2026-07-14 21:07:21.704+00,2026-07-14 21:06:15.61+00
37b1fcd6-b666-4501-a23e-5b9add3de659,9328ae06-e2af-40c8-991d-fd40449a27d6,8f4abfd3-b0bd-4a0c-991a-d553d92f915a,whatsapp,unknown,,whatsapp_contact,2fcc5f27-de79-40dc-9e22-cd5267bf40e3,2026-07-14 21:34:33.725+00,2026-07-14 14:45:31.519+00
80373b5c-7808-4aa2-91ca-c90e8d222dad,00f67fee-ec13-441e-b047-f17551371d37,8f4abfd3-b0bd-4a0c-991a-d553d92f915a,whatsapp,unknown,,whatsapp_contact,b1e21b81-339a-42f9-a31e-6c6b90ced4cb,2026-07-14 21:13:18.244+00,2026-07-14 21:08:44.041+00
d987ae6f-5386-4b42-9203-15ac7863af3a,511d870a-34b0-4fc2-828a-ec2022854de1,8f4abfd3-b0bd-4a0c-991a-d553d92f915a,whatsapp,unknown,,whatsapp_contact,3ffdf78a-647f-46f7-bb5c-78df2ef55a10,2026-07-15 01:05:47.37+00,2026-07-14 21:48:15.324+00
f40822e5-bfab-4e61-907c-1c879d040f2e,dc0029cb-f5ea-4ed6-bc0e-72a0d7d81367,8f4abfd3-b0bd-4a0c-991a-d553d92f915a,whatsapp,unknown,,whatsapp_contact,3ffdf78a-647f-46f7-bb5c-78df2ef55a10,2026-07-15 01:28:29.625+00,2026-07-14 21:43:53.94+00
c1ba9980-d696-4132-bedd-5a2b738ddf87,7f9ba701-2fbf-4765-b818-f0117bbe4916,8f4abfd3-b0bd-4a0c-991a-d553d92f915a,whatsapp,unknown,,whatsapp_contact,9dfdcb62-45c3-4dae-baf5-d371e38233b7,2026-07-14 21:55:53.779+00,2026-07-14 21:55:53.779+00
53e9392e-3d47-43c5-a3d8-64fef6370cfc,01b185a8-9934-4f9d-b480-e4c31678485a,8f4abfd3-b0bd-4a0c-991a-d553d92f915a,whatsapp,unknown,,whatsapp_contact,2fcc5f27-de79-40dc-9e22-cd5267bf40e3,2026-07-14 22:27:48.787+00,2026-07-14 22:27:48.787+00
40450ef2-8374-4754-9d60-1a28627673a0,a0fa407f-8f8e-49e2-a784-7e67d47f4739,8f4abfd3-b0bd-4a0c-991a-d553d92f915a,whatsapp,unknown,,whatsapp_contact,0162fbf4-e0a0-402d-a109-577db549c24e,2026-07-14 22:34:57.779+00,2026-07-14 22:34:57.779+00
25d6f729-2776-4b0e-9c6c-094ecc75318b,a718d47f-7ec4-49a4-90d4-c64052c6fd91,8f4abfd3-b0bd-4a0c-991a-d553d92f915a,whatsapp,unknown,,whatsapp_contact,5c1e4d26-c4a3-46ff-a609-885a3ab829f8,2026-07-15 11:02:36.481+00,2026-07-15 11:02:36.481+00
b86d5c78-a9ff-4f91-8ac4-939be05b5aa5,a7ff2810-6410-472a-b607-3461934c0076,862835fd-54ad-4ebd-986a-b5392f1bb227,whatsapp,unknown,,whatsapp_contact,004959fd-cc55-489d-9534-bfd126c7da4e,2026-07-19 14:12:24.83+00,2026-07-19 14:12:24.83+00
b0e5b1c5-db53-42fd-b61c-d0e0b4ca007d,e3bf54bb-6617-42f4-ae52-3f29923c0928,32ccdbe1-627f-4fe3-a506-056b997ed89b,whatsapp,unknown,,whatsapp_contact,23cce01b-1544-4e45-a7b1-0e9e659907de,2026-07-23 21:36:26.386+00,2026-07-23 18:18:10.204+00
d5b6535e-3410-4fc9-b20d-2d7fadf8debb,5c26c676-beb4-4614-9282-48ee09d1723c,9703eb88-bcb7-4c08-952e-158f9c404728,whatsapp,unknown,,whatsapp_contact,88bf05f7-9ff4-4ebd-8700-510677b9a788,2026-07-23 17:52:36.809+00,2026-07-23 17:52:36.809+00
501138f6-ab68-402b-8443-0d4cd29bc3aa,5376f90b-ea53-4769-9f01-5ae5f97b7923,862835fd-54ad-4ebd-986a-b5392f1bb227,whatsapp,unknown,,whatsapp_contact,4aa66054-7fba-44c4-b943-4fce4b7dfb7c,2026-07-24 00:56:25.596+00,2026-07-19 14:12:12.725+00
9e7492c0-63bf-4176-afdd-2582a8fd565e,95f4eb75-5d5c-4ef1-b659-6748f1564367,862835fd-54ad-4ebd-986a-b5392f1bb227,whatsapp,unknown,,whatsapp_contact,004959fd-cc55-489d-9534-bfd126c7da4e,2026-07-24 00:56:26.111+00,2026-07-19 14:14:59.538+00
cac16476-6375-488c-bfea-aefe02032019,bcca3b60-a0ac-4df6-8110-834e70c826a0,7b577c22-5513-42cc-ab19-2bf867e14ebc,whatsapp,unknown,,whatsapp_contact,ca8e2875-a364-4fbf-9f9f-966872e967dd,2026-07-23 17:08:09.758+00,2026-07-23 17:08:09.758+00
fb3c1e2d-f633-452f-9c0b-e749da9acf7c,007d5dcf-805d-44e5-af0f-eeeed2aa8b6e,9703eb88-bcb7-4c08-952e-158f9c404728,whatsapp,unknown,,whatsapp_contact,851ccb0d-8388-473f-9eea-8928a9f15507,2026-07-23 17:54:41.71+00,2026-07-23 16:57:15.961+00
fa2382eb-0a6a-4e0d-b99f-02f2e6c79d7c,9ad0b4ff-5236-4d21-9c2e-d05b88e63927,7b577c22-5513-42cc-ab19-2bf867e14ebc,whatsapp,unknown,,whatsapp_contact,aca8e723-65fb-4116-a2b3-7c345d5b04b3,2026-07-23 17:09:07.701+00,2026-07-23 17:09:00.598+00
e72ef497-a384-4322-96a4-30d653e74755,471624cf-8d96-4fed-8d16-e268b0b0609f,7b577c22-5513-42cc-ab19-2bf867e14ebc,whatsapp,unknown,,whatsapp_contact,a26dfd35-3626-4dac-8983-8b570a4abecb,2026-07-23 17:12:03.718+00,2026-07-23 17:12:03.718+00
eb090c23-5178-439f-bc12-79552b49ca82,1f1eaa96-ce79-43e4-8a1e-d69f526e41f3,9703eb88-bcb7-4c08-952e-158f9c404728,whatsapp,unknown,,whatsapp_contact,f72a13cf-7a33-4cd7-9cc2-3e107f3d51c7,2026-07-23 17:40:02.446+00,2026-07-23 17:14:58.381+00
23ea3afa-6e89-46a0-9225-b3f31a0f4fd5,608f43ea-ccec-43db-a29e-5db4f1b54f4d,9703eb88-bcb7-4c08-952e-158f9c404728,whatsapp,unknown,,whatsapp_contact,87ebef40-6dba-4743-bf79-312527090f90,2026-07-23 17:15:38.147+00,2026-07-23 17:15:38.147+00
62ccd5b3-8213-4994-aa4a-17f31731fbe4,d389e936-b651-4e7b-8a10-c741e7b0e806,862835fd-54ad-4ebd-986a-b5392f1bb227,whatsapp,unknown,,whatsapp_contact,228466ed-7de1-4b2a-9942-374b5fe268f9,2026-07-24 00:56:25.938+00,2026-07-23 18:00:55.801+00
ddb196e4-65ad-4baf-9cf0-0039869c62e3,eb817e31-1d87-4775-b4d0-ac358d0af90f,32ccdbe1-627f-4fe3-a506-056b997ed89b,whatsapp,unknown,,whatsapp_contact,cf955dfe-f233-4101-af96-b80645cee611,2026-07-23 19:01:30.119+00,2026-07-23 18:58:40.388+00
10899cdb-0162-4fa3-b7e4-9034f0ee2ca8,8c39d77c-2832-43cb-bd85-6b9bb2a9b346,9703eb88-bcb7-4c08-952e-158f9c404728,whatsapp,unknown,,whatsapp_contact,b7cddaa8-6ecd-4469-8d24-f9230af42c31,2026-07-23 18:04:09.384+00,2026-07-23 17:08:28.652+00
8611838f-07dd-4415-8757-7e5a281a1f2d,50009a53-14fa-46e6-9ae9-523bbe20a7bb,9703eb88-bcb7-4c08-952e-158f9c404728,whatsapp,unknown,,whatsapp_contact,6b2618bf-ef59-4f89-ace5-5bf947a7c606,2026-07-23 17:47:45.4+00,2026-07-23 17:01:16.821+00
c648454e-71f4-4358-bb9e-927c1cd3fd2a,8ca5df08-bd08-4056-8e6a-d9bb3b2f4da3,9703eb88-bcb7-4c08-952e-158f9c404728,whatsapp,unknown,,whatsapp_contact,41d0c61b-8920-4c94-b013-8506d00fd568,2026-07-23 18:04:23.429+00,2026-07-23 17:01:48.168+00
8fbdccec-b825-4575-89cd-65a30e41db9e,e115be39-92a1-4ba7-8bbb-cb55d32cb4a8,9703eb88-bcb7-4c08-952e-158f9c404728,whatsapp,unknown,,whatsapp_contact,054abbe7-d579-498f-b0a7-e24f6b244804,2026-07-23 17:58:25.557+00,2026-07-23 17:21:32.818+00
078df20e-38a4-4fd0-96bc-85d2feb3b0fa,3ffa4b37-fecb-41c7-ae26-f82851df135a,9703eb88-bcb7-4c08-952e-158f9c404728,whatsapp,unknown,,whatsapp_contact,0aa6efd5-7d4d-49f0-bdd2-ef1c3c162d07,2026-07-23 18:07:02.433+00,2026-07-23 17:08:02.16+00
90d871cb-ab41-4f31-bb84-5c790f2f8db8,6c9053fa-86bb-420f-9371-f110e31b642c,9703eb88-bcb7-4c08-952e-158f9c404728,whatsapp,unknown,,whatsapp_contact,c1d48156-9552-4133-adef-b61a119e1ebf,2026-07-23 17:50:49.691+00,2026-07-23 17:41:55.712+00
cf24b0b4-0549-457d-87d1-60959700dd01,58253ced-95bc-4ca6-ab50-2d9de7b67fbe,32ccdbe1-627f-4fe3-a506-056b997ed89b,whatsapp,unknown,,whatsapp_contact,aaec2a2e-5cca-45ce-8ead-a5ef7bd3173f,2026-07-23 20:27:08.739+00,2026-07-23 19:23:30.139+00
b0434d10-086a-43dd-bbec-dbb8d34d0d5d,cf794329-cb86-4070-81ab-d4a0039232b5,9703eb88-bcb7-4c08-952e-158f9c404728,whatsapp,unknown,,whatsapp_contact,c7dc8318-eef1-40cb-b372-31e0ee0927a2,2026-07-23 17:32:22.657+00,2026-07-23 17:32:22.657+00
ddab5886-0d0c-4c22-b270-efe95104240b,6517118f-5598-4b95-aead-86bc1c78821c,9703eb88-bcb7-4c08-952e-158f9c404728,whatsapp,unknown,,whatsapp_contact,78ef9212-4174-4d18-99d1-1d0c305c2d1a,2026-07-23 18:00:54.677+00,2026-07-23 16:57:49.452+00
537bf064-33c0-44b0-acaf-e4602bfc9e8d,54c375d5-d55a-4096-bf02-cd1e5ed5977d,9703eb88-bcb7-4c08-952e-158f9c404728,whatsapp,unknown,,whatsapp_contact,c2a14d38-69b6-4541-9c56-fa25420ecb87,2026-07-23 17:34:10.313+00,2026-07-23 17:19:26.248+00
1c711ae8-4b1c-43e4-a53f-a2502ce51c8a,4103f472-727f-4d8b-9f14-166a843aadc5,9703eb88-bcb7-4c08-952e-158f9c404728,whatsapp,unknown,,whatsapp_contact,ce696f38-d5fb-4906-ac75-128b2645827d,2026-07-23 17:35:38.818+00,2026-07-23 17:22:19.134+00
9b58a883-f340-42ac-bf87-fdba46ccd377,93558c20-4f8b-46fb-92dc-1e900ed8d5ad,32ccdbe1-627f-4fe3-a506-056b997ed89b,whatsapp,unknown,,whatsapp_contact,70b37ca3-4ce6-48d0-8d1b-d8b1c830b81e,2026-07-23 21:37:02.979+00,2026-07-23 18:10:29.258+00
31ce8d9f-04c5-41e1-89b0-dfa7bd748afc,d5e69f7e-0d40-4339-b3e0-cb2bd3c06b79,9703eb88-bcb7-4c08-952e-158f9c404728,whatsapp,unknown,,whatsapp_contact,8a585c23-d9f4-40f5-a5bc-66a7445ae671,2026-07-23 18:00:55.693+00,2026-07-23 16:57:44.932+00
c304b000-3680-4c65-bad2-05e82a02496f,0244cf08-27d4-4369-a098-6ddba8afd35d,32ccdbe1-627f-4fe3-a506-056b997ed89b,whatsapp,unknown,,whatsapp_contact,3b1ff8e3-367f-46fa-be35-3303af69de56,2026-07-23 22:09:27.049+00,2026-07-23 18:09:39.204+00
e53f8ec4-ca87-4eb9-9169-d12501199f90,8e8d69d8-cd11-4d0c-bb38-27b8adfc8a3d,32ccdbe1-627f-4fe3-a506-056b997ed89b,whatsapp,unknown,,whatsapp_contact,d0cf62a7-c764-46bc-8539-f980514eead0,2026-07-23 20:24:12.597+00,2026-07-23 19:23:22.651+00
f4aef4d1-e12c-410f-8328-0d7e5d0b6aeb,c9d24056-90df-4c33-8296-01513d5f4af9,32ccdbe1-627f-4fe3-a506-056b997ed89b,whatsapp,unknown,,whatsapp_contact,729ff806-8339-4014-8c58-04236569931b,2026-07-23 19:01:23.049+00,2026-07-23 19:01:23.049+00
8be4586c-fdfc-4547-91de-d0ebb8c3e439,28c4050e-7913-44eb-822b-e8fd2b716f5a,32ccdbe1-627f-4fe3-a506-056b997ed89b,whatsapp,unknown,,whatsapp_contact,37c1502b-5a6b-42c3-a987-85add7a4e3c0,2026-07-23 21:36:36.915+00,2026-07-23 18:09:40.886+00
2987fef0-5eb9-41cf-a44e-dad877e874e9,82221b6e-f59f-44ce-9924-983a42857350,862835fd-54ad-4ebd-986a-b5392f1bb227,whatsapp,unknown,,whatsapp_contact,23a61373-19a0-49ce-85c3-8bc89ec276f8,2026-07-24 00:56:24.615+00,2026-07-23 18:00:54.785+00
dfc0356b-e651-4658-9a2e-79dbd6a6f0f5,3c54ee05-2d95-4767-9dd5-8c1c29a7a6c2,32ccdbe1-627f-4fe3-a506-056b997ed89b,whatsapp,unknown,,whatsapp_contact,dc920c09-03b1-42e3-987e-55bd08a129fb,2026-07-23 21:28:44.625+00,2026-07-23 18:14:10.82+00
8befb9da-7e42-4811-ba49-a10dd3f6acd8,24c716d0-fba3-4e18-aedc-7156a40f20bc,32ccdbe1-627f-4fe3-a506-056b997ed89b,whatsapp,unknown,,whatsapp_contact,3f8c9952-0198-428d-bb7a-e4a44931311d,2026-07-23 18:58:44.28+00,2026-07-23 18:17:35.307+00
fdda756e-fec8-4b1b-aea8-b043180fd00e,f74495ff-e5e7-4ee3-ab84-744edf443fbc,32ccdbe1-627f-4fe3-a506-056b997ed89b,whatsapp,unknown,,whatsapp_contact,aa90353f-74d2-4291-ab11-a008f792280c,2026-07-23 22:09:29.191+00,2026-07-23 18:21:08.873+00
0d6604d8-abec-4c47-a12e-06e5af1f392b,51be05ce-3364-4f69-a661-2dccd7098a1c,32ccdbe1-627f-4fe3-a506-056b997ed89b,whatsapp,unknown,,whatsapp_contact,e4194ee9-0520-4692-8a68-ebd0df58d520,2026-07-23 20:19:27.394+00,2026-07-23 19:23:31.139+00
3977b0d3-7282-497d-8441-044258f848ca,8da5c68c-a1f5-43c8-a2ff-2dfe9800e164,32ccdbe1-627f-4fe3-a506-056b997ed89b,whatsapp,unknown,,whatsapp_contact,55da3495-047c-4984-905a-70ced50c33a4,2026-07-23 20:47:59.908+00,2026-07-23 18:12:09.667+00
9f93910a-c437-43dd-84f2-d6f05e891b50,1e7b1bf4-c1e9-4f2e-837d-d5fc14806425,32ccdbe1-627f-4fe3-a506-056b997ed89b,whatsapp,unknown,,whatsapp_contact,d0450ab6-c83b-4004-9811-27f5ec88ee04,2026-07-23 21:37:06.677+00,2026-07-23 18:24:21.258+00
d05b7c27-bb1c-4951-a4f8-893327f332c7,7e1eb9a9-d0e2-44ac-8c50-72de25312962,32ccdbe1-627f-4fe3-a506-056b997ed89b,whatsapp,unknown,,whatsapp_contact,7ec52c7d-8fd1-4253-9333-88475c6638cc,2026-07-23 21:10:16.735+00,2026-07-23 18:14:04.113+00
f114ecaa-0e35-4766-9e3b-72228085f4c9,ab84b764-16de-4d2f-a017-2c38efba2f59,32ccdbe1-627f-4fe3-a506-056b997ed89b,whatsapp,unknown,,whatsapp_contact,64beb355-c990-44c3-8418-e6af009eb97e,2026-07-23 22:09:47.811+00,2026-07-23 18:10:07.232+00
9bdf00e8-7d94-4940-98ab-5bd8e8e6b6a7,1c7d02f3-7da3-4b49-bda5-3462aa864bd2,32ccdbe1-627f-4fe3-a506-056b997ed89b,whatsapp,unknown,,whatsapp_contact,0db6647a-0ed6-4a59-804a-9f338ccdd449,2026-07-23 20:00:00.08+00,2026-07-23 18:09:33.812+00
787e1f26-1bda-4fbd-9806-f4e96491e15f,eb3bfdb2-32c1-453d-9b23-ead4bda280a7,32ccdbe1-627f-4fe3-a506-056b997ed89b,whatsapp,unknown,,whatsapp_contact,c1838964-80eb-4403-abb9-8e6c0745aec7,2026-07-23 22:09:40.369+00,2026-07-23 18:14:59.194+00
cea53146-d0ab-43ba-b6c4-3677da2f46ac,ee807750-f178-4a26-8bdc-2c566bec444e,32ccdbe1-627f-4fe3-a506-056b997ed89b,whatsapp,unknown,,whatsapp_contact,3ac1a3f4-2d56-4afe-8a28-540e3427fb96,2026-07-23 20:26:36.375+00,2026-07-23 19:24:06.519+00
60e785bb-260b-41c0-b216-46d8e5e2854d,dd3b32f6-b867-4170-b975-45a861b34866,862835fd-54ad-4ebd-986a-b5392f1bb227,whatsapp,unknown,,whatsapp_contact,7d5963c8-b67f-401a-bfff-85d29b696185,2026-07-24 00:56:26.495+00,2026-07-23 18:00:55.312+00
08d5fc00-0261-48e4-a919-62a4a7b6f888,1b7e7505-6a15-4c4c-98a8-e5c3eba09c74,32ccdbe1-627f-4fe3-a506-056b997ed89b,whatsapp,unknown,,whatsapp_contact,71ad528d-9a22-4349-a8aa-438ebf44f20d,2026-07-23 19:54:43.34+00,2026-07-23 19:54:43.34+00
b096cddb-cec5-4521-aff3-ec136e730f39,0da16d91-f387-428e-a016-a1bfdc2022a5,32ccdbe1-627f-4fe3-a506-056b997ed89b,whatsapp,unknown,,whatsapp_contact,fb4e51ba-1602-4725-92ef-83ff4738b3d9,2026-07-23 20:10:53.854+00,2026-07-23 19:56:11.959+00
57f1eab9-0373-4dc4-98e0-fc4965fc809a,18e321a6-85a4-47c7-8123-1476f8f866cf,32ccdbe1-627f-4fe3-a506-056b997ed89b,whatsapp,unknown,,whatsapp_contact,20c8c16e-3870-4759-a04b-d163061cd954,2026-07-23 21:09:38.694+00,2026-07-23 19:53:16.674+00
ecb6bd70-bab8-4af3-946e-403da3a1eef1,c152e4d3-bb2d-4c8a-b8c2-5ab6e5c531b8,32ccdbe1-627f-4fe3-a506-056b997ed89b,whatsapp,unknown,,whatsapp_contact,3d1dc83c-691d-41ec-bc1d-7777d39787b2,2026-07-23 21:27:52.809+00,2026-07-23 20:22:44.155+00
471deccd-97ac-433d-94c3-15fb68e45f82,ea21b5b3-6135-4eb5-a534-c2a6e8d6a12d,32ccdbe1-627f-4fe3-a506-056b997ed89b,email,allowed,imported,email_contact,f1c66ad5-5b1b-4d24-9fb6-00308dd9a232,2026-07-23 22:21:56.441+00,2026-07-23 22:21:56.441+00
cf525b18-ceac-457a-b9cc-eb928dd4a698,44128a96-a118-4479-ba68-5cca770cff10,32ccdbe1-627f-4fe3-a506-056b997ed89b,email,allowed,imported,email_contact,99f8a850-0fb6-4231-ba1e-406e50e63798,2026-07-23 22:21:56.633+00,2026-07-23 22:21:56.633+00
b6dc9484-bb39-4ccb-b683-172168da3c93,d9d0611c-8c3c-42c3-a5a0-a550901409a5,862835fd-54ad-4ebd-986a-b5392f1bb227,whatsapp,unknown,,whatsapp_contact,017d257d-5d8b-405a-b9d2-c684e2b71e58,2026-07-24 14:31:24.054+00,2026-07-24 14:11:04.086+00
2c20025a-d61f-4204-ba3b-7f9b2d24e2c3,c738c5a2-9d18-4bdd-91f9-f78c79588524,862835fd-54ad-4ebd-986a-b5392f1bb227,whatsapp,unknown,,whatsapp_contact,d372bf5f-7795-41ad-ae42-fd3e71dadabe,2026-07-27 17:17:53.246+00,2026-07-27 17:17:53.246+00
