id,profileId,teamId,type,value,normalizedValue,source,isPrimary,createdAt,updatedAt
aa0b6ff4-8d38-40bb-b023-be5f51565388,9b5c2b70-3011-4dc2-a776-4598f3358c86,8f4abfd3-b0bd-4a0c-991a-d553d92f915a,phone,5511931529434,5511931529434,whatsapp,t,2026-07-07 17:20:54.502+00,2026-07-07 17:20:54.502+00
883c13ea-787c-4422-8bb6-a68f8c8802a9,dc394e64-ae91-4016-80a1-a3a324aa24b9,8f4abfd3-b0bd-4a0c-991a-d553d92f915a,phone,5511941125313,5511941125313,whatsapp,t,2026-07-13 09:56:30.063+00,2026-07-13 09:56:30.063+00
46f46948-b9ff-4ea1-a2f4-53173465c4ab,c15a2299-1145-4894-a2a6-0794adf7e28e,32ccdbe1-627f-4fe3-a506-056b997ed89b,phone,5511924651308,5511924651308,whatsapp,t,2026-07-02 13:19:52.574+00,2026-07-03 21:35:52.388+00
7354381a-16ec-40d7-ae58-2ef87d756d18,7517b499-138b-480b-bc5c-f78306eeb961,32ccdbe1-627f-4fe3-a506-056b997ed89b,whatsapp_contact_id,cae49db9-0e30-4322-b9c6-f1cc311de7e5,cae49db9-0e30-4322-b9c6-f1cc311de7e5,whatsapp,f,2026-07-02 15:53:29.756+00,2026-07-10 21:34:40.733+00
8129a9ec-2c47-491a-b21e-d671de9195cd,274429bb-6a4d-4c81-aeef-c653b1ea94d2,32ccdbe1-627f-4fe3-a506-056b997ed89b,phone,551140033142,551140033142,whatsapp,t,2026-07-03 10:26:35.9+00,2026-07-03 10:26:35.9+00
87b718b8-4330-4cbf-a57e-13a7856c6919,274429bb-6a4d-4c81-aeef-c653b1ea94d2,32ccdbe1-627f-4fe3-a506-056b997ed89b,whatsapp_contact_id,f7b08977-1f69-4c8e-a6f2-dd2a10dea410,f7b08977-1f69-4c8e-a6f2-dd2a10dea410,whatsapp,f,2026-07-03 10:26:35.946+00,2026-07-03 10:26:35.946+00
b0be93c2-9242-477a-919b-14015319fc29,ca5f6154-63cd-4a78-b612-8864333dc1a6,32ccdbe1-627f-4fe3-a506-056b997ed89b,phone,5514997337305,5514997337305,whatsapp,t,2026-07-07 12:05:16.642+00,2026-07-08 13:50:03.846+00
84afc8bf-f608-4754-83a8-cf2510886574,198b2b62-907d-4fe0-8667-fb423b53a9f0,8f4abfd3-b0bd-4a0c-991a-d553d92f915a,phone,120363405458948123,120363405458948123,whatsapp,t,2026-07-08 12:13:59.474+00,2026-07-09 12:38:25.304+00
641b8471-fe3c-47da-af4a-3ff93386cba4,586f0cc5-66c6-4a47-a041-5e2642b8c239,32ccdbe1-627f-4fe3-a506-056b997ed89b,phone,5511957924165,5511957924165,whatsapp,t,2026-07-05 18:36:35.648+00,2026-07-10 11:56:29.498+00
92020add-72c0-4b85-98a3-abf231149446,890b7c9d-ef11-4d31-9d26-2b69b8a43c48,a9c81e05-8b1a-47ad-a80d-dbc45603f068,phone,5511951953981,5511951953981,whatsapp,t,2026-07-02 11:51:21.42+00,2026-07-02 11:51:21.42+00
7f77a7b6-0e5d-47cf-9042-d6a98791cfb2,890b7c9d-ef11-4d31-9d26-2b69b8a43c48,a9c81e05-8b1a-47ad-a80d-dbc45603f068,whatsapp_contact_id,16d3d0b8-2f88-49dc-98a2-9ae8a5d88141,16d3d0b8-2f88-49dc-98a2-9ae8a5d88141,whatsapp,f,2026-07-02 11:51:23.074+00,2026-07-02 11:51:23.074+00
d7e29a15-9896-425e-a44b-23a4d362b848,06cec95e-4df1-45da-aa12-62aad21da128,8f4abfd3-b0bd-4a0c-991a-d553d92f915a,phone,5516981448965,5516981448965,whatsapp,t,2026-07-07 15:43:33.465+00,2026-07-07 15:43:33.465+00
21e98c3f-2315-4faa-af85-60e29beb2175,32bebde2-965e-4d93-82e5-63e7d39cd4ea,8f4abfd3-b0bd-4a0c-991a-d553d92f915a,phone,5511984419261,5511984419261,whatsapp,t,2026-07-13 18:23:38.582+00,2026-07-13 18:23:38.582+00
b7eaa0ae-5f0f-4594-bd33-76ba96f135c6,06cec95e-4df1-45da-aa12-62aad21da128,8f4abfd3-b0bd-4a0c-991a-d553d92f915a,whatsapp_contact_id,b2906da9-1a1a-4e12-a1a0-6df33c28ef13,b2906da9-1a1a-4e12-a1a0-6df33c28ef13,whatsapp,f,2026-07-07 15:43:33.498+00,2026-07-07 15:43:33.498+00
aa112a75-c708-44c6-900a-bb659e2c5e44,3d2284e8-717f-4415-b3f1-05e8a9bd4982,8f4abfd3-b0bd-4a0c-991a-d553d92f915a,phone,5511964950310,5511964950310,whatsapp,t,2026-07-08 13:26:35.98+00,2026-07-08 15:28:58.312+00
8d7e5be8-f4c3-4bfd-9b4c-373ce9e53f5e,c15a2299-1145-4894-a2a6-0794adf7e28e,32ccdbe1-627f-4fe3-a506-056b997ed89b,whatsapp_contact_id,a97ff78b-1563-4744-864c-a52f81bb2740,a97ff78b-1563-4744-864c-a52f81bb2740,whatsapp,f,2026-07-02 13:19:53.168+00,2026-07-23 20:30:31.511+00
057e25a9-e1f8-47a9-b71d-28a3a11f9f45,cb2d01fd-69df-49d5-9aac-88d79cb40f69,32ccdbe1-627f-4fe3-a506-056b997ed89b,phone,5511943145761,5511943145761,whatsapp,t,2026-07-03 12:41:40.505+00,2026-07-03 22:09:49.908+00
7a76fa6e-170b-44c4-b80a-b9535bf15b54,cb2d01fd-69df-49d5-9aac-88d79cb40f69,32ccdbe1-627f-4fe3-a506-056b997ed89b,whatsapp_contact_id,0750250f-f463-4c24-8778-13a8461716e6,0750250f-f463-4c24-8778-13a8461716e6,whatsapp,f,2026-07-03 12:41:40.56+00,2026-07-03 22:09:49.938+00
e6e4f7ec-b7b1-4141-b242-e79d368fa26e,47df7ee9-2dab-48c4-bbeb-aeeab3bf75e6,7b577c22-5513-42cc-ab19-2bf867e14ebc,phone,5522981358326,5522981358326,whatsapp,t,2026-07-03 14:41:44.381+00,2026-07-03 14:41:44.381+00
a963ab57-9fa7-470f-bea0-00cab2695085,ad8ac345-f1eb-4aa8-a77b-6e2887215dfe,a9c81e05-8b1a-47ad-a80d-dbc45603f068,phone,5511983287229,5511983287229,whatsapp,t,2026-07-02 11:51:27.014+00,2026-07-02 13:01:42.362+00
daa844d9-00ec-41a6-b652-5ba9668163c7,ad8ac345-f1eb-4aa8-a77b-6e2887215dfe,a9c81e05-8b1a-47ad-a80d-dbc45603f068,whatsapp_contact_id,2a029c93-65e7-4fb1-90f1-7cf967aa52bd,2a029c93-65e7-4fb1-90f1-7cf967aa52bd,whatsapp,f,2026-07-02 11:51:28.853+00,2026-07-02 13:01:42.937+00
5d8446b4-3228-4040-951d-ca09a650f61b,47df7ee9-2dab-48c4-bbeb-aeeab3bf75e6,7b577c22-5513-42cc-ab19-2bf867e14ebc,whatsapp_contact_id,45cbc171-0776-42ad-8eb8-3609dff279eb,45cbc171-0776-42ad-8eb8-3609dff279eb,whatsapp,f,2026-07-03 14:41:44.433+00,2026-07-03 14:41:44.433+00
37a680b6-1867-428a-a0a8-a6b37781b25c,eef3a220-9e19-4e66-a080-dc1fc5b47f8d,32ccdbe1-627f-4fe3-a506-056b997ed89b,phone,5517991059234,5517991059234,whatsapp,t,2026-07-03 20:31:43.321+00,2026-07-03 22:20:12.888+00
c1aae076-affa-4f88-ba0f-a846eab53706,74f5bab4-d582-45fb-b4a4-060bb784c3b9,a9c81e05-8b1a-47ad-a80d-dbc45603f068,phone,5511964596939,5511964596939,whatsapp,t,2026-07-02 18:07:24.317+00,2026-07-02 19:01:44.256+00
8955cb84-70a1-41e5-8090-8aa346a7be4c,62708950-de7e-4315-9119-10030fc5ece2,a9c81e05-8b1a-47ad-a80d-dbc45603f068,phone,5511985564992,5511985564992,whatsapp,t,2026-07-02 14:42:35.947+00,2026-07-02 16:40:43.918+00
243bf367-15c8-4614-a677-6e2cae431fce,eef3a220-9e19-4e66-a080-dc1fc5b47f8d,32ccdbe1-627f-4fe3-a506-056b997ed89b,whatsapp_contact_id,fe3eeb84-bd90-4667-bc62-0b210b11996d,fe3eeb84-bd90-4667-bc62-0b210b11996d,whatsapp,f,2026-07-03 20:31:43.366+00,2026-07-03 22:20:12.912+00
3174dc80-e14c-4dc9-820b-0c933608be0e,7ebeb651-5e2a-4094-a19f-84b6acb72a63,8f4abfd3-b0bd-4a0c-991a-d553d92f915a,phone,5511967142152,5511967142152,whatsapp,t,2026-07-09 15:14:47.783+00,2026-07-09 17:20:42.865+00
0ae08773-09f2-45c3-b729-386f052e632b,62708950-de7e-4315-9119-10030fc5ece2,a9c81e05-8b1a-47ad-a80d-dbc45603f068,whatsapp_contact_id,6a2bad46-e2a2-4821-a3b7-4b170c17d1cc,6a2bad46-e2a2-4821-a3b7-4b170c17d1cc,whatsapp,f,2026-07-02 14:42:36.55+00,2026-07-02 16:40:43.96+00
397cc2e0-b25a-468e-88fe-1ae55439f4a1,67e27e9c-aacb-498b-9e7d-b4ecc6558e6a,32ccdbe1-627f-4fe3-a506-056b997ed89b,phone,5511942831589,5511942831589,whatsapp,t,2026-07-03 19:16:21.253+00,2026-07-06 13:33:58.513+00
6cd624bd-12e6-4fc9-8afc-ba5cd52e253f,0eecedaa-9fce-477b-87c2-ec50e372f0de,a9c81e05-8b1a-47ad-a80d-dbc45603f068,phone,5511949682877,5511949682877,whatsapp,t,2026-07-02 13:03:04.53+00,2026-07-02 13:41:37.28+00
9f32b270-0347-4623-926f-fdc4a42aba40,74f5bab4-d582-45fb-b4a4-060bb784c3b9,a9c81e05-8b1a-47ad-a80d-dbc45603f068,whatsapp_contact_id,9625f904-9514-4935-9b0b-bbce538748e3,9625f904-9514-4935-9b0b-bbce538748e3,whatsapp,f,2026-07-02 18:07:24.353+00,2026-07-02 19:01:44.287+00
cffe6652-ba71-4654-8999-b030567a0613,0eecedaa-9fce-477b-87c2-ec50e372f0de,a9c81e05-8b1a-47ad-a80d-dbc45603f068,whatsapp_contact_id,eb0d8e80-6715-4a77-967e-e249f012fb27,eb0d8e80-6715-4a77-967e-e249f012fb27,whatsapp,f,2026-07-02 13:03:05.385+00,2026-07-02 13:41:37.893+00
a6fbcb2f-80ca-4e60-9254-1c63fba3dccf,9a5d84ce-3252-4144-afb6-f8386abb57d5,7b577c22-5513-42cc-ab19-2bf867e14ebc,phone,5511964596939,5511964596939,whatsapp,t,2026-07-02 19:07:48.693+00,2026-07-02 19:07:48.693+00
f78a809b-c200-4c64-ad20-fc2adac592bd,c0750d7b-66c2-4e9d-88fd-08e0ae4555bf,32ccdbe1-627f-4fe3-a506-056b997ed89b,phone,5511965999019,5511965999019,whatsapp,t,2026-07-05 00:51:15.045+00,2026-07-06 13:42:14.575+00
bfe0de1b-bd2a-4fe6-94eb-c157ff446a89,9acb376c-ef99-4ccf-a98f-b2d45c0d57ab,32ccdbe1-627f-4fe3-a506-056b997ed89b,phone,5511971613003,5511971613003,whatsapp,t,2026-07-02 17:07:07.225+00,2026-07-02 17:07:25.657+00
0cf55845-2f23-45a9-bd84-c39c8418500f,9acb376c-ef99-4ccf-a98f-b2d45c0d57ab,32ccdbe1-627f-4fe3-a506-056b997ed89b,whatsapp_contact_id,b34c2f05-cb9e-4d17-8318-4f46df8ae9fe,b34c2f05-cb9e-4d17-8318-4f46df8ae9fe,whatsapp,f,2026-07-02 17:07:07.287+00,2026-07-02 17:07:25.672+00
43a37bb9-42ed-4c2c-a3f9-bf2024e2fbd4,9a5d84ce-3252-4144-afb6-f8386abb57d5,7b577c22-5513-42cc-ab19-2bf867e14ebc,whatsapp_contact_id,b116ecb2-2846-4cb7-8043-4f2539db5aaa,b116ecb2-2846-4cb7-8043-4f2539db5aaa,whatsapp,f,2026-07-02 19:07:48.724+00,2026-07-02 19:07:48.724+00
a357b5bc-affe-4229-8d3d-cb3f54927b9a,eb7dfd9a-6654-44d2-a920-a5224cedc718,32ccdbe1-627f-4fe3-a506-056b997ed89b,phone,5511910918134,5511910918134,whatsapp,t,2026-07-02 17:07:39.551+00,2026-07-02 17:36:19.977+00
c872b036-346e-4f42-ba19-b2f7c4b083cf,903551d1-17d9-477f-8ac6-1ea49c066ec2,a9c81e05-8b1a-47ad-a80d-dbc45603f068,phone,5511947410019,5511947410019,whatsapp,t,2026-07-02 18:49:08.133+00,2026-07-02 18:49:27.526+00
a91b14fa-9c09-4fcb-b22b-4516f1135094,eb7dfd9a-6654-44d2-a920-a5224cedc718,32ccdbe1-627f-4fe3-a506-056b997ed89b,whatsapp_contact_id,75d3b2e3-c433-434f-9488-dbaa2e8c2ead,75d3b2e3-c433-434f-9488-dbaa2e8c2ead,whatsapp,f,2026-07-02 17:07:39.587+00,2026-07-02 17:36:19.998+00
3fbf738b-c24c-4b28-91fb-95d79b42931b,903551d1-17d9-477f-8ac6-1ea49c066ec2,a9c81e05-8b1a-47ad-a80d-dbc45603f068,whatsapp_contact_id,96e518e2-9319-44e3-82a2-71d529d3af4c,96e518e2-9319-44e3-82a2-71d529d3af4c,whatsapp,f,2026-07-02 18:49:08.164+00,2026-07-02 18:49:27.6+00
af132632-1edc-4cfd-a1c9-fcb6cd092501,fa849832-a591-4b5e-a304-4de18575b686,32ccdbe1-627f-4fe3-a506-056b997ed89b,phone,5511945486791,5511945486791,whatsapp,t,2026-07-03 18:35:39.117+00,2026-07-03 18:35:45.397+00
fdf53894-5f37-483d-b741-b2e33ec939df,6e6835a8-0cb1-4938-ac4a-e1a6e0a85c0f,a9c81e05-8b1a-47ad-a80d-dbc45603f068,phone,5511975246311,5511975246311,whatsapp,t,2026-07-02 13:16:28.021+00,2026-07-02 18:36:14.208+00
39cd9d8f-ed2b-46da-9f94-4eaadbdcbc9b,6e6835a8-0cb1-4938-ac4a-e1a6e0a85c0f,a9c81e05-8b1a-47ad-a80d-dbc45603f068,whatsapp_contact_id,7a3a62b1-e790-45cd-9c54-c1b7c6d287c8,7a3a62b1-e790-45cd-9c54-c1b7c6d287c8,whatsapp,f,2026-07-02 13:16:28.643+00,2026-07-02 18:36:14.225+00
3f9b3de3-2eed-4047-9004-b442f86ee564,fa849832-a591-4b5e-a304-4de18575b686,32ccdbe1-627f-4fe3-a506-056b997ed89b,whatsapp_contact_id,04676610-02e4-4ebc-9626-c803b03d9a27,04676610-02e4-4ebc-9626-c803b03d9a27,whatsapp,f,2026-07-03 18:35:39.162+00,2026-07-03 18:35:45.42+00
c852f501-d395-48ab-8d3a-7d1b81127afd,538b5ebd-58a6-4fac-b849-a712d72bdcbd,7b577c22-5513-42cc-ab19-2bf867e14ebc,phone,5511975246311,5511975246311,whatsapp,t,2026-07-02 19:10:56.481+00,2026-07-02 19:13:22.859+00
ac7b76f2-763e-475f-bb47-2df3cd96c213,538b5ebd-58a6-4fac-b849-a712d72bdcbd,7b577c22-5513-42cc-ab19-2bf867e14ebc,whatsapp_contact_id,fc78f0c0-cbe6-4d2a-a5a1-371794589558,fc78f0c0-cbe6-4d2a-a5a1-371794589558,whatsapp,f,2026-07-02 19:10:56.51+00,2026-07-02 19:13:22.888+00
399a2f73-df03-4d16-8b2a-1b90d84c50fd,d24d332e-6120-4779-b852-fb320f7ea4ae,32ccdbe1-627f-4fe3-a506-056b997ed89b,phone,556132073332,556132073332,whatsapp,t,2026-07-03 21:25:11.587+00,2026-07-03 21:25:11.587+00
d9ffc325-f93b-4ad9-aa3c-cbe454d5fd21,d24d332e-6120-4779-b852-fb320f7ea4ae,32ccdbe1-627f-4fe3-a506-056b997ed89b,whatsapp_contact_id,798a97ba-64cd-453f-baa6-42b21cff41e5,798a97ba-64cd-453f-baa6-42b21cff41e5,whatsapp,f,2026-07-03 21:25:11.67+00,2026-07-03 21:25:11.67+00
a7448fc9-4997-4fde-8899-b9891aef87af,80ec72cd-18f5-4cce-9e9a-dd95b96e41fa,7b577c22-5513-42cc-ab19-2bf867e14ebc,phone,5521999229417,5521999229417,whatsapp,t,2026-07-08 12:26:22.568+00,2026-07-08 12:32:38.208+00
d6d23132-76a9-463b-a235-594a62d7ff24,92ce20b5-2024-4e08-91d4-1247ac6c5752,8f4abfd3-b0bd-4a0c-991a-d553d92f915a,whatsapp_contact_id,05fdc044-8af9-4dd7-8be5-8eb084b421af,05fdc044-8af9-4dd7-8be5-8eb084b421af,whatsapp,f,2026-07-07 14:29:41.323+00,2026-07-14 16:02:34.882+00
b2dabcaf-e6d8-4005-a144-c4339553ed6e,28b9d997-5e49-4199-9ff0-392d5d2e187c,8f4abfd3-b0bd-4a0c-991a-d553d92f915a,phone,5511944510958,5511944510958,whatsapp,t,2026-07-07 18:56:44.869+00,2026-07-14 19:57:25.1+00
f46d76d4-b366-4ec8-b75e-2f86ebdcccc9,c0750d7b-66c2-4e9d-88fd-08e0ae4555bf,32ccdbe1-627f-4fe3-a506-056b997ed89b,whatsapp_contact_id,add8ff1e-94c7-4eda-97d0-880d710579c7,add8ff1e-94c7-4eda-97d0-880d710579c7,whatsapp,f,2026-07-05 00:51:15.124+00,2026-07-06 13:42:14.668+00
5ea5fccf-7372-48b0-8df1-8ccaecf9b785,198b2b62-907d-4fe0-8667-fb423b53a9f0,8f4abfd3-b0bd-4a0c-991a-d553d92f915a,whatsapp_contact_id,fd2b13fd-bb94-49d5-995c-89a9f465f811,fd2b13fd-bb94-49d5-995c-89a9f465f811,whatsapp,f,2026-07-08 12:13:59.499+00,2026-07-09 12:38:25.335+00
db2b2415-bbb7-41fe-b4f3-f59439fb53ba,32bebde2-965e-4d93-82e5-63e7d39cd4ea,8f4abfd3-b0bd-4a0c-991a-d553d92f915a,whatsapp_contact_id,758fdaf1-ccc0-4c48-a317-1fb51aadab20,758fdaf1-ccc0-4c48-a317-1fb51aadab20,whatsapp,f,2026-07-13 18:23:38.664+00,2026-07-13 18:23:38.664+00
a49c9caf-f898-4c8e-906c-8bb7b7881dfa,586f0cc5-66c6-4a47-a041-5e2642b8c239,32ccdbe1-627f-4fe3-a506-056b997ed89b,whatsapp_contact_id,74580569-1c14-44dc-a19f-0aaac5c93c5b,74580569-1c14-44dc-a19f-0aaac5c93c5b,whatsapp,f,2026-07-05 18:36:35.704+00,2026-07-10 11:56:29.528+00
1ac08eac-9d71-430e-9f4f-908f276eba36,c496e72b-84bb-47f3-b44e-1d352af69b65,8f4abfd3-b0bd-4a0c-991a-d553d92f915a,phone,5511939111615,5511939111615,whatsapp,t,2026-07-07 14:46:00.435+00,2026-07-14 20:08:32.909+00
066dbd04-f7be-49a0-b40d-9dc9769c1669,ca5f6154-63cd-4a78-b612-8864333dc1a6,32ccdbe1-627f-4fe3-a506-056b997ed89b,whatsapp_contact_id,747b5fdb-f101-4376-9059-de1e42c6c618,747b5fdb-f101-4376-9059-de1e42c6c618,whatsapp,f,2026-07-07 12:05:16.679+00,2026-07-08 13:50:03.872+00
88c3af6f-af6b-433b-b9b2-0fcc007dee82,7f9ba701-2fbf-4765-b818-f0117bbe4916,8f4abfd3-b0bd-4a0c-991a-d553d92f915a,phone,5511964340552-1612386114,55119643405521612386114,whatsapp,t,2026-07-07 13:38:58.317+00,2026-07-14 21:55:53.721+00
65965e25-3bd3-49af-b171-143d9f3d8ffc,92ce20b5-2024-4e08-91d4-1247ac6c5752,8f4abfd3-b0bd-4a0c-991a-d553d92f915a,phone,5511936203330,5511936203330,whatsapp,t,2026-07-07 14:29:41.277+00,2026-07-14 16:02:34.846+00
cbac540c-f68f-441f-b95b-4b64e296997f,abf3449b-17d8-4bc6-87f3-6790c772a1fc,32ccdbe1-627f-4fe3-a506-056b997ed89b,whatsapp_contact_id,1ee488b6-31a4-479f-9027-654ebd27bc8c,1ee488b6-31a4-479f-9027-654ebd27bc8c,whatsapp,f,2026-07-02 12:56:49.044+00,2026-07-09 21:32:33.661+00
dc9d0bda-d3ee-438e-86bb-c9d1332d6456,59c63736-5f0e-45bf-8c42-748094f94b74,8f4abfd3-b0bd-4a0c-991a-d553d92f915a,phone,5517992727605,5517992727605,whatsapp,t,2026-07-07 13:53:45.255+00,2026-07-14 18:29:54.524+00
b5ba3d4b-40c4-4820-b478-ab95d7aa3988,9b5c2b70-3011-4dc2-a776-4598f3358c86,8f4abfd3-b0bd-4a0c-991a-d553d92f915a,whatsapp_contact_id,6b5fd8e7-dea3-48be-8dc9-662328184f2d,6b5fd8e7-dea3-48be-8dc9-662328184f2d,whatsapp,f,2026-07-07 17:20:54.54+00,2026-07-07 17:20:54.54+00
397219c9-5737-4e02-94c4-3c8b9697a154,4b5d70fe-e15d-4c8a-b643-c08b182a173a,32ccdbe1-627f-4fe3-a506-056b997ed89b,phone,120363407780346637,120363407780346637,whatsapp,t,2026-07-06 12:40:45.389+00,2026-07-06 20:49:57.391+00
8d5b787b-3b8e-48c5-8afc-4fbee39a07e4,4b5d70fe-e15d-4c8a-b643-c08b182a173a,32ccdbe1-627f-4fe3-a506-056b997ed89b,whatsapp_contact_id,e0213f00-59a6-436f-a3ca-f81ea6e484f9,e0213f00-59a6-436f-a3ca-f81ea6e484f9,whatsapp,f,2026-07-06 12:40:45.417+00,2026-07-06 20:49:57.438+00
a8edd6f4-1c78-4f1b-b085-4f7f01f3404b,d4880e6b-2b83-46ff-8130-e8b91b2fe4c1,8f4abfd3-b0bd-4a0c-991a-d553d92f915a,phone,5521982900986,5521982900986,whatsapp,t,2026-07-07 21:21:06.606+00,2026-07-13 15:02:11.605+00
95c0d7e9-1293-4810-bfa6-ee22fda4ead2,9cdf3dad-1b73-43db-a96d-d0fb1cb9874f,8f4abfd3-b0bd-4a0c-991a-d553d92f915a,phone,120363426683334261,120363426683334261,whatsapp,t,2026-07-07 14:09:25.057+00,2026-07-13 15:22:34.032+00
48e9f33b-4a9e-4a80-8bdc-990d702f3e81,82161041-6b4e-4601-bfc4-f5dcff4d57f6,8f4abfd3-b0bd-4a0c-991a-d553d92f915a,phone,5511976065599-1549759385,55119760655991549759385,whatsapp,t,2026-07-07 17:40:59.351+00,2026-07-13 16:26:55.893+00
6615264d-9ddf-4ffd-b211-a94febfdefa7,550b6dbe-5e2f-4663-98d7-fc69c7403646,8f4abfd3-b0bd-4a0c-991a-d553d92f915a,phone,120363207369713483,120363207369713483,whatsapp,t,2026-07-07 14:38:29.343+00,2026-07-14 23:03:58.745+00
d770c47f-4ae6-4983-b2a7-931c612161b4,67e27e9c-aacb-498b-9e7d-b4ecc6558e6a,32ccdbe1-627f-4fe3-a506-056b997ed89b,whatsapp_contact_id,bc2fef39-10b7-4506-ab5a-de0aaef5dfaa,bc2fef39-10b7-4506-ab5a-de0aaef5dfaa,whatsapp,f,2026-07-03 19:16:21.292+00,2026-07-06 13:33:58.549+00
02308b64-f6aa-470d-8d70-2be7c14c6522,3ad6e4dc-ef59-489d-bdf6-ba4898339add,8f4abfd3-b0bd-4a0c-991a-d553d92f915a,phone,5511998031444-1469394172,55119980314441469394172,whatsapp,t,2026-07-07 15:45:33.128+00,2026-07-14 23:12:00.118+00
1b3511fe-43ec-4448-80f7-1bb9f6ebaf56,cecc4c60-4690-4e1e-9420-92383640edb1,8f4abfd3-b0bd-4a0c-991a-d553d92f915a,phone,556199786327,556199786327,whatsapp,t,2026-07-09 12:30:22.007+00,2026-07-09 17:11:21.047+00
6916695d-cb9f-4671-838d-2d3585250835,f5031027-7589-4845-93a6-687036bbcf01,8f4abfd3-b0bd-4a0c-991a-d553d92f915a,phone,5511999096473,5511999096473,whatsapp,t,2026-07-10 19:41:22.375+00,2026-07-10 20:32:24.22+00
539404eb-378d-43bf-8a31-6096ca43e849,09279d92-d0eb-4115-a2ba-379711587a8d,8f4abfd3-b0bd-4a0c-991a-d553d92f915a,phone,5512997890917,5512997890917,whatsapp,t,2026-07-08 14:25:59.934+00,2026-07-14 16:09:52.105+00
7d8c67c5-9dd7-4bbb-826b-5b7da6cf2da1,326c3d9b-4cbe-4c25-b2f8-3853406336ea,8f4abfd3-b0bd-4a0c-991a-d553d92f915a,phone,5511947375165,5511947375165,whatsapp,t,2026-07-07 14:49:03.285+00,2026-07-13 19:22:30.703+00
24168646-be08-4a77-9cf6-410d2f727347,4d40a72c-49ae-4021-ad1f-661afc7a41c3,32ccdbe1-627f-4fe3-a506-056b997ed89b,phone,5511986856816-1598052251,55119868568161598052251,whatsapp,t,2026-07-02 12:42:16.006+00,2026-07-10 17:32:55.687+00
96b82c70-0e5a-48ea-8149-461786dc424b,64718553-fb9b-461b-82c2-0db8a1025337,32ccdbe1-627f-4fe3-a506-056b997ed89b,phone,5511939534668,5511939534668,whatsapp,t,2026-07-07 14:28:05.439+00,2026-07-07 15:06:34.805+00
9a29188b-acfd-44ee-9b7f-1b93cedaadc5,326e93a3-000a-411d-bd7b-e0fb1f86ef0a,8f4abfd3-b0bd-4a0c-991a-d553d92f915a,phone,120363040844924122,120363040844924122,whatsapp,t,2026-07-07 14:09:26.825+00,2026-07-14 19:33:46.935+00
6d67953b-5d60-47fd-8e63-43382ba626d6,29e657b8-d285-4120-9879-a54b3b7f5ab8,8f4abfd3-b0bd-4a0c-991a-d553d92f915a,whatsapp_contact_id,d7c53f47-e6bd-4705-801f-765fbf1acf70,d7c53f47-e6bd-4705-801f-765fbf1acf70,whatsapp,f,2026-07-07 13:48:53.432+00,2026-07-14 10:56:22.088+00
f79d6ffb-1ea9-42c7-bf2f-56ac565babae,415fc4f3-5349-46c2-ba01-0957dcc03c61,8f4abfd3-b0bd-4a0c-991a-d553d92f915a,phone,120363409966112987,120363409966112987,whatsapp,t,2026-07-07 13:35:53.074+00,2026-07-13 16:45:50.301+00
1b8d8fd4-405a-44fe-86ff-b1c8594be52f,7a8eeecf-4789-4c5e-af0c-9199d2748d3e,8f4abfd3-b0bd-4a0c-991a-d553d92f915a,phone,5511999534248,5511999534248,whatsapp,t,2026-07-07 13:11:21.604+00,2026-07-15 11:06:21.846+00
952db919-3f64-4e5b-bcba-03b1efd179ca,415fc4f3-5349-46c2-ba01-0957dcc03c61,8f4abfd3-b0bd-4a0c-991a-d553d92f915a,whatsapp_contact_id,27e5f683-857d-4903-93f7-fb2a94a41e33,27e5f683-857d-4903-93f7-fb2a94a41e33,whatsapp,f,2026-07-07 13:35:53.107+00,2026-07-13 16:45:50.35+00
1ed118a2-2e8b-4906-8072-718e2119bbf6,7ebeb651-5e2a-4094-a19f-84b6acb72a63,8f4abfd3-b0bd-4a0c-991a-d553d92f915a,whatsapp_contact_id,1fec6a1c-0864-4856-a96a-0815ed7d8c24,1fec6a1c-0864-4856-a96a-0815ed7d8c24,whatsapp,f,2026-07-09 15:14:47.823+00,2026-07-09 17:20:42.9+00
b370d6eb-7a2f-405c-ab2a-d0b6e734bd94,e152b864-4e2d-40bf-bca1-a8e15613a6c7,8f4abfd3-b0bd-4a0c-991a-d553d92f915a,phone,554196693575,554196693575,whatsapp,t,2026-07-09 13:47:03.82+00,2026-07-13 12:19:27.895+00
4ed61190-9333-4de7-b04f-7a4287a22f9b,0e8cc1c9-bbaf-4ec4-83de-58d20a82e936,8f4abfd3-b0bd-4a0c-991a-d553d92f915a,phone,120363408585774256,120363408585774256,whatsapp,t,2026-07-07 21:48:34.2+00,2026-07-15 01:49:17.079+00
e9aff739-536f-49db-aa6a-db8bf896df70,7a8eeecf-4789-4c5e-af0c-9199d2748d3e,8f4abfd3-b0bd-4a0c-991a-d553d92f915a,whatsapp_contact_id,d47a3c37-7891-4cf3-8f49-3de617c9b3d0,d47a3c37-7891-4cf3-8f49-3de617c9b3d0,whatsapp,f,2026-07-07 13:11:21.648+00,2026-07-15 11:06:21.87+00
ca2573f1-d875-4a8c-97ee-83e70d2110da,d6dbd794-8ddb-43df-999f-78ea5261b589,8f4abfd3-b0bd-4a0c-991a-d553d92f915a,phone,5519997883563,5519997883563,whatsapp,t,2026-07-11 09:19:00.42+00,2026-07-14 19:45:30.896+00
00b1b577-ea7a-4528-b912-eca0764fd7a8,29e657b8-d285-4120-9879-a54b3b7f5ab8,8f4abfd3-b0bd-4a0c-991a-d553d92f915a,phone,120363252386447909,120363252386447909,whatsapp,t,2026-07-07 13:48:53.396+00,2026-07-14 10:56:22.064+00
5cfc2324-e469-472a-b74b-8ecaa7a14b1b,dfdbcb8c-b5a0-44b0-8a16-24e789772908,8f4abfd3-b0bd-4a0c-991a-d553d92f915a,phone,120363031866054683,120363031866054683,whatsapp,t,2026-07-07 13:20:54.146+00,2026-07-14 21:11:48.516+00
724b3533-9bc5-4f9a-89c1-a723eaa3c0af,0a9c2acd-f004-4804-8ecd-eaac79d6e65f,32ccdbe1-627f-4fe3-a506-056b997ed89b,phone,120363426492053836,120363426492053836,whatsapp,t,2026-07-07 13:46:23.594+00,2026-07-08 18:15:43.778+00
6414a148-21ec-41a8-9216-bbc241b98954,39d018e6-f77b-4d69-a75f-7fb89d612174,32ccdbe1-627f-4fe3-a506-056b997ed89b,phone,5511997991925,5511997991925,whatsapp,t,2026-07-07 18:20:40.66+00,2026-07-07 18:20:48.546+00
61e89df1-6241-40bd-b24c-4099e2bfe841,5b527967-bc07-47f0-8bbe-761eef47c35c,8f4abfd3-b0bd-4a0c-991a-d553d92f915a,phone,5511997250232,5511997250232,whatsapp,t,2026-07-07 14:42:19.78+00,2026-07-07 14:42:19.78+00
9e946f29-81db-4022-b07a-50d139c116b4,e4405e81-20ee-41a7-81ea-d82dd4ed698e,32ccdbe1-627f-4fe3-a506-056b997ed89b,phone,5511940877241,5511940877241,whatsapp,t,2026-07-03 21:36:24.55+00,2026-07-10 18:51:31.785+00
ce16e1b2-fc74-4d49-a478-7533067210b8,5b527967-bc07-47f0-8bbe-761eef47c35c,8f4abfd3-b0bd-4a0c-991a-d553d92f915a,whatsapp_contact_id,880adc3b-8a63-4a88-a3cb-0800dbdbb37f,880adc3b-8a63-4a88-a3cb-0800dbdbb37f,whatsapp,f,2026-07-07 14:42:19.806+00,2026-07-07 14:42:19.806+00
84e4393e-37d8-4736-bae5-43dd139b4966,e4405e81-20ee-41a7-81ea-d82dd4ed698e,32ccdbe1-627f-4fe3-a506-056b997ed89b,whatsapp_contact_id,a46fd211-531a-46df-a7e6-9b0b4b60d1d3,a46fd211-531a-46df-a7e6-9b0b4b60d1d3,whatsapp,f,2026-07-03 21:36:24.578+00,2026-07-10 18:51:31.819+00
21dcad96-d522-463d-9be0-b2525b6f53bd,389311ec-953f-4694-b4e5-fd1a9005cc90,8f4abfd3-b0bd-4a0c-991a-d553d92f915a,phone,5511980539927,5511980539927,whatsapp,t,2026-07-07 14:25:25.662+00,2026-07-07 14:45:00.061+00
b795c149-f201-48ce-b525-80d9bd441119,389311ec-953f-4694-b4e5-fd1a9005cc90,8f4abfd3-b0bd-4a0c-991a-d553d92f915a,whatsapp_contact_id,e95dd195-0413-41ef-a31c-b651529c8853,e95dd195-0413-41ef-a31c-b651529c8853,whatsapp,f,2026-07-07 14:25:25.696+00,2026-07-07 14:45:00.088+00
373de128-d3c8-4cb7-83cd-aab8c94c0dfb,64718553-fb9b-461b-82c2-0db8a1025337,32ccdbe1-627f-4fe3-a506-056b997ed89b,whatsapp_contact_id,a938e954-d57f-4400-ba8d-b98080aeb53a,a938e954-d57f-4400-ba8d-b98080aeb53a,whatsapp,f,2026-07-07 14:28:05.476+00,2026-07-07 15:06:34.824+00
30bef998-20ff-47b7-bcd1-a0e25a42ee0d,15d2a1c7-3253-45f9-96af-6d92a8f505fd,8f4abfd3-b0bd-4a0c-991a-d553d92f915a,phone,5511984740210,5511984740210,whatsapp,t,2026-07-07 23:30:22.876+00,2026-07-07 23:58:24.416+00
471f8c67-70af-4e6b-9230-e515c22ea3dc,1c32d3d7-6161-4bad-a261-5164c9d533b6,8f4abfd3-b0bd-4a0c-991a-d553d92f915a,phone,5511958379374,5511958379374,whatsapp,t,2026-07-10 21:18:54.822+00,2026-07-13 18:16:04.609+00
9658afbf-aed6-479c-a4ac-4af6041d6a57,15d2a1c7-3253-45f9-96af-6d92a8f505fd,8f4abfd3-b0bd-4a0c-991a-d553d92f915a,whatsapp_contact_id,f4b9652d-ef0c-48dc-89f5-1732a672d856,f4b9652d-ef0c-48dc-89f5-1732a672d856,whatsapp,f,2026-07-07 23:30:22.906+00,2026-07-07 23:58:24.434+00
0c16e117-e910-4949-becf-8d7a8326bcbe,28b9d997-5e49-4199-9ff0-392d5d2e187c,8f4abfd3-b0bd-4a0c-991a-d553d92f915a,whatsapp_contact_id,d10407ba-0e28-4d8f-9682-8942108ab593,d10407ba-0e28-4d8f-9682-8942108ab593,whatsapp,f,2026-07-07 18:56:44.948+00,2026-07-14 19:57:25.12+00
636b2b66-f9fa-4244-b0a1-0fdc057bdec9,1807a755-9803-41e5-9441-d43909d5fcc8,8f4abfd3-b0bd-4a0c-991a-d553d92f915a,phone,15554575625,5515554575625,whatsapp,t,2026-07-14 19:58:22.898+00,2026-07-14 19:58:22.898+00
337f2796-f650-4160-96c2-c953a532e343,19299389-c38f-4d08-b10f-09a3c8df4723,8f4abfd3-b0bd-4a0c-991a-d553d92f915a,phone,120363408538948281,120363408538948281,whatsapp,t,2026-07-07 15:12:22.358+00,2026-07-14 15:58:00.408+00
782c963b-5d9c-4a9b-820f-f03ed151217c,d4880e6b-2b83-46ff-8130-e8b91b2fe4c1,8f4abfd3-b0bd-4a0c-991a-d553d92f915a,whatsapp_contact_id,6105f171-f6a7-4e05-b8b2-8ab45fb49e50,6105f171-f6a7-4e05-b8b2-8ab45fb49e50,whatsapp,f,2026-07-07 21:21:06.632+00,2026-07-13 15:02:11.634+00
2553e869-b4de-4bfa-a6d1-7b3d87e0083f,c496e72b-84bb-47f3-b44e-1d352af69b65,8f4abfd3-b0bd-4a0c-991a-d553d92f915a,whatsapp_contact_id,74e0e699-c2b1-413b-bc1e-775369275948,74e0e699-c2b1-413b-bc1e-775369275948,whatsapp,f,2026-07-07 14:46:00.466+00,2026-07-14 20:08:32.93+00
73667d07-6953-4e20-b0f6-1c41748442a2,3c01eca9-57ab-4a0f-ae85-d4fa6854909e,8f4abfd3-b0bd-4a0c-991a-d553d92f915a,phone,5511947271972,5511947271972,whatsapp,t,2026-07-14 13:42:27.709+00,2026-07-14 21:47:41.868+00
f1bd83d4-9613-45a3-b8b1-92a7152d1b9d,01b185a8-9934-4f9d-b480-e4c31678485a,8f4abfd3-b0bd-4a0c-991a-d553d92f915a,phone,557182039262-1467828390,5571820392621467828390,whatsapp,t,2026-07-07 19:40:34.239+00,2026-07-14 22:27:48.699+00
857fd07d-ea18-4a96-9666-4e0ec5216f32,dd36cece-14b4-4a2a-a52d-dd446492a263,32ccdbe1-627f-4fe3-a506-056b997ed89b,whatsapp_contact_id,bcc58b4e-3422-45f5-a540-b8f1fa6a94a4,bcc58b4e-3422-45f5-a540-b8f1fa6a94a4,whatsapp,f,2026-07-02 12:10:10.534+00,2026-07-10 21:59:49.828+00
cf06614c-c3a9-4a37-9e68-f30b3be61db9,2956de5d-0153-4beb-8a16-4c26a4d43925,32ccdbe1-627f-4fe3-a506-056b997ed89b,phone,5511978506319,5511978506319,whatsapp,t,2026-07-09 16:19:57.63+00,2026-07-10 00:20:10.785+00
6715caef-3e51-4687-ae3a-a2c9484c0d2f,4cb09ccf-da2f-458b-9706-f563a5a141d1,8f4abfd3-b0bd-4a0c-991a-d553d92f915a,phone,5516994340100,5516994340100,whatsapp,t,2026-07-08 10:34:29.381+00,2026-07-15 10:35:02.698+00
65e99eae-06e7-4ae3-a904-f8c6cc8c2276,05adf373-49b9-4180-90f6-eb70480b50ef,8f4abfd3-b0bd-4a0c-991a-d553d92f915a,phone,5511933205020,5511933205020,whatsapp,t,2026-07-07 19:02:23.497+00,2026-07-07 21:23:30.59+00
d2b6da21-2b61-4821-b4d5-b0ef74dd1c33,05adf373-49b9-4180-90f6-eb70480b50ef,8f4abfd3-b0bd-4a0c-991a-d553d92f915a,whatsapp_contact_id,017d8222-cf2b-4bbd-9c46-5fc189c43f20,017d8222-cf2b-4bbd-9c46-5fc189c43f20,whatsapp,f,2026-07-07 19:02:23.537+00,2026-07-07 21:23:30.612+00
75269bbc-fe70-4b69-983b-d9643f7b57a7,9fd41d37-d7e0-49be-8a44-1c42e3ccd320,8f4abfd3-b0bd-4a0c-991a-d553d92f915a,whatsapp_contact_id,8764fdc7-2927-4134-b62e-4b1989174a05,8764fdc7-2927-4134-b62e-4b1989174a05,whatsapp,f,2026-07-10 12:53:00.563+00,2026-07-13 15:32:54.036+00
cb32e499-fe92-44a8-8075-7b21381ff5a8,4732fc8c-73f2-452e-adbe-dac05ea35a3b,8f4abfd3-b0bd-4a0c-991a-d553d92f915a,phone,5511970415922-1599503496,55119704159221599503496,whatsapp,t,2026-07-07 15:05:32.611+00,2026-07-14 22:41:15.47+00
8310e998-253a-434a-a6d2-26df02849817,fd9959ac-a33e-4d99-b598-de035d59b658,8f4abfd3-b0bd-4a0c-991a-d553d92f915a,phone,5511998921410,5511998921410,whatsapp,t,2026-07-07 20:05:57.379+00,2026-07-08 14:47:49.416+00
800bd098-9075-4eb3-9359-cac7dc3435a6,1fc8f7a4-1ccc-4f92-bb4c-1c10ff353331,8f4abfd3-b0bd-4a0c-991a-d553d92f915a,phone,5511984834178,5511984834178,whatsapp,t,2026-07-08 22:26:06.366+00,2026-07-11 18:36:53.06+00
9fdbd783-e9b6-4e15-9da2-c462ee485efc,2956de5d-0153-4beb-8a16-4c26a4d43925,32ccdbe1-627f-4fe3-a506-056b997ed89b,whatsapp_contact_id,9e97972d-e968-4fed-af09-27616e683083,9e97972d-e968-4fed-af09-27616e683083,whatsapp,f,2026-07-09 16:19:57.661+00,2026-07-10 00:20:10.821+00
8dbabb6b-a11f-4ceb-932d-08b38b1b2f5e,fd9959ac-a33e-4d99-b598-de035d59b658,8f4abfd3-b0bd-4a0c-991a-d553d92f915a,whatsapp_contact_id,4f1182ce-81f8-41fc-86d0-d7e49c99f6ed,4f1182ce-81f8-41fc-86d0-d7e49c99f6ed,whatsapp,f,2026-07-07 20:05:57.408+00,2026-07-08 14:47:49.444+00
d558aec3-201d-4a7f-be13-ba87e329e250,99f9bc4d-fd16-42c1-9fb9-e60a89de94d7,8f4abfd3-b0bd-4a0c-991a-d553d92f915a,phone,5511973483410,5511973483410,whatsapp,t,2026-07-13 19:13:58.17+00,2026-07-13 19:13:58.17+00
e3be39f4-3f6c-4ade-a603-5d7125b4a7c9,e3bf60bb-ed7e-4fc7-b40d-3a86bc0a1971,8f4abfd3-b0bd-4a0c-991a-d553d92f915a,phone,551139071380,551139071380,whatsapp,t,2026-07-14 15:17:41.874+00,2026-07-14 15:36:09.306+00
c6dd81dd-56f1-4562-87cd-d21c2d6b8f66,4cb09ccf-da2f-458b-9706-f563a5a141d1,8f4abfd3-b0bd-4a0c-991a-d553d92f915a,whatsapp_contact_id,5f70eb16-b907-487e-bb03-686a2dc923f8,5f70eb16-b907-487e-bb03-686a2dc923f8,whatsapp,f,2026-07-08 10:34:29.415+00,2026-07-15 10:35:02.735+00
21c97283-9f93-4525-b730-1c31e7205d52,f73b7ef1-d3b9-47aa-8977-33c71448b59b,8f4abfd3-b0bd-4a0c-991a-d553d92f915a,phone,5511999719193,5511999719193,whatsapp,t,2026-07-07 22:27:41.365+00,2026-07-13 14:45:17.146+00
7e659a58-0288-4c8e-8181-3bfb0c6f82e3,326c3d9b-4cbe-4c25-b2f8-3853406336ea,8f4abfd3-b0bd-4a0c-991a-d553d92f915a,whatsapp_contact_id,0c6ac491-2961-42b7-9ac8-41f1e80750f6,0c6ac491-2961-42b7-9ac8-41f1e80750f6,whatsapp,f,2026-07-07 14:49:03.309+00,2026-07-13 19:22:30.761+00
992ba005-cb15-4089-a3ff-c81effc165a9,39d018e6-f77b-4d69-a75f-7fb89d612174,32ccdbe1-627f-4fe3-a506-056b997ed89b,whatsapp_contact_id,c526ee86-256b-4309-bc38-0e9e04ec0e1b,c526ee86-256b-4309-bc38-0e9e04ec0e1b,whatsapp,f,2026-07-07 18:20:40.691+00,2026-07-07 18:20:48.582+00
9f39f3a8-d285-491d-a179-e05080f390c7,550b6dbe-5e2f-4663-98d7-fc69c7403646,8f4abfd3-b0bd-4a0c-991a-d553d92f915a,whatsapp_contact_id,d54833aa-5513-475b-88ca-c86012dd1290,d54833aa-5513-475b-88ca-c86012dd1290,whatsapp,f,2026-07-07 14:38:29.367+00,2026-07-14 23:03:58.76+00
56e7de5f-8396-4508-aeb0-36efcb60b81d,153cb356-3625-4eaf-935a-c709feffbcb5,8f4abfd3-b0bd-4a0c-991a-d553d92f915a,phone,5511996651705,5511996651705,whatsapp,t,2026-07-08 17:12:50.735+00,2026-07-13 15:06:37.177+00
fa9b0864-77a4-49fd-8c0c-66ec1736ebc2,732159f7-962d-4007-a4b6-44c9082710db,8f4abfd3-b0bd-4a0c-991a-d553d92f915a,phone,5511981239048,5511981239048,whatsapp,t,2026-07-07 22:02:56.506+00,2026-07-11 00:03:36.287+00
9d4fddaf-19e1-4b37-87a6-cc42d158d944,1734474f-f924-47f2-99b2-c9144f6968aa,8f4abfd3-b0bd-4a0c-991a-d553d92f915a,phone,554141414141,554141414141,whatsapp,t,2026-07-13 14:22:59.75+00,2026-07-13 15:22:38.078+00
0453ec80-9418-428c-b7a7-70d17e0e796a,0a9c2acd-f004-4804-8ecd-eaac79d6e65f,32ccdbe1-627f-4fe3-a506-056b997ed89b,whatsapp_contact_id,c3859cc4-ec60-43d9-9af8-cc494dd03aab,c3859cc4-ec60-43d9-9af8-cc494dd03aab,whatsapp,f,2026-07-07 13:46:23.649+00,2026-07-08 18:15:43.817+00
2627b868-e4be-43b1-b8bd-fc7f3c353c69,4c9ab153-2c2e-4563-ba8f-7621923dcddd,8f4abfd3-b0bd-4a0c-991a-d553d92f915a,phone,5511996999979,5511996999979,whatsapp,t,2026-07-08 02:34:35.88+00,2026-07-08 12:18:05.09+00
ccf8f05b-9511-4951-b205-a0bc905c8d8c,4c9ab153-2c2e-4563-ba8f-7621923dcddd,8f4abfd3-b0bd-4a0c-991a-d553d92f915a,whatsapp_contact_id,e0a6c4fc-bc38-497f-a3f8-7b7e1ef8c473,e0a6c4fc-bc38-497f-a3f8-7b7e1ef8c473,whatsapp,f,2026-07-08 02:34:35.922+00,2026-07-08 12:18:05.115+00
570dda20-b3ef-4df0-8efa-877ffba44c79,49e03515-67d5-475f-b50d-d4130bdf0e56,8f4abfd3-b0bd-4a0c-991a-d553d92f915a,phone,5511966342508,5511966342508,whatsapp,t,2026-07-07 15:49:25.839+00,2026-07-10 22:45:14.65+00
f05a77fc-72aa-473e-b73d-d2c47c8325e4,3ad6e4dc-ef59-489d-bdf6-ba4898339add,8f4abfd3-b0bd-4a0c-991a-d553d92f915a,whatsapp_contact_id,77416a76-2aae-45d8-8fbd-c82f27fcda2e,77416a76-2aae-45d8-8fbd-c82f27fcda2e,whatsapp,f,2026-07-07 15:45:33.16+00,2026-07-14 23:12:00.154+00
2ec80714-8be5-4b6b-b687-acba9c72b5f1,3520f25e-4e87-4039-a1b6-a5e53cdf4e3c,8f4abfd3-b0bd-4a0c-991a-d553d92f915a,phone,551134556051,551134556051,whatsapp,t,2026-07-13 15:11:20.472+00,2026-07-13 17:35:49.014+00
3730dba6-13ff-4494-9f00-a874507cf532,732159f7-962d-4007-a4b6-44c9082710db,8f4abfd3-b0bd-4a0c-991a-d553d92f915a,whatsapp_contact_id,5a6c4684-36e8-4a34-b659-1ff39f0dc531,5a6c4684-36e8-4a34-b659-1ff39f0dc531,whatsapp,f,2026-07-07 22:02:56.742+00,2026-07-11 00:03:36.32+00
9987286c-9e68-4507-bcbb-145a0e517990,f6f3dc48-5a43-4e3b-99d3-56a3e4f36bcb,8f4abfd3-b0bd-4a0c-991a-d553d92f915a,phone,120363408049556384,120363408049556384,whatsapp,t,2026-07-07 17:22:13.595+00,2026-07-14 14:20:47.665+00
0e6f6c39-55a3-4f62-9cbe-2cabe741ff32,f89bdd13-aa73-438c-bb34-ec83d2345c93,8f4abfd3-b0bd-4a0c-991a-d553d92f915a,phone,120363272889041040,120363272889041040,whatsapp,t,2026-07-07 23:01:16.409+00,2026-07-15 00:43:31.757+00
68ccede1-68d5-40b4-bfa1-f98457543990,71d8e5e1-bf00-4e92-8327-dcd4b970f5b2,8f4abfd3-b0bd-4a0c-991a-d553d92f915a,phone,5511952354143,5511952354143,whatsapp,t,2026-07-07 20:21:57.936+00,2026-07-15 00:53:01.665+00
c22daba7-522a-4b1a-8a52-241f3021e2e6,cc3bfc8e-75ba-4655-840d-d54ba0d15a05,8f4abfd3-b0bd-4a0c-991a-d553d92f915a,whatsapp_contact_id,ed303d72-31d2-4fae-8b0c-f50e50b2d9b4,ed303d72-31d2-4fae-8b0c-f50e50b2d9b4,whatsapp,f,2026-07-09 14:04:51.858+00,2026-07-13 22:31:25.607+00
020675e2-8180-4fc5-9512-71cbb8465cda,0e8cc1c9-bbaf-4ec4-83de-58d20a82e936,8f4abfd3-b0bd-4a0c-991a-d553d92f915a,whatsapp_contact_id,70caf345-9019-42db-aec5-0543468b6e45,70caf345-9019-42db-aec5-0543468b6e45,whatsapp,f,2026-07-07 21:48:34.236+00,2026-07-15 01:49:17.131+00
7f5c5bd7-0f83-4145-9f13-f239a756f507,dfdbcb8c-b5a0-44b0-8a16-24e789772908,8f4abfd3-b0bd-4a0c-991a-d553d92f915a,whatsapp_contact_id,21beccd6-12ba-45a0-9cab-4b65d52baef5,21beccd6-12ba-45a0-9cab-4b65d52baef5,whatsapp,f,2026-07-07 13:20:54.18+00,2026-07-14 21:11:48.533+00
404dc78c-dbf0-4093-833f-4baff23fc94d,23e63936-8c50-44b2-99d0-0be9436d26a5,8f4abfd3-b0bd-4a0c-991a-d553d92f915a,whatsapp_contact_id,4434739b-68d0-4077-a3f3-4a15aff73588,4434739b-68d0-4077-a3f3-4a15aff73588,whatsapp,f,2026-07-08 23:45:42.275+00,2026-07-11 18:58:53.827+00
1afe2a61-92dc-4bc5-9a0a-a29d1b19af57,75a24e34-0dea-4b72-ac79-bb87728ba9e7,8f4abfd3-b0bd-4a0c-991a-d553d92f915a,phone,5511980630555,5511980630555,whatsapp,t,2026-07-07 22:18:10.541+00,2026-07-11 21:17:22.665+00
580e3d39-7a15-4685-bdfc-22155431e321,046c3ec2-968c-462c-b6d1-e840fca4c826,8f4abfd3-b0bd-4a0c-991a-d553d92f915a,phone,5511986076247,5511986076247,whatsapp,t,2026-07-10 13:21:35.104+00,2026-07-13 01:36:59.457+00
a5dbf2c6-cf09-48f4-ae8b-8e980d21b676,4881a7da-0353-497f-97a4-2c186384421d,32ccdbe1-627f-4fe3-a506-056b997ed89b,phone,5518981172092,5518981172092,whatsapp,t,2026-07-08 20:34:00.152+00,2026-07-10 13:55:47.935+00
177c0866-d56e-45f5-8f55-0939b26b721a,75a24e34-0dea-4b72-ac79-bb87728ba9e7,8f4abfd3-b0bd-4a0c-991a-d553d92f915a,whatsapp_contact_id,9e399ede-e1a6-4632-87b6-815c40016d09,9e399ede-e1a6-4632-87b6-815c40016d09,whatsapp,f,2026-07-07 22:18:10.573+00,2026-07-11 21:17:22.683+00
5da00209-a71b-4e3d-98f5-2f569e81975c,1c32d3d7-6161-4bad-a261-5164c9d533b6,8f4abfd3-b0bd-4a0c-991a-d553d92f915a,whatsapp_contact_id,e60c1811-e0c2-4116-95b9-69dc5c18eba5,e60c1811-e0c2-4116-95b9-69dc5c18eba5,whatsapp,f,2026-07-10 21:18:54.888+00,2026-07-13 18:16:04.661+00
4404d7c4-c919-4a52-bc09-109b61f70af8,80ec72cd-18f5-4cce-9e9a-dd95b96e41fa,7b577c22-5513-42cc-ab19-2bf867e14ebc,whatsapp_contact_id,06ae762d-29c6-4ddd-8c42-62fbba3ceec3,06ae762d-29c6-4ddd-8c42-62fbba3ceec3,whatsapp,f,2026-07-08 12:26:22.594+00,2026-07-08 12:32:38.229+00
78ca14cc-2d62-4e33-897c-453bafa4eb8a,59c63736-5f0e-45bf-8c42-748094f94b74,8f4abfd3-b0bd-4a0c-991a-d553d92f915a,whatsapp_contact_id,3718961c-4e09-4353-934e-fefde4d08ba1,3718961c-4e09-4353-934e-fefde4d08ba1,whatsapp,f,2026-07-07 13:53:45.327+00,2026-07-14 18:29:54.546+00
2b87126a-6ba4-4098-9690-7b6407ea8d07,89e3a30d-53c3-4e1c-b499-61223b139f47,8f4abfd3-b0bd-4a0c-991a-d553d92f915a,whatsapp_contact_id,6f65a365-7195-4bb4-b5f4-d908e8086137,6f65a365-7195-4bb4-b5f4-d908e8086137,whatsapp,f,2026-07-11 19:01:34.481+00,2026-07-12 16:15:06.058+00
c3c75680-ed35-41c9-b85e-f19689aae86b,4881a7da-0353-497f-97a4-2c186384421d,32ccdbe1-627f-4fe3-a506-056b997ed89b,whatsapp_contact_id,4f102821-fd80-487f-a1a5-f22de76fcfdf,4f102821-fd80-487f-a1a5-f22de76fcfdf,whatsapp,f,2026-07-08 20:34:00.182+00,2026-07-10 13:55:47.975+00
59b96f15-6df4-4c1e-8239-bdd9372fc1ef,a23e230b-cba9-4cb9-b902-9e518e3dd277,8f4abfd3-b0bd-4a0c-991a-d553d92f915a,phone,5519998317810,5519998317810,whatsapp,t,2026-07-09 01:21:28.086+00,2026-07-11 21:58:17.625+00
55f26e4d-73b2-4417-a243-fb59649b9a88,fe8e4cf8-ff42-450c-b890-1cf5a66fe155,8f4abfd3-b0bd-4a0c-991a-d553d92f915a,phone,5511961716726,5511961716726,whatsapp,t,2026-07-08 17:16:31.375+00,2026-07-08 18:00:29.587+00
ed531c7c-aaa8-411c-bb7a-6f46ce2f2f27,3d2284e8-717f-4415-b3f1-05e8a9bd4982,8f4abfd3-b0bd-4a0c-991a-d553d92f915a,whatsapp_contact_id,7b07b4de-70ef-456f-91d2-e696768da196,7b07b4de-70ef-456f-91d2-e696768da196,whatsapp,f,2026-07-08 13:26:36.017+00,2026-07-08 15:28:58.334+00
1948d9bd-52af-48a1-a708-c371cc968467,fe8e4cf8-ff42-450c-b890-1cf5a66fe155,8f4abfd3-b0bd-4a0c-991a-d553d92f915a,whatsapp_contact_id,81bb3ee2-3fad-4c7e-8e2a-0f985eafa3a4,81bb3ee2-3fad-4c7e-8e2a-0f985eafa3a4,whatsapp,f,2026-07-08 17:16:31.423+00,2026-07-08 18:00:29.606+00
9207bb62-092a-4792-a63a-a48417a171f8,dc394e64-ae91-4016-80a1-a3a324aa24b9,8f4abfd3-b0bd-4a0c-991a-d553d92f915a,whatsapp_contact_id,67ba3a71-bce9-4888-ab0a-547c893a879b,67ba3a71-bce9-4888-ab0a-547c893a879b,whatsapp,f,2026-07-13 09:56:30.115+00,2026-07-13 09:56:30.115+00
43b1df97-3335-4ee1-afe8-03af785bf31d,09279d92-d0eb-4115-a2ba-379711587a8d,8f4abfd3-b0bd-4a0c-991a-d553d92f915a,whatsapp_contact_id,639a6293-2cea-454b-b85b-a2013316b174,639a6293-2cea-454b-b85b-a2013316b174,whatsapp,f,2026-07-08 14:25:59.961+00,2026-07-14 16:09:52.132+00
40513a75-1521-4fd6-8392-473b2fc0ab0c,a23e230b-cba9-4cb9-b902-9e518e3dd277,8f4abfd3-b0bd-4a0c-991a-d553d92f915a,whatsapp_contact_id,2b9a978e-858b-4c76-9940-c606e60c34cb,2b9a978e-858b-4c76-9940-c606e60c34cb,whatsapp,f,2026-07-09 01:21:28.121+00,2026-07-11 21:58:17.654+00
ae1d807d-42dc-486d-98ea-9d27e3e9e1e2,49e03515-67d5-475f-b50d-d4130bdf0e56,8f4abfd3-b0bd-4a0c-991a-d553d92f915a,whatsapp_contact_id,8c626556-c13c-406a-bfd8-a9156996fe9f,8c626556-c13c-406a-bfd8-a9156996fe9f,whatsapp,f,2026-07-07 15:49:25.86+00,2026-07-10 22:45:14.683+00
2ab23240-3639-4c46-9819-8f6ac8445132,2ac2ba69-2493-4e71-a6f4-776a64d126db,8f4abfd3-b0bd-4a0c-991a-d553d92f915a,phone,5511960209866,5511960209866,whatsapp,t,2026-07-08 15:46:44.935+00,2026-07-14 15:34:20.486+00
f5393958-e513-4a90-a5cb-ef95a711f50e,4d40a72c-49ae-4021-ad1f-661afc7a41c3,32ccdbe1-627f-4fe3-a506-056b997ed89b,whatsapp_contact_id,fff4395a-3475-4c8b-9e44-72ee2898bb24,fff4395a-3475-4c8b-9e44-72ee2898bb24,whatsapp,f,2026-07-02 12:42:16.598+00,2026-07-10 17:32:55.728+00
d6d0684e-3b31-4cc1-95dc-060fced4f2ed,0a3184d1-65c7-4ec0-8226-1463c98ad9e3,8f4abfd3-b0bd-4a0c-991a-d553d92f915a,phone,5519981623067,5519981623067,whatsapp,t,2026-07-14 18:44:18.277+00,2026-07-14 18:44:18.277+00
79a9db37-752d-4dd6-ad0b-9dcf3ebdd2ff,7517b499-138b-480b-bc5c-f78306eeb961,32ccdbe1-627f-4fe3-a506-056b997ed89b,phone,5511983709790,5511983709790,whatsapp,t,2026-07-02 15:53:29.726+00,2026-07-10 21:34:40.691+00
3d7029a2-6b62-4ceb-92dc-f182a8e0533e,2ac2ba69-2493-4e71-a6f4-776a64d126db,8f4abfd3-b0bd-4a0c-991a-d553d92f915a,whatsapp_contact_id,2a946e9d-01b3-40f1-809d-1bde5a4eeaba,2a946e9d-01b3-40f1-809d-1bde5a4eeaba,whatsapp,f,2026-07-08 15:46:44.952+00,2026-07-14 15:34:20.503+00
8e79bea3-bb44-4949-acec-801a54b3b7db,1807a755-9803-41e5-9441-d43909d5fcc8,8f4abfd3-b0bd-4a0c-991a-d553d92f915a,whatsapp_contact_id,2e6e290a-f526-4c83-b2e8-20552c589bf2,2e6e290a-f526-4c83-b2e8-20552c589bf2,whatsapp,f,2026-07-14 19:58:22.938+00,2026-07-14 19:58:22.938+00
6d55c761-244c-4e90-97d4-0493505ff4d2,aeb6a16e-611a-4482-aa3c-076b7ec0b244,32ccdbe1-627f-4fe3-a506-056b997ed89b,phone,120363424152600492,120363424152600492,whatsapp,t,2026-07-02 11:28:35.939+00,2026-07-10 22:20:39.39+00
1040eaed-b7b0-4ad3-ac69-339fadcd7576,dc0029cb-f5ea-4ed6-bc0e-72a0d7d81367,8f4abfd3-b0bd-4a0c-991a-d553d92f915a,whatsapp_contact_id,3ffdf78a-647f-46f7-bb5c-78df2ef55a10,3ffdf78a-647f-46f7-bb5c-78df2ef55a10,whatsapp,f,2026-07-14 21:43:53.878+00,2026-07-15 01:28:29.564+00
0077ecc4-fdaf-4f3f-a285-337a9bc375a7,01b185a8-9934-4f9d-b480-e4c31678485a,8f4abfd3-b0bd-4a0c-991a-d553d92f915a,whatsapp_contact_id,2fcc5f27-de79-40dc-9e22-cd5267bf40e3,2fcc5f27-de79-40dc-9e22-cd5267bf40e3,whatsapp,f,2026-07-07 19:40:34.286+00,2026-07-14 22:27:48.735+00
98f1aaeb-b630-4b6e-aadb-cc4419485dc4,396a7fb5-32be-4500-9640-d7302f2ab4e8,8f4abfd3-b0bd-4a0c-991a-d553d92f915a,phone,5511995057509,5511995057509,whatsapp,t,2026-07-08 14:01:03.185+00,2026-07-14 21:07:21.649+00
4805782f-696a-4fdf-821d-15c7e5efb05a,f89bdd13-aa73-438c-bb34-ec83d2345c93,8f4abfd3-b0bd-4a0c-991a-d553d92f915a,whatsapp_contact_id,71f89cfa-5007-400c-ad56-ca27b49b8e30,71f89cfa-5007-400c-ad56-ca27b49b8e30,whatsapp,f,2026-07-07 23:01:16.443+00,2026-07-15 00:43:31.805+00
a3c84cb2-fae2-447d-b60a-5a6f4bc419da,e152b864-4e2d-40bf-bca1-a8e15613a6c7,8f4abfd3-b0bd-4a0c-991a-d553d92f915a,whatsapp_contact_id,a72177a8-de90-418d-b8fa-2f2518f352f3,a72177a8-de90-418d-b8fa-2f2518f352f3,whatsapp,f,2026-07-09 13:47:03.863+00,2026-07-13 12:19:27.916+00
3c59d076-1a5b-480f-b465-d8b0db2cee67,d5e62a4b-7cf2-4098-8025-6bb95f3cd358,8f4abfd3-b0bd-4a0c-991a-d553d92f915a,phone,5511939016270,5511939016270,whatsapp,t,2026-07-08 16:44:00.116+00,2026-07-08 16:44:00.116+00
ac5a45e9-de62-4719-9985-a77dbb8c839d,d5e62a4b-7cf2-4098-8025-6bb95f3cd358,8f4abfd3-b0bd-4a0c-991a-d553d92f915a,whatsapp_contact_id,3e7a3123-9a83-40ce-bc28-f7a48f9afdd1,3e7a3123-9a83-40ce-bc28-f7a48f9afdd1,whatsapp,f,2026-07-08 16:44:00.168+00,2026-07-08 16:44:00.168+00
59bbd771-5d72-4265-9d70-f0fab1a82818,1670ccd0-69ea-4e53-8851-85d53fbc4ea1,8f4abfd3-b0bd-4a0c-991a-d553d92f915a,whatsapp_contact_id,f70ed125-34c6-4d41-8293-19c1f30baad0,f70ed125-34c6-4d41-8293-19c1f30baad0,whatsapp,f,2026-07-08 13:06:24.666+00,2026-07-10 15:56:32.395+00
e7e6faac-3bcb-4fa8-af9c-e9d2143fd9a3,1fc8f7a4-1ccc-4f92-bb4c-1c10ff353331,8f4abfd3-b0bd-4a0c-991a-d553d92f915a,whatsapp_contact_id,5b01a4cf-1fcd-412f-910d-510cc9d9e6de,5b01a4cf-1fcd-412f-910d-510cc9d9e6de,whatsapp,f,2026-07-08 22:26:06.411+00,2026-07-11 18:36:53.073+00
e05c452f-97a1-4074-958e-bed7965b232d,8eeabfb6-690a-4896-ba0c-7bc327a1932f,8f4abfd3-b0bd-4a0c-991a-d553d92f915a,phone,5511953608668,5511953608668,whatsapp,t,2026-07-09 14:12:46.636+00,2026-07-11 17:35:38.6+00
7f045bcf-d773-414b-b544-0e2336182dbc,1670ccd0-69ea-4e53-8851-85d53fbc4ea1,8f4abfd3-b0bd-4a0c-991a-d553d92f915a,phone,5511959752115,5511959752115,whatsapp,t,2026-07-08 13:06:24.634+00,2026-07-10 15:56:32.363+00
3236cdd9-fad8-4a94-9d6b-8aa49233fcea,8eeabfb6-690a-4896-ba0c-7bc327a1932f,8f4abfd3-b0bd-4a0c-991a-d553d92f915a,whatsapp_contact_id,e4fbc7df-cf2c-420d-9637-ec2b7116b3eb,e4fbc7df-cf2c-420d-9637-ec2b7116b3eb,whatsapp,f,2026-07-09 14:12:46.695+00,2026-07-11 17:35:38.639+00
beac0497-074c-4308-add6-5b4db7b11994,153cb356-3625-4eaf-935a-c709feffbcb5,8f4abfd3-b0bd-4a0c-991a-d553d92f915a,whatsapp_contact_id,0203f61d-0d28-4fd6-abcc-1876ad385798,0203f61d-0d28-4fd6-abcc-1876ad385798,whatsapp,f,2026-07-08 17:12:50.774+00,2026-07-13 15:06:37.21+00
2d360917-795c-47b6-8a4c-9b2a17267d94,f101efe6-6ae2-4a9a-97ac-7d51336e3a03,8f4abfd3-b0bd-4a0c-991a-d553d92f915a,phone,5511985533466,5511985533466,whatsapp,t,2026-07-08 23:43:50.65+00,2026-07-13 00:43:10.773+00
5b5205f6-56e5-4d9e-a52d-3eaaa2baae3d,cc3bfc8e-75ba-4655-840d-d54ba0d15a05,8f4abfd3-b0bd-4a0c-991a-d553d92f915a,phone,5521970527299,5521970527299,whatsapp,t,2026-07-09 14:04:51.81+00,2026-07-13 22:31:25.581+00
89347b7f-8633-47e1-832b-a035d6294784,f5031027-7589-4845-93a6-687036bbcf01,8f4abfd3-b0bd-4a0c-991a-d553d92f915a,whatsapp_contact_id,f9862137-d166-48ed-9b22-77e1841ea507,f9862137-d166-48ed-9b22-77e1841ea507,whatsapp,f,2026-07-10 19:41:22.416+00,2026-07-10 20:32:24.239+00
01394ecc-10e7-4dca-a707-7d59dc046e26,cecc4c60-4690-4e1e-9420-92383640edb1,8f4abfd3-b0bd-4a0c-991a-d553d92f915a,whatsapp_contact_id,31b680b4-67ec-4987-87e1-4a88b19639cb,31b680b4-67ec-4987-87e1-4a88b19639cb,whatsapp,f,2026-07-09 12:30:22.054+00,2026-07-09 17:11:21.072+00
732bc229-02f0-4bbe-8689-c3d09008a410,b85c60f8-e74a-4ec0-94e2-04a033e2c593,8f4abfd3-b0bd-4a0c-991a-d553d92f915a,phone,5511981354333,5511981354333,whatsapp,t,2026-07-09 14:06:45.448+00,2026-07-09 15:30:47.754+00
617a2474-a9e0-4189-8715-ecf38ac24e7c,9cdf3dad-1b73-43db-a96d-d0fb1cb9874f,8f4abfd3-b0bd-4a0c-991a-d553d92f915a,whatsapp_contact_id,1c4eae83-3a78-4cdb-be9b-af8f87895210,1c4eae83-3a78-4cdb-be9b-af8f87895210,whatsapp,f,2026-07-07 14:09:25.085+00,2026-07-13 15:22:34.086+00
dfb5d1fd-f1b0-4f55-9f4d-5a07f18809fe,b85c60f8-e74a-4ec0-94e2-04a033e2c593,8f4abfd3-b0bd-4a0c-991a-d553d92f915a,whatsapp_contact_id,562da26f-ae11-4073-9148-277e6439bc4d,562da26f-ae11-4073-9148-277e6439bc4d,whatsapp,f,2026-07-09 14:06:45.471+00,2026-07-09 15:30:47.799+00
cf13b638-1c38-4e90-88c2-22e71a324309,ea231234-ff57-40e9-9acc-16673f6aa512,8f4abfd3-b0bd-4a0c-991a-d553d92f915a,phone,5527981027211,5527981027211,whatsapp,t,2026-07-09 00:36:51.614+00,2026-07-09 17:10:21.603+00
e61613b5-97ad-44f4-9b1a-d1ee95216c97,986a4d4e-f1c1-4dd1-925f-688df1839d99,8f4abfd3-b0bd-4a0c-991a-d553d92f915a,phone,5511996638110,5511996638110,whatsapp,t,2026-07-08 14:05:48.696+00,2026-07-10 13:52:55.892+00
150c1454-8775-4b66-aef7-0da7c176f2d5,50418468-cf93-43fd-a26f-85ab6b24f3ef,8f4abfd3-b0bd-4a0c-991a-d553d92f915a,phone,553197128388,553197128388,whatsapp,t,2026-07-09 01:08:21.863+00,2026-07-09 01:08:21.863+00
d654efbd-8030-4053-8589-b218595e5f65,50418468-cf93-43fd-a26f-85ab6b24f3ef,8f4abfd3-b0bd-4a0c-991a-d553d92f915a,whatsapp_contact_id,a5dff866-5624-4d06-a1c5-be2e3ef3a0c0,a5dff866-5624-4d06-a1c5-be2e3ef3a0c0,whatsapp,f,2026-07-09 01:08:21.909+00,2026-07-09 01:08:21.909+00
5524b04f-2e47-441a-bf42-04d114d0bc85,23e63936-8c50-44b2-99d0-0be9436d26a5,8f4abfd3-b0bd-4a0c-991a-d553d92f915a,phone,5511941033017,5511941033017,whatsapp,t,2026-07-08 23:45:42.261+00,2026-07-11 18:58:53.796+00
2606deea-a9b6-4b71-a896-74beb65cb5fd,ea231234-ff57-40e9-9acc-16673f6aa512,8f4abfd3-b0bd-4a0c-991a-d553d92f915a,whatsapp_contact_id,8eaa3d9e-565d-4500-80cb-81fcaf51b38c,8eaa3d9e-565d-4500-80cb-81fcaf51b38c,whatsapp,f,2026-07-09 00:36:51.659+00,2026-07-09 17:10:21.633+00
15694120-0936-4de1-a83a-157d53b625e5,52b5a119-e041-4b2d-b122-f7874e6f25b1,32ccdbe1-627f-4fe3-a506-056b997ed89b,phone,5511932227095,5511932227095,whatsapp,t,2026-07-09 16:11:11.186+00,2026-07-09 19:55:14.974+00
b92573b8-b804-4125-a884-5b7b2c5222ae,d56dd700-56b8-4cde-b95e-09526e22368b,32ccdbe1-627f-4fe3-a506-056b997ed89b,phone,5511961901472,5511961901472,whatsapp,t,2026-07-10 13:07:35.86+00,2026-07-10 13:11:15.967+00
4c913353-2b7a-42c3-8af9-f17735b02e77,d56dd700-56b8-4cde-b95e-09526e22368b,32ccdbe1-627f-4fe3-a506-056b997ed89b,whatsapp_contact_id,4e4daeb8-ee30-4011-b4cc-967867a0d72f,4e4daeb8-ee30-4011-b4cc-967867a0d72f,whatsapp,f,2026-07-10 13:07:35.883+00,2026-07-10 13:11:15.988+00
87bd454b-3b81-4592-a130-3f67d8357055,986a4d4e-f1c1-4dd1-925f-688df1839d99,8f4abfd3-b0bd-4a0c-991a-d553d92f915a,whatsapp_contact_id,aefa3317-3f09-48b2-af0e-058ddf5ffc92,aefa3317-3f09-48b2-af0e-058ddf5ffc92,whatsapp,f,2026-07-08 14:05:48.731+00,2026-07-10 13:52:55.93+00
dac624d1-f995-4ba9-b96f-3c614720a8ca,cacfce88-b705-4b50-b7c6-3fa5fd00429e,8f4abfd3-b0bd-4a0c-991a-d553d92f915a,phone,557182342771-1434975200,5571823427711434975200,whatsapp,t,2026-07-07 13:20:54.771+00,2026-07-14 22:26:45.016+00
d4eadd54-d762-441b-afc6-69154cf3871c,1734474f-f924-47f2-99b2-c9144f6968aa,8f4abfd3-b0bd-4a0c-991a-d553d92f915a,whatsapp_contact_id,9dd0774b-ba15-46d1-85ae-018aae465366,9dd0774b-ba15-46d1-85ae-018aae465366,whatsapp,f,2026-07-13 14:22:59.788+00,2026-07-13 15:22:38.1+00
9eb1c2c7-6cee-4068-9d08-74a3c596dddf,89dab789-359b-403f-b600-9a1fa42d814d,32ccdbe1-627f-4fe3-a506-056b997ed89b,phone,5511950554880,5511950554880,whatsapp,t,2026-07-09 16:43:40.74+00,2026-07-10 14:53:18.14+00
014d4d9c-62fe-4b39-bb5b-34942bbf074d,89dab789-359b-403f-b600-9a1fa42d814d,32ccdbe1-627f-4fe3-a506-056b997ed89b,whatsapp_contact_id,12970cc7-fb20-4601-94ea-fc65866c43a6,12970cc7-fb20-4601-94ea-fc65866c43a6,whatsapp,f,2026-07-09 16:43:40.807+00,2026-07-10 14:53:18.16+00
1a36d14e-1b65-49c4-ad9f-0255521dcb9e,d54e40e2-f4e3-4070-850b-266d0dbb414f,8f4abfd3-b0bd-4a0c-991a-d553d92f915a,phone,5511994957380,5511994957380,whatsapp,t,2026-07-10 14:02:45.913+00,2026-07-13 21:58:42.647+00
8e477cd5-9597-4187-99bb-5ea0ae0a0887,f73b7ef1-d3b9-47aa-8977-33c71448b59b,8f4abfd3-b0bd-4a0c-991a-d553d92f915a,whatsapp_contact_id,8b47704c-bbbe-4b99-a099-6c65f468f038,8b47704c-bbbe-4b99-a099-6c65f468f038,whatsapp,f,2026-07-07 22:27:41.381+00,2026-07-13 14:45:17.172+00
f70bad69-a811-4371-9b2d-d15f850e70e5,a0fa407f-8f8e-49e2-a784-7e67d47f4739,8f4abfd3-b0bd-4a0c-991a-d553d92f915a,whatsapp_contact_id,0162fbf4-e0a0-402d-a109-577db549c24e,0162fbf4-e0a0-402d-a109-577db549c24e,whatsapp,f,2026-07-09 18:40:57.337+00,2026-07-14 22:34:57.715+00
ad5cf002-efd0-4158-a5ff-4398b8a3b7b5,608b70b5-07e9-4fcd-902d-3d8ca6143f58,8f4abfd3-b0bd-4a0c-991a-d553d92f915a,phone,120363385836217618,120363385836217618,whatsapp,t,2026-07-10 12:53:28.987+00,2026-07-13 15:55:25.981+00
e13c4ec1-51f1-4578-ac7a-d9862cce4c08,82161041-6b4e-4601-bfc4-f5dcff4d57f6,8f4abfd3-b0bd-4a0c-991a-d553d92f915a,whatsapp_contact_id,2a201843-387e-4d0e-abe6-46d6c219f4d2,2a201843-387e-4d0e-abe6-46d6c219f4d2,whatsapp,f,2026-07-07 17:40:59.375+00,2026-07-13 16:26:55.941+00
377f7c0a-f8a0-495f-83a1-8966e3a38e7c,71d8e084-be1b-484c-9208-3ce8b8a311df,8f4abfd3-b0bd-4a0c-991a-d553d92f915a,phone,5511987146031,5511987146031,whatsapp,t,2026-07-08 13:30:44.467+00,2026-07-15 11:08:24.753+00
b52b58a2-b22c-4693-b2e4-97de047da99f,939c5ca0-6f28-4fa3-9999-3e240a66ace6,8f4abfd3-b0bd-4a0c-991a-d553d92f915a,phone,5511947469793,5511947469793,whatsapp,t,2026-07-10 16:31:46.621+00,2026-07-10 16:39:01.73+00
3e81f711-1274-43ee-bf21-0200f9905c7c,939c5ca0-6f28-4fa3-9999-3e240a66ace6,8f4abfd3-b0bd-4a0c-991a-d553d92f915a,whatsapp_contact_id,ed1afa41-f54b-400f-adb7-bffe17d4626e,ed1afa41-f54b-400f-adb7-bffe17d4626e,whatsapp,f,2026-07-10 16:31:46.665+00,2026-07-10 16:39:01.777+00
125b32c7-c490-4701-98f7-a01a4b78e24e,d4b9eba8-166c-4237-bb43-0673699a4f8b,8f4abfd3-b0bd-4a0c-991a-d553d92f915a,whatsapp_contact_id,11f2e7d9-aef2-4a66-94ad-af4d8e6f60f5,11f2e7d9-aef2-4a66-94ad-af4d8e6f60f5,whatsapp,f,2026-07-11 08:47:23.104+00,2026-07-14 20:08:06.666+00
e69677a9-daf3-402c-873e-324dcb18966c,aeb6a16e-611a-4482-aa3c-076b7ec0b244,32ccdbe1-627f-4fe3-a506-056b997ed89b,whatsapp_contact_id,47869f6b-4aba-4086-91a0-4cdf223bfe47,47869f6b-4aba-4086-91a0-4cdf223bfe47,whatsapp,f,2026-07-02 11:28:36.913+00,2026-07-10 22:20:39.417+00
3f55a7bd-eb5d-4640-af60-473d1be30c2b,0ce67387-7dd4-44bf-80e0-c712d12ff197,8f4abfd3-b0bd-4a0c-991a-d553d92f915a,phone,5511987574102-1558843645,55119875741021558843645,whatsapp,t,2026-07-10 20:47:07.033+00,2026-07-10 20:47:07.033+00
b9d22f90-9391-4aa8-b7bd-00d8d054abce,2d780aba-1569-4b6c-b057-3cb55eb80377,8f4abfd3-b0bd-4a0c-991a-d553d92f915a,phone,5511986650720,5511986650720,whatsapp,t,2026-07-10 14:22:54.097+00,2026-07-11 02:43:48.677+00
7dad42ce-9c7c-4630-82c4-e8987627f05b,753f7e33-2aef-4f02-84ae-3072fe7fb072,8f4abfd3-b0bd-4a0c-991a-d553d92f915a,phone,5511972707983,5511972707983,whatsapp,t,2026-07-10 19:08:37.28+00,2026-07-10 19:20:36.098+00
b4356118-94bb-4bc0-ab3f-3e07ae27ffbb,753f7e33-2aef-4f02-84ae-3072fe7fb072,8f4abfd3-b0bd-4a0c-991a-d553d92f915a,whatsapp_contact_id,35664f47-b72f-4c42-aaba-5705d9814c4b,35664f47-b72f-4c42-aaba-5705d9814c4b,whatsapp,f,2026-07-10 19:08:37.321+00,2026-07-10 19:20:36.122+00
05fa5a93-1661-42de-bcb4-dc6b460b4e3c,0ce67387-7dd4-44bf-80e0-c712d12ff197,8f4abfd3-b0bd-4a0c-991a-d553d92f915a,whatsapp_contact_id,a9c8b282-03c8-40dd-9fb6-a05df4dd5ced,a9c8b282-03c8-40dd-9fb6-a05df4dd5ced,whatsapp,f,2026-07-10 20:47:07.059+00,2026-07-10 20:47:07.059+00
265265a8-6a1c-4363-a048-119168ec1e3e,52b5a119-e041-4b2d-b122-f7874e6f25b1,32ccdbe1-627f-4fe3-a506-056b997ed89b,whatsapp_contact_id,63b39129-b5d3-40c9-8f40-b6661c75185f,63b39129-b5d3-40c9-8f40-b6661c75185f,whatsapp,f,2026-07-09 16:11:11.242+00,2026-07-09 19:55:14.998+00
d08d4ac8-09f7-4514-ba84-3b6f7302d181,2d780aba-1569-4b6c-b057-3cb55eb80377,8f4abfd3-b0bd-4a0c-991a-d553d92f915a,whatsapp_contact_id,0d59e430-7cd5-437e-adf1-9d818a30b1f0,0d59e430-7cd5-437e-adf1-9d818a30b1f0,whatsapp,f,2026-07-10 14:22:54.118+00,2026-07-11 02:43:48.707+00
3d40c5ff-72c5-4fc1-843b-e05c87425fbd,23eae004-6a85-4567-adb9-9045575128d5,8f4abfd3-b0bd-4a0c-991a-d553d92f915a,phone,5511971102576,5511971102576,whatsapp,t,2026-07-13 22:28:45.04+00,2026-07-14 13:13:59.863+00
c78bb4ee-6579-4c0a-b4c3-214c888f7e0d,99f9bc4d-fd16-42c1-9fb9-e60a89de94d7,8f4abfd3-b0bd-4a0c-991a-d553d92f915a,whatsapp_contact_id,e2ea697d-0202-42b4-98ae-9d43cc7858b1,e2ea697d-0202-42b4-98ae-9d43cc7858b1,whatsapp,f,2026-07-13 19:13:58.194+00,2026-07-13 19:13:58.194+00
655ab901-953a-4b0e-b771-8c7df09d851b,abf3449b-17d8-4bc6-87f3-6790c772a1fc,32ccdbe1-627f-4fe3-a506-056b997ed89b,phone,5511990162348,5511990162348,whatsapp,t,2026-07-02 12:56:47.373+00,2026-07-09 21:32:33.648+00
282e916c-d351-402e-bced-5250af3b10f1,751c9abd-4292-4702-b8a4-1eaa446d220a,8f4abfd3-b0bd-4a0c-991a-d553d92f915a,phone,5511987768040,5511987768040,whatsapp,t,2026-07-09 17:20:21.402+00,2026-07-11 09:13:11.22+00
2088ec68-754d-48d6-929e-1f3ad85a9518,dd36cece-14b4-4a2a-a52d-dd446492a263,32ccdbe1-627f-4fe3-a506-056b997ed89b,phone,5511986028218,5511986028218,whatsapp,t,2026-07-02 12:10:09.936+00,2026-07-10 21:59:49.79+00
826684e3-ed6f-4386-ae6f-dae3e6bce60f,751c9abd-4292-4702-b8a4-1eaa446d220a,8f4abfd3-b0bd-4a0c-991a-d553d92f915a,whatsapp_contact_id,7fba0c00-73c0-475b-a87d-5bca58b2dbf1,7fba0c00-73c0-475b-a87d-5bca58b2dbf1,whatsapp,f,2026-07-09 17:20:21.427+00,2026-07-11 09:13:11.247+00
3e95de7b-4a0a-458c-b8b0-eec806c05c31,2a7f5150-b80b-43fc-a047-2de86b624506,32ccdbe1-627f-4fe3-a506-056b997ed89b,phone,5511945126746,5511945126746,whatsapp,t,2026-07-10 11:14:47.874+00,2026-07-10 13:03:37.863+00
3919a8bc-d87a-424d-985d-2651e35ff7a6,2a7f5150-b80b-43fc-a047-2de86b624506,32ccdbe1-627f-4fe3-a506-056b997ed89b,whatsapp_contact_id,97dd098b-56f5-4bc0-80be-3c5bfbfc6f40,97dd098b-56f5-4bc0-80be-3c5bfbfc6f40,whatsapp,f,2026-07-10 11:14:47.897+00,2026-07-10 13:03:37.886+00
097086af-4059-4807-9f68-b94e15834a98,d4b9eba8-166c-4237-bb43-0673699a4f8b,8f4abfd3-b0bd-4a0c-991a-d553d92f915a,phone,5515997332777,5515997332777,whatsapp,t,2026-07-11 08:47:23.059+00,2026-07-14 20:08:06.644+00
d3350738-8341-48fa-a237-73a522a83544,ecbeb92b-dcab-42c2-bd0b-f2e25e176aee,8f4abfd3-b0bd-4a0c-991a-d553d92f915a,phone,5511992862545,5511992862545,whatsapp,t,2026-07-10 19:48:59.913+00,2026-07-11 18:28:25.457+00
6e18a6c3-aaa8-4bc2-9a17-f42d2930106f,ecbeb92b-dcab-42c2-bd0b-f2e25e176aee,8f4abfd3-b0bd-4a0c-991a-d553d92f915a,whatsapp_contact_id,0d2a55d2-3be8-4fbe-9aea-2d521007be2b,0d2a55d2-3be8-4fbe-9aea-2d521007be2b,whatsapp,f,2026-07-10 19:48:59.951+00,2026-07-11 18:28:25.469+00
a08d6a14-6499-42db-8846-5d29a270f342,5ff1ba33-85e9-4ec3-88bc-db5995e49903,8f4abfd3-b0bd-4a0c-991a-d553d92f915a,phone,120363408842599148,120363408842599148,whatsapp,t,2026-07-11 23:47:56.289+00,2026-07-12 02:17:28.817+00
e88bd0ca-cbc5-4d8b-9bbb-481cb30b90fb,5ff1ba33-85e9-4ec3-88bc-db5995e49903,8f4abfd3-b0bd-4a0c-991a-d553d92f915a,whatsapp_contact_id,e882dbba-1ffb-4b85-a073-614681b2bcb2,e882dbba-1ffb-4b85-a073-614681b2bcb2,whatsapp,f,2026-07-11 23:47:56.387+00,2026-07-12 02:17:28.853+00
79d22304-a076-4250-9fd4-648636efda9c,fa5e1a16-4732-42b5-8140-88aab784deb4,8f4abfd3-b0bd-4a0c-991a-d553d92f915a,whatsapp_contact_id,b6f08b78-aee0-4f8b-9e55-a23c6cf3e1b2,b6f08b78-aee0-4f8b-9e55-a23c6cf3e1b2,whatsapp,f,2026-07-10 20:59:55.173+00,2026-07-12 15:17:45.877+00
27398a5e-de00-4a41-aa48-f378080d489e,fa5e1a16-4732-42b5-8140-88aab784deb4,8f4abfd3-b0bd-4a0c-991a-d553d92f915a,phone,447974045725,447974045725,whatsapp,t,2026-07-10 20:59:55.145+00,2026-07-12 15:17:45.849+00
e576a4a1-2de0-4256-a72f-ec19a3af0ebf,f101efe6-6ae2-4a9a-97ac-7d51336e3a03,8f4abfd3-b0bd-4a0c-991a-d553d92f915a,whatsapp_contact_id,a1da3c3a-4b8f-4686-a496-db73ab96e3bb,a1da3c3a-4b8f-4686-a496-db73ab96e3bb,whatsapp,f,2026-07-08 23:43:50.686+00,2026-07-13 00:43:10.796+00
132651c2-0726-44ec-bb4f-480b78b9f145,046c3ec2-968c-462c-b6d1-e840fca4c826,8f4abfd3-b0bd-4a0c-991a-d553d92f915a,whatsapp_contact_id,2f606cee-bdb3-4d23-a17a-fece9fc166e6,2f606cee-bdb3-4d23-a17a-fece9fc166e6,whatsapp,f,2026-07-10 13:21:35.127+00,2026-07-13 01:36:59.505+00
eb9a50fd-d133-4e76-9b86-7d6b2f477750,6a451781-9b9e-4fc3-aff6-ee8a5fac773d,8f4abfd3-b0bd-4a0c-991a-d553d92f915a,phone,5511999069957,5511999069957,whatsapp,t,2026-07-14 19:15:28.558+00,2026-07-14 20:35:56.664+00
f475ffa4-2be6-44e1-b645-163cfc4fb087,72fb2e47-963c-43af-97b8-988be901530d,8f4abfd3-b0bd-4a0c-991a-d553d92f915a,phone,5511955543820,5511955543820,whatsapp,t,2026-07-11 12:06:10.244+00,2026-07-11 12:28:02.992+00
a553d042-3c00-4ee5-b28d-05b7e8db1096,72fb2e47-963c-43af-97b8-988be901530d,8f4abfd3-b0bd-4a0c-991a-d553d92f915a,whatsapp_contact_id,0a0a47f3-5453-4cc9-965d-4a8ae6096069,0a0a47f3-5453-4cc9-965d-4a8ae6096069,whatsapp,f,2026-07-11 12:06:10.29+00,2026-07-11 12:28:03.012+00
b87f5981-f068-48b6-836b-dd94d1f5b1bb,3f1a62b1-1555-4694-97f7-59726e25e1d0,8f4abfd3-b0bd-4a0c-991a-d553d92f915a,phone,551127800271,551127800271,whatsapp,t,2026-07-07 14:51:54.102+00,2026-07-14 19:01:35.05+00
53c16c75-605a-4e15-935f-85612c3096b5,3f1a62b1-1555-4694-97f7-59726e25e1d0,8f4abfd3-b0bd-4a0c-991a-d553d92f915a,whatsapp_contact_id,64315533-1451-4c94-88e6-21cade1ef6ae,64315533-1451-4c94-88e6-21cade1ef6ae,whatsapp,f,2026-07-07 14:51:54.13+00,2026-07-14 19:01:35.072+00
8336831f-73f1-4f15-83ba-011f079fa4a0,6d4ebc45-2d50-47a6-8ee5-6f8a5803407a,8f4abfd3-b0bd-4a0c-991a-d553d92f915a,phone,5511972623763,5511972623763,whatsapp,t,2026-07-10 17:00:38.659+00,2026-07-14 20:55:32.859+00
565ac12c-87a1-4e78-99ee-72cf25cdd969,3a0b9ecb-8fe3-4ddb-bfa1-efdd334c2f4e,8f4abfd3-b0bd-4a0c-991a-d553d92f915a,phone,5511996209712,5511996209712,whatsapp,t,2026-07-14 21:01:29.254+00,2026-07-14 21:02:03.538+00
a03b6e12-bcfd-44e6-85a0-d95893b94b8c,89e3a30d-53c3-4e1c-b499-61223b139f47,8f4abfd3-b0bd-4a0c-991a-d553d92f915a,phone,5511997586439,5511997586439,whatsapp,t,2026-07-11 19:01:34.451+00,2026-07-12 16:15:06.01+00
ce481b29-fa4f-4fed-99b0-aefd1ebc4a52,8a84f8c2-2eca-4077-bfc7-440a39fad0d6,8f4abfd3-b0bd-4a0c-991a-d553d92f915a,phone,120363152327785920,120363152327785920,whatsapp,t,2026-07-13 19:17:06.776+00,2026-07-14 18:03:00.086+00
d39042e8-d21d-45ee-a8e3-db78e7ecb19d,ad252f08-3636-482d-b070-da230d13f618,8f4abfd3-b0bd-4a0c-991a-d553d92f915a,phone,552138280872,552138280872,whatsapp,t,2026-07-13 12:06:58.663+00,2026-07-13 12:06:58.663+00
82654317-81db-4015-9da1-754f638390ab,ad252f08-3636-482d-b070-da230d13f618,8f4abfd3-b0bd-4a0c-991a-d553d92f915a,whatsapp_contact_id,11668aca-32c9-4ea5-9898-49db7046f5c5,11668aca-32c9-4ea5-9898-49db7046f5c5,whatsapp,f,2026-07-13 12:06:58.692+00,2026-07-13 12:06:58.692+00
c54b28c4-532c-4cfe-8d1a-3484ad8936be,8a84f8c2-2eca-4077-bfc7-440a39fad0d6,8f4abfd3-b0bd-4a0c-991a-d553d92f915a,whatsapp_contact_id,cb6e04f1-85f8-4ae9-b9b0-85d4cf8251f6,cb6e04f1-85f8-4ae9-b9b0-85d4cf8251f6,whatsapp,f,2026-07-13 19:17:06.836+00,2026-07-14 18:03:00.127+00
2b62801d-d713-49e9-b56f-3603a2271eea,3c01eca9-57ab-4a0f-ae85-d4fa6854909e,8f4abfd3-b0bd-4a0c-991a-d553d92f915a,whatsapp_contact_id,238ec11e-f160-4311-a2f7-8c49f0198877,238ec11e-f160-4311-a2f7-8c49f0198877,whatsapp,f,2026-07-14 13:42:27.751+00,2026-07-14 21:47:41.891+00
341c8533-5ac9-4511-b3ce-f37f2ad2d712,608b70b5-07e9-4fcd-902d-3d8ca6143f58,8f4abfd3-b0bd-4a0c-991a-d553d92f915a,whatsapp_contact_id,f2cf7a39-6c82-4744-b175-111aa589b0a2,f2cf7a39-6c82-4744-b175-111aa589b0a2,whatsapp,f,2026-07-10 12:53:29.008+00,2026-07-13 15:55:26.044+00
39ebf7b3-fc79-46e4-ad17-9a1398b63836,7f9ba701-2fbf-4765-b818-f0117bbe4916,8f4abfd3-b0bd-4a0c-991a-d553d92f915a,whatsapp_contact_id,9dfdcb62-45c3-4dae-baf5-d371e38233b7,9dfdcb62-45c3-4dae-baf5-d371e38233b7,whatsapp,f,2026-07-07 13:38:58.35+00,2026-07-14 21:55:53.74+00
046e350f-6a18-445b-819d-844618ffb965,0a3184d1-65c7-4ec0-8226-1463c98ad9e3,8f4abfd3-b0bd-4a0c-991a-d553d92f915a,whatsapp_contact_id,b605e701-75cd-4e51-9f9c-adb27d95145e,b605e701-75cd-4e51-9f9c-adb27d95145e,whatsapp,f,2026-07-14 18:44:18.312+00,2026-07-14 18:44:18.312+00
03ebef65-1ccb-44bf-b5f2-69f73ab098a2,4732fc8c-73f2-452e-adbe-dac05ea35a3b,8f4abfd3-b0bd-4a0c-991a-d553d92f915a,whatsapp_contact_id,ce986e2c-8c0b-4469-9061-7ac3b6fc7076,ce986e2c-8c0b-4469-9061-7ac3b6fc7076,whatsapp,f,2026-07-07 15:05:32.644+00,2026-07-14 22:41:15.504+00
53aaa790-64ac-4c4c-808e-1aa72b232270,e3bf60bb-ed7e-4fc7-b40d-3a86bc0a1971,8f4abfd3-b0bd-4a0c-991a-d553d92f915a,whatsapp_contact_id,0b6a0a5d-8233-4b48-a516-80b163c3797d,0b6a0a5d-8233-4b48-a516-80b163c3797d,whatsapp,f,2026-07-14 15:17:41.91+00,2026-07-14 15:36:09.327+00
425e16bb-0c37-4f78-8f2c-eeba5c3e4406,6a451781-9b9e-4fc3-aff6-ee8a5fac773d,8f4abfd3-b0bd-4a0c-991a-d553d92f915a,whatsapp_contact_id,4128d81c-3f3d-4d88-8a5c-bdcef227a999,4128d81c-3f3d-4d88-8a5c-bdcef227a999,whatsapp,f,2026-07-14 19:15:28.679+00,2026-07-14 20:35:56.688+00
46108533-99f1-47ac-b59b-10ff5897e132,701386a8-e891-416d-ad09-39d04b01a8e4,8f4abfd3-b0bd-4a0c-991a-d553d92f915a,phone,5511964545199,5511964545199,whatsapp,t,2026-07-14 10:10:28.021+00,2026-07-14 12:41:33.887+00
01b47aff-89d5-4808-beec-9c972d29f1ab,701386a8-e891-416d-ad09-39d04b01a8e4,8f4abfd3-b0bd-4a0c-991a-d553d92f915a,whatsapp_contact_id,c5e665a1-9d79-4006-b070-be7cb28009e8,c5e665a1-9d79-4006-b070-be7cb28009e8,whatsapp,f,2026-07-14 10:10:28.086+00,2026-07-14 12:41:33.926+00
eafb4114-cb07-4f92-bec1-e17080690aef,cacfce88-b705-4b50-b7c6-3fa5fd00429e,8f4abfd3-b0bd-4a0c-991a-d553d92f915a,whatsapp_contact_id,0dbb5188-9fb9-4f7d-9756-e824ff61efcb,0dbb5188-9fb9-4f7d-9756-e824ff61efcb,whatsapp,f,2026-07-07 13:20:54.794+00,2026-07-14 22:26:45.039+00
6430b8d8-cfd6-44ab-8792-74ad166aae38,a8bd09e5-2bb4-4c3e-8690-871474a78d66,8f4abfd3-b0bd-4a0c-991a-d553d92f915a,phone,5511986581403,5511986581403,whatsapp,t,2026-07-14 13:15:45.874+00,2026-07-14 13:38:08.836+00
14f00bf1-db95-437d-8628-2f1a9d52a122,71d8e084-be1b-484c-9208-3ce8b8a311df,8f4abfd3-b0bd-4a0c-991a-d553d92f915a,whatsapp_contact_id,3b61fb8a-5a70-4a36-ae5a-23301d58666e,3b61fb8a-5a70-4a36-ae5a-23301d58666e,whatsapp,f,2026-07-08 13:30:44.488+00,2026-07-15 11:08:24.773+00
a89ed191-6744-4496-afa0-99f0b52e3ad1,a0fa407f-8f8e-49e2-a784-7e67d47f4739,8f4abfd3-b0bd-4a0c-991a-d553d92f915a,phone,120363031916320997,120363031916320997,whatsapp,t,2026-07-09 18:40:57.282+00,2026-07-14 22:34:57.671+00
0ecc0fff-547b-43cd-a103-8ddc16bf31b6,d8f3528e-6498-49e3-8eef-c627a7c18713,7b577c22-5513-42cc-ab19-2bf867e14ebc,phone,5519995908063,5519995908063,whatsapp,t,2026-07-13 14:30:05.563+00,2026-07-13 14:30:28.382+00
b58288f6-7023-4559-99f8-df78ad6bb648,d8f3528e-6498-49e3-8eef-c627a7c18713,7b577c22-5513-42cc-ab19-2bf867e14ebc,whatsapp_contact_id,7abbda65-1cab-41db-aebe-2b8f763383b5,7abbda65-1cab-41db-aebe-2b8f763383b5,whatsapp,f,2026-07-13 14:30:05.597+00,2026-07-13 14:30:28.403+00
4279ebc9-70b9-4899-b7aa-c5c72c1b5d22,71d8e5e1-bf00-4e92-8327-dcd4b970f5b2,8f4abfd3-b0bd-4a0c-991a-d553d92f915a,whatsapp_contact_id,e706bec3-2f6b-47f0-88d6-71ae4b76a3a5,e706bec3-2f6b-47f0-88d6-71ae4b76a3a5,whatsapp,f,2026-07-07 20:21:57.964+00,2026-07-15 00:53:01.736+00
82b6bc7b-101d-40ec-acb0-877125f03dfa,dc0029cb-f5ea-4ed6-bc0e-72a0d7d81367,8f4abfd3-b0bd-4a0c-991a-d553d92f915a,phone,5511996770759,5511996770759,whatsapp,t,2026-07-14 21:43:53.83+00,2026-07-15 01:28:29.523+00
39d3589a-f503-4db2-8563-80f527cf7698,99e3e0db-ca83-4ee1-90ff-cd26f5930cb0,8f4abfd3-b0bd-4a0c-991a-d553d92f915a,phone,5511976281495,5511976281495,whatsapp,t,2026-07-14 19:31:28.796+00,2026-07-14 19:39:06.073+00
ada38779-0bf3-48e4-b6db-e1a31951a416,19299389-c38f-4d08-b10f-09a3c8df4723,8f4abfd3-b0bd-4a0c-991a-d553d92f915a,whatsapp_contact_id,a7042597-2485-445c-8450-82484a9b54d3,a7042597-2485-445c-8450-82484a9b54d3,whatsapp,f,2026-07-07 15:12:22.385+00,2026-07-14 15:58:00.441+00
20f48bea-f972-4a83-85b5-9599a1356f67,99e3e0db-ca83-4ee1-90ff-cd26f5930cb0,8f4abfd3-b0bd-4a0c-991a-d553d92f915a,whatsapp_contact_id,3ec5531e-7977-4f3d-9af3-2255e8f34725,3ec5531e-7977-4f3d-9af3-2255e8f34725,whatsapp,f,2026-07-14 19:31:28.849+00,2026-07-14 19:39:06.095+00
61aa3661-0704-46c6-8252-c6bf09acf382,326e93a3-000a-411d-bd7b-e0fb1f86ef0a,8f4abfd3-b0bd-4a0c-991a-d553d92f915a,whatsapp_contact_id,c71b5ab9-0e14-47ad-9a95-5a24bf4411b6,c71b5ab9-0e14-47ad-9a95-5a24bf4411b6,whatsapp,f,2026-07-07 14:09:26.85+00,2026-07-14 19:33:46.983+00
c322dd7c-213f-4658-983e-eb72ccf2b396,d54e40e2-f4e3-4070-850b-266d0dbb414f,8f4abfd3-b0bd-4a0c-991a-d553d92f915a,whatsapp_contact_id,82044363-fd7e-4af6-907e-271b3f752dce,82044363-fd7e-4af6-907e-271b3f752dce,whatsapp,f,2026-07-10 14:02:45.948+00,2026-07-13 21:58:42.662+00
de5c5342-abab-4424-a46f-45bf93529713,a8bd09e5-2bb4-4c3e-8690-871474a78d66,8f4abfd3-b0bd-4a0c-991a-d553d92f915a,whatsapp_contact_id,e3ac9819-38c0-4ca7-ba39-65c3c8e8f2bb,e3ac9819-38c0-4ca7-ba39-65c3c8e8f2bb,whatsapp,f,2026-07-14 13:15:45.923+00,2026-07-14 13:38:08.851+00
037c36b4-fed2-4fc4-ab39-d7aebf04195d,a718d47f-7ec4-49a4-90d4-c64052c6fd91,8f4abfd3-b0bd-4a0c-991a-d553d92f915a,phone,554788682735,554788682735,whatsapp,t,2026-07-15 11:02:36.354+00,2026-07-15 11:02:36.354+00
9e7a9077-37d2-420d-9254-fdb8b94cdafb,9fd41d37-d7e0-49be-8a44-1c42e3ccd320,8f4abfd3-b0bd-4a0c-991a-d553d92f915a,phone,120363027932136893,120363027932136893,whatsapp,t,2026-07-10 12:53:00.477+00,2026-07-13 15:32:54.003+00
29be8ccb-db11-4227-9018-9a8b2b75a7c2,b339d81c-c3bd-41c5-bfc8-8453aa054087,8f4abfd3-b0bd-4a0c-991a-d553d92f915a,phone,5511983432459,5511983432459,whatsapp,t,2026-07-13 13:27:38.694+00,2026-07-14 16:09:26.605+00
c12d0291-2dc3-45f2-9a42-dcc778b884e9,3520f25e-4e87-4039-a1b6-a5e53cdf4e3c,8f4abfd3-b0bd-4a0c-991a-d553d92f915a,whatsapp_contact_id,69462a98-74f0-41ff-a442-fde79f81e137,69462a98-74f0-41ff-a442-fde79f81e137,whatsapp,f,2026-07-13 15:11:20.516+00,2026-07-13 17:35:49.058+00
a8d82271-4efd-428a-b875-56247a65eab8,b339d81c-c3bd-41c5-bfc8-8453aa054087,8f4abfd3-b0bd-4a0c-991a-d553d92f915a,whatsapp_contact_id,9f55b03c-efe3-4ea5-a7b3-6610eed8a374,9f55b03c-efe3-4ea5-a7b3-6610eed8a374,whatsapp,f,2026-07-13 13:27:38.738+00,2026-07-14 16:09:26.639+00
1ca68a15-79e2-4073-96fb-d40191f33376,23eae004-6a85-4567-adb9-9045575128d5,8f4abfd3-b0bd-4a0c-991a-d553d92f915a,whatsapp_contact_id,308e385d-2a5d-44ad-acb0-6b8acbd5c8fc,308e385d-2a5d-44ad-acb0-6b8acbd5c8fc,whatsapp,f,2026-07-13 22:28:45.075+00,2026-07-14 13:13:59.893+00
d2141372-99f2-4247-ab9b-ad2fe5e9d0f9,6d4ebc45-2d50-47a6-8ee5-6f8a5803407a,8f4abfd3-b0bd-4a0c-991a-d553d92f915a,whatsapp_contact_id,70af459f-0a43-4992-a4ae-9415ce0f03c2,70af459f-0a43-4992-a4ae-9415ce0f03c2,whatsapp,f,2026-07-10 17:00:38.701+00,2026-07-14 20:55:32.886+00
7502df1a-14e7-48ed-b03f-464c4b6221e8,a718d47f-7ec4-49a4-90d4-c64052c6fd91,8f4abfd3-b0bd-4a0c-991a-d553d92f915a,whatsapp_contact_id,5c1e4d26-c4a3-46ff-a609-885a3ab829f8,5c1e4d26-c4a3-46ff-a609-885a3ab829f8,whatsapp,f,2026-07-15 11:02:36.407+00,2026-07-15 11:02:36.407+00
94e9cc65-8ef9-4945-b718-4aacde64631e,d5638261-e6d2-4dbc-b159-d9e44f851f4f,8f4abfd3-b0bd-4a0c-991a-d553d92f915a,phone,5511976388794,5511976388794,whatsapp,t,2026-07-14 20:48:32.263+00,2026-07-14 20:48:40.248+00
c87f1394-a028-40e0-bc47-14cf834db063,d5638261-e6d2-4dbc-b159-d9e44f851f4f,8f4abfd3-b0bd-4a0c-991a-d553d92f915a,whatsapp_contact_id,3f20adfb-4147-43d5-b5ce-b19b3a37cf0b,3f20adfb-4147-43d5-b5ce-b19b3a37cf0b,whatsapp,f,2026-07-14 20:48:32.294+00,2026-07-14 20:48:40.263+00
46e813b1-bfb9-4fb6-8121-dedaeed588ac,5376f90b-ea53-4769-9f01-5ae5f97b7923,862835fd-54ad-4ebd-986a-b5392f1bb227,phone,557199487540,557199487540,whatsapp,t,2026-07-19 14:12:12.553+00,2026-07-19 14:12:12.553+00
befb6443-e1b1-4d3d-8dda-0f7294d8cc24,d6dbd794-8ddb-43df-999f-78ea5261b589,8f4abfd3-b0bd-4a0c-991a-d553d92f915a,whatsapp_contact_id,e705b87d-b5a1-47fd-bc58-eddf4c2fad67,e705b87d-b5a1-47fd-bc58-eddf4c2fad67,whatsapp,f,2026-07-11 09:19:00.472+00,2026-07-14 19:45:30.915+00
fe411841-0176-40d8-830a-8a955b1e67b3,5376f90b-ea53-4769-9f01-5ae5f97b7923,862835fd-54ad-4ebd-986a-b5392f1bb227,whatsapp_contact_id,4aa66054-7fba-44c4-b943-4fce4b7dfb7c,4aa66054-7fba-44c4-b943-4fce4b7dfb7c,whatsapp,f,2026-07-19 14:12:12.631+00,2026-07-24 00:56:25.541+00
dd8c1322-6e1d-4990-9269-db8f87e304d7,3a0b9ecb-8fe3-4ddb-bfa1-efdd334c2f4e,8f4abfd3-b0bd-4a0c-991a-d553d92f915a,whatsapp_contact_id,a2867e80-d111-410d-97df-2d8b0eacb21a,a2867e80-d111-410d-97df-2d8b0eacb21a,whatsapp,f,2026-07-14 21:01:29.28+00,2026-07-14 21:02:03.556+00
5fd9d2d4-a966-460d-ac77-8c2e9fdc4ae4,f6f3dc48-5a43-4e3b-99d3-56a3e4f36bcb,8f4abfd3-b0bd-4a0c-991a-d553d92f915a,whatsapp_contact_id,84c409d8-4cbe-4db7-8ffb-6fb396162e89,84c409d8-4cbe-4db7-8ffb-6fb396162e89,whatsapp,f,2026-07-07 17:22:13.629+00,2026-07-14 14:20:47.698+00
9a593116-f90f-4f44-91e2-7c2fb792f305,396a7fb5-32be-4500-9640-d7302f2ab4e8,8f4abfd3-b0bd-4a0c-991a-d553d92f915a,whatsapp_contact_id,47cf82cd-0388-4d0e-9a92-caec4254af5a,47cf82cd-0388-4d0e-9a92-caec4254af5a,whatsapp,f,2026-07-08 14:01:03.203+00,2026-07-14 21:07:21.668+00
91dfeae3-aa36-4552-9837-c6ca237edc68,00f67fee-ec13-441e-b047-f17551371d37,8f4abfd3-b0bd-4a0c-991a-d553d92f915a,whatsapp_contact_id,b1e21b81-339a-42f9-a31e-6c6b90ced4cb,b1e21b81-339a-42f9-a31e-6c6b90ced4cb,whatsapp,f,2026-07-14 21:08:43.991+00,2026-07-14 21:13:18.207+00
48cd6831-eee4-42f0-b4f2-80724d3e149f,00f67fee-ec13-441e-b047-f17551371d37,8f4abfd3-b0bd-4a0c-991a-d553d92f915a,phone,5511958336705,5511958336705,whatsapp,t,2026-07-14 21:08:43.962+00,2026-07-14 21:13:18.189+00
e2f80ed6-d51a-467a-9af4-d41fe4e72c52,95f4eb75-5d5c-4ef1-b659-6748f1564367,862835fd-54ad-4ebd-986a-b5392f1bb227,phone,551151951303,551151951303,whatsapp,t,2026-07-19 14:12:24.73+00,2026-07-19 14:14:59.421+00
14446e31-e087-4867-9d3a-ddf10c4307b0,98c45f86-5def-491f-a59b-f5d0978cd1d1,a9c81e05-8b1a-47ad-a80d-dbc45603f068,phone,21984918400,5521984918400,crm,t,2026-07-22 17:32:48+00,2026-07-22 17:32:48+00
f0181dba-3f50-4c4e-b388-ced29044a5d9,98c45f86-5def-491f-a59b-f5d0978cd1d1,a9c81e05-8b1a-47ad-a80d-dbc45603f068,email,info@tavaresoffice.com.br,info@tavaresoffice.com.br,crm,f,2026-07-22 17:32:48.035+00,2026-07-22 17:32:48.035+00
65a8a424-7920-47af-b8a4-a8f255facb1a,98c45f86-5def-491f-a59b-f5d0978cd1d1,a9c81e05-8b1a-47ad-a80d-dbc45603f068,document,42416453000143,42416453000143,crm,f,2026-07-22 17:32:48.068+00,2026-07-22 17:32:48.068+00
aea9027b-db2d-407b-b391-06d25f218b96,98c45f86-5def-491f-a59b-f5d0978cd1d1,a9c81e05-8b1a-47ad-a80d-dbc45603f068,lead_id,821e5a2c-b621-4558-8c90-b34d2ca2838a,821e5a2c-b621-4558-8c90-b34d2ca2838a,crm,f,2026-07-22 17:32:48.1+00,2026-07-22 17:32:48.1+00
feba7470-6ff3-426a-837d-0a24de6b75a0,b1e19f08-c97f-4bf5-808f-ab739d9b6910,b874694b-f463-4dbd-bb6f-b04f121a8802,phone,11940130432,5511940130432,crm,t,2026-07-22 19:11:55.84+00,2026-07-22 19:11:55.84+00
cbdf7202-b486-4eba-b10c-41133883944e,b1e19f08-c97f-4bf5-808f-ab739d9b6910,b874694b-f463-4dbd-bb6f-b04f121a8802,email,martinrr0711@gmail.com,martinrr0711@gmail.com,crm,f,2026-07-22 19:11:55.875+00,2026-07-22 19:11:55.875+00
1952c410-3ec3-4f78-ac84-b9943ca0525c,b1e19f08-c97f-4bf5-808f-ab739d9b6910,b874694b-f463-4dbd-bb6f-b04f121a8802,document,45092647000129,45092647000129,crm,f,2026-07-22 19:11:55.91+00,2026-07-22 19:11:55.91+00
b429b8a9-4a7a-4fe4-b580-e07cc919d628,b1e19f08-c97f-4bf5-808f-ab739d9b6910,b874694b-f463-4dbd-bb6f-b04f121a8802,lead_id,d7fa3b28-51a8-438e-b4c2-d7a8aad5a5f1,d7fa3b28-51a8-438e-b4c2-d7a8aad5a5f1,crm,f,2026-07-22 19:11:55.943+00,2026-07-22 19:11:55.943+00
d71e997f-2e83-42d3-bba7-4de54add4cf4,35cbeedf-0e30-406b-9822-f0fd0b375e0c,b874694b-f463-4dbd-bb6f-b04f121a8802,phone,12981553035,5512981553035,crm,t,2026-07-22 20:36:07.641+00,2026-07-22 20:36:07.641+00
5ccfccbc-2395-43d0-9874-a776b2653d63,35cbeedf-0e30-406b-9822-f0fd0b375e0c,b874694b-f463-4dbd-bb6f-b04f121a8802,email,af10473@gmail.com,af10473@gmail.com,crm,f,2026-07-22 20:36:07.673+00,2026-07-22 20:36:07.673+00
2cf0b521-f516-4f4f-96f2-56acf28ad6db,35cbeedf-0e30-406b-9822-f0fd0b375e0c,b874694b-f463-4dbd-bb6f-b04f121a8802,lead_id,7afcabd9-9809-4c3b-99eb-0c25513c31ec,7afcabd9-9809-4c3b-99eb-0c25513c31ec,crm,f,2026-07-22 20:36:07.696+00,2026-07-22 20:36:07.696+00
ffb47d33-9db7-468b-82a9-5a93d084d216,a23900c4-f669-4fc0-bafe-0352c90e36ce,a94fc469-4603-487f-ab7f-e2712197d510,phone,21968989808,5521968989808,crm,t,2026-07-22 22:09:31.181+00,2026-07-22 22:09:31.181+00
e0eb2dc6-17d3-4c1e-b0db-0fa6dad7fb4f,a23900c4-f669-4fc0-bafe-0352c90e36ce,a94fc469-4603-487f-ab7f-e2712197d510,email,ffranca.advogados@gmail.com,ffranca.advogados@gmail.com,crm,f,2026-07-22 22:09:31.215+00,2026-07-22 22:09:31.215+00
84b67808-efec-4814-b6a9-2f41450a5539,a23900c4-f669-4fc0-bafe-0352c90e36ce,a94fc469-4603-487f-ab7f-e2712197d510,document,41105424000106,41105424000106,crm,f,2026-07-22 22:09:31.243+00,2026-07-22 22:09:31.243+00
af179751-d9a2-44dd-bdb1-5d134422d086,a23900c4-f669-4fc0-bafe-0352c90e36ce,a94fc469-4603-487f-ab7f-e2712197d510,lead_id,00527cf9-1fa2-4fe7-b075-09a5f97ae83e,00527cf9-1fa2-4fe7-b075-09a5f97ae83e,crm,f,2026-07-22 22:09:31.271+00,2026-07-22 22:09:31.271+00
f39e8dfc-8971-456d-afa9-039e818d8235,52a49212-177a-4215-bbe0-e14395067841,e51c5c55-1e13-45da-8a37-ed0f36f3d16c,phone,11962817435,5511962817435,crm,t,2026-07-22 23:22:30.487+00,2026-07-22 23:22:30.487+00
db223b60-6870-4082-a7d3-d0725718ac9b,52a49212-177a-4215-bbe0-e14395067841,e51c5c55-1e13-45da-8a37-ed0f36f3d16c,email,gestao@mmvassessoria.com.br,gestao@mmvassessoria.com.br,crm,f,2026-07-22 23:22:30.521+00,2026-07-22 23:22:30.521+00
305818d6-2c27-43da-8f90-cbc4f3fa943b,52a49212-177a-4215-bbe0-e14395067841,e51c5c55-1e13-45da-8a37-ed0f36f3d16c,document,39585839000174,39585839000174,crm,f,2026-07-22 23:22:30.55+00,2026-07-22 23:22:30.55+00
cb429474-04cf-46d5-97aa-ec52db2d5172,52a49212-177a-4215-bbe0-e14395067841,e51c5c55-1e13-45da-8a37-ed0f36f3d16c,lead_id,5b214ba0-df0b-448a-a23b-6225aacfcb58,5b214ba0-df0b-448a-a23b-6225aacfcb58,crm,f,2026-07-22 23:22:30.577+00,2026-07-22 23:22:30.577+00
c29a8dd4-1d7c-40ed-99e5-b81df3e2cf40,0937337a-dfaf-4f1b-b597-ee51c95a72ab,e51c5c55-1e13-45da-8a37-ed0f36f3d16c,phone,11991876952,5511991876952,crm,t,2026-07-23 12:34:01.672+00,2026-07-23 12:34:01.672+00
a0c828e9-566d-43f1-a207-e64d1b5c76ef,cf8b6f0b-7ce9-4bd8-a2e4-ea4de706fee6,b874694b-f463-4dbd-bb6f-b04f121a8802,phone,19983173009,5519983173009,crm,t,2026-07-23 13:01:10.251+00,2026-07-23 13:01:10.251+00
cac960e4-ee6d-45c0-96d4-474b4ebb37db,cf8b6f0b-7ce9-4bd8-a2e4-ea4de706fee6,b874694b-f463-4dbd-bb6f-b04f121a8802,email,Camilarh@kwangjin-kr.com,camilarh@kwangjin-kr.com,crm,f,2026-07-23 13:01:10.283+00,2026-07-23 13:01:35.887+00
d6137b26-72e9-4d63-807b-0a6ce29ce5e2,cf8b6f0b-7ce9-4bd8-a2e4-ea4de706fee6,b874694b-f463-4dbd-bb6f-b04f121a8802,lead_id,db48b198-cd7f-4521-9f8b-74fd47fbeecb,db48b198-cd7f-4521-9f8b-74fd47fbeecb,crm,f,2026-07-23 13:01:10.307+00,2026-07-23 13:01:35.908+00
91db4c09-22db-4295-b9b1-f0d4c1950f64,d065bba8-2826-4ee2-b259-85913b2caa60,e51c5c55-1e13-45da-8a37-ed0f36f3d16c,phone,11985627295,5511985627295,crm,t,2026-07-23 13:09:09.19+00,2026-07-23 13:09:09.19+00
a4b3e275-8de2-4eba-b6da-e8fdcc5ffd02,d065bba8-2826-4ee2-b259-85913b2caa60,e51c5c55-1e13-45da-8a37-ed0f36f3d16c,email,antoniowilsonpiaui@hotmail.com,antoniowilsonpiaui@hotmail.com,crm,f,2026-07-23 13:09:09.22+00,2026-07-23 13:09:17.282+00
1f643b17-ae89-4d8b-b48c-7ec037103a0e,d065bba8-2826-4ee2-b259-85913b2caa60,e51c5c55-1e13-45da-8a37-ed0f36f3d16c,lead_id,1eae265c-4e29-44ac-9e9c-226c507252a1,1eae265c-4e29-44ac-9e9c-226c507252a1,crm,f,2026-07-23 13:09:09.248+00,2026-07-23 13:09:17.31+00
fb2c26ec-f423-4100-a69a-d0949a821b22,9e13c34d-89e8-4958-9720-274d7dcac805,e51c5c55-1e13-45da-8a37-ed0f36f3d16c,phone,11966723938,5511966723938,crm,t,2026-07-23 13:09:42.717+00,2026-07-23 13:09:42.717+00
e9fe95f9-7b93-428c-8e56-74b4b90f5bc2,9e13c34d-89e8-4958-9720-274d7dcac805,e51c5c55-1e13-45da-8a37-ed0f36f3d16c,email,alexandre.lucio1620@gmail.com,alexandre.lucio1620@gmail.com,crm,f,2026-07-23 13:09:42.735+00,2026-07-23 13:09:42.735+00
41177863-0dc4-4807-bf34-8364852df102,9e13c34d-89e8-4958-9720-274d7dcac805,e51c5c55-1e13-45da-8a37-ed0f36f3d16c,document,52887695000179,52887695000179,crm,f,2026-07-23 13:09:42.758+00,2026-07-23 13:09:42.758+00
88c10926-8de8-45dd-bab5-0912e4c6117f,9e13c34d-89e8-4958-9720-274d7dcac805,e51c5c55-1e13-45da-8a37-ed0f36f3d16c,lead_id,89f8d9ea-75dc-4d88-b57a-345f9bd73a42,89f8d9ea-75dc-4d88-b57a-345f9bd73a42,crm,f,2026-07-23 13:09:42.782+00,2026-07-23 13:09:42.782+00
057f86f5-573a-4458-abf5-2a3aa7beafd7,475eabb3-863b-4100-a11b-17efceb8195d,9bd5cccc-e18f-432e-ae67-dc33103d5791,phone,1155274807,551155274807,crm,t,2026-07-23 13:29:43.021+00,2026-07-23 13:29:43.021+00
bfb970b3-7af3-4043-a60a-4d8db3ad8008,475eabb3-863b-4100-a11b-17efceb8195d,9bd5cccc-e18f-432e-ae67-dc33103d5791,email,mariaerodrigues@adv.oabsp.org.br,mariaerodrigues@adv.oabsp.org.br,crm,f,2026-07-23 13:29:43.05+00,2026-07-23 13:29:43.05+00
118f53ff-6223-4dff-b721-2224ab756e1d,475eabb3-863b-4100-a11b-17efceb8195d,9bd5cccc-e18f-432e-ae67-dc33103d5791,document,40644690000136,40644690000136,crm,f,2026-07-23 13:29:43.071+00,2026-07-23 13:29:43.071+00
f00f10b8-b41e-43a2-946b-2c8db4081087,475eabb3-863b-4100-a11b-17efceb8195d,9bd5cccc-e18f-432e-ae67-dc33103d5791,lead_id,227eb721-c193-42f5-b389-df9a2a46d25a,227eb721-c193-42f5-b389-df9a2a46d25a,crm,f,2026-07-23 13:29:43.098+00,2026-07-23 13:29:43.098+00
ca1e916d-fe4b-4f62-a9d6-bdfaa15c5eaf,c4d5fc6f-6e70-495c-90f5-ea36d0c810ab,9e39aa76-bf9c-4630-afb4-5ea10a9cb738,phone,11978661951,5511978661951,crm,t,2026-07-23 14:24:22.237+00,2026-07-23 14:24:22.237+00
b3d12135-6028-4884-8020-59d133dad47c,0937337a-dfaf-4f1b-b597-ee51c95a72ab,e51c5c55-1e13-45da-8a37-ed0f36f3d16c,email,jfdias2000@hotmail.com,jfdias2000@hotmail.com,crm,f,2026-07-23 12:34:01.701+00,2026-07-23 18:23:30.835+00
1224828d-191d-4f32-b4ff-88d92bf01c27,0937337a-dfaf-4f1b-b597-ee51c95a72ab,e51c5c55-1e13-45da-8a37-ed0f36f3d16c,document,51071170000106,51071170000106,crm,f,2026-07-23 12:34:01.763+00,2026-07-23 18:23:30.856+00
c441d641-ce9d-42e2-a5ad-6816b7f78221,0937337a-dfaf-4f1b-b597-ee51c95a72ab,e51c5c55-1e13-45da-8a37-ed0f36f3d16c,lead_id,37fc83a3-04d2-453d-b310-30452c4feb6c,37fc83a3-04d2-453d-b310-30452c4feb6c,crm,f,2026-07-23 12:34:01.931+00,2026-07-23 18:23:30.876+00
575de9f3-7906-42c4-ac8e-b8780f3ee34a,95f4eb75-5d5c-4ef1-b659-6748f1564367,862835fd-54ad-4ebd-986a-b5392f1bb227,whatsapp_contact_id,004959fd-cc55-489d-9534-bfd126c7da4e,004959fd-cc55-489d-9534-bfd126c7da4e,whatsapp,f,2026-07-19 14:12:24.766+00,2026-07-24 00:56:26.057+00
2847d880-a4cd-4614-afa8-005a10bba5df,c4d5fc6f-6e70-495c-90f5-ea36d0c810ab,9e39aa76-bf9c-4630-afb4-5ea10a9cb738,email,akaperon10@hotmail.com,akaperon10@hotmail.com,crm,f,2026-07-23 14:24:22.272+00,2026-07-23 14:32:31.872+00
c815c9ba-bdff-4dec-9a04-14342398a007,c4d5fc6f-6e70-495c-90f5-ea36d0c810ab,9e39aa76-bf9c-4630-afb4-5ea10a9cb738,lead_id,c84c0b84-43ce-45e5-8db6-d048a22213a8,c84c0b84-43ce-45e5-8db6-d048a22213a8,crm,f,2026-07-23 14:24:22.305+00,2026-07-23 14:32:31.901+00
3d8882df-c85e-4e70-b65c-7f4c2465c941,b4ce37b7-d657-413a-8bb8-9cc3e460fe2d,968fc8e6-f918-4579-b0d1-26570ce5e94b,phone,11980645260,5511980645260,crm,t,2026-07-23 15:04:55.024+00,2026-07-23 15:04:55.024+00
6242cad5-6012-4f93-a2ea-23020145287c,b4ce37b7-d657-413a-8bb8-9cc3e460fe2d,968fc8e6-f918-4579-b0d1-26570ce5e94b,email,jr_evangelista@hotmail.com,jr_evangelista@hotmail.com,crm,f,2026-07-23 15:04:55.054+00,2026-07-23 15:04:55.054+00
9b70d17f-a0b1-4ac1-96ef-a311d24202ec,b4ce37b7-d657-413a-8bb8-9cc3e460fe2d,968fc8e6-f918-4579-b0d1-26570ce5e94b,document,49977134000156,49977134000156,crm,f,2026-07-23 15:04:55.069+00,2026-07-23 15:04:55.069+00
107751ea-8753-4d57-a4e2-ee120e269591,b4ce37b7-d657-413a-8bb8-9cc3e460fe2d,968fc8e6-f918-4579-b0d1-26570ce5e94b,lead_id,624840ec-66e6-401a-811b-b6f2f3cd3f29,624840ec-66e6-401a-811b-b6f2f3cd3f29,crm,f,2026-07-23 15:04:55.086+00,2026-07-23 15:04:55.086+00
0b65b3a5-e528-4cce-84be-06f22581ff7a,150a07e7-4b0e-419a-9839-15cff71dfade,e51c5c55-1e13-45da-8a37-ed0f36f3d16c,phone,1125778142,551125778142,crm,t,2026-07-23 15:58:02.961+00,2026-07-23 15:58:02.961+00
fd2e6981-69e5-414d-b936-9d4f6bf69764,150a07e7-4b0e-419a-9839-15cff71dfade,e51c5c55-1e13-45da-8a37-ed0f36f3d16c,email,marciliamm@hotmail.com,marciliamm@hotmail.com,crm,f,2026-07-23 15:58:02.99+00,2026-07-23 15:58:02.99+00
fa98f729-2407-4c21-b7c2-a2c420d6668c,150a07e7-4b0e-419a-9839-15cff71dfade,e51c5c55-1e13-45da-8a37-ed0f36f3d16c,lead_id,7b1e6be7-b65f-4bfd-999a-1451257e2a38,7b1e6be7-b65f-4bfd-999a-1451257e2a38,crm,f,2026-07-23 15:58:03.074+00,2026-07-23 15:58:03.074+00
dd0de63a-ed46-4a0e-91d5-9dec243b92a7,7538d945-ad2a-48dc-afc4-70d6fca9b0db,b874694b-f463-4dbd-bb6f-b04f121a8802,phone,19981287103,5519981287103,crm,t,2026-07-23 16:54:35.95+00,2026-07-23 16:54:35.95+00
2d3141a6-396d-4c7d-9252-7292283f7ace,7538d945-ad2a-48dc-afc4-70d6fca9b0db,b874694b-f463-4dbd-bb6f-b04f121a8802,email,Soniamantonani63@hotmail.com,soniamantonani63@hotmail.com,crm,f,2026-07-23 16:54:35.985+00,2026-07-23 16:55:07.603+00
ebffcbbb-b7bc-499c-9f2f-f495fe4fe015,7538d945-ad2a-48dc-afc4-70d6fca9b0db,b874694b-f463-4dbd-bb6f-b04f121a8802,lead_id,66ce5bcd-b978-43a0-912e-a10780561523,66ce5bcd-b978-43a0-912e-a10780561523,crm,f,2026-07-23 16:54:36.015+00,2026-07-23 16:55:07.634+00
3fb8b7ac-776e-4cc6-a6c1-2b8b6eb2dc8c,007d5dcf-805d-44e5-af0f-eeeed2aa8b6e,9703eb88-bcb7-4c08-952e-158f9c404728,phone,120363410122529093,120363410122529093,whatsapp,t,2026-07-23 16:57:15.85+00,2026-07-23 16:57:15.85+00
6d32b321-bf4e-4b31-88e8-b221cd652163,d5e69f7e-0d40-4339-b3e0-cb2bd3c06b79,9703eb88-bcb7-4c08-952e-158f9c404728,phone,120363066383562297,120363066383562297,whatsapp,t,2026-07-23 16:57:44.847+00,2026-07-23 16:57:44.847+00
105a303d-070e-4f29-8503-60a90cfe8b9f,6517118f-5598-4b95-aead-86bc1c78821c,9703eb88-bcb7-4c08-952e-158f9c404728,phone,120363424211792632,120363424211792632,whatsapp,t,2026-07-23 16:57:49.378+00,2026-07-23 16:57:49.378+00
5624c0f8-706b-4af7-8a79-8788d2b2ccbd,8c39d77c-2832-43cb-bd85-6b9bb2a9b346,9703eb88-bcb7-4c08-952e-158f9c404728,whatsapp_contact_id,b7cddaa8-6ecd-4469-8d24-f9230af42c31,b7cddaa8-6ecd-4469-8d24-f9230af42c31,whatsapp,f,2026-07-23 17:08:28.623+00,2026-07-23 18:04:09.349+00
e86cbf23-c6f9-4212-bf6b-220afec37380,50009a53-14fa-46e6-9ae9-523bbe20a7bb,9703eb88-bcb7-4c08-952e-158f9c404728,phone,120363407703479792,120363407703479792,whatsapp,t,2026-07-23 17:01:16.72+00,2026-07-23 17:01:16.72+00
ef4c4c10-6741-4ee3-ae92-77360c0731f1,8ca5df08-bd08-4056-8e6a-d9bb3b2f4da3,9703eb88-bcb7-4c08-952e-158f9c404728,phone,120363428158898233,120363428158898233,whatsapp,t,2026-07-23 17:01:48.105+00,2026-07-23 17:01:48.105+00
33ce92fe-f9b9-41fc-b74c-d20514815a34,6517118f-5598-4b95-aead-86bc1c78821c,9703eb88-bcb7-4c08-952e-158f9c404728,whatsapp_contact_id,78ef9212-4174-4d18-99d1-1d0c305c2d1a,78ef9212-4174-4d18-99d1-1d0c305c2d1a,whatsapp,f,2026-07-23 16:57:49.396+00,2026-07-23 18:00:54.637+00
13d27ec8-a910-435d-886a-511203d14c2d,cf794329-cb86-4070-81ab-d4a0039232b5,9703eb88-bcb7-4c08-952e-158f9c404728,phone,120363430451172472,120363430451172472,whatsapp,t,2026-07-23 17:32:22.555+00,2026-07-23 17:32:22.555+00
5a6df6b0-e73f-4ae4-b650-540e1b82d21e,cf794329-cb86-4070-81ab-d4a0039232b5,9703eb88-bcb7-4c08-952e-158f9c404728,whatsapp_contact_id,c7dc8318-eef1-40cb-b372-31e0ee0927a2,c7dc8318-eef1-40cb-b372-31e0ee0927a2,whatsapp,f,2026-07-23 17:32:22.586+00,2026-07-23 17:32:22.586+00
b0160550-934f-4cab-befd-a43af2cc5711,3ffa4b37-fecb-41c7-ae26-f82851df135a,9703eb88-bcb7-4c08-952e-158f9c404728,phone,120363405946450508,120363405946450508,whatsapp,t,2026-07-23 17:08:02.049+00,2026-07-23 17:08:02.049+00
50dca41e-25d1-4757-8837-f67004073175,bcca3b60-a0ac-4df6-8110-834e70c826a0,7b577c22-5513-42cc-ab19-2bf867e14ebc,phone,5521971592661,5521971592661,whatsapp,t,2026-07-23 17:08:09.707+00,2026-07-23 17:08:09.707+00
017d02bb-cec6-4c60-90a1-f7864042845b,bcca3b60-a0ac-4df6-8110-834e70c826a0,7b577c22-5513-42cc-ab19-2bf867e14ebc,whatsapp_contact_id,ca8e2875-a364-4fbf-9f9f-966872e967dd,ca8e2875-a364-4fbf-9f9f-966872e967dd,whatsapp,f,2026-07-23 17:08:09.724+00,2026-07-23 17:08:09.724+00
00525252-bbbf-4a5d-a412-5e5b5885e6d7,8c39d77c-2832-43cb-bd85-6b9bb2a9b346,9703eb88-bcb7-4c08-952e-158f9c404728,phone,120363322824281630,120363322824281630,whatsapp,t,2026-07-23 17:08:28.607+00,2026-07-23 17:08:28.607+00
00284c17-1b5b-4e25-90ce-830319df5183,599b6ce7-6f18-4707-86e7-0ed6f7c1a262,13bbd043-efcc-4c8a-9edd-f34941547546,phone,11988873224,5511988873224,crm,t,2026-07-23 17:32:48.014+00,2026-07-23 17:32:48.014+00
7cc5c1d5-ef4f-45e5-88de-e9de23d9929d,9ad0b4ff-5236-4d21-9c2e-d05b88e63927,7b577c22-5513-42cc-ab19-2bf867e14ebc,phone,5521975951142,5521975951142,whatsapp,t,2026-07-23 17:09:00.537+00,2026-07-23 17:09:00.537+00
16ccc7f4-3b55-471b-89b1-5db7bd407911,9ad0b4ff-5236-4d21-9c2e-d05b88e63927,7b577c22-5513-42cc-ab19-2bf867e14ebc,whatsapp_contact_id,aca8e723-65fb-4116-a2b3-7c345d5b04b3,aca8e723-65fb-4116-a2b3-7c345d5b04b3,whatsapp,f,2026-07-23 17:09:00.55+00,2026-07-23 17:09:07.643+00
dcfebc7b-be15-4918-b63e-3d159f599524,471624cf-8d96-4fed-8d16-e268b0b0609f,7b577c22-5513-42cc-ab19-2bf867e14ebc,phone,5511960892361,5511960892361,whatsapp,t,2026-07-23 17:12:03.591+00,2026-07-23 17:12:03.591+00
7f23e998-dd12-4815-a590-f10e2e9891f1,471624cf-8d96-4fed-8d16-e268b0b0609f,7b577c22-5513-42cc-ab19-2bf867e14ebc,whatsapp_contact_id,a26dfd35-3626-4dac-8983-8b570a4abecb,a26dfd35-3626-4dac-8983-8b570a4abecb,whatsapp,f,2026-07-23 17:12:03.617+00,2026-07-23 17:12:03.617+00
2534562f-0be5-46a6-99da-39a1912c6d2a,6c9053fa-86bb-420f-9371-f110e31b642c,9703eb88-bcb7-4c08-952e-158f9c404728,whatsapp_contact_id,c1d48156-9552-4133-adef-b61a119e1ebf,c1d48156-9552-4133-adef-b61a119e1ebf,whatsapp,f,2026-07-23 17:41:55.666+00,2026-07-23 17:50:49.653+00
db0f08e0-36b6-4300-bddc-41382cb0a22a,e115be39-92a1-4ba7-8bbb-cb55d32cb4a8,9703eb88-bcb7-4c08-952e-158f9c404728,phone,120363422310297126,120363422310297126,whatsapp,t,2026-07-23 17:21:32.759+00,2026-07-23 17:21:32.759+00
01fb50f6-b382-4390-980b-4b665358f932,1f1eaa96-ce79-43e4-8a1e-d69f526e41f3,9703eb88-bcb7-4c08-952e-158f9c404728,phone,120363404367671090,120363404367671090,whatsapp,t,2026-07-23 17:14:58.281+00,2026-07-23 17:14:58.281+00
12b3ff0c-a99a-4cdf-beb8-b5e6ff715049,608f43ea-ccec-43db-a29e-5db4f1b54f4d,9703eb88-bcb7-4c08-952e-158f9c404728,phone,120363045036296550,120363045036296550,whatsapp,t,2026-07-23 17:15:38.064+00,2026-07-23 17:15:38.064+00
2942513a-d28b-43e3-ba6e-e8d6a1085df5,608f43ea-ccec-43db-a29e-5db4f1b54f4d,9703eb88-bcb7-4c08-952e-158f9c404728,whatsapp_contact_id,87ebef40-6dba-4743-bf79-312527090f90,87ebef40-6dba-4743-bf79-312527090f90,whatsapp,f,2026-07-23 17:15:38.083+00,2026-07-23 17:15:38.083+00
4306315d-30a4-4c46-b8a1-24ca2e579ff3,d5e69f7e-0d40-4339-b3e0-cb2bd3c06b79,9703eb88-bcb7-4c08-952e-158f9c404728,whatsapp_contact_id,8a585c23-d9f4-40f5-a5bc-66a7445ae671,8a585c23-d9f4-40f5-a5bc-66a7445ae671,whatsapp,f,2026-07-23 16:57:44.866+00,2026-07-23 18:00:55.627+00
46903c6c-5f0e-441f-8d48-02a8ced5f2be,007d5dcf-805d-44e5-af0f-eeeed2aa8b6e,9703eb88-bcb7-4c08-952e-158f9c404728,whatsapp_contact_id,851ccb0d-8388-473f-9eea-8928a9f15507,851ccb0d-8388-473f-9eea-8928a9f15507,whatsapp,f,2026-07-23 16:57:15.88+00,2026-07-23 17:54:41.655+00
d356e035-f667-44e2-975a-2e8b9464fcff,54c375d5-d55a-4096-bf02-cd1e5ed5977d,9703eb88-bcb7-4c08-952e-158f9c404728,phone,120363407034925508,120363407034925508,whatsapp,t,2026-07-23 17:19:26.177+00,2026-07-23 17:19:26.177+00
ae32a327-5245-4202-ae28-550a5ad44b54,3ffa4b37-fecb-41c7-ae26-f82851df135a,9703eb88-bcb7-4c08-952e-158f9c404728,whatsapp_contact_id,0aa6efd5-7d4d-49f0-bdd2-ef1c3c162d07,0aa6efd5-7d4d-49f0-bdd2-ef1c3c162d07,whatsapp,f,2026-07-23 17:08:02.082+00,2026-07-23 18:07:02.388+00
04436c86-316f-49f3-9d60-a517b22862b5,6c9053fa-86bb-420f-9371-f110e31b642c,9703eb88-bcb7-4c08-952e-158f9c404728,phone,5511940014975-1602794423,55119400149751602794423,whatsapp,t,2026-07-23 17:41:55.644+00,2026-07-23 17:41:55.644+00
1693936a-2dbd-4ede-9c64-c18cfab13ab8,4103f472-727f-4d8b-9f14-166a843aadc5,9703eb88-bcb7-4c08-952e-158f9c404728,phone,120363423642097433,120363423642097433,whatsapp,t,2026-07-23 17:22:19.05+00,2026-07-23 17:22:19.05+00
2ba5de02-c5a2-4c9a-bc3f-1780ef51968b,1f1eaa96-ce79-43e4-8a1e-d69f526e41f3,9703eb88-bcb7-4c08-952e-158f9c404728,whatsapp_contact_id,f72a13cf-7a33-4cd7-9cc2-3e107f3d51c7,f72a13cf-7a33-4cd7-9cc2-3e107f3d51c7,whatsapp,f,2026-07-23 17:14:58.311+00,2026-07-23 17:40:02.418+00
64f8eaf6-7281-4fe6-a5ed-bc25cff6dec6,4103f472-727f-4d8b-9f14-166a843aadc5,9703eb88-bcb7-4c08-952e-158f9c404728,whatsapp_contact_id,ce696f38-d5fb-4906-ac75-128b2645827d,ce696f38-d5fb-4906-ac75-128b2645827d,whatsapp,f,2026-07-23 17:22:19.073+00,2026-07-23 17:35:38.76+00
0df083a3-8b5f-4971-b023-c3b6cbe82dc1,678580b7-2b50-470a-98ee-32760d09ec20,7b577c22-5513-42cc-ab19-2bf867e14ebc,phone,11988873224,5511988873224,crm,t,2026-07-23 17:23:17.821+00,2026-07-23 17:23:17.821+00
98b147ec-4ad4-43d8-8a9b-44ee4131f633,678580b7-2b50-470a-98ee-32760d09ec20,7b577c22-5513-42cc-ab19-2bf867e14ebc,email,vieiralima.advogados@gmail.com,vieiralima.advogados@gmail.com,crm,f,2026-07-23 17:23:17.851+00,2026-07-23 17:23:17.851+00
c0c463ea-16a8-4b5b-ad20-f91450767beb,678580b7-2b50-470a-98ee-32760d09ec20,7b577c22-5513-42cc-ab19-2bf867e14ebc,lead_id,7664a3f5-bf9b-40dd-af42-bbd444c0fd9e,7664a3f5-bf9b-40dd-af42-bbd444c0fd9e,crm,f,2026-07-23 17:23:17.931+00,2026-07-23 17:23:17.931+00
30401218-df4b-4212-bef4-f1f1d7d2356e,54c375d5-d55a-4096-bf02-cd1e5ed5977d,9703eb88-bcb7-4c08-952e-158f9c404728,whatsapp_contact_id,c2a14d38-69b6-4541-9c56-fa25420ecb87,c2a14d38-69b6-4541-9c56-fa25420ecb87,whatsapp,f,2026-07-23 17:19:26.198+00,2026-07-23 17:34:10.251+00
a6f8d70d-3f37-4c4e-b9ac-155d39f05326,e115be39-92a1-4ba7-8bbb-cb55d32cb4a8,9703eb88-bcb7-4c08-952e-158f9c404728,whatsapp_contact_id,054abbe7-d579-498f-b0a7-e24f6b244804,054abbe7-d579-498f-b0a7-e24f6b244804,whatsapp,f,2026-07-23 17:21:32.779+00,2026-07-23 17:58:25.484+00
71193971-1fc8-4300-91fa-6fca248ae3ad,50009a53-14fa-46e6-9ae9-523bbe20a7bb,9703eb88-bcb7-4c08-952e-158f9c404728,whatsapp_contact_id,6b2618bf-ef59-4f89-ace5-5bf947a7c606,6b2618bf-ef59-4f89-ace5-5bf947a7c606,whatsapp,f,2026-07-23 17:01:16.755+00,2026-07-23 17:47:45.341+00
8fb49d4b-fcd1-4c00-825e-315b92767069,8ca5df08-bd08-4056-8e6a-d9bb3b2f4da3,9703eb88-bcb7-4c08-952e-158f9c404728,whatsapp_contact_id,41d0c61b-8920-4c94-b013-8506d00fd568,41d0c61b-8920-4c94-b013-8506d00fd568,whatsapp,f,2026-07-23 17:01:48.12+00,2026-07-23 18:04:23.394+00
0636bfa4-23e1-47c2-953c-76083ee81906,599b6ce7-6f18-4707-86e7-0ed6f7c1a262,13bbd043-efcc-4c8a-9edd-f34941547546,email,dtaytson@gmail.com,dtaytson@gmail.com,crm,f,2026-07-23 17:32:48.033+00,2026-07-23 18:13:57.99+00
f16416b2-0143-48c8-9c88-a8e7b99a7a01,2283e71f-12fd-4ac4-a36d-89928e772c71,54fd3322-4510-4b44-bfbc-52e1c44b4969,phone,77988575184,5577988575184,crm,t,2026-07-23 17:51:05.765+00,2026-07-23 17:51:05.765+00
195340e4-6422-4cb9-a8f5-43c694acd1cf,2283e71f-12fd-4ac4-a36d-89928e772c71,54fd3322-4510-4b44-bfbc-52e1c44b4969,document,59600541000101,59600541000101,crm,f,2026-07-23 17:51:05.801+00,2026-07-23 17:51:05.801+00
dd3aec8d-4be2-430b-b2bc-d581a143633d,2283e71f-12fd-4ac4-a36d-89928e772c71,54fd3322-4510-4b44-bfbc-52e1c44b4969,lead_id,84afd77d-c47d-49d3-8bd8-3b328f30fba6,84afd77d-c47d-49d3-8bd8-3b328f30fba6,crm,f,2026-07-23 17:51:05.836+00,2026-07-23 17:51:05.836+00
9f6aab1b-dcc2-407d-962c-28c6cbc12f0b,f61662e7-b6dd-4498-8f3e-4f3eadead728,54fd3322-4510-4b44-bfbc-52e1c44b4969,phone,82996997643,5582996997643,crm,t,2026-07-23 17:51:33.687+00,2026-07-23 17:51:33.687+00
fc1cfd41-b8e1-496f-9dd0-dac33f4c6903,f61662e7-b6dd-4498-8f3e-4f3eadead728,54fd3322-4510-4b44-bfbc-52e1c44b4969,email,analupesouzaadv@gmail.com,analupesouzaadv@gmail.com,crm,f,2026-07-23 17:51:33.705+00,2026-07-23 17:51:33.705+00
3a13a4dd-8541-4938-b568-058332e17895,599b6ce7-6f18-4707-86e7-0ed6f7c1a262,13bbd043-efcc-4c8a-9edd-f34941547546,lead_id,7664a3f5-bf9b-40dd-af42-bbd444c0fd9e,7664a3f5-bf9b-40dd-af42-bbd444c0fd9e,crm,f,2026-07-23 17:32:48.055+00,2026-07-23 18:13:58.047+00
dba1df08-7976-48e0-8df6-6c308737b6f2,f61662e7-b6dd-4498-8f3e-4f3eadead728,54fd3322-4510-4b44-bfbc-52e1c44b4969,document,45454746000103,45454746000103,crm,f,2026-07-23 17:51:33.72+00,2026-07-23 17:51:33.72+00
22da8579-391f-46b3-b266-40fb44d42fa4,f61662e7-b6dd-4498-8f3e-4f3eadead728,54fd3322-4510-4b44-bfbc-52e1c44b4969,lead_id,6c0e18b7-bc0a-4ebf-8a39-a16d87530059,6c0e18b7-bc0a-4ebf-8a39-a16d87530059,crm,f,2026-07-23 17:51:33.735+00,2026-07-23 17:51:33.735+00
893d6de4-f635-4d08-8f6e-25fdf914525d,5c26c676-beb4-4614-9282-48ee09d1723c,9703eb88-bcb7-4c08-952e-158f9c404728,phone,5511988859573,5511988859573,whatsapp,t,2026-07-23 17:52:36.746+00,2026-07-23 17:52:36.746+00
c6bf5154-79e0-4156-a3d7-b0ee73d9be86,5c26c676-beb4-4614-9282-48ee09d1723c,9703eb88-bcb7-4c08-952e-158f9c404728,whatsapp_contact_id,88bf05f7-9ff4-4ebd-8700-510677b9a788,88bf05f7-9ff4-4ebd-8700-510677b9a788,whatsapp,f,2026-07-23 17:52:36.765+00,2026-07-23 17:52:36.765+00
4a7080a7-2a10-42a3-93aa-ce3354d729a7,82221b6e-f59f-44ce-9924-983a42857350,862835fd-54ad-4ebd-986a-b5392f1bb227,phone,52995752480829,52995752480829,whatsapp,t,2026-07-23 18:00:54.667+00,2026-07-23 18:00:54.667+00
ddb2810a-a117-47e5-8f56-d31666b24ae3,dd3b32f6-b867-4170-b975-45a861b34866,862835fd-54ad-4ebd-986a-b5392f1bb227,phone,197620639207628,197620639207628,whatsapp,t,2026-07-23 18:00:55.23+00,2026-07-23 18:00:55.23+00
dc208c5d-e4d5-4fcd-92cd-936609b5def6,d389e936-b651-4e7b-8a10-c741e7b0e806,862835fd-54ad-4ebd-986a-b5392f1bb227,phone,166645452517394,166645452517394,whatsapp,t,2026-07-23 18:00:55.711+00,2026-07-23 18:00:55.711+00
2376b062-07bd-4e79-843d-48bbf6cbaf71,b5fa2cee-5632-4214-b860-8c5715835cc7,7b577c22-5513-42cc-ab19-2bf867e14ebc,phone,31995263818,5531995263818,crm,t,2026-07-23 18:02:09.121+00,2026-07-23 18:02:09.121+00
626b0ebc-5711-4ad6-a2ee-5f29e4def44b,b5fa2cee-5632-4214-b860-8c5715835cc7,7b577c22-5513-42cc-ab19-2bf867e14ebc,email,thiagosaderm@hotmail.com,thiagosaderm@hotmail.com,crm,f,2026-07-23 18:02:09.163+00,2026-07-23 18:02:09.163+00
c52efcc2-f5a4-41b5-9d29-fa6c3c04bcac,b5fa2cee-5632-4214-b860-8c5715835cc7,7b577c22-5513-42cc-ab19-2bf867e14ebc,lead_id,60d72492-a632-46cd-84b5-b154856ee8da,60d72492-a632-46cd-84b5-b154856ee8da,crm,f,2026-07-23 18:02:09.19+00,2026-07-23 18:02:09.19+00
7a8c6b0f-141f-4ed9-89f7-8892421f4f63,ec89cf03-bbaa-432a-bd0a-f10f3f16a522,1c2d5668-5cd9-49a7-a138-3ccd2bea5cbb,phone,21992011937,5521992011937,crm,t,2026-07-23 18:04:52.625+00,2026-07-23 18:04:52.625+00
8be1f84b-4a7b-4a52-9d09-9d2f853553a1,ec89cf03-bbaa-432a-bd0a-f10f3f16a522,1c2d5668-5cd9-49a7-a138-3ccd2bea5cbb,email,marco.aurelio@helpness.com.br,marco.aurelio@helpness.com.br,crm,f,2026-07-23 18:04:52.656+00,2026-07-23 18:04:52.656+00
76b47c9e-12ce-413d-a2ed-c1b7fc00a4bb,ec89cf03-bbaa-432a-bd0a-f10f3f16a522,1c2d5668-5cd9-49a7-a138-3ccd2bea5cbb,lead_id,ac096dd1-8821-49f3-b45b-84ee1b05d6d3,ac096dd1-8821-49f3-b45b-84ee1b05d6d3,crm,f,2026-07-23 18:04:52.68+00,2026-07-23 18:04:52.68+00
0270a7d2-a163-49f9-a50d-6aad20d6e75d,ea8844a2-0f68-4c20-bf9f-9b9da4460417,862835fd-54ad-4ebd-986a-b5392f1bb227,phone,71982436066,5571982436066,crm,t,2026-07-23 18:04:54.809+00,2026-07-23 18:04:54.809+00
75c857f2-0e38-472b-9568-89f6ddd2b278,40a7ce6e-4858-4d62-a628-c83f277f2355,1c2d5668-5cd9-49a7-a138-3ccd2bea5cbb,phone,11987672078,5511987672078,crm,t,2026-07-23 18:05:54.954+00,2026-07-23 18:05:54.954+00
2d770fe2-9830-4eff-a121-4b441e473c3f,40a7ce6e-4858-4d62-a628-c83f277f2355,1c2d5668-5cd9-49a7-a138-3ccd2bea5cbb,email,aa@gmail.com,aa@gmail.com,crm,f,2026-07-23 18:05:54.971+00,2026-07-23 18:05:54.971+00
c5ba9b0b-0408-431b-8295-c04e2487099a,40a7ce6e-4858-4d62-a628-c83f277f2355,1c2d5668-5cd9-49a7-a138-3ccd2bea5cbb,document,50823645000100,50823645000100,crm,f,2026-07-23 18:05:54.991+00,2026-07-23 18:05:54.991+00
7d358677-4fbd-4bf8-93a0-dc10d0d808a5,40a7ce6e-4858-4d62-a628-c83f277f2355,1c2d5668-5cd9-49a7-a138-3ccd2bea5cbb,lead_id,9309fb8b-a7c4-41ea-aac7-7d810460e46c,9309fb8b-a7c4-41ea-aac7-7d810460e46c,crm,f,2026-07-23 18:05:55.01+00,2026-07-23 18:05:55.01+00
011e5c65-51b6-400d-9833-b66f79884db3,1c7d02f3-7da3-4b49-bda5-3462aa864bd2,32ccdbe1-627f-4fe3-a506-056b997ed89b,phone,120363424211792632,120363424211792632,whatsapp,t,2026-07-23 18:09:33.727+00,2026-07-23 18:09:33.727+00
a853485b-ebc6-4894-9048-fe1c48fda426,28c4050e-7913-44eb-822b-e8fd2b716f5a,32ccdbe1-627f-4fe3-a506-056b997ed89b,phone,120363066383562297,120363066383562297,whatsapp,t,2026-07-23 18:09:40.831+00,2026-07-23 18:09:40.831+00
e9572347-a258-4700-9f0a-df69c0540f4f,ea8844a2-0f68-4c20-bf9f-9b9da4460417,862835fd-54ad-4ebd-986a-b5392f1bb227,email,marilia.guedes@jemanconsult.com.br,marilia.guedes@jemanconsult.com.br,crm,f,2026-07-23 18:04:54.826+00,2026-07-24 14:24:54.018+00
af8ba45e-6535-4e15-9c41-15c03749b70b,ea8844a2-0f68-4c20-bf9f-9b9da4460417,862835fd-54ad-4ebd-986a-b5392f1bb227,lead_id,88af8f49-bb10-4661-b5de-ced5c40c6091,88af8f49-bb10-4661-b5de-ced5c40c6091,crm,f,2026-07-23 18:04:54.851+00,2026-07-24 14:24:54.082+00
96a27897-8969-4744-9b75-34c18762287c,28c4050e-7913-44eb-822b-e8fd2b716f5a,32ccdbe1-627f-4fe3-a506-056b997ed89b,whatsapp_contact_id,37c1502b-5a6b-42c3-a987-85add7a4e3c0,37c1502b-5a6b-42c3-a987-85add7a4e3c0,whatsapp,f,2026-07-23 18:09:40.845+00,2026-07-23 21:36:36.885+00
5f30b6d1-e27c-497a-9bab-483691032171,82221b6e-f59f-44ce-9924-983a42857350,862835fd-54ad-4ebd-986a-b5392f1bb227,whatsapp_contact_id,23a61373-19a0-49ce-85c3-8bc89ec276f8,23a61373-19a0-49ce-85c3-8bc89ec276f8,whatsapp,f,2026-07-23 18:00:54.703+00,2026-07-24 00:56:24.557+00
62cdb95f-7e63-49f6-a7e9-3df8b82bd575,1c7d02f3-7da3-4b49-bda5-3462aa864bd2,32ccdbe1-627f-4fe3-a506-056b997ed89b,whatsapp_contact_id,0db6647a-0ed6-4a59-804a-9f338ccdd449,0db6647a-0ed6-4a59-804a-9f338ccdd449,whatsapp,f,2026-07-23 18:09:33.757+00,2026-07-23 20:00:00.046+00
07cea2d0-2ad3-4e96-b86b-6fca4117402b,d389e936-b651-4e7b-8a10-c741e7b0e806,862835fd-54ad-4ebd-986a-b5392f1bb227,whatsapp_contact_id,228466ed-7de1-4b2a-9942-374b5fe268f9,228466ed-7de1-4b2a-9942-374b5fe268f9,whatsapp,f,2026-07-23 18:00:55.733+00,2026-07-24 00:56:25.885+00
eba6c9d7-cd1d-49e3-8d06-5361a5a77991,dd3b32f6-b867-4170-b975-45a861b34866,862835fd-54ad-4ebd-986a-b5392f1bb227,whatsapp_contact_id,7d5963c8-b67f-401a-bfff-85d29b696185,7d5963c8-b67f-401a-bfff-85d29b696185,whatsapp,f,2026-07-23 18:00:55.253+00,2026-07-24 00:56:26.442+00
9939261a-dbcd-4bb6-82fd-2120678d4c0b,0244cf08-27d4-4369-a098-6ddba8afd35d,32ccdbe1-627f-4fe3-a506-056b997ed89b,phone,120363404367671090,120363404367671090,whatsapp,t,2026-07-23 18:09:39.133+00,2026-07-23 18:09:39.133+00
f562f2c4-224c-48ab-a231-8e94641424bc,ab84b764-16de-4d2f-a017-2c38efba2f59,32ccdbe1-627f-4fe3-a506-056b997ed89b,phone,120363405946450508,120363405946450508,whatsapp,t,2026-07-23 18:10:07.165+00,2026-07-23 18:10:07.165+00
cc4f21e0-7123-4abe-93b2-8278c95217aa,93558c20-4f8b-46fb-92dc-1e900ed8d5ad,32ccdbe1-627f-4fe3-a506-056b997ed89b,phone,120363430451172472,120363430451172472,whatsapp,t,2026-07-23 18:10:29.195+00,2026-07-23 18:10:29.195+00
a4b94b4e-ce3d-4567-ac74-1e87c9d0e0d9,8da5c68c-a1f5-43c8-a2ff-2dfe9800e164,32ccdbe1-627f-4fe3-a506-056b997ed89b,phone,120363422310297126,120363422310297126,whatsapp,t,2026-07-23 18:12:09.585+00,2026-07-23 18:12:09.585+00
3f15a271-3035-4526-8155-73c3f3557ca8,7e1eb9a9-d0e2-44ac-8c50-72de25312962,32ccdbe1-627f-4fe3-a506-056b997ed89b,phone,120363045036296550,120363045036296550,whatsapp,t,2026-07-23 18:14:04.04+00,2026-07-23 18:14:04.04+00
1731f7ce-491e-41de-9706-666690bb24bd,3c54ee05-2d95-4767-9dd5-8c1c29a7a6c2,32ccdbe1-627f-4fe3-a506-056b997ed89b,phone,120363410122529093,120363410122529093,whatsapp,t,2026-07-23 18:14:10.765+00,2026-07-23 18:14:10.765+00
4ff88761-c163-48d5-ac6c-a90317f6a7fe,3c54ee05-2d95-4767-9dd5-8c1c29a7a6c2,32ccdbe1-627f-4fe3-a506-056b997ed89b,whatsapp_contact_id,dc920c09-03b1-42e3-987e-55bd08a129fb,dc920c09-03b1-42e3-987e-55bd08a129fb,whatsapp,f,2026-07-23 18:14:10.781+00,2026-07-23 21:28:44.598+00
965ce6e3-ca93-4174-87c9-7c6bab45ee79,f74495ff-e5e7-4ee3-ab84-744edf443fbc,32ccdbe1-627f-4fe3-a506-056b997ed89b,whatsapp_contact_id,aa90353f-74d2-4291-ab11-a008f792280c,aa90353f-74d2-4291-ab11-a008f792280c,whatsapp,f,2026-07-23 18:21:08.816+00,2026-07-23 22:09:29.141+00
1c3f1af6-b293-49b7-800a-d0ff127fbc0e,eb3bfdb2-32c1-453d-9b23-ead4bda280a7,32ccdbe1-627f-4fe3-a506-056b997ed89b,phone,120363428158898233,120363428158898233,whatsapp,t,2026-07-23 18:14:59.117+00,2026-07-23 18:14:59.117+00
7a4803e7-6f76-4437-becd-46e5eac0223f,e3bf54bb-6617-42f4-ae52-3f29923c0928,32ccdbe1-627f-4fe3-a506-056b997ed89b,whatsapp_contact_id,23cce01b-1544-4e45-a7b1-0e9e659907de,23cce01b-1544-4e45-a7b1-0e9e659907de,whatsapp,f,2026-07-23 18:18:10.125+00,2026-07-23 21:36:26.359+00
56fae40d-ffec-4f17-9895-1c895f88f810,ab84b764-16de-4d2f-a017-2c38efba2f59,32ccdbe1-627f-4fe3-a506-056b997ed89b,whatsapp_contact_id,64beb355-c990-44c3-8418-e6af009eb97e,64beb355-c990-44c3-8418-e6af009eb97e,whatsapp,f,2026-07-23 18:10:07.185+00,2026-07-23 22:09:47.758+00
4813262b-eb0c-4138-ae06-e02aa78b1953,1e7b1bf4-c1e9-4f2e-837d-d5fc14806425,32ccdbe1-627f-4fe3-a506-056b997ed89b,phone,120363407034925508,120363407034925508,whatsapp,t,2026-07-23 18:24:21.158+00,2026-07-23 18:24:21.158+00
726e3bee-3b17-424f-934d-20ac316cdf61,6adae7a1-79f9-40cc-9027-b4fc747711f2,13bbd043-efcc-4c8a-9edd-f34941547546,phone,11996595960,5511996595960,crm,t,2026-07-23 18:54:02.556+00,2026-07-23 18:54:02.556+00
6f47bccc-c311-4bde-8470-ba7c9ed5a61b,24c716d0-fba3-4e18-aedc-7156a40f20bc,32ccdbe1-627f-4fe3-a506-056b997ed89b,phone,120363428319153256,120363428319153256,whatsapp,t,2026-07-23 18:17:35.233+00,2026-07-23 18:17:35.233+00
9947e40d-969c-41c1-afcc-01807b38b498,8da5c68c-a1f5-43c8-a2ff-2dfe9800e164,32ccdbe1-627f-4fe3-a506-056b997ed89b,whatsapp_contact_id,55da3495-047c-4984-905a-70ced50c33a4,55da3495-047c-4984-905a-70ced50c33a4,whatsapp,f,2026-07-23 18:12:09.614+00,2026-07-23 20:47:59.875+00
46d3901f-da02-4578-9f31-79371ef2df43,6adae7a1-79f9-40cc-9027-b4fc747711f2,13bbd043-efcc-4c8a-9edd-f34941547546,email,jcricardo@terra.com.br,jcricardo@terra.com.br,crm,f,2026-07-23 18:54:02.593+00,2026-07-23 18:54:02.593+00
9993295a-a810-49a7-894e-e79579e1f1bc,e3bf54bb-6617-42f4-ae52-3f29923c0928,32ccdbe1-627f-4fe3-a506-056b997ed89b,phone,120363407703479792,120363407703479792,whatsapp,t,2026-07-23 18:18:10.104+00,2026-07-23 18:18:10.104+00
fd94afd2-568e-445d-a1aa-0898c7300b7a,c9d24056-90df-4c33-8296-01513d5f4af9,32ccdbe1-627f-4fe3-a506-056b997ed89b,phone,120363422445969878,120363422445969878,whatsapp,t,2026-07-23 19:01:22.978+00,2026-07-23 19:01:22.978+00
b81541da-4d70-4216-824d-f1e2dd197faf,6adae7a1-79f9-40cc-9027-b4fc747711f2,13bbd043-efcc-4c8a-9edd-f34941547546,document,33385262000170,33385262000170,crm,f,2026-07-23 18:54:02.626+00,2026-07-23 18:54:02.626+00
3755f722-86e6-4c88-a46d-e6d2afb156b5,a9a70e41-9eb7-41a3-879e-c92c3b433889,7b577c22-5513-42cc-ab19-2bf867e14ebc,phone,11996595960,5511996595960,crm,t,2026-07-23 18:19:57.975+00,2026-07-23 18:19:57.975+00
17f8e7e1-5465-48bb-9be6-346a141792e0,a9a70e41-9eb7-41a3-879e-c92c3b433889,7b577c22-5513-42cc-ab19-2bf867e14ebc,email,jcricardo@terra.com.br,jcricardo@terra.com.br,crm,f,2026-07-23 18:19:57.995+00,2026-07-23 18:19:57.995+00
f12d0bbc-47d5-4275-accb-c45015460079,a9a70e41-9eb7-41a3-879e-c92c3b433889,7b577c22-5513-42cc-ab19-2bf867e14ebc,document,33385262000170,33385262000170,crm,f,2026-07-23 18:19:58.014+00,2026-07-23 18:19:58.014+00
8e785c74-fbca-46be-a0b2-8b548dce6a13,a9a70e41-9eb7-41a3-879e-c92c3b433889,7b577c22-5513-42cc-ab19-2bf867e14ebc,lead_id,4e6c63df-7d7c-42df-86f8-ff4fee02ae70,4e6c63df-7d7c-42df-86f8-ff4fee02ae70,crm,f,2026-07-23 18:19:58.034+00,2026-07-23 18:19:58.034+00
37d8b618-6a0f-442d-b399-640848603e6b,1e7b1bf4-c1e9-4f2e-837d-d5fc14806425,32ccdbe1-627f-4fe3-a506-056b997ed89b,whatsapp_contact_id,d0450ab6-c83b-4004-9811-27f5ec88ee04,d0450ab6-c83b-4004-9811-27f5ec88ee04,whatsapp,f,2026-07-23 18:24:21.192+00,2026-07-23 21:37:06.647+00
5b8c7bb2-0a47-4993-98f4-3cdff96c150f,4f94e538-6910-4314-8ac4-8ba0016b1dd1,7b577c22-5513-42cc-ab19-2bf867e14ebc,phone,11968509875,5511968509875,crm,t,2026-07-23 18:20:21.709+00,2026-07-23 18:20:21.709+00
9e04bbf3-45cf-4a9e-90cf-770a51ac9e0a,4f94e538-6910-4314-8ac4-8ba0016b1dd1,7b577c22-5513-42cc-ab19-2bf867e14ebc,email,prof.edgard.ed@gmail.com,prof.edgard.ed@gmail.com,crm,f,2026-07-23 18:20:21.737+00,2026-07-23 18:20:21.737+00
2e4616b8-d329-4efa-9f28-c7c776075207,4f94e538-6910-4314-8ac4-8ba0016b1dd1,7b577c22-5513-42cc-ab19-2bf867e14ebc,document,53202507000194,53202507000194,crm,f,2026-07-23 18:20:21.781+00,2026-07-23 18:20:21.781+00
86a32c75-0628-421d-b435-f99fe0a334fd,4f94e538-6910-4314-8ac4-8ba0016b1dd1,7b577c22-5513-42cc-ab19-2bf867e14ebc,lead_id,ccdd915a-2356-4201-a468-91cbd0c28e18,ccdd915a-2356-4201-a468-91cbd0c28e18,crm,f,2026-07-23 18:20:21.805+00,2026-07-23 18:20:21.805+00
708190f9-be88-42f3-9a99-73ef5d628b75,b8f036c8-1c55-4a55-887c-16e5eb294f57,54fd3322-4510-4b44-bfbc-52e1c44b4969,phone,79991988291,5579991988291,crm,t,2026-07-23 18:27:58.019+00,2026-07-23 18:27:58.019+00
6080ca48-4e5d-465d-8f64-e08f00c3d19a,b8f036c8-1c55-4a55-887c-16e5eb294f57,54fd3322-4510-4b44-bfbc-52e1c44b4969,document,42344412000199,42344412000199,crm,f,2026-07-23 18:27:58.047+00,2026-07-23 18:31:42.271+00
619e5734-185c-4480-8377-814c66ec9604,b8f036c8-1c55-4a55-887c-16e5eb294f57,54fd3322-4510-4b44-bfbc-52e1c44b4969,lead_id,9ddf5815-b6bd-4260-9297-a7d1f2688f4e,9ddf5815-b6bd-4260-9297-a7d1f2688f4e,crm,f,2026-07-23 18:27:58.083+00,2026-07-23 18:31:42.292+00
ca247b40-4c39-4c56-aa5c-f83fea9ccd6f,f74495ff-e5e7-4ee3-ab84-744edf443fbc,32ccdbe1-627f-4fe3-a506-056b997ed89b,phone,120363322824281630,120363322824281630,whatsapp,t,2026-07-23 18:21:08.795+00,2026-07-23 18:21:08.795+00
0ec55406-abd1-4bd1-a94b-b53f63cc61f7,6adae7a1-79f9-40cc-9027-b4fc747711f2,13bbd043-efcc-4c8a-9edd-f34941547546,lead_id,4e6c63df-7d7c-42df-86f8-ff4fee02ae70,4e6c63df-7d7c-42df-86f8-ff4fee02ae70,crm,f,2026-07-23 18:54:02.66+00,2026-07-23 18:54:02.66+00
69d7d5b0-fe55-42eb-a4bb-8d6bca8cafac,eb817e31-1d87-4775-b4d0-ac358d0af90f,32ccdbe1-627f-4fe3-a506-056b997ed89b,phone,5511920044188,5511920044188,whatsapp,t,2026-07-23 18:58:40.31+00,2026-07-23 18:58:40.31+00
0e89d630-f3ea-4764-bf4a-28eea0aee848,eb817e31-1d87-4775-b4d0-ac358d0af90f,32ccdbe1-627f-4fe3-a506-056b997ed89b,whatsapp_contact_id,cf955dfe-f233-4101-af96-b80645cee611,cf955dfe-f233-4101-af96-b80645cee611,whatsapp,f,2026-07-23 18:58:40.332+00,2026-07-23 19:01:30.08+00
1c912b52-02fd-46be-b7bf-721bed98f801,93558c20-4f8b-46fb-92dc-1e900ed8d5ad,32ccdbe1-627f-4fe3-a506-056b997ed89b,whatsapp_contact_id,70b37ca3-4ce6-48d0-8d1b-d8b1c830b81e,70b37ca3-4ce6-48d0-8d1b-d8b1c830b81e,whatsapp,f,2026-07-23 18:10:29.209+00,2026-07-23 21:37:02.951+00
b30e78dd-1ff7-4f95-8ad1-f627342f277b,0244cf08-27d4-4369-a098-6ddba8afd35d,32ccdbe1-627f-4fe3-a506-056b997ed89b,whatsapp_contact_id,3b1ff8e3-367f-46fa-be35-3303af69de56,3b1ff8e3-367f-46fa-be35-3303af69de56,whatsapp,f,2026-07-23 18:09:39.153+00,2026-07-23 22:09:27.013+00
628a5ab7-0af4-4437-b784-6f295f7facf8,7e1eb9a9-d0e2-44ac-8c50-72de25312962,32ccdbe1-627f-4fe3-a506-056b997ed89b,whatsapp_contact_id,7ec52c7d-8fd1-4253-9333-88475c6638cc,7ec52c7d-8fd1-4253-9333-88475c6638cc,whatsapp,f,2026-07-23 18:14:04.059+00,2026-07-23 21:10:16.696+00
a548ec91-2fff-4554-bc3a-05100d95e9b6,7571f171-8a7f-4630-b45b-d30dca0ea1b9,862835fd-54ad-4ebd-986a-b5392f1bb227,phone,71991760432,5571991760432,crm,t,2026-07-23 18:43:51.074+00,2026-07-23 18:43:51.074+00
dad64507-dce6-4a33-b009-c7a21b3b0887,24c716d0-fba3-4e18-aedc-7156a40f20bc,32ccdbe1-627f-4fe3-a506-056b997ed89b,whatsapp_contact_id,3f8c9952-0198-428d-bb7a-e4a44931311d,3f8c9952-0198-428d-bb7a-e4a44931311d,whatsapp,f,2026-07-23 18:17:35.254+00,2026-07-23 18:58:44.236+00
a2686d8b-efc9-4365-9931-00fdbb7d4dc5,c9d24056-90df-4c33-8296-01513d5f4af9,32ccdbe1-627f-4fe3-a506-056b997ed89b,whatsapp_contact_id,729ff806-8339-4014-8c58-04236569931b,729ff806-8339-4014-8c58-04236569931b,whatsapp,f,2026-07-23 19:01:22.998+00,2026-07-23 19:01:22.998+00
ba3f8133-2816-4250-9351-209803431aa1,244c634f-12a4-4fc3-9630-68e989b135f3,1c2d5668-5cd9-49a7-a138-3ccd2bea5cbb,phone,1124012688,551124012688,crm,t,2026-07-23 19:01:26.985+00,2026-07-23 19:01:26.985+00
d720377e-ec80-45af-8d69-c147c89a94b4,244c634f-12a4-4fc3-9630-68e989b135f3,1c2d5668-5cd9-49a7-a138-3ccd2bea5cbb,email,CONTATO@SIRATS.COM.BR,contato@sirats.com.br,crm,f,2026-07-23 19:01:27.002+00,2026-07-23 19:01:27.002+00
8ee6430c-29e4-43c6-9a9f-6916134f6807,244c634f-12a4-4fc3-9630-68e989b135f3,1c2d5668-5cd9-49a7-a138-3ccd2bea5cbb,document,30194532000178,30194532000178,crm,f,2026-07-23 19:01:27.022+00,2026-07-23 19:01:27.022+00
caa94557-9ba4-4fc0-9ad7-caf58d59bd55,244c634f-12a4-4fc3-9630-68e989b135f3,1c2d5668-5cd9-49a7-a138-3ccd2bea5cbb,lead_id,5a4c0e29-d7f0-418d-b29e-6c371f1e394a,5a4c0e29-d7f0-418d-b29e-6c371f1e394a,crm,f,2026-07-23 19:01:27.042+00,2026-07-23 19:01:27.042+00
b7fe7e16-c52a-40a1-a8a1-587c625530c1,1bf7d1ba-31e8-4086-89d0-e16ba1cf4cf9,1c2d5668-5cd9-49a7-a138-3ccd2bea5cbb,phone,11964135500,5511964135500,crm,t,2026-07-23 19:04:09.733+00,2026-07-23 19:04:09.733+00
d6a2ab75-2e25-449a-9dd2-7d0fca11d6ed,eb3bfdb2-32c1-453d-9b23-ead4bda280a7,32ccdbe1-627f-4fe3-a506-056b997ed89b,whatsapp_contact_id,c1838964-80eb-4403-abb9-8e6c0745aec7,c1838964-80eb-4403-abb9-8e6c0745aec7,whatsapp,f,2026-07-23 18:14:59.139+00,2026-07-23 22:09:40.317+00
7c19afba-2985-4cc1-a37c-4723440ff95f,7571f171-8a7f-4630-b45b-d30dca0ea1b9,862835fd-54ad-4ebd-986a-b5392f1bb227,email,wiliammamede@hotmail.com,wiliammamede@hotmail.com,crm,f,2026-07-23 18:43:51.11+00,2026-07-24 14:51:11.834+00
5bcd7310-eb28-497c-854d-732c3c4fd267,7571f171-8a7f-4630-b45b-d30dca0ea1b9,862835fd-54ad-4ebd-986a-b5392f1bb227,document,39150279000125,39150279000125,crm,f,2026-07-23 18:43:51.145+00,2026-07-24 14:51:11.867+00
49435600-292b-4d02-a680-2228d40ea833,1bf7d1ba-31e8-4086-89d0-e16ba1cf4cf9,1c2d5668-5cd9-49a7-a138-3ccd2bea5cbb,email,edelcio@edleng.com.br,edelcio@edleng.com.br,crm,f,2026-07-23 19:04:09.754+00,2026-07-23 19:04:09.754+00
42500152-3a53-4815-9478-90d79ee85d32,1bf7d1ba-31e8-4086-89d0-e16ba1cf4cf9,1c2d5668-5cd9-49a7-a138-3ccd2bea5cbb,document,42110806000182,42110806000182,crm,f,2026-07-23 19:04:09.773+00,2026-07-23 19:04:09.773+00
97208df7-3232-47cb-909a-d7b47e70ff50,1bf7d1ba-31e8-4086-89d0-e16ba1cf4cf9,1c2d5668-5cd9-49a7-a138-3ccd2bea5cbb,lead_id,008b1514-e241-488c-87a6-c045a46a5102,008b1514-e241-488c-87a6-c045a46a5102,crm,f,2026-07-23 19:04:09.788+00,2026-07-23 19:04:09.788+00
372650a0-a716-433d-baa6-c8b8521e8cc0,2e036d3b-0b2d-4e8f-9d0d-157805048701,1c2d5668-5cd9-49a7-a138-3ccd2bea5cbb,phone,19981325252,5519981325252,crm,t,2026-07-23 19:07:44.165+00,2026-07-23 19:07:44.165+00
f467e102-1850-46d9-b92a-f9c4a7e9ded4,2e036d3b-0b2d-4e8f-9d0d-157805048701,1c2d5668-5cd9-49a7-a138-3ccd2bea5cbb,email,nsantos@onecharge.biz,nsantos@onecharge.biz,crm,f,2026-07-23 19:07:44.187+00,2026-07-23 19:07:44.187+00
de1e30c8-c43c-4e87-8e6c-4264674bc5f9,2e036d3b-0b2d-4e8f-9d0d-157805048701,1c2d5668-5cd9-49a7-a138-3ccd2bea5cbb,document,28694450000140,28694450000140,crm,f,2026-07-23 19:07:44.216+00,2026-07-23 19:07:44.216+00
25e3744a-95b7-4689-932a-a666a58eafac,2e036d3b-0b2d-4e8f-9d0d-157805048701,1c2d5668-5cd9-49a7-a138-3ccd2bea5cbb,lead_id,71488ced-7e22-4fcf-bccf-cae4fb3f4a5e,71488ced-7e22-4fcf-bccf-cae4fb3f4a5e,crm,f,2026-07-23 19:07:44.243+00,2026-07-23 19:07:44.243+00
8e0c5d82-5ff7-401b-bc05-9c5b0e911eae,688540a2-a270-43c9-b744-cdcaef425671,1c2d5668-5cd9-49a7-a138-3ccd2bea5cbb,phone,11984320006,5511984320006,crm,t,2026-07-23 19:13:17.508+00,2026-07-23 19:13:17.508+00
6a1a4d05-61d4-496e-b837-418dd605ed6c,688540a2-a270-43c9-b744-cdcaef425671,1c2d5668-5cd9-49a7-a138-3ccd2bea5cbb,email,faapjur@gmail.com,faapjur@gmail.com,crm,f,2026-07-23 19:13:17.546+00,2026-07-23 19:13:17.546+00
c25414b7-dfea-4361-b036-a23b09bf5198,688540a2-a270-43c9-b744-cdcaef425671,1c2d5668-5cd9-49a7-a138-3ccd2bea5cbb,lead_id,82c621f2-affd-42ec-b064-6a76085dfa9e,82c621f2-affd-42ec-b064-6a76085dfa9e,crm,f,2026-07-23 19:13:17.585+00,2026-07-23 19:13:17.585+00
db4f9c23-3f1b-4fd9-a1b0-a83621aba09d,6c9534ba-ab6a-409a-8202-0a43712f068c,1c2d5668-5cd9-49a7-a138-3ccd2bea5cbb,phone,21999083197,5521999083197,crm,t,2026-07-23 19:15:45.667+00,2026-07-23 19:15:45.667+00
32ac5771-5012-4356-9291-dc751161e516,51be05ce-3364-4f69-a661-2dccd7098a1c,32ccdbe1-627f-4fe3-a506-056b997ed89b,whatsapp_contact_id,e4194ee9-0520-4692-8a68-ebd0df58d520,e4194ee9-0520-4692-8a68-ebd0df58d520,whatsapp,f,2026-07-23 19:23:31.089+00,2026-07-23 20:19:27.34+00
c22ac04b-ad4e-4619-be51-7710b3a07f60,ee807750-f178-4a26-8bdc-2c566bec444e,32ccdbe1-627f-4fe3-a506-056b997ed89b,whatsapp_contact_id,3ac1a3f4-2d56-4afe-8a28-540e3427fb96,3ac1a3f4-2d56-4afe-8a28-540e3427fb96,whatsapp,f,2026-07-23 19:24:06.447+00,2026-07-23 20:26:36.315+00
9d37f079-f927-4f29-96b2-62fba98b8c94,6c9534ba-ab6a-409a-8202-0a43712f068c,1c2d5668-5cd9-49a7-a138-3ccd2bea5cbb,email,helinhotete@hotmail.com,helinhotete@hotmail.com,crm,f,2026-07-23 19:15:45.699+00,2026-07-23 19:16:52.511+00
8f88bf06-b637-4eaa-a4f2-e5717b5d8308,6c9534ba-ab6a-409a-8202-0a43712f068c,1c2d5668-5cd9-49a7-a138-3ccd2bea5cbb,document,41859615000155,41859615000155,crm,f,2026-07-23 19:15:45.733+00,2026-07-23 19:16:52.535+00
0cc97586-2f50-4089-acf4-e51f5e1d6f56,6c9534ba-ab6a-409a-8202-0a43712f068c,1c2d5668-5cd9-49a7-a138-3ccd2bea5cbb,lead_id,52a6b697-cac8-434b-9a90-2c47b989792f,52a6b697-cac8-434b-9a90-2c47b989792f,crm,f,2026-07-23 19:15:45.765+00,2026-07-23 19:16:52.56+00
ceff3342-8091-4716-98b6-1a8269869bb5,5cb0ee1e-4452-4195-894c-e4ef44cb9ba8,1c2d5668-5cd9-49a7-a138-3ccd2bea5cbb,phone,31972519887,5531972519887,crm,t,2026-07-23 19:21:10.438+00,2026-07-23 19:21:10.438+00
adc40c7d-6dff-478d-87d0-877be7212dae,5cb0ee1e-4452-4195-894c-e4ef44cb9ba8,1c2d5668-5cd9-49a7-a138-3ccd2bea5cbb,email,joao0610205@gmail.com,joao0610205@gmail.com,crm,f,2026-07-23 19:21:10.472+00,2026-07-23 19:21:10.472+00
bc0526b1-1012-4158-a785-0426cd898790,5cb0ee1e-4452-4195-894c-e4ef44cb9ba8,1c2d5668-5cd9-49a7-a138-3ccd2bea5cbb,document,53053479000190,53053479000190,crm,f,2026-07-23 19:21:10.51+00,2026-07-23 19:21:10.51+00
22ebe7b7-49ac-45e6-9a3d-c1ed88cee397,5cb0ee1e-4452-4195-894c-e4ef44cb9ba8,1c2d5668-5cd9-49a7-a138-3ccd2bea5cbb,lead_id,49b10c5a-7fdb-48f9-a900-0ea01a304ba3,49b10c5a-7fdb-48f9-a900-0ea01a304ba3,crm,f,2026-07-23 19:21:10.546+00,2026-07-23 19:21:10.546+00
471e19d3-ad9e-4f2b-9de1-ef5c7dd7c91f,38c2fc01-73c1-426f-a1d1-2f4d3998786d,1c2d5668-5cd9-49a7-a138-3ccd2bea5cbb,phone,1155364995,551155364995,crm,t,2026-07-23 19:22:21.255+00,2026-07-23 19:22:21.255+00
7b794a74-63cd-47e9-9469-34d723e66a05,38c2fc01-73c1-426f-a1d1-2f4d3998786d,1c2d5668-5cd9-49a7-a138-3ccd2bea5cbb,email,secretaria@ricardostella.com,secretaria@ricardostella.com,crm,f,2026-07-23 19:22:21.286+00,2026-07-23 19:22:21.286+00
e1444455-8a1a-48c5-9c7e-095b4c3619b7,38c2fc01-73c1-426f-a1d1-2f4d3998786d,1c2d5668-5cd9-49a7-a138-3ccd2bea5cbb,document,40189245000123,40189245000123,crm,f,2026-07-23 19:22:21.324+00,2026-07-23 19:22:21.324+00
0d6d57fc-2958-4f1e-853e-c09ccb394ba6,38c2fc01-73c1-426f-a1d1-2f4d3998786d,1c2d5668-5cd9-49a7-a138-3ccd2bea5cbb,lead_id,36a28ab1-de9c-4fa0-94cf-a70f01f1cf2b,36a28ab1-de9c-4fa0-94cf-a70f01f1cf2b,crm,f,2026-07-23 19:22:21.359+00,2026-07-23 19:22:21.359+00
35628620-7254-4fa4-a03b-0750c0045b01,8e8d69d8-cd11-4d0c-bb38-27b8adfc8a3d,32ccdbe1-627f-4fe3-a506-056b997ed89b,phone,5521971494819-1585196100,55219714948191585196100,whatsapp,t,2026-07-23 19:23:22.587+00,2026-07-23 19:23:22.587+00
3f8de47f-de86-449b-9e71-786888e106ed,58253ced-95bc-4ca6-ab50-2d9de7b67fbe,32ccdbe1-627f-4fe3-a506-056b997ed89b,phone,5521971494819-1581717161,55219714948191581717161,whatsapp,t,2026-07-23 19:23:30.057+00,2026-07-23 19:23:30.057+00
324aa0dd-af26-45b7-a45f-019e4d0fa179,51be05ce-3364-4f69-a661-2dccd7098a1c,32ccdbe1-627f-4fe3-a506-056b997ed89b,phone,120363428094290555,120363428094290555,whatsapp,t,2026-07-23 19:23:31.073+00,2026-07-23 19:23:31.073+00
ed5389dc-7445-42a8-a4a8-a7809332d305,1f6e5ee6-8023-4756-89d5-10eef1318282,1c2d5668-5cd9-49a7-a138-3ccd2bea5cbb,phone,11991466162,5511991466162,crm,t,2026-07-23 19:23:40.584+00,2026-07-23 19:23:40.584+00
1af908f1-b5f8-4ded-95e6-6bd8c1bbe460,1f6e5ee6-8023-4756-89d5-10eef1318282,1c2d5668-5cd9-49a7-a138-3ccd2bea5cbb,email,contorimoveis@gmail.com,contorimoveis@gmail.com,crm,f,2026-07-23 19:23:40.613+00,2026-07-23 19:23:44.649+00
2bbff4ee-2656-4688-b57c-f503ee8f1495,1f6e5ee6-8023-4756-89d5-10eef1318282,1c2d5668-5cd9-49a7-a138-3ccd2bea5cbb,document,52574614000180,52574614000180,crm,f,2026-07-23 19:23:40.648+00,2026-07-23 19:23:44.683+00
4bad77f3-9e18-4289-b57c-0cf754ceda2b,1f6e5ee6-8023-4756-89d5-10eef1318282,1c2d5668-5cd9-49a7-a138-3ccd2bea5cbb,lead_id,5ac0a662-3539-4183-8d0c-c0c4d363fd2b,5ac0a662-3539-4183-8d0c-c0c4d363fd2b,crm,f,2026-07-23 19:23:40.683+00,2026-07-23 19:23:44.715+00
747d259a-d9fe-4b84-997c-9a049716e4ec,ee807750-f178-4a26-8bdc-2c566bec444e,32ccdbe1-627f-4fe3-a506-056b997ed89b,phone,5521971494819-1582557994,55219714948191582557994,whatsapp,t,2026-07-23 19:24:06.422+00,2026-07-23 19:24:06.422+00
9701d8cc-4a45-470f-b89c-063c7c383f8d,c084b88d-5ae6-4704-b8c3-9053f3b6022f,1c2d5668-5cd9-49a7-a138-3ccd2bea5cbb,phone,1122035542,551122035542,crm,t,2026-07-23 19:25:51.22+00,2026-07-23 19:25:51.22+00
39f15eac-24b2-4642-a272-b35d057e8040,c084b88d-5ae6-4704-b8c3-9053f3b6022f,1c2d5668-5cd9-49a7-a138-3ccd2bea5cbb,email,michellealmeidamarinhoadv@gmail.com,michellealmeidamarinhoadv@gmail.com,crm,f,2026-07-23 19:25:51.25+00,2026-07-23 19:25:51.25+00
275af527-589e-4f9c-a9bd-1cecafe7eec8,c084b88d-5ae6-4704-b8c3-9053f3b6022f,1c2d5668-5cd9-49a7-a138-3ccd2bea5cbb,document,50281044000105,50281044000105,crm,f,2026-07-23 19:25:51.287+00,2026-07-23 19:25:51.287+00
998fcba2-571b-4fcc-be43-df37ae574d3b,c084b88d-5ae6-4704-b8c3-9053f3b6022f,1c2d5668-5cd9-49a7-a138-3ccd2bea5cbb,lead_id,ac813ba6-c4c2-4afa-86b3-0309685a0a13,ac813ba6-c4c2-4afa-86b3-0309685a0a13,crm,f,2026-07-23 19:25:51.322+00,2026-07-23 19:25:51.322+00
da2da128-04f8-471d-95e9-8c75b61bfaca,6234b0b8-f86a-4d4a-af92-cbf135b519dc,1c2d5668-5cd9-49a7-a138-3ccd2bea5cbb,phone,11981620899,5511981620899,crm,t,2026-07-23 19:26:42.184+00,2026-07-23 19:26:42.184+00
49a75b13-3a6e-40b1-9b5a-4423ac2f3e71,6234b0b8-f86a-4d4a-af92-cbf135b519dc,1c2d5668-5cd9-49a7-a138-3ccd2bea5cbb,email,cassiana.dcarlos@gmail.com,cassiana.dcarlos@gmail.com,crm,f,2026-07-23 19:26:42.216+00,2026-07-23 19:26:42.216+00
31aa2800-40a3-4529-a125-4bb2816dcd01,6234b0b8-f86a-4d4a-af92-cbf135b519dc,1c2d5668-5cd9-49a7-a138-3ccd2bea5cbb,document,58267785000143,58267785000143,crm,f,2026-07-23 19:26:42.245+00,2026-07-23 19:26:42.245+00
1682fb47-f021-40b0-873c-c72afd9c7845,6234b0b8-f86a-4d4a-af92-cbf135b519dc,1c2d5668-5cd9-49a7-a138-3ccd2bea5cbb,lead_id,86206764-329e-46a2-9a55-f0b810adf9bb,86206764-329e-46a2-9a55-f0b810adf9bb,crm,f,2026-07-23 19:26:42.275+00,2026-07-23 19:26:42.275+00
242b75fb-95f9-4896-b45b-7c53e595b321,494428c8-fa46-4da6-8382-55417a144f97,28f7b9e8-9516-4a08-864c-9ff3e085ba87,phone,33999892044,5533999892044,crm,t,2026-07-23 19:27:24.017+00,2026-07-23 19:27:24.017+00
855c0c73-d611-44cd-b6c5-c94aa59d9fa0,494428c8-fa46-4da6-8382-55417a144f97,28f7b9e8-9516-4a08-864c-9ff3e085ba87,email,leatriciagv@hotmail.com,leatriciagv@hotmail.com,crm,f,2026-07-23 19:27:24.042+00,2026-07-23 19:27:24.042+00
8aa952a6-cf87-48a0-b1ef-69ee958775a9,494428c8-fa46-4da6-8382-55417a144f97,28f7b9e8-9516-4a08-864c-9ff3e085ba87,document,43439036000189,43439036000189,crm,f,2026-07-23 19:27:24.078+00,2026-07-23 19:27:24.078+00
6cb98874-c2e8-4483-8df4-37d9aa366a5e,494428c8-fa46-4da6-8382-55417a144f97,28f7b9e8-9516-4a08-864c-9ff3e085ba87,lead_id,30c1e377-f5bb-4f05-9ed3-f6fcb5042133,30c1e377-f5bb-4f05-9ed3-f6fcb5042133,crm,f,2026-07-23 19:27:24.11+00,2026-07-23 19:27:24.11+00
0cc31397-afa6-40cb-8c87-48d94069e1b4,ad396152-9dd2-4100-9f23-2af5da61a269,1c2d5668-5cd9-49a7-a138-3ccd2bea5cbb,phone,11981849835,5511981849835,crm,t,2026-07-23 19:27:30.166+00,2026-07-23 19:27:30.166+00
1dd0d54f-6809-427b-9ebb-aeffcfae97b3,58253ced-95bc-4ca6-ab50-2d9de7b67fbe,32ccdbe1-627f-4fe3-a506-056b997ed89b,whatsapp_contact_id,aaec2a2e-5cca-45ce-8ead-a5ef7bd3173f,aaec2a2e-5cca-45ce-8ead-a5ef7bd3173f,whatsapp,f,2026-07-23 19:23:30.08+00,2026-07-23 20:27:08.687+00
cfa16eaa-16d9-4bfc-8d36-cecd19654076,8e8d69d8-cd11-4d0c-bb38-27b8adfc8a3d,32ccdbe1-627f-4fe3-a506-056b997ed89b,whatsapp_contact_id,d0cf62a7-c764-46bc-8539-f980514eead0,d0cf62a7-c764-46bc-8539-f980514eead0,whatsapp,f,2026-07-23 19:23:22.605+00,2026-07-23 20:24:12.564+00
92eafab8-711a-41d1-a89b-b2d21ee83be4,ad396152-9dd2-4100-9f23-2af5da61a269,1c2d5668-5cd9-49a7-a138-3ccd2bea5cbb,email,rodrigo.salgado@gmail.com,rodrigo.salgado@gmail.com,crm,f,2026-07-23 19:27:30.194+00,2026-07-23 19:27:30.194+00
73e546f7-df26-4881-b264-ff52ac36d012,ad396152-9dd2-4100-9f23-2af5da61a269,1c2d5668-5cd9-49a7-a138-3ccd2bea5cbb,document,32649948000169,32649948000169,crm,f,2026-07-23 19:27:30.23+00,2026-07-23 19:27:30.23+00
4f3e3439-ee14-4fca-b41e-d614c083e6a2,ad396152-9dd2-4100-9f23-2af5da61a269,1c2d5668-5cd9-49a7-a138-3ccd2bea5cbb,lead_id,28b6e949-4ab1-473a-a713-ae1bca192a60,28b6e949-4ab1-473a-a713-ae1bca192a60,crm,f,2026-07-23 19:27:30.264+00,2026-07-23 19:27:30.264+00
e6ba711c-1527-40f2-b2dc-31a6d3b3cc19,c23061f0-cccb-4ec3-9af1-b31a92b52bd2,28f7b9e8-9516-4a08-864c-9ff3e085ba87,phone,21997016231,5521997016231,crm,t,2026-07-23 19:27:55.223+00,2026-07-23 19:27:55.223+00
6c8d7d6f-f2cf-41ae-a775-c0a657a7f92f,c23061f0-cccb-4ec3-9af1-b31a92b52bd2,28f7b9e8-9516-4a08-864c-9ff3e085ba87,email,alinecassadini@gmail.com,alinecassadini@gmail.com,crm,f,2026-07-23 19:27:55.245+00,2026-07-23 19:27:55.245+00
dfc27e66-c510-4c8e-82e5-e111d6761bc1,c23061f0-cccb-4ec3-9af1-b31a92b52bd2,28f7b9e8-9516-4a08-864c-9ff3e085ba87,lead_id,e6202dba-2601-43e9-b1cb-be684eacf34f,e6202dba-2601-43e9-b1cb-be684eacf34f,crm,f,2026-07-23 19:27:55.277+00,2026-07-23 19:27:55.277+00
54aaef6e-22b2-4b0d-8820-488284d46b37,2255feaa-b345-486f-8af7-ae307330a3e7,1c2d5668-5cd9-49a7-a138-3ccd2bea5cbb,phone,71992273654,5571992273654,crm,t,2026-07-23 19:32:28.149+00,2026-07-23 19:32:28.149+00
6475bb7b-9f45-4253-b3bd-0d2db4873bcd,2255feaa-b345-486f-8af7-ae307330a3e7,1c2d5668-5cd9-49a7-a138-3ccd2bea5cbb,email,fernandaportela.adv@gmai.com,fernandaportela.adv@gmai.com,crm,f,2026-07-23 19:32:28.179+00,2026-07-23 19:32:28.179+00
256ab787-d78c-4b6f-962f-296362806c5c,2255feaa-b345-486f-8af7-ae307330a3e7,1c2d5668-5cd9-49a7-a138-3ccd2bea5cbb,document,46643116000140,46643116000140,crm,f,2026-07-23 19:32:28.212+00,2026-07-23 19:32:28.212+00
dbbfe805-0396-43b3-8f8f-0e86595ff693,2255feaa-b345-486f-8af7-ae307330a3e7,1c2d5668-5cd9-49a7-a138-3ccd2bea5cbb,lead_id,70431de2-4873-4944-9c4c-78c5f047aeb3,70431de2-4873-4944-9c4c-78c5f047aeb3,crm,f,2026-07-23 19:32:28.246+00,2026-07-23 19:32:28.246+00
f77108ab-1aca-4404-9d01-1be0bf6a4778,2ef1d407-182a-4f14-bf4b-5282098daa5a,1c2d5668-5cd9-49a7-a138-3ccd2bea5cbb,phone,11999835700,5511999835700,crm,t,2026-07-23 19:28:03.206+00,2026-07-23 19:28:03.206+00
b2311919-1af2-47f1-8860-409f5741d304,2ef1d407-182a-4f14-bf4b-5282098daa5a,1c2d5668-5cd9-49a7-a138-3ccd2bea5cbb,email,cristianemoscato@hotmail.com,cristianemoscato@hotmail.com,crm,f,2026-07-23 19:28:03.223+00,2026-07-23 19:28:03.223+00
91b2da29-8bb4-43bd-87f0-25463b511fc1,2ef1d407-182a-4f14-bf4b-5282098daa5a,1c2d5668-5cd9-49a7-a138-3ccd2bea5cbb,document,33373037000114,33373037000114,crm,f,2026-07-23 19:28:03.241+00,2026-07-23 19:28:03.241+00
24bc526e-c50c-4c58-8091-b27cfe99eeaf,2ef1d407-182a-4f14-bf4b-5282098daa5a,1c2d5668-5cd9-49a7-a138-3ccd2bea5cbb,lead_id,0797db9f-5eaa-4746-a87c-c9649e1bc2e1,0797db9f-5eaa-4746-a87c-c9649e1bc2e1,crm,f,2026-07-23 19:28:03.259+00,2026-07-23 19:28:03.259+00
66ff901a-b940-4338-871e-2f19f53b1516,e5e80003-9a39-4392-b232-d7853dfa0d8d,1c2d5668-5cd9-49a7-a138-3ccd2bea5cbb,phone,98981354120,5598981354120,crm,t,2026-07-23 19:28:50.75+00,2026-07-23 19:28:50.75+00
f7da0288-6d68-4aa7-994a-b1f5b3b68eff,e5e80003-9a39-4392-b232-d7853dfa0d8d,1c2d5668-5cd9-49a7-a138-3ccd2bea5cbb,email,Vanilsonmagalhas@gmail.com,vanilsonmagalhas@gmail.com,crm,f,2026-07-23 19:28:50.776+00,2026-07-23 19:28:50.776+00
a033b6eb-ba01-4580-9793-e48a6eaed569,e5e80003-9a39-4392-b232-d7853dfa0d8d,1c2d5668-5cd9-49a7-a138-3ccd2bea5cbb,document,52898580000180,52898580000180,crm,f,2026-07-23 19:28:50.809+00,2026-07-23 19:28:50.809+00
00689c02-b145-4a2d-964a-8ac44785700d,e5e80003-9a39-4392-b232-d7853dfa0d8d,1c2d5668-5cd9-49a7-a138-3ccd2bea5cbb,lead_id,80f6887a-54ea-4cd6-a980-6311ac60bb0b,80f6887a-54ea-4cd6-a980-6311ac60bb0b,crm,f,2026-07-23 19:28:50.842+00,2026-07-23 19:28:50.842+00
4a6ae3b8-e7b9-4c61-bdc8-38d1499c96be,e6701805-d88b-4934-bd14-dbf338cb1afb,1c2d5668-5cd9-49a7-a138-3ccd2bea5cbb,phone,11988873224,5511988873224,crm,t,2026-07-23 19:30:19.5+00,2026-07-23 19:30:19.5+00
874907d5-b65b-4599-aa06-84fadf1eea5a,e6701805-d88b-4934-bd14-dbf338cb1afb,1c2d5668-5cd9-49a7-a138-3ccd2bea5cbb,email,vieiralima.advogados@gmail.com,vieiralima.advogados@gmail.com,crm,f,2026-07-23 19:30:19.532+00,2026-07-23 19:30:22.955+00
2734108d-d272-4199-86fa-2d1fea7e9d12,e6701805-d88b-4934-bd14-dbf338cb1afb,1c2d5668-5cd9-49a7-a138-3ccd2bea5cbb,document,27984147000110,27984147000110,crm,f,2026-07-23 19:30:19.561+00,2026-07-23 19:30:22.984+00
123731f0-bc98-4a04-861b-cffd4c6f6340,e6701805-d88b-4934-bd14-dbf338cb1afb,1c2d5668-5cd9-49a7-a138-3ccd2bea5cbb,lead_id,4722b2af-32a8-4bf5-ac6c-d727e7a350fa,4722b2af-32a8-4bf5-ac6c-d727e7a350fa,crm,f,2026-07-23 19:30:19.589+00,2026-07-23 19:30:23.012+00
61a3d663-d99f-4256-b194-be4f8ede52b7,9a3247ca-16a7-4b23-80c3-251a45669611,1c2d5668-5cd9-49a7-a138-3ccd2bea5cbb,phone,21996490869,5521996490869,crm,t,2026-07-23 19:31:03.472+00,2026-07-23 19:31:03.472+00
e66969e8-8451-4a8e-a7b7-fbeb8128e795,9a3247ca-16a7-4b23-80c3-251a45669611,1c2d5668-5cd9-49a7-a138-3ccd2bea5cbb,email,marcia.mrc@administrativo.com,marcia.mrc@administrativo.com,crm,f,2026-07-23 19:31:03.494+00,2026-07-23 19:31:03.494+00
7548ceaa-74b3-48f0-b128-1380b2d39d4c,9a3247ca-16a7-4b23-80c3-251a45669611,1c2d5668-5cd9-49a7-a138-3ccd2bea5cbb,document,39663708000168,39663708000168,crm,f,2026-07-23 19:31:03.522+00,2026-07-23 19:31:03.522+00
3ada50b1-a8e3-4422-b609-3ae994473991,9a3247ca-16a7-4b23-80c3-251a45669611,1c2d5668-5cd9-49a7-a138-3ccd2bea5cbb,lead_id,05e8aefb-114e-4676-8cf3-eb245e6721c7,05e8aefb-114e-4676-8cf3-eb245e6721c7,crm,f,2026-07-23 19:31:03.551+00,2026-07-23 19:31:03.551+00
d2459f43-fcdb-492a-b9f2-b04e8142069e,21701485-f2a4-40cc-8500-1f584cccf681,1c2d5668-5cd9-49a7-a138-3ccd2bea5cbb,phone,2132582187,552132582187,crm,t,2026-07-23 19:31:50.978+00,2026-07-23 19:31:50.978+00
795bbd71-29e2-4fa0-bc6e-2efd00d52add,21701485-f2a4-40cc-8500-1f584cccf681,1c2d5668-5cd9-49a7-a138-3ccd2bea5cbb,email,jorgeluiz.jloadvocacia@gmail.com,jorgeluiz.jloadvocacia@gmail.com,crm,f,2026-07-23 19:31:50.998+00,2026-07-23 19:31:50.998+00
023b022a-48b3-431f-a737-186984cd21a3,21701485-f2a4-40cc-8500-1f584cccf681,1c2d5668-5cd9-49a7-a138-3ccd2bea5cbb,document,41547206000113,41547206000113,crm,f,2026-07-23 19:31:51.026+00,2026-07-23 19:31:51.026+00
efda8dcf-c90a-4877-8b4e-b29ee932f0b1,21701485-f2a4-40cc-8500-1f584cccf681,1c2d5668-5cd9-49a7-a138-3ccd2bea5cbb,lead_id,b0ed2969-f0f4-4f4f-b767-973052bbdc8d,b0ed2969-f0f4-4f4f-b767-973052bbdc8d,crm,f,2026-07-23 19:31:51.053+00,2026-07-23 19:31:51.053+00
4c1c9b41-f790-4362-bf6c-69bcacdff5a2,5b407eec-a581-4be7-bcc3-3a68c8848e19,1c2d5668-5cd9-49a7-a138-3ccd2bea5cbb,phone,11983834369,5511983834369,crm,t,2026-07-23 19:33:14.719+00,2026-07-23 19:33:14.719+00
68b7cfc9-1f74-49ac-9a21-afa3cb70e7d8,5b407eec-a581-4be7-bcc3-3a68c8848e19,1c2d5668-5cd9-49a7-a138-3ccd2bea5cbb,email,wallace.garcia@grupolpm.com.br,wallace.garcia@grupolpm.com.br,crm,f,2026-07-23 19:33:14.741+00,2026-07-23 19:33:14.741+00
81db96a7-802c-443b-96bb-31d5bb878c6a,5b407eec-a581-4be7-bcc3-3a68c8848e19,1c2d5668-5cd9-49a7-a138-3ccd2bea5cbb,document,37790098000138,37790098000138,crm,f,2026-07-23 19:33:14.768+00,2026-07-23 19:33:14.768+00
6ee61ffc-c6b7-46ed-ab8c-108c552cc272,5b407eec-a581-4be7-bcc3-3a68c8848e19,1c2d5668-5cd9-49a7-a138-3ccd2bea5cbb,lead_id,ca7ba5bd-9f2d-4798-b131-ab687f9b2f51,ca7ba5bd-9f2d-4798-b131-ab687f9b2f51,crm,f,2026-07-23 19:33:14.821+00,2026-07-23 19:33:14.821+00
420034e4-d32a-46f3-8c77-9c0bb25b6c5f,4378c1dc-fc56-453d-8297-ecfad6b01bf8,1c2d5668-5cd9-49a7-a138-3ccd2bea5cbb,phone,21983967444,5521983967444,crm,t,2026-07-23 19:33:42.439+00,2026-07-23 19:33:42.439+00
f399ad9f-b851-4d37-9e3d-5ec6482f7d17,4378c1dc-fc56-453d-8297-ecfad6b01bf8,1c2d5668-5cd9-49a7-a138-3ccd2bea5cbb,email,contato@telesforo.com.br,contato@telesforo.com.br,crm,f,2026-07-23 19:33:42.461+00,2026-07-23 19:33:42.461+00
b9dc1a12-3e42-4eff-afff-76b7539e632b,4378c1dc-fc56-453d-8297-ecfad6b01bf8,1c2d5668-5cd9-49a7-a138-3ccd2bea5cbb,lead_id,29bd6a56-57e2-4279-84a7-9c047ced0f1b,29bd6a56-57e2-4279-84a7-9c047ced0f1b,crm,f,2026-07-23 19:33:42.495+00,2026-07-23 19:33:42.495+00
c4e02225-1558-4b85-9638-e066783d444a,732dd093-e462-4a94-ad99-7e7ded6f0c67,1c2d5668-5cd9-49a7-a138-3ccd2bea5cbb,phone,11963877375,5511963877375,crm,t,2026-07-23 19:34:30.442+00,2026-07-23 19:34:30.442+00
a7088308-8ce7-435e-bc99-7eae032770ce,732dd093-e462-4a94-ad99-7e7ded6f0c67,1c2d5668-5cd9-49a7-a138-3ccd2bea5cbb,email,rodrigo@grupowalcar.com.br,rodrigo@grupowalcar.com.br,crm,f,2026-07-23 19:34:30.463+00,2026-07-23 19:34:30.463+00
dfac3c6f-2377-40cf-912c-64a24ce39bcb,732dd093-e462-4a94-ad99-7e7ded6f0c67,1c2d5668-5cd9-49a7-a138-3ccd2bea5cbb,document,52952035000124,52952035000124,crm,f,2026-07-23 19:34:30.485+00,2026-07-23 19:34:30.485+00
a4dc891e-b68c-4b80-ad7b-bdfe5d060828,732dd093-e462-4a94-ad99-7e7ded6f0c67,1c2d5668-5cd9-49a7-a138-3ccd2bea5cbb,lead_id,04b6e5f2-b0e8-42e3-907a-70023d384e09,04b6e5f2-b0e8-42e3-907a-70023d384e09,crm,f,2026-07-23 19:34:30.506+00,2026-07-23 19:34:30.506+00
2420442e-12b6-4512-8633-e9f62a601fef,7fec4a22-5322-45e0-95d2-c037ed0fec5b,862835fd-54ad-4ebd-986a-b5392f1bb227,phone,71996453301,5571996453301,crm,t,2026-07-23 19:34:39.985+00,2026-07-23 19:34:39.985+00
a7b23ed2-1637-4b5c-8033-b9600d8656f9,f95b47e8-1a2f-4f8b-aeba-4fc3ac11bc68,1c2d5668-5cd9-49a7-a138-3ccd2bea5cbb,phone,11999690127,5511999690127,crm,t,2026-07-23 19:37:40.066+00,2026-07-23 19:37:40.066+00
837607d2-a3a3-46ee-abb9-ea3c2cc713ea,f95b47e8-1a2f-4f8b-aeba-4fc3ac11bc68,1c2d5668-5cd9-49a7-a138-3ccd2bea5cbb,email,e.queiroz.longo@gmail.com,e.queiroz.longo@gmail.com,crm,f,2026-07-23 19:37:40.099+00,2026-07-23 19:37:40.099+00
5af0d8af-e91b-48de-8e13-5f6172eef5ea,f95b47e8-1a2f-4f8b-aeba-4fc3ac11bc68,1c2d5668-5cd9-49a7-a138-3ccd2bea5cbb,document,30485578000146,30485578000146,crm,f,2026-07-23 19:37:40.13+00,2026-07-23 19:37:40.13+00
8d13ce11-b849-4f3d-8ad9-6e629d60c723,f95b47e8-1a2f-4f8b-aeba-4fc3ac11bc68,1c2d5668-5cd9-49a7-a138-3ccd2bea5cbb,lead_id,e8cdf3b7-fdcd-4426-8d54-81a90ddfabcb,e8cdf3b7-fdcd-4426-8d54-81a90ddfabcb,crm,f,2026-07-23 19:37:40.162+00,2026-07-23 19:37:40.162+00
9fc94ac2-2f89-4b60-8c3b-2179f664bfee,115b2ecd-9f88-402a-a936-b5bacf1b70f4,1c2d5668-5cd9-49a7-a138-3ccd2bea5cbb,phone,19992330433,5519992330433,crm,t,2026-07-23 19:38:47.06+00,2026-07-23 19:38:47.06+00
adf894ba-0bb8-4734-a720-8c6434c6dec9,115b2ecd-9f88-402a-a936-b5bacf1b70f4,1c2d5668-5cd9-49a7-a138-3ccd2bea5cbb,email,contato@timeouro.com.br,contato@timeouro.com.br,crm,f,2026-07-23 19:38:47.076+00,2026-07-23 19:38:47.076+00
4e14ef42-f266-4a06-bec7-435be9d5485a,115b2ecd-9f88-402a-a936-b5bacf1b70f4,1c2d5668-5cd9-49a7-a138-3ccd2bea5cbb,document,43114108000118,43114108000118,crm,f,2026-07-23 19:38:47.092+00,2026-07-23 19:38:47.092+00
667e70db-03b9-4b70-bebd-235741ab3191,115b2ecd-9f88-402a-a936-b5bacf1b70f4,1c2d5668-5cd9-49a7-a138-3ccd2bea5cbb,lead_id,1383d768-64c7-4c3b-b34b-e6ce565afb5b,1383d768-64c7-4c3b-b34b-e6ce565afb5b,crm,f,2026-07-23 19:38:47.106+00,2026-07-23 19:38:47.106+00
482443b5-1185-449f-8924-c0f6ecdbcdbd,665bc266-61c7-4b01-9b11-2022fbed758a,1c2d5668-5cd9-49a7-a138-3ccd2bea5cbb,phone,11994957205,5511994957205,crm,t,2026-07-23 19:40:23.104+00,2026-07-23 19:40:23.104+00
7cf83164-ec89-47bb-b60b-a49d08485157,665bc266-61c7-4b01-9b11-2022fbed758a,1c2d5668-5cd9-49a7-a138-3ccd2bea5cbb,email,felipe.rodrigues68@hotmail.com,felipe.rodrigues68@hotmail.com,crm,f,2026-07-23 19:40:23.137+00,2026-07-23 19:40:23.137+00
e406807a-ef10-4b87-8aa2-979f09dd4742,665bc266-61c7-4b01-9b11-2022fbed758a,1c2d5668-5cd9-49a7-a138-3ccd2bea5cbb,document,49362280000177,49362280000177,crm,f,2026-07-23 19:40:23.172+00,2026-07-23 19:40:23.172+00
80238bb1-6949-4f8f-ace3-558d7ab0beb1,665bc266-61c7-4b01-9b11-2022fbed758a,1c2d5668-5cd9-49a7-a138-3ccd2bea5cbb,lead_id,7d20468d-f0ae-4727-8fa2-6068bfc4c849,7d20468d-f0ae-4727-8fa2-6068bfc4c849,crm,f,2026-07-23 19:40:23.206+00,2026-07-23 19:40:23.206+00
98c228c3-3e8a-4255-afce-e012dbfdf0b2,30bd6dbd-3e61-4b9f-82b3-7930619a92ef,1c2d5668-5cd9-49a7-a138-3ccd2bea5cbb,phone,31995263818,5531995263818,crm,t,2026-07-23 19:43:24.286+00,2026-07-23 19:43:24.286+00
70d6d25e-680f-4493-a5aa-2ce8e11180ee,30bd6dbd-3e61-4b9f-82b3-7930619a92ef,1c2d5668-5cd9-49a7-a138-3ccd2bea5cbb,email,thiagosaderm@hotmail.com,thiagosaderm@hotmail.com,crm,f,2026-07-23 19:43:24.313+00,2026-07-23 19:43:24.313+00
8d10061d-7cbc-4f93-a328-759dc342e1d5,30bd6dbd-3e61-4b9f-82b3-7930619a92ef,1c2d5668-5cd9-49a7-a138-3ccd2bea5cbb,lead_id,fb9e16a0-e068-4def-aa6f-4da47116405b,fb9e16a0-e068-4def-aa6f-4da47116405b,crm,f,2026-07-23 19:43:24.333+00,2026-07-23 19:43:24.333+00
c5d461b6-0b84-49c3-9bb4-181a838367ea,960f6d1a-7161-4d94-b9fa-66a90325e3d2,1c2d5668-5cd9-49a7-a138-3ccd2bea5cbb,phone,21979985813,5521979985813,crm,t,2026-07-23 19:44:07.822+00,2026-07-23 19:44:07.822+00
6ea75917-58ef-42d9-a1b0-25ab4ed4eaf6,960f6d1a-7161-4d94-b9fa-66a90325e3d2,1c2d5668-5cd9-49a7-a138-3ccd2bea5cbb,email,rogerioraiou52.rgr@gmail.com,rogerioraiou52.rgr@gmail.com,crm,f,2026-07-23 19:44:07.846+00,2026-07-23 19:44:07.846+00
41f6dccf-3083-4153-8e44-0b5f7f44cea7,960f6d1a-7161-4d94-b9fa-66a90325e3d2,1c2d5668-5cd9-49a7-a138-3ccd2bea5cbb,document,25239634000122,25239634000122,crm,f,2026-07-23 19:44:07.878+00,2026-07-23 19:44:07.878+00
8e720c5b-f59d-4754-a4e8-48d577c13a9c,960f6d1a-7161-4d94-b9fa-66a90325e3d2,1c2d5668-5cd9-49a7-a138-3ccd2bea5cbb,lead_id,067895f9-0a13-414f-a061-5cd7f5e8af30,067895f9-0a13-414f-a061-5cd7f5e8af30,crm,f,2026-07-23 19:44:07.911+00,2026-07-23 19:44:07.911+00
0fb5cfaa-05a4-4c2c-8665-106c0f4758fd,0b1439c7-95b4-4658-bf8c-4522bcde75e1,1c2d5668-5cd9-49a7-a138-3ccd2bea5cbb,phone,11947876582,5511947876582,crm,t,2026-07-23 19:45:03.687+00,2026-07-23 19:45:03.687+00
7b586579-757e-4d4b-850b-8a640d7c175d,0b1439c7-95b4-4658-bf8c-4522bcde75e1,1c2d5668-5cd9-49a7-a138-3ccd2bea5cbb,email,linaldossantos@yahoo.com,linaldossantos@yahoo.com,crm,f,2026-07-23 19:45:03.71+00,2026-07-23 19:45:03.71+00
5fddb892-99e8-4b01-a346-16ca62691ae8,0b1439c7-95b4-4658-bf8c-4522bcde75e1,1c2d5668-5cd9-49a7-a138-3ccd2bea5cbb,document,12738819000130,12738819000130,crm,f,2026-07-23 19:45:03.737+00,2026-07-23 19:45:03.737+00
b6f4434c-45b4-4685-a4d5-484ae55c7010,0b1439c7-95b4-4658-bf8c-4522bcde75e1,1c2d5668-5cd9-49a7-a138-3ccd2bea5cbb,lead_id,49672a76-b24b-4f97-be84-e99fcc8b174e,49672a76-b24b-4f97-be84-e99fcc8b174e,crm,f,2026-07-23 19:45:03.764+00,2026-07-23 19:45:03.764+00
5e857fa1-6015-4e25-bc7d-20b0783ba42d,7fec4a22-5322-45e0-95d2-c037ed0fec5b,862835fd-54ad-4ebd-986a-b5392f1bb227,email,stinacioengenharia@gmail.com,stinacioengenharia@gmail.com,crm,f,2026-07-23 19:34:40.017+00,2026-07-24 16:25:34.81+00
52e61a51-32d1-42a5-b110-df338a10a026,7fec4a22-5322-45e0-95d2-c037ed0fec5b,862835fd-54ad-4ebd-986a-b5392f1bb227,document,26593808000113,26593808000113,crm,f,2026-07-23 19:34:40.052+00,2026-07-24 16:25:34.831+00
957a415a-96ec-4bc4-bca4-952180e6ac14,7fec4a22-5322-45e0-95d2-c037ed0fec5b,862835fd-54ad-4ebd-986a-b5392f1bb227,lead_id,44f5fe40-493c-43d5-86e6-33d612545d87,44f5fe40-493c-43d5-86e6-33d612545d87,crm,f,2026-07-23 19:34:40.09+00,2026-07-24 16:25:34.848+00
20b5c029-eea8-448a-89f0-f93a1c350616,d0e9c0d7-66e5-4984-8d93-0db4e6d6df40,1c2d5668-5cd9-49a7-a138-3ccd2bea5cbb,phone,11965370243,5511965370243,crm,t,2026-07-23 19:46:41.236+00,2026-07-23 19:46:41.236+00
2ac0c558-b576-40e7-bdc7-20b06baae9a9,d0e9c0d7-66e5-4984-8d93-0db4e6d6df40,1c2d5668-5cd9-49a7-a138-3ccd2bea5cbb,email,andreacrisoliveira@gmail.com,andreacrisoliveira@gmail.com,crm,f,2026-07-23 19:46:41.264+00,2026-07-23 19:46:43.443+00
344730ed-aea0-45ba-aa5e-2e1568dda38c,d0e9c0d7-66e5-4984-8d93-0db4e6d6df40,1c2d5668-5cd9-49a7-a138-3ccd2bea5cbb,document,26386588000157,26386588000157,crm,f,2026-07-23 19:46:41.334+00,2026-07-23 19:46:43.476+00
91cdb5e8-52d6-4c82-b448-65dd493d7ba6,d0e9c0d7-66e5-4984-8d93-0db4e6d6df40,1c2d5668-5cd9-49a7-a138-3ccd2bea5cbb,lead_id,d8cb116a-9672-433f-8da1-f9833b4e84b3,d8cb116a-9672-433f-8da1-f9833b4e84b3,crm,f,2026-07-23 19:46:41.372+00,2026-07-23 19:46:43.509+00
add9ef82-84a2-40ab-a557-48ca7c5d8811,7701911e-e0a1-43a5-b91e-55261dd1f550,1c2d5668-5cd9-49a7-a138-3ccd2bea5cbb,phone,22981255045,5522981255045,crm,t,2026-07-23 19:47:29.867+00,2026-07-23 19:47:29.867+00
3758f476-3311-489c-9041-adff77fbb32c,7701911e-e0a1-43a5-b91e-55261dd1f550,1c2d5668-5cd9-49a7-a138-3ccd2bea5cbb,email,tiazainha@gmail.com,tiazainha@gmail.com,crm,f,2026-07-23 19:47:29.89+00,2026-07-23 19:47:29.89+00
3c8165da-f50b-49e7-ae70-0b3590f33750,7701911e-e0a1-43a5-b91e-55261dd1f550,1c2d5668-5cd9-49a7-a138-3ccd2bea5cbb,document,13499687000284,13499687000284,crm,f,2026-07-23 19:47:29.925+00,2026-07-23 19:47:29.925+00
ed5770c7-0e66-4453-bfac-fc2546736f0b,7701911e-e0a1-43a5-b91e-55261dd1f550,1c2d5668-5cd9-49a7-a138-3ccd2bea5cbb,lead_id,c2a39b7c-98b0-4548-b6e8-f8701a25dcd4,c2a39b7c-98b0-4548-b6e8-f8701a25dcd4,crm,f,2026-07-23 19:47:29.958+00,2026-07-23 19:47:29.958+00
f6b37f7a-a388-483c-832e-9a358aaeb345,95eb78c7-190f-42c5-87dc-d3b054ef0de0,968fc8e6-f918-4579-b0d1-26570ce5e94b,phone,11987439165,5511987439165,crm,t,2026-07-23 19:48:13.422+00,2026-07-23 19:48:13.422+00
92e31d1b-ae16-46af-a88c-b7b40633d0e0,95eb78c7-190f-42c5-87dc-d3b054ef0de0,968fc8e6-f918-4579-b0d1-26570ce5e94b,document,48661849000132,48661849000132,crm,f,2026-07-23 19:48:13.437+00,2026-07-23 19:48:13.437+00
0c7a8195-ca7c-41a5-9a51-3f26f35224b5,95eb78c7-190f-42c5-87dc-d3b054ef0de0,968fc8e6-f918-4579-b0d1-26570ce5e94b,lead_id,f1328e71-dd73-483f-bdca-a15cdd6aa5df,f1328e71-dd73-483f-bdca-a15cdd6aa5df,crm,f,2026-07-23 19:48:13.454+00,2026-07-23 19:48:13.454+00
d8ead639-e1d6-4b5e-9ef8-22f09621bde4,26e41eee-3ed5-431f-91dc-2eed33549e14,1c2d5668-5cd9-49a7-a138-3ccd2bea5cbb,phone,21975645128,5521975645128,crm,t,2026-07-23 19:49:12.482+00,2026-07-23 19:49:12.482+00
c72e1c81-9fcb-4469-90c7-e7b2fa31a0ad,26e41eee-3ed5-431f-91dc-2eed33549e14,1c2d5668-5cd9-49a7-a138-3ccd2bea5cbb,email,marcus.cid@hotmail.com,marcus.cid@hotmail.com,crm,f,2026-07-23 19:49:12.506+00,2026-07-23 19:49:12.506+00
9c0f0cd2-020b-4c2f-8848-0700c13d62f2,26e41eee-3ed5-431f-91dc-2eed33549e14,1c2d5668-5cd9-49a7-a138-3ccd2bea5cbb,document,35350211000139,35350211000139,crm,f,2026-07-23 19:49:12.538+00,2026-07-23 19:49:12.538+00
6542967d-0cfd-487c-b2eb-22faa3d34e3f,26e41eee-3ed5-431f-91dc-2eed33549e14,1c2d5668-5cd9-49a7-a138-3ccd2bea5cbb,lead_id,e5775d69-5c63-4de3-aa22-cb535e0da0c1,e5775d69-5c63-4de3-aa22-cb535e0da0c1,crm,f,2026-07-23 19:49:12.57+00,2026-07-23 19:49:12.57+00
41b620df-7584-4033-87f9-03289ee6a8ff,a9094da0-c85c-40bb-b316-4d5979b3fe3d,1c2d5668-5cd9-49a7-a138-3ccd2bea5cbb,phone,21970446717,5521970446717,crm,t,2026-07-23 19:51:38.037+00,2026-07-23 19:51:38.037+00
a71ddbe3-5b53-4357-8379-adb7d11c4588,18e321a6-85a4-47c7-8123-1476f8f866cf,32ccdbe1-627f-4fe3-a506-056b997ed89b,phone,120363423642097433,120363423642097433,whatsapp,t,2026-07-23 19:53:16.58+00,2026-07-23 19:53:16.58+00
754dc76a-883a-4351-8a51-c6859ce7259b,1b7e7505-6a15-4c4c-98a8-e5c3eba09c74,32ccdbe1-627f-4fe3-a506-056b997ed89b,phone,5511971690032,5511971690032,whatsapp,t,2026-07-23 19:54:43.255+00,2026-07-23 19:54:43.255+00
2962d2bb-b5d7-4f29-9282-a6e5339551f1,1b7e7505-6a15-4c4c-98a8-e5c3eba09c74,32ccdbe1-627f-4fe3-a506-056b997ed89b,whatsapp_contact_id,71ad528d-9a22-4349-a8aa-438ebf44f20d,71ad528d-9a22-4349-a8aa-438ebf44f20d,whatsapp,f,2026-07-23 19:54:43.282+00,2026-07-23 19:54:43.282+00
c8183d09-08b3-448c-ad2a-0656fc265a47,a9094da0-c85c-40bb-b316-4d5979b3fe3d,1c2d5668-5cd9-49a7-a138-3ccd2bea5cbb,email,engmaisltda@gmail.com,engmaisltda@gmail.com,crm,f,2026-07-23 19:51:38.065+00,2026-07-23 19:54:43.608+00
af920dbb-78b6-4b3e-82cb-249fabafa5fc,a9094da0-c85c-40bb-b316-4d5979b3fe3d,1c2d5668-5cd9-49a7-a138-3ccd2bea5cbb,document,46570493000104,46570493000104,crm,f,2026-07-23 19:51:38.093+00,2026-07-23 19:54:43.685+00
b6918156-2d05-496d-8e8a-ddfb01a04fed,a9094da0-c85c-40bb-b316-4d5979b3fe3d,1c2d5668-5cd9-49a7-a138-3ccd2bea5cbb,lead_id,0c113393-8087-44da-ac9d-5ec06acce8f0,0c113393-8087-44da-ac9d-5ec06acce8f0,crm,f,2026-07-23 19:51:38.119+00,2026-07-23 19:54:43.713+00
f0571e07-3fb1-47d6-8b8f-1859d415699e,7f56f4d0-6a8b-4f28-ba56-b921093d47cb,1c2d5668-5cd9-49a7-a138-3ccd2bea5cbb,phone,11996595960,5511996595960,crm,t,2026-07-23 19:55:59.237+00,2026-07-23 19:55:59.237+00
b7bec556-75a1-4274-8a57-7f7f5d5c7100,7f56f4d0-6a8b-4f28-ba56-b921093d47cb,1c2d5668-5cd9-49a7-a138-3ccd2bea5cbb,email,jcricardo@terra.com.br,jcricardo@terra.com.br,crm,f,2026-07-23 19:55:59.253+00,2026-07-23 19:56:02.194+00
c78b1707-d363-40ad-9e39-1e8bf8db6eb8,7f56f4d0-6a8b-4f28-ba56-b921093d47cb,1c2d5668-5cd9-49a7-a138-3ccd2bea5cbb,document,33385262000170,33385262000170,crm,f,2026-07-23 19:55:59.267+00,2026-07-23 19:56:02.208+00
50207529-0b55-483d-a1f6-8f3ff03857db,7f56f4d0-6a8b-4f28-ba56-b921093d47cb,1c2d5668-5cd9-49a7-a138-3ccd2bea5cbb,lead_id,e0a74fe2-ab22-4765-b7ed-a093323fd601,e0a74fe2-ab22-4765-b7ed-a093323fd601,crm,f,2026-07-23 19:55:59.282+00,2026-07-23 19:56:02.221+00
a0e27b94-9189-4814-82d4-650bc624c5ca,0da16d91-f387-428e-a016-a1bfdc2022a5,32ccdbe1-627f-4fe3-a506-056b997ed89b,phone,120363420112245434,120363420112245434,whatsapp,t,2026-07-23 19:56:11.853+00,2026-07-23 19:56:11.853+00
8b372bef-d3c0-46ef-8abf-46c7038189de,a3f4efdb-23eb-4588-82c7-a7299c8c4da3,32ccdbe1-627f-4fe3-a506-056b997ed89b,phone,11927722793,5511927722793,crm,t,2026-07-23 22:21:00.626+00,2026-07-23 22:21:00.626+00
94de3709-5b83-424c-87cb-2c8b0406c441,a3f4efdb-23eb-4588-82c7-a7299c8c4da3,32ccdbe1-627f-4fe3-a506-056b997ed89b,email,seed.lead.095@example.com,seed.lead.095@example.com,crm,f,2026-07-23 22:21:00.639+00,2026-07-23 22:21:00.639+00
c26cc0fd-cbd3-4e95-b6cd-439d83f0fcfd,a3f4efdb-23eb-4588-82c7-a7299c8c4da3,32ccdbe1-627f-4fe3-a506-056b997ed89b,document,09585720711283,09585720711283,crm,f,2026-07-23 22:21:00.659+00,2026-07-23 22:21:00.659+00
a32836d8-3142-4edb-aa56-8ecd91c9b0db,ea8844a2-0f68-4c20-bf9f-9b9da4460417,862835fd-54ad-4ebd-986a-b5392f1bb227,document,23437519000137,23437519000137,crm,f,2026-07-23 20:44:38.322+00,2026-07-23 20:44:38.322+00
a03720e5-4dd0-46aa-a59e-e446127745b5,a3f4efdb-23eb-4588-82c7-a7299c8c4da3,32ccdbe1-627f-4fe3-a506-056b997ed89b,lead_id,7c5c42de-d032-4bff-94e8-173fa3aa3f4b,7c5c42de-d032-4bff-94e8-173fa3aa3f4b,crm,f,2026-07-23 22:21:00.678+00,2026-07-23 22:21:00.678+00
69263b8e-d8a5-41a4-ad69-cccc11b8172b,18e321a6-85a4-47c7-8123-1476f8f866cf,32ccdbe1-627f-4fe3-a506-056b997ed89b,whatsapp_contact_id,20c8c16e-3870-4759-a04b-d163061cd954,20c8c16e-3870-4759-a04b-d163061cd954,whatsapp,f,2026-07-23 19:53:16.606+00,2026-07-23 21:09:38.653+00
e0345398-9445-4840-8bac-8df9e38c0244,0da16d91-f387-428e-a016-a1bfdc2022a5,32ccdbe1-627f-4fe3-a506-056b997ed89b,whatsapp_contact_id,fb4e51ba-1602-4725-92ef-83ff4738b3d9,fb4e51ba-1602-4725-92ef-83ff4738b3d9,whatsapp,f,2026-07-23 19:56:11.87+00,2026-07-23 20:10:53.823+00
94fee7d8-50a6-46fb-a178-667a996700fc,1f3540c4-6171-48be-ba00-ff4a9de1020c,7b577c22-5513-42cc-ab19-2bf867e14ebc,phone,11999690127,5511999690127,crm,t,2026-07-23 20:15:51.844+00,2026-07-23 20:15:51.844+00
f75603d0-8a2b-411f-828d-79d446ff1413,1f3540c4-6171-48be-ba00-ff4a9de1020c,7b577c22-5513-42cc-ab19-2bf867e14ebc,email,e.queiroz.longo@gmail.com,e.queiroz.longo@gmail.com,crm,f,2026-07-23 20:15:51.876+00,2026-07-23 20:15:51.876+00
357a81c6-6808-4d61-ae4c-59eed45b045a,1f3540c4-6171-48be-ba00-ff4a9de1020c,7b577c22-5513-42cc-ab19-2bf867e14ebc,document,30485578000146,30485578000146,crm,f,2026-07-23 20:15:51.909+00,2026-07-23 20:15:51.909+00
2ad112e8-5a4e-4619-ae40-9c701e9b757f,1f3540c4-6171-48be-ba00-ff4a9de1020c,7b577c22-5513-42cc-ab19-2bf867e14ebc,lead_id,5cc6f6f4-0d3b-4ad9-8d93-c2c815bc7076,5cc6f6f4-0d3b-4ad9-8d93-c2c815bc7076,crm,f,2026-07-23 20:15:51.943+00,2026-07-23 20:15:51.943+00
369ea3db-8da7-454c-b723-6aee2a1bb6b4,c152e4d3-bb2d-4c8a-b8c2-5ab6e5c531b8,32ccdbe1-627f-4fe3-a506-056b997ed89b,phone,5511940014975-1602794423,55119400149751602794423,whatsapp,t,2026-07-23 20:22:44.079+00,2026-07-23 20:22:44.079+00
8c248112-ffa1-46c4-b209-6947acbc0644,349326a1-a1b6-45cb-b91c-d0390405d051,760fc14a-229e-4212-9aa9-f90de968af69,phone,11968509875,5511968509875,crm,t,2026-07-23 21:22:30.238+00,2026-07-23 21:22:30.238+00
a569a12e-7599-4927-8d79-a6ee60c5d0b8,c152e4d3-bb2d-4c8a-b8c2-5ab6e5c531b8,32ccdbe1-627f-4fe3-a506-056b997ed89b,whatsapp_contact_id,3d1dc83c-691d-41ec-bc1d-7777d39787b2,3d1dc83c-691d-41ec-bc1d-7777d39787b2,whatsapp,f,2026-07-23 20:22:44.101+00,2026-07-23 21:27:52.774+00
20e525b4-3445-4c45-9651-915d08fb42ea,c7d98c35-0d5d-499a-9c53-28b281a095b4,32ccdbe1-627f-4fe3-a506-056b997ed89b,phone,11988859573,5511988859573,crm,t,2026-07-23 22:20:53.185+00,2026-07-23 22:20:53.185+00
3c04c614-5cf3-4b0e-8ece-5ca1298be1c9,c7d98c35-0d5d-499a-9c53-28b281a095b4,32ccdbe1-627f-4fe3-a506-056b997ed89b,lead_id,944fbc93-ed72-4048-a86f-b341e89faba9,944fbc93-ed72-4048-a86f-b341e89faba9,crm,f,2026-07-23 22:20:53.231+00,2026-07-23 22:20:53.231+00
7f504aa2-b4b5-4579-a5df-0fd13f14210b,ff8cc844-7e1c-480b-8a92-45d89f04342d,32ccdbe1-627f-4fe3-a506-056b997ed89b,phone,11939738538,5511939738538,crm,t,2026-07-23 22:20:53.436+00,2026-07-23 22:20:53.436+00
7c882668-c01e-457a-8af1-7c7f55345529,ff8cc844-7e1c-480b-8a92-45d89f04342d,32ccdbe1-627f-4fe3-a506-056b997ed89b,email,seed.lead.025@example.com,seed.lead.025@example.com,crm,f,2026-07-23 22:20:53.456+00,2026-07-23 22:20:53.456+00
478f26f1-8f41-4262-bae3-17dc5fb4b0ea,ff8cc844-7e1c-480b-8a92-45d89f04342d,32ccdbe1-627f-4fe3-a506-056b997ed89b,document,02573057003714,02573057003714,crm,f,2026-07-23 22:20:53.477+00,2026-07-23 22:20:53.477+00
00655db4-64cc-4a24-9e63-acdc644b3a00,86261c7d-d683-401a-a6bb-c8c5b1092bd6,32ccdbe1-627f-4fe3-a506-056b997ed89b,phone,11941587130,5511941587130,crm,t,2026-07-23 22:21:00.836+00,2026-07-23 22:21:00.836+00
884bac25-1232-4fe5-9ae4-6abf6de5f84d,86261c7d-d683-401a-a6bb-c8c5b1092bd6,32ccdbe1-627f-4fe3-a506-056b997ed89b,email,seed.lead.053@example.com,seed.lead.053@example.com,crm,f,2026-07-23 22:21:00.849+00,2026-07-23 22:21:00.849+00
036d75db-e04b-4939-bea5-6442564721a7,86261c7d-d683-401a-a6bb-c8c5b1092bd6,32ccdbe1-627f-4fe3-a506-056b997ed89b,document,05300828282474,05300828282474,crm,f,2026-07-23 22:21:00.869+00,2026-07-23 22:21:00.869+00
961a0e3a-09ed-4932-acb3-181cea4555a7,349326a1-a1b6-45cb-b91c-d0390405d051,760fc14a-229e-4212-9aa9-f90de968af69,email,prof.edgard.ed@gmail.com,prof.edgard.ed@gmail.com,crm,f,2026-07-23 21:22:30.27+00,2026-07-27 17:50:11.464+00
4ffbd397-7aa1-46f4-b369-533aed64690b,ea8844a2-0f68-4c20-bf9f-9b9da4460417,862835fd-54ad-4ebd-986a-b5392f1bb227,document,24231767000190,24231767000190,crm,f,2026-07-23 20:45:45.595+00,2026-07-24 14:24:54.05+00
c7936b23-fca8-4628-80af-7ba2323ff898,349326a1-a1b6-45cb-b91c-d0390405d051,760fc14a-229e-4212-9aa9-f90de968af69,document,53202507000194,53202507000194,crm,f,2026-07-23 21:22:30.289+00,2026-07-27 17:50:11.505+00
018dd013-5dff-4106-ae8a-bffcfdcf8eac,ff8cc844-7e1c-480b-8a92-45d89f04342d,32ccdbe1-627f-4fe3-a506-056b997ed89b,lead_id,0455fef4-976c-41ef-8837-efcf1bbe165d,0455fef4-976c-41ef-8837-efcf1bbe165d,crm,f,2026-07-23 22:20:53.499+00,2026-07-23 22:20:53.499+00
32f639d5-21b4-486e-b12e-db47e6625ce6,89dcb39b-5698-4137-859b-06459678b5a1,32ccdbe1-627f-4fe3-a506-056b997ed89b,phone,11988612449,5511988612449,crm,t,2026-07-23 22:20:53.687+00,2026-07-23 22:20:53.687+00
f401ce2d-49e8-4ab4-81ab-95f788bd912f,89dcb39b-5698-4137-859b-06459678b5a1,32ccdbe1-627f-4fe3-a506-056b997ed89b,lead_id,04b87026-6e55-48dc-a249-cbcdaed9d83b,04b87026-6e55-48dc-a249-cbcdaed9d83b,crm,f,2026-07-23 22:20:53.703+00,2026-07-23 22:20:53.703+00
36a03e21-77ae-4b25-b802-2d5f12df5806,de05199a-66ba-4e25-9012-3f54de033b81,32ccdbe1-627f-4fe3-a506-056b997ed89b,phone,11903410440,5511903410440,crm,t,2026-07-23 22:20:53.878+00,2026-07-23 22:20:53.878+00
3859ad8d-cfd4-49e2-b7c1-424214bc8d2f,de05199a-66ba-4e25-9012-3f54de033b81,32ccdbe1-627f-4fe3-a506-056b997ed89b,email,seed.lead.108@example.com,seed.lead.108@example.com,crm,f,2026-07-23 22:20:53.892+00,2026-07-23 22:20:53.892+00
a9e570dd-4291-4a86-a935-2680742b156d,de05199a-66ba-4e25-9012-3f54de033b81,32ccdbe1-627f-4fe3-a506-056b997ed89b,lead_id,205d2715-3751-4174-83cd-823143849804,205d2715-3751-4174-83cd-823143849804,crm,f,2026-07-23 22:20:53.914+00,2026-07-23 22:20:53.914+00
6123d524-1b7e-4867-b9ac-500afcb670ed,982051d7-4183-49b8-a3ed-d97daf634341,32ccdbe1-627f-4fe3-a506-056b997ed89b,phone,11938011885,5511938011885,crm,t,2026-07-23 22:20:54.084+00,2026-07-23 22:20:54.084+00
9b4b5e59-432f-49ae-87b3-707036b7c7fc,982051d7-4183-49b8-a3ed-d97daf634341,32ccdbe1-627f-4fe3-a506-056b997ed89b,email,seed.lead.115@example.com,seed.lead.115@example.com,crm,f,2026-07-23 22:20:54.14+00,2026-07-23 22:20:54.14+00
9ed86037-b92b-4feb-a443-2fcf84ec3435,982051d7-4183-49b8-a3ed-d97daf634341,32ccdbe1-627f-4fe3-a506-056b997ed89b,lead_id,0ab4b028-e949-4ccd-9d5b-becde17822be,0ab4b028-e949-4ccd-9d5b-becde17822be,crm,f,2026-07-23 22:20:54.162+00,2026-07-23 22:20:54.162+00
888d81ba-30cf-43f8-b134-cf31991b2857,0be6e378-e839-41b3-b1df-28e416907c63,32ccdbe1-627f-4fe3-a506-056b997ed89b,phone,(11) 97890-1122,5511978901122,crm,t,2026-07-23 22:20:54.332+00,2026-07-23 22:20:54.332+00
737349b4-e70a-4f2a-8c11-220436c80a85,0be6e378-e839-41b3-b1df-28e416907c63,32ccdbe1-627f-4fe3-a506-056b997ed89b,email,secretaria@falamundo.edu.br,secretaria@falamundo.edu.br,crm,f,2026-07-23 22:20:54.347+00,2026-07-23 22:20:54.347+00
cc135b6e-8f11-4cb5-8363-d281367279d1,0be6e378-e839-41b3-b1df-28e416907c63,32ccdbe1-627f-4fe3-a506-056b997ed89b,document,15263748000189,15263748000189,crm,f,2026-07-23 22:20:54.367+00,2026-07-23 22:20:54.367+00
b8957d43-4232-4950-b073-3d5de1abae45,0be6e378-e839-41b3-b1df-28e416907c63,32ccdbe1-627f-4fe3-a506-056b997ed89b,lead_id,39201011-31c5-4dd1-bd04-8c74f9f44103,39201011-31c5-4dd1-bd04-8c74f9f44103,crm,f,2026-07-23 22:20:54.388+00,2026-07-23 22:20:54.388+00
f0edfdf5-b7a5-438a-9dbf-8f8a5878aef2,473aa052-bc1e-445c-b315-5379ec440a77,32ccdbe1-627f-4fe3-a506-056b997ed89b,phone,11966603480,5511966603480,crm,t,2026-07-23 22:20:54.585+00,2026-07-23 22:20:54.585+00
66a14630-f5bf-4b38-bbea-b159e8e57efd,473aa052-bc1e-445c-b315-5379ec440a77,32ccdbe1-627f-4fe3-a506-056b997ed89b,email,seed.lead.078@example.com,seed.lead.078@example.com,crm,f,2026-07-23 22:20:54.602+00,2026-07-23 22:20:54.602+00
d40e4deb-81dc-4965-8527-2eb4568639ca,473aa052-bc1e-445c-b315-5379ec440a77,32ccdbe1-627f-4fe3-a506-056b997ed89b,lead_id,0d55603e-a6e5-4c2a-8958-253c3ec3f624,0d55603e-a6e5-4c2a-8958-253c3ec3f624,crm,f,2026-07-23 22:20:54.624+00,2026-07-23 22:20:54.624+00
64125acf-3dfc-4a24-9367-cc49b147b869,19090a4f-20f6-424d-b4c3-92129329eee4,32ccdbe1-627f-4fe3-a506-056b997ed89b,phone,11960808955,5511960808955,crm,t,2026-07-23 22:20:54.793+00,2026-07-23 22:20:54.793+00
564b60ec-30d3-46ad-9b1f-d24ee4e68ec1,19090a4f-20f6-424d-b4c3-92129329eee4,32ccdbe1-627f-4fe3-a506-056b997ed89b,email,seed.lead.147@example.com,seed.lead.147@example.com,crm,f,2026-07-23 22:20:54.807+00,2026-07-23 22:20:54.807+00
41d6455e-cd5e-4247-80f9-5d046bfec59e,19090a4f-20f6-424d-b4c3-92129329eee4,32ccdbe1-627f-4fe3-a506-056b997ed89b,lead_id,0ec0290e-816b-4528-8065-ed72dea4a172,0ec0290e-816b-4528-8065-ed72dea4a172,crm,f,2026-07-23 22:20:54.828+00,2026-07-23 22:20:54.828+00
6024704b-b2ec-4d33-b93d-aeda00e312a8,3e710610-aa52-4a6a-9a76-cfe6a3bdcd4a,32ccdbe1-627f-4fe3-a506-056b997ed89b,phone,21988772233,5521988772233,crm,t,2026-07-23 22:20:55+00,2026-07-23 22:20:55+00
085f0428-d904-4830-bdce-47b03cae0618,3e710610-aa52-4a6a-9a76-cfe6a3bdcd4a,32ccdbe1-627f-4fe3-a506-056b997ed89b,email,vendas@bebidasgeladas.dist.br,vendas@bebidasgeladas.dist.br,crm,f,2026-07-23 22:20:55.014+00,2026-07-23 22:20:55.014+00
c8702bf8-56d7-4683-b429-abab94552ac2,3e710610-aa52-4a6a-9a76-cfe6a3bdcd4a,32ccdbe1-627f-4fe3-a506-056b997ed89b,document,26374859000190,26374859000190,crm,f,2026-07-23 22:20:55.036+00,2026-07-23 22:20:55.036+00
9800c783-5001-4593-bbbf-eeabd4c4253c,3e710610-aa52-4a6a-9a76-cfe6a3bdcd4a,32ccdbe1-627f-4fe3-a506-056b997ed89b,lead_id,c138e244-caea-4e45-b9ff-7e386eb1c495,c138e244-caea-4e45-b9ff-7e386eb1c495,crm,f,2026-07-23 22:20:55.056+00,2026-07-23 22:20:55.056+00
23e2ae97-f4d4-448a-bae0-c8c03965828e,db352405-5808-4e66-b510-abb53f0b2286,32ccdbe1-627f-4fe3-a506-056b997ed89b,phone,(31) 96655-3344,5531966553344,crm,t,2026-07-23 22:20:55.23+00,2026-07-23 22:20:55.23+00
cc02c230-3907-4a20-b1ec-9624d0687207,db352405-5808-4e66-b510-abb53f0b2286,32ccdbe1-627f-4fe3-a506-056b997ed89b,document,37485960000101,37485960000101,crm,f,2026-07-23 22:20:55.245+00,2026-07-23 22:20:55.245+00
cd9dc735-c903-4f95-a2d6-3d6e402c59e0,db352405-5808-4e66-b510-abb53f0b2286,32ccdbe1-627f-4fe3-a506-056b997ed89b,lead_id,946ab627-f94a-44a7-a2c4-8e1c096c328a,946ab627-f94a-44a7-a2c4-8e1c096c328a,crm,f,2026-07-23 22:20:55.266+00,2026-07-23 22:20:55.266+00
0c7bc15e-5fbb-4402-b336-1a193dd409d1,57f6b660-d9bd-4a0d-a9c0-7c8507add50a,32ccdbe1-627f-4fe3-a506-056b997ed89b,phone,(41) 95544-4455,5541955444455,crm,t,2026-07-23 22:20:55.432+00,2026-07-23 22:20:55.432+00
b375de49-99ef-4e7f-9215-ba1a188b8590,57f6b660-d9bd-4a0d-a9c0-7c8507add50a,32ccdbe1-627f-4fe3-a506-056b997ed89b,email,pedidos@temperocaseiro.food,pedidos@temperocaseiro.food,crm,f,2026-07-23 22:20:55.446+00,2026-07-23 22:20:55.446+00
5b760bfe-cbc5-4b4f-a70d-d8aca184a470,57f6b660-d9bd-4a0d-a9c0-7c8507add50a,32ccdbe1-627f-4fe3-a506-056b997ed89b,lead_id,1d377ef8-7e96-4394-b607-c53c6f79ab3f,1d377ef8-7e96-4394-b607-c53c6f79ab3f,crm,f,2026-07-23 22:20:55.468+00,2026-07-23 22:20:55.468+00
f721d339-5ae8-4858-ad86-395e89aea869,4f35d804-7bed-4b20-9ef9-1692144dcaff,32ccdbe1-627f-4fe3-a506-056b997ed89b,phone,11952294688,5511952294688,crm,t,2026-07-23 22:20:55.641+00,2026-07-23 22:20:55.641+00
5fc68d3d-e4f8-4e0c-a32f-fae939c89da9,4f35d804-7bed-4b20-9ef9-1692144dcaff,32ccdbe1-627f-4fe3-a506-056b997ed89b,email,seed.lead.032@example.com,seed.lead.032@example.com,crm,f,2026-07-23 22:20:55.655+00,2026-07-23 22:20:55.655+00
c85e7e0b-2ede-42dc-ae87-3e9e6a56c837,4f35d804-7bed-4b20-9ef9-1692144dcaff,32ccdbe1-627f-4fe3-a506-056b997ed89b,document,03218944225546,03218944225546,crm,f,2026-07-23 22:20:55.676+00,2026-07-23 22:20:55.676+00
ca90b250-9f36-434d-a7b6-674b7f0b34b4,4f35d804-7bed-4b20-9ef9-1692144dcaff,32ccdbe1-627f-4fe3-a506-056b997ed89b,lead_id,159ad819-75fb-4922-8d1f-cebf58c95496,159ad819-75fb-4922-8d1f-cebf58c95496,crm,f,2026-07-23 22:20:55.697+00,2026-07-23 22:20:55.697+00
d8f197ca-b053-47cd-83ca-80e0b1ff4391,24581be6-3618-4727-bf18-bd854d624890,32ccdbe1-627f-4fe3-a506-056b997ed89b,phone,11972293404,5511972293404,crm,t,2026-07-23 22:20:55.861+00,2026-07-23 22:20:55.861+00
8ac8fc36-00d6-4d02-8701-012fc35dbddd,24581be6-3618-4727-bf18-bd854d624890,32ccdbe1-627f-4fe3-a506-056b997ed89b,email,seed.lead.006@example.com,seed.lead.006@example.com,crm,f,2026-07-23 22:20:55.875+00,2026-07-23 22:20:55.875+00
ce2092a1-5bd2-4f7f-8790-a3da8a4df03b,24581be6-3618-4727-bf18-bd854d624890,32ccdbe1-627f-4fe3-a506-056b997ed89b,lead_id,17223851-e65f-4fc3-80b5-ea177a9a826a,17223851-e65f-4fc3-80b5-ea177a9a826a,crm,f,2026-07-23 22:20:55.896+00,2026-07-23 22:20:55.896+00
12d9b2e2-4201-406b-8b14-f657b4dcbc26,86df656d-a7e6-4ec8-b1f8-9b0cd7640f01,32ccdbe1-627f-4fe3-a506-056b997ed89b,phone,11235489784,5511235489784,crm,t,2026-07-23 22:20:56.065+00,2026-07-23 22:20:56.065+00
842b4830-f096-47f9-acd1-6bd668919a88,7bdf0423-7762-4c5b-bf56-eb6d822b6240,32ccdbe1-627f-4fe3-a506-056b997ed89b,phone,11974536739,5511974536739,crm,t,2026-07-23 22:20:56.294+00,2026-07-23 22:20:56.294+00
09ff9d73-0fea-4a0e-ae54-8926235943f5,7bdf0423-7762-4c5b-bf56-eb6d822b6240,32ccdbe1-627f-4fe3-a506-056b997ed89b,email,seed.lead.030@example.com,seed.lead.030@example.com,crm,f,2026-07-23 22:20:56.308+00,2026-07-23 22:20:56.308+00
ebff3174-bd39-4189-8347-1ca64195b583,7bdf0423-7762-4c5b-bf56-eb6d822b6240,32ccdbe1-627f-4fe3-a506-056b997ed89b,lead_id,1fdb49d5-7b45-47f5-b2f8-a3db3cdb2002,1fdb49d5-7b45-47f5-b2f8-a3db3cdb2002,crm,f,2026-07-23 22:20:56.328+00,2026-07-23 22:20:56.328+00
418dbcbe-56a9-475f-9107-9591064bc3ee,dc094059-c0e1-407f-95a8-e6f8c736ab72,32ccdbe1-627f-4fe3-a506-056b997ed89b,phone,11942168840,5511942168840,crm,t,2026-07-23 22:20:56.519+00,2026-07-23 22:20:56.519+00
ad25f3c0-fe33-417f-83df-78f44fc8f77a,dc094059-c0e1-407f-95a8-e6f8c736ab72,32ccdbe1-627f-4fe3-a506-056b997ed89b,email,seed.lead.042@example.com,seed.lead.042@example.com,crm,f,2026-07-23 22:20:56.532+00,2026-07-23 22:20:56.532+00
88883e61-20fb-4b8c-b4f9-b3f151405412,dc094059-c0e1-407f-95a8-e6f8c736ab72,32ccdbe1-627f-4fe3-a506-056b997ed89b,lead_id,31127827-8c7c-4e85-8100-04b6dabc7e6a,31127827-8c7c-4e85-8100-04b6dabc7e6a,crm,f,2026-07-23 22:20:56.553+00,2026-07-23 22:20:56.553+00
83e68485-688c-4ac6-b8c2-5a88805b3c2c,16cd2b8c-8b42-413d-b5c3-85515b990a29,32ccdbe1-627f-4fe3-a506-056b997ed89b,phone,11909424575,5511909424575,crm,t,2026-07-23 22:20:56.716+00,2026-07-23 22:20:56.716+00
64f2a5c0-5604-4503-aae0-e7a47027d972,16cd2b8c-8b42-413d-b5c3-85515b990a29,32ccdbe1-627f-4fe3-a506-056b997ed89b,lead_id,29a3ffc4-9332-42a8-a0c3-a7390e76fc1f,29a3ffc4-9332-42a8-a0c3-a7390e76fc1f,crm,f,2026-07-23 22:20:56.73+00,2026-07-23 22:20:56.73+00
358db24c-04bf-486a-94d7-1d417c342774,da40d6d8-3c3f-4d96-992d-3d903b8c3f61,32ccdbe1-627f-4fe3-a506-056b997ed89b,phone,11959721576,5511959721576,crm,t,2026-07-23 22:20:56.899+00,2026-07-23 22:20:56.899+00
cb4fdb08-30b5-494d-baa3-6a25d10fd1f7,da40d6d8-3c3f-4d96-992d-3d903b8c3f61,32ccdbe1-627f-4fe3-a506-056b997ed89b,email,seed.lead.091@example.com,seed.lead.091@example.com,crm,f,2026-07-23 22:20:56.914+00,2026-07-23 22:20:56.914+00
8423d962-7476-4610-a944-831f0c3cbb76,da40d6d8-3c3f-4d96-992d-3d903b8c3f61,32ccdbe1-627f-4fe3-a506-056b997ed89b,document,09118608876214,09118608876214,crm,f,2026-07-23 22:20:56.935+00,2026-07-23 22:20:56.935+00
96531f36-fdd3-4a75-b7b8-4ac844f2cdbe,da40d6d8-3c3f-4d96-992d-3d903b8c3f61,32ccdbe1-627f-4fe3-a506-056b997ed89b,lead_id,2b5a94b5-cca6-4646-8b48-49b418c435e8,2b5a94b5-cca6-4646-8b48-49b418c435e8,crm,f,2026-07-23 22:20:56.956+00,2026-07-23 22:20:56.956+00
4ecedab7-b09b-435c-8990-25f5b14e3591,dacb6671-7907-462e-a11b-7814e0adb2b7,32ccdbe1-627f-4fe3-a506-056b997ed89b,phone,11917815875,5511917815875,crm,t,2026-07-23 22:20:57.13+00,2026-07-23 22:20:57.13+00
6450a5ae-7d96-4a1e-9fdc-707432e8922b,86df656d-a7e6-4ec8-b1f8-9b0cd7640f01,32ccdbe1-627f-4fe3-a506-056b997ed89b,document,11.979.979/0001-08,11979979000108,crm,f,2026-07-23 22:20:56.101+00,2026-07-23 22:28:57.982+00
8462a61a-8313-4d9a-949f-9262fe60b7cb,dacb6671-7907-462e-a11b-7814e0adb2b7,32ccdbe1-627f-4fe3-a506-056b997ed89b,email,seed.lead.086@example.com,seed.lead.086@example.com,crm,f,2026-07-23 22:20:57.143+00,2026-07-23 22:20:57.143+00
17bf5f0f-6ebe-41d1-a38d-99f606e639a3,dacb6671-7907-462e-a11b-7814e0adb2b7,32ccdbe1-627f-4fe3-a506-056b997ed89b,document,08632116306662,08632116306662,crm,f,2026-07-23 22:20:57.164+00,2026-07-23 22:20:57.164+00
821e6bee-2b96-4297-b446-cdffcc24cafe,dacb6671-7907-462e-a11b-7814e0adb2b7,32ccdbe1-627f-4fe3-a506-056b997ed89b,lead_id,349f7d0c-fe3e-4bab-9bb8-50214dcb0b4a,349f7d0c-fe3e-4bab-9bb8-50214dcb0b4a,crm,f,2026-07-23 22:20:57.185+00,2026-07-23 22:20:57.185+00
0644b992-4649-4054-99b3-54d961fada5c,c7d98c35-0d5d-499a-9c53-28b281a095b4,32ccdbe1-627f-4fe3-a506-056b997ed89b,lead_id,ce4fa977-d02d-4e58-ab8f-432d1f508bef,ce4fa977-d02d-4e58-ab8f-432d1f508bef,crm,f,2026-07-23 22:20:57.366+00,2026-07-23 22:20:57.366+00
a7e569a4-67d5-431e-9df4-18589080503c,37c026d1-ce4d-4495-b976-2a2aab3f3cae,32ccdbe1-627f-4fe3-a506-056b997ed89b,phone,11953022042,5511953022042,crm,t,2026-07-23 22:20:57.538+00,2026-07-23 22:20:57.538+00
01e11f3f-e35f-4c2f-8be1-11f8ea4e63ba,37c026d1-ce4d-4495-b976-2a2aab3f3cae,32ccdbe1-627f-4fe3-a506-056b997ed89b,email,seed.lead.058@example.com,seed.lead.058@example.com,crm,f,2026-07-23 22:20:57.552+00,2026-07-23 22:20:57.552+00
ff0b0384-bc56-4a05-8bf2-913166a8c3cb,37c026d1-ce4d-4495-b976-2a2aab3f3cae,32ccdbe1-627f-4fe3-a506-056b997ed89b,document,05819279520331,05819279520331,crm,f,2026-07-23 22:20:57.577+00,2026-07-23 22:20:57.577+00
69bb6be6-8285-4b3c-8df3-12c6ec70ba74,37c026d1-ce4d-4495-b976-2a2aab3f3cae,32ccdbe1-627f-4fe3-a506-056b997ed89b,lead_id,41ae83bf-cf76-4a2f-8d15-24e9cd69a6a2,41ae83bf-cf76-4a2f-8d15-24e9cd69a6a2,crm,f,2026-07-23 22:20:57.598+00,2026-07-23 22:20:57.598+00
9f996fc4-e70f-438a-90e6-03eb72004b74,b13cc104-c146-418c-9715-e8fe933513f9,32ccdbe1-627f-4fe3-a506-056b997ed89b,phone,11994473969,5511994473969,crm,t,2026-07-23 22:20:57.78+00,2026-07-23 22:20:57.78+00
51a9e425-2265-4b40-8139-7f3a98c410c7,b13cc104-c146-418c-9715-e8fe933513f9,32ccdbe1-627f-4fe3-a506-056b997ed89b,email,seed.lead.059@example.com,seed.lead.059@example.com,crm,f,2026-07-23 22:20:57.794+00,2026-07-23 22:20:57.794+00
a1cb6074-ef35-4da1-8879-8f4d2a3cc884,b13cc104-c146-418c-9715-e8fe933513f9,32ccdbe1-627f-4fe3-a506-056b997ed89b,document,05992560613087,05992560613087,crm,f,2026-07-23 22:20:57.814+00,2026-07-23 22:20:57.814+00
444a8a20-44b0-48e4-96e0-c2fcc6854554,b13cc104-c146-418c-9715-e8fe933513f9,32ccdbe1-627f-4fe3-a506-056b997ed89b,lead_id,4a99ceef-9faf-4e5a-ba04-1562b8c62018,4a99ceef-9faf-4e5a-ba04-1562b8c62018,crm,f,2026-07-23 22:20:57.835+00,2026-07-23 22:20:57.835+00
43a3bcf7-8303-4e91-b980-2f08ce5d30b5,a0fbb3e6-36bc-41d3-9520-cfb65a840929,32ccdbe1-627f-4fe3-a506-056b997ed89b,phone,11900429696,5511900429696,crm,t,2026-07-23 22:20:58.006+00,2026-07-23 22:20:58.006+00
1a52b3fa-499e-4e45-9b6b-09ddf84054e3,a0fbb3e6-36bc-41d3-9520-cfb65a840929,32ccdbe1-627f-4fe3-a506-056b997ed89b,lead_id,37bed4a1-bf33-4fe1-b522-9c09f5bda540,37bed4a1-bf33-4fe1-b522-9c09f5bda540,crm,f,2026-07-23 22:20:58.021+00,2026-07-23 22:20:58.021+00
3f5862e3-2274-418f-9388-852f67327577,4d7cecc9-3bd4-449c-9bf5-db435c6a25e9,32ccdbe1-627f-4fe3-a506-056b997ed89b,phone,11939335347,5511939335347,crm,t,2026-07-23 22:20:58.191+00,2026-07-23 22:20:58.191+00
a27cc37c-86d2-4218-aad6-79f20bee47b3,4d7cecc9-3bd4-449c-9bf5-db435c6a25e9,32ccdbe1-627f-4fe3-a506-056b997ed89b,email,seed.lead.125@example.com,seed.lead.125@example.com,crm,f,2026-07-23 22:20:58.206+00,2026-07-23 22:20:58.206+00
7e590893-e0e3-4f36-a32e-549b22d9ce84,4d7cecc9-3bd4-449c-9bf5-db435c6a25e9,32ccdbe1-627f-4fe3-a506-056b997ed89b,lead_id,4c78063b-caca-40b3-8bcf-c7a9419dfee7,4c78063b-caca-40b3-8bcf-c7a9419dfee7,crm,f,2026-07-23 22:20:58.228+00,2026-07-23 22:20:58.228+00
7b44d23c-b393-4216-a585-67f61b4d51d8,db6989eb-b353-4ad9-854a-9b3df0492fd5,32ccdbe1-627f-4fe3-a506-056b997ed89b,phone,11936137593,5511936137593,crm,t,2026-07-23 22:20:58.396+00,2026-07-23 22:20:58.396+00
3afce114-ca25-424b-ab9d-7de58254435f,db6989eb-b353-4ad9-854a-9b3df0492fd5,32ccdbe1-627f-4fe3-a506-056b997ed89b,email,seed.lead.029@example.com,seed.lead.029@example.com,crm,f,2026-07-23 22:20:58.41+00,2026-07-23 22:20:58.41+00
f6d807d7-6312-4973-b7a0-eecf908e00d8,db6989eb-b353-4ad9-854a-9b3df0492fd5,32ccdbe1-627f-4fe3-a506-056b997ed89b,lead_id,5b434958-95a5-42ad-85ed-625657758494,5b434958-95a5-42ad-85ed-625657758494,crm,f,2026-07-23 22:20:58.431+00,2026-07-23 22:20:58.431+00
69d90c12-8c9d-450c-8525-9070b3e73773,e11f5830-a23b-4fca-a9a2-845bb115b582,32ccdbe1-627f-4fe3-a506-056b997ed89b,phone,11930551102,5511930551102,crm,t,2026-07-23 22:20:58.599+00,2026-07-23 22:20:58.599+00
79ab4a32-7bbd-4cb0-b27c-eaaeb5f32009,e11f5830-a23b-4fca-a9a2-845bb115b582,32ccdbe1-627f-4fe3-a506-056b997ed89b,lead_id,619161ed-bd05-4c94-b9f0-fac325f3ebc5,619161ed-bd05-4c94-b9f0-fac325f3ebc5,crm,f,2026-07-23 22:20:58.612+00,2026-07-23 22:20:58.612+00
b9cfb21f-7100-4718-824d-5e16e5527e0d,fb97497f-7a04-40c4-93b8-0e1b316e8ea6,32ccdbe1-627f-4fe3-a506-056b997ed89b,phone,11985884048,5511985884048,crm,t,2026-07-23 22:20:58.767+00,2026-07-23 22:20:58.767+00
55c13f4b-a383-409f-9c53-5332066551ce,fb97497f-7a04-40c4-93b8-0e1b316e8ea6,32ccdbe1-627f-4fe3-a506-056b997ed89b,lead_id,7c0844ec-c4dc-4d10-adcc-e7c0c67e1da0,7c0844ec-c4dc-4d10-adcc-e7c0c67e1da0,crm,f,2026-07-23 22:20:58.78+00,2026-07-23 22:20:58.78+00
d73f4a2e-4199-4f14-8004-99688a62ae93,7517b499-138b-480b-bc5c-f78306eeb961,32ccdbe1-627f-4fe3-a506-056b997ed89b,document,60746948000112,60746948000112,crm,f,2026-07-23 22:20:58.962+00,2026-07-23 22:20:58.962+00
4a586f56-4629-4c19-83a5-7a1e4f1411d9,7517b499-138b-480b-bc5c-f78306eeb961,32ccdbe1-627f-4fe3-a506-056b997ed89b,lead_id,bff2cb4f-98dd-44e5-bb2a-fbf995b4acd9,bff2cb4f-98dd-44e5-bb2a-fbf995b4acd9,crm,f,2026-07-23 22:20:58.981+00,2026-07-23 22:20:58.981+00
19f9b613-97b6-4ffd-953a-bd4522447e82,0223f7b3-be5f-48db-bd22-ba40ac850c42,32ccdbe1-627f-4fe3-a506-056b997ed89b,phone,11969523933,5511969523933,crm,t,2026-07-23 22:20:59.134+00,2026-07-23 22:20:59.134+00
00f9f8f4-5bef-4d02-99ca-3f3d1ed3d614,0223f7b3-be5f-48db-bd22-ba40ac850c42,32ccdbe1-627f-4fe3-a506-056b997ed89b,email,seed.lead.071@example.com,seed.lead.071@example.com,crm,f,2026-07-23 22:20:59.147+00,2026-07-23 22:20:59.147+00
eff846c5-2b2e-43c0-8dc2-231e4baede05,0223f7b3-be5f-48db-bd22-ba40ac850c42,32ccdbe1-627f-4fe3-a506-056b997ed89b,lead_id,499be635-2674-488e-a65d-f91cd08c932a,499be635-2674-488e-a65d-f91cd08c932a,crm,f,2026-07-23 22:20:59.166+00,2026-07-23 22:20:59.166+00
321feb38-5248-4272-bccf-7febeb0ca331,250a96a7-1fb7-4ca0-aa9d-ab6b896c263b,32ccdbe1-627f-4fe3-a506-056b997ed89b,phone,11986674700,5511986674700,crm,t,2026-07-23 22:20:59.318+00,2026-07-23 22:20:59.318+00
99c61e10-7598-4e6e-9dbc-ad05ede03a95,250a96a7-1fb7-4ca0-aa9d-ab6b896c263b,32ccdbe1-627f-4fe3-a506-056b997ed89b,email,matheuswilloyuhck@yahoo.com,matheuswilloyuhck@yahoo.com,crm,f,2026-07-23 22:20:59.331+00,2026-07-23 22:20:59.331+00
5bff0821-7bb7-4f54-85b1-f0840e3d2852,250a96a7-1fb7-4ca0-aa9d-ab6b896c263b,32ccdbe1-627f-4fe3-a506-056b997ed89b,lead_id,99b741b7-d757-435d-8a90-aa82866fa47a,99b741b7-d757-435d-8a90-aa82866fa47a,crm,f,2026-07-23 22:20:59.351+00,2026-07-23 22:20:59.351+00
b6d84b49-58b8-4623-8c43-50f4a80d0e66,476921c7-04ff-4307-8f26-626ac8455abb,32ccdbe1-627f-4fe3-a506-056b997ed89b,phone,11903069155,5511903069155,crm,t,2026-07-23 22:20:59.503+00,2026-07-23 22:20:59.503+00
151fae05-78f9-49a3-a5d8-96fa9dcbe96b,476921c7-04ff-4307-8f26-626ac8455abb,32ccdbe1-627f-4fe3-a506-056b997ed89b,email,seed.lead.109@example.com,seed.lead.109@example.com,crm,f,2026-07-23 22:20:59.522+00,2026-07-23 22:20:59.522+00
ca946431-ba1e-4eda-94c8-1608182d3c74,476921c7-04ff-4307-8f26-626ac8455abb,32ccdbe1-627f-4fe3-a506-056b997ed89b,lead_id,501e7341-44d7-41f3-a6fe-9b24062509ac,501e7341-44d7-41f3-a6fe-9b24062509ac,crm,f,2026-07-23 22:20:59.541+00,2026-07-23 22:20:59.541+00
c1055617-8439-481a-b317-fcf11adb888a,a000169f-eb81-48e6-bd2d-33d24eebc3ba,32ccdbe1-627f-4fe3-a506-056b997ed89b,phone,11916893804,5511916893804,crm,t,2026-07-23 22:20:59.693+00,2026-07-23 22:20:59.693+00
a2f9dc36-455e-4926-bf2a-dc8df64f586a,a000169f-eb81-48e6-bd2d-33d24eebc3ba,32ccdbe1-627f-4fe3-a506-056b997ed89b,email,seed.lead.129@example.com,seed.lead.129@example.com,crm,f,2026-07-23 22:20:59.706+00,2026-07-23 22:20:59.706+00
efd241a2-3f33-40f3-9e0a-018a28b9f77d,a000169f-eb81-48e6-bd2d-33d24eebc3ba,32ccdbe1-627f-4fe3-a506-056b997ed89b,lead_id,51676704-92a4-4b25-820e-2f2e59b15787,51676704-92a4-4b25-820e-2f2e59b15787,crm,f,2026-07-23 22:20:59.725+00,2026-07-23 22:20:59.725+00
ca764aa3-9a4b-405c-9328-d433c8bac3b6,2763f628-540a-449d-91e7-632cad8c3548,32ccdbe1-627f-4fe3-a506-056b997ed89b,phone,11972462325,5511972462325,crm,t,2026-07-23 22:20:59.873+00,2026-07-23 22:20:59.873+00
7502ed47-92f2-4922-a315-e21c36869c5c,2763f628-540a-449d-91e7-632cad8c3548,32ccdbe1-627f-4fe3-a506-056b997ed89b,email,seed.lead.072@example.com,seed.lead.072@example.com,crm,f,2026-07-23 22:20:59.886+00,2026-07-23 22:20:59.886+00
a441e9ac-322c-4fea-86fc-2430693bcfeb,2763f628-540a-449d-91e7-632cad8c3548,32ccdbe1-627f-4fe3-a506-056b997ed89b,lead_id,51cbb636-be83-4d51-a668-96e7700a2662,51cbb636-be83-4d51-a668-96e7700a2662,crm,f,2026-07-23 22:20:59.905+00,2026-07-23 22:20:59.905+00
a756e2a1-14ab-47ff-9c1e-facced7a133e,11d2d375-0a0d-47c7-a2dc-fd1d3e2fac5c,32ccdbe1-627f-4fe3-a506-056b997ed89b,phone,11946778503,5511946778503,crm,t,2026-07-23 22:21:00.056+00,2026-07-23 22:21:00.056+00
29f32e0a-30d6-4d6e-8ca9-ddf121ca8682,11d2d375-0a0d-47c7-a2dc-fd1d3e2fac5c,32ccdbe1-627f-4fe3-a506-056b997ed89b,email,seed.lead.126@example.com,seed.lead.126@example.com,crm,f,2026-07-23 22:21:00.068+00,2026-07-23 22:21:00.068+00
930f33d2-bcc6-4303-894c-acb1f987ed81,11d2d375-0a0d-47c7-a2dc-fd1d3e2fac5c,32ccdbe1-627f-4fe3-a506-056b997ed89b,document,12602973211199,12602973211199,crm,f,2026-07-23 22:21:00.086+00,2026-07-23 22:21:00.086+00
71d859cf-0793-4d68-86f5-3cf9817be608,11d2d375-0a0d-47c7-a2dc-fd1d3e2fac5c,32ccdbe1-627f-4fe3-a506-056b997ed89b,lead_id,51ebdca9-b4be-490f-9354-8dd31371ed1a,51ebdca9-b4be-490f-9354-8dd31371ed1a,crm,f,2026-07-23 22:21:00.105+00,2026-07-23 22:21:00.105+00
fb45b6b8-6138-415e-985e-4d6ed44ee525,846fa8ff-7e97-4171-9381-8b8418b08d1b,32ccdbe1-627f-4fe3-a506-056b997ed89b,phone,11940333637,5511940333637,crm,t,2026-07-23 22:21:00.256+00,2026-07-23 22:21:00.256+00
c89065a9-cf36-452e-a594-107cee06e7cf,846fa8ff-7e97-4171-9381-8b8418b08d1b,32ccdbe1-627f-4fe3-a506-056b997ed89b,email,seed.lead.096@example.com,seed.lead.096@example.com,crm,f,2026-07-23 22:21:00.27+00,2026-07-23 22:21:00.27+00
9bce688c-ebcc-4f36-9bca-9393e14fd2b8,846fa8ff-7e97-4171-9381-8b8418b08d1b,32ccdbe1-627f-4fe3-a506-056b997ed89b,lead_id,5435c135-9700-4c21-ba97-e5e1f5587b09,5435c135-9700-4c21-ba97-e5e1f5587b09,crm,f,2026-07-23 22:21:00.289+00,2026-07-23 22:21:00.289+00
5c0d3f2a-3eec-425b-ba9b-6d135ce1f76b,1e6741d6-89b3-46cb-a1f2-c8ee2267b7e9,32ccdbe1-627f-4fe3-a506-056b997ed89b,phone,11922383320,5511922383320,crm,t,2026-07-23 22:21:00.44+00,2026-07-23 22:21:00.44+00
25dd5e8e-de29-4e24-be1e-5bc65d8ebc90,1e6741d6-89b3-46cb-a1f2-c8ee2267b7e9,32ccdbe1-627f-4fe3-a506-056b997ed89b,email,seed.lead.080@example.com,seed.lead.080@example.com,crm,f,2026-07-23 22:21:00.453+00,2026-07-23 22:21:00.453+00
e554a797-480b-40f1-b7fd-5df4277b2284,1e6741d6-89b3-46cb-a1f2-c8ee2267b7e9,32ccdbe1-627f-4fe3-a506-056b997ed89b,lead_id,551afb33-7313-490c-ad9f-b0f97a3e0b8c,551afb33-7313-490c-ad9f-b0f97a3e0b8c,crm,f,2026-07-23 22:21:00.473+00,2026-07-23 22:21:00.473+00
ede2a02b-374e-497d-9db7-bbcf19332185,86261c7d-d683-401a-a6bb-c8c5b1092bd6,32ccdbe1-627f-4fe3-a506-056b997ed89b,lead_id,7d168e53-5cfa-436a-8c1b-e6726e553041,7d168e53-5cfa-436a-8c1b-e6726e553041,crm,f,2026-07-23 22:21:00.888+00,2026-07-23 22:21:00.888+00
206d352d-48d2-427e-98fa-a86dc478d289,c1ce768a-2927-482f-859a-8a92ee3082ba,32ccdbe1-627f-4fe3-a506-056b997ed89b,phone,11968128069,5511968128069,crm,t,2026-07-23 22:21:01.039+00,2026-07-23 22:21:01.039+00
c9a1e97d-9c07-49c2-a41d-e22106098955,c1ce768a-2927-482f-859a-8a92ee3082ba,32ccdbe1-627f-4fe3-a506-056b997ed89b,email,seed.lead.020@example.com,seed.lead.020@example.com,crm,f,2026-07-23 22:21:01.052+00,2026-07-23 22:21:01.052+00
2675b891-d53e-4f7f-ab1e-3cd89b2cc716,c1ce768a-2927-482f-859a-8a92ee3082ba,32ccdbe1-627f-4fe3-a506-056b997ed89b,lead_id,842fafc8-443a-4c69-851c-9d2a737cada6,842fafc8-443a-4c69-851c-9d2a737cada6,crm,f,2026-07-23 22:21:01.072+00,2026-07-23 22:21:01.072+00
53cd55c7-a474-4dc4-992b-8d944e820149,8ab8d33d-c5ca-4603-8dba-c85e7f61158b,32ccdbe1-627f-4fe3-a506-056b997ed89b,phone,11943016506,5511943016506,crm,t,2026-07-23 22:21:01.224+00,2026-07-23 22:21:01.224+00
1c90a089-678c-4187-91ff-7aba53099231,8ab8d33d-c5ca-4603-8dba-c85e7f61158b,32ccdbe1-627f-4fe3-a506-056b997ed89b,email,seed.lead.089@example.com,seed.lead.089@example.com,crm,f,2026-07-23 22:21:01.237+00,2026-07-23 22:21:01.237+00
0bcce041-821e-4000-bd02-38bed710377b,8ab8d33d-c5ca-4603-8dba-c85e7f61158b,32ccdbe1-627f-4fe3-a506-056b997ed89b,document,08975295659746,08975295659746,crm,f,2026-07-23 22:21:01.255+00,2026-07-23 22:21:01.255+00
4a77903a-46ab-44fc-a944-1ce6c0a4c241,8ab8d33d-c5ca-4603-8dba-c85e7f61158b,32ccdbe1-627f-4fe3-a506-056b997ed89b,lead_id,5afaf563-5d6f-4ac5-970f-531f0fa5bba6,5afaf563-5d6f-4ac5-970f-531f0fa5bba6,crm,f,2026-07-23 22:21:01.275+00,2026-07-23 22:21:01.275+00
d2d9080a-fbc2-4655-a334-bfe3310d1102,f8237c48-f932-4def-b20d-0f0b95d10ab9,32ccdbe1-627f-4fe3-a506-056b997ed89b,phone,11902932257,5511902932257,crm,t,2026-07-23 22:21:01.425+00,2026-07-23 22:21:01.425+00
a2ca7fb1-c1c2-4037-a690-d7c4ca8049b6,f8237c48-f932-4def-b20d-0f0b95d10ab9,32ccdbe1-627f-4fe3-a506-056b997ed89b,email,seed.lead.001@example.com,seed.lead.001@example.com,crm,f,2026-07-23 22:21:01.438+00,2026-07-23 22:21:01.438+00
e667c72a-489f-491f-85af-d39f08a3b450,f8237c48-f932-4def-b20d-0f0b95d10ab9,32ccdbe1-627f-4fe3-a506-056b997ed89b,lead_id,5b5bffd1-d9c0-4156-8a49-87361003ed56,5b5bffd1-d9c0-4156-8a49-87361003ed56,crm,f,2026-07-23 22:21:01.456+00,2026-07-23 22:21:01.456+00
c61072ae-ff4f-4e49-9901-764f1d98554d,65fb3154-04e0-4dd5-a4f4-772327a9ddc2,32ccdbe1-627f-4fe3-a506-056b997ed89b,phone,11855431513,5511855431513,crm,t,2026-07-23 22:21:01.604+00,2026-07-23 22:21:01.604+00
95b02e63-f9e3-4b32-abd7-df98976584f6,65fb3154-04e0-4dd5-a4f4-772327a9ddc2,32ccdbe1-627f-4fe3-a506-056b997ed89b,email,cheffia.tech4561532168@gmail.com,cheffia.tech4561532168@gmail.com,crm,f,2026-07-23 22:21:01.617+00,2026-07-23 22:21:01.617+00
a00447e5-a097-4f2f-8a04-31cd66a25e1f,65fb3154-04e0-4dd5-a4f4-772327a9ddc2,32ccdbe1-627f-4fe3-a506-056b997ed89b,lead_id,3ca1b86b-a4b3-46b1-8c70-aafb56392918,3ca1b86b-a4b3-46b1-8c70-aafb56392918,crm,f,2026-07-23 22:21:01.636+00,2026-07-23 22:21:01.636+00
acc8ad89-7edb-4eeb-9270-6c9d652c48a1,e619f7e1-8d80-467d-b6c8-002fd04a7739,32ccdbe1-627f-4fe3-a506-056b997ed89b,phone,11982217699,5511982217699,crm,t,2026-07-23 22:21:01.785+00,2026-07-23 22:21:01.785+00
30f3b1ed-b048-4ac4-8f5b-bcb95428df4f,e619f7e1-8d80-467d-b6c8-002fd04a7739,32ccdbe1-627f-4fe3-a506-056b997ed89b,email,seed.lead.139@example.com,seed.lead.139@example.com,crm,f,2026-07-23 22:21:01.797+00,2026-07-23 22:21:01.797+00
e700b597-be45-4782-af20-da5168b9131c,e619f7e1-8d80-467d-b6c8-002fd04a7739,32ccdbe1-627f-4fe3-a506-056b997ed89b,lead_id,5d5ab0c0-2003-4435-9a02-d072b58500df,5d5ab0c0-2003-4435-9a02-d072b58500df,crm,f,2026-07-23 22:21:01.816+00,2026-07-23 22:21:01.816+00
fafa54af-4976-4129-ba24-f88962d8d287,dfed0f34-b72c-4f3b-b22c-98c60ebb3eeb,32ccdbe1-627f-4fe3-a506-056b997ed89b,phone,45411151545,5545411151545,crm,t,2026-07-23 22:21:01.963+00,2026-07-23 22:21:01.963+00
de51e7e7-5680-4d2c-948d-f6534ba1391b,dfed0f34-b72c-4f3b-b22c-98c60ebb3eeb,32ccdbe1-627f-4fe3-a506-056b997ed89b,email,email1203456@email.com,email1203456@email.com,crm,f,2026-07-23 22:21:01.976+00,2026-07-23 22:21:01.976+00
75768b5d-bcb9-4c7d-a292-cfef46ce1734,dfed0f34-b72c-4f3b-b22c-98c60ebb3eeb,32ccdbe1-627f-4fe3-a506-056b997ed89b,lead_id,12ad0de9-1ccc-4b9d-828e-94658c514f94,12ad0de9-1ccc-4b9d-828e-94658c514f94,crm,f,2026-07-23 22:21:01.995+00,2026-07-23 22:21:01.995+00
3c68aa9c-0454-4dd3-94f6-2537183715fd,f2b33a0b-a7c7-4a39-8f30-b8093d7ad275,32ccdbe1-627f-4fe3-a506-056b997ed89b,phone,11944856485,5511944856485,crm,t,2026-07-23 22:21:02.144+00,2026-07-23 22:21:02.144+00
e1434a5b-33cd-4a09-bb3c-24e910ed7db1,f2b33a0b-a7c7-4a39-8f30-b8093d7ad275,32ccdbe1-627f-4fe3-a506-056b997ed89b,email,seed.lead.016@example.com,seed.lead.016@example.com,crm,f,2026-07-23 22:21:02.157+00,2026-07-23 22:21:02.157+00
be4df2f8-5f7e-430a-82f8-f37da2ac4c9d,f2b33a0b-a7c7-4a39-8f30-b8093d7ad275,32ccdbe1-627f-4fe3-a506-056b997ed89b,lead_id,139c0315-20bb-4216-bd9c-b4472acfceae,139c0315-20bb-4216-bd9c-b4472acfceae,crm,f,2026-07-23 22:21:02.177+00,2026-07-23 22:21:02.177+00
f7b4fd4c-dc63-42c2-8d23-8d46e600db29,9de7a0a2-5dcf-4e2e-bff9-5f5267112bf7,32ccdbe1-627f-4fe3-a506-056b997ed89b,phone,11948814229,5511948814229,crm,t,2026-07-23 22:21:02.328+00,2026-07-23 22:21:02.328+00
ab82b656-1166-4cb0-a7ee-318864ac76a8,9de7a0a2-5dcf-4e2e-bff9-5f5267112bf7,32ccdbe1-627f-4fe3-a506-056b997ed89b,email,seed.lead.114@example.com,seed.lead.114@example.com,crm,f,2026-07-23 22:21:02.341+00,2026-07-23 22:21:02.341+00
0b2aa6e5-a653-4ad4-9fcb-400e0054b36c,9de7a0a2-5dcf-4e2e-bff9-5f5267112bf7,32ccdbe1-627f-4fe3-a506-056b997ed89b,lead_id,14da536e-0504-498b-9851-4a8e61db4829,14da536e-0504-498b-9851-4a8e61db4829,crm,f,2026-07-23 22:21:02.359+00,2026-07-23 22:21:02.359+00
0ce9d2ec-43f6-4839-adce-0e3436da0bb3,d7140d04-9ab3-419a-9cc6-4baa4c40b441,32ccdbe1-627f-4fe3-a506-056b997ed89b,phone,11912342794,5511912342794,crm,t,2026-07-23 22:21:02.507+00,2026-07-23 22:21:02.507+00
842987c0-b048-490d-ac99-3e287d6b5f4b,d7140d04-9ab3-419a-9cc6-4baa4c40b441,32ccdbe1-627f-4fe3-a506-056b997ed89b,email,seed.lead.134@example.com,seed.lead.134@example.com,crm,f,2026-07-23 22:21:02.52+00,2026-07-23 22:21:02.52+00
2ef821f9-dbfc-4bd7-9101-246b8e7e1d43,d7140d04-9ab3-419a-9cc6-4baa4c40b441,32ccdbe1-627f-4fe3-a506-056b997ed89b,lead_id,15dad285-1cc7-40df-ad9f-d9473eb8b95e,15dad285-1cc7-40df-ad9f-d9473eb8b95e,crm,f,2026-07-23 22:21:02.538+00,2026-07-23 22:21:02.538+00
946f28d1-d806-4840-8367-94180deca4c0,1b5d5f15-9284-4480-93ec-89a339eced90,32ccdbe1-627f-4fe3-a506-056b997ed89b,phone,11992458385,5511992458385,crm,t,2026-07-23 22:21:02.694+00,2026-07-23 22:21:02.694+00
eb9cf569-2415-46b1-96d5-bec849ea503f,1b5d5f15-9284-4480-93ec-89a339eced90,32ccdbe1-627f-4fe3-a506-056b997ed89b,email,seed.lead.120@example.com,seed.lead.120@example.com,crm,f,2026-07-23 22:21:02.707+00,2026-07-23 22:21:02.707+00
4a2d43c7-3666-40ca-99d6-037ca88b3149,1b5d5f15-9284-4480-93ec-89a339eced90,32ccdbe1-627f-4fe3-a506-056b997ed89b,lead_id,1607668e-3776-4f63-9e03-c4701be47015,1607668e-3776-4f63-9e03-c4701be47015,crm,f,2026-07-23 22:21:02.726+00,2026-07-23 22:21:02.726+00
0064d87f-07b4-4dba-8e4a-841921b20246,18bc7f09-2a91-490a-a98f-67ec14e39927,32ccdbe1-627f-4fe3-a506-056b997ed89b,phone,11936443128,5511936443128,crm,t,2026-07-23 22:21:02.875+00,2026-07-23 22:21:02.875+00
97f6c635-8756-4c0e-99e5-160b53f80deb,18bc7f09-2a91-490a-a98f-67ec14e39927,32ccdbe1-627f-4fe3-a506-056b997ed89b,lead_id,9468363d-6fb1-47ce-9076-8f2c4d245ca5,9468363d-6fb1-47ce-9076-8f2c4d245ca5,crm,f,2026-07-23 22:21:02.888+00,2026-07-23 22:21:02.888+00
083992bb-e3e9-4d25-bbe2-3cb1289ddf6a,0c745070-1103-4372-9af0-fa38a7620a3a,32ccdbe1-627f-4fe3-a506-056b997ed89b,phone,11979701668,5511979701668,crm,t,2026-07-23 22:21:03.036+00,2026-07-23 22:21:03.036+00
470fb923-ef83-4db8-8102-cc5031534d92,0c745070-1103-4372-9af0-fa38a7620a3a,32ccdbe1-627f-4fe3-a506-056b997ed89b,email,seed.lead.105@example.com,seed.lead.105@example.com,crm,f,2026-07-23 22:21:03.049+00,2026-07-23 22:21:03.049+00
fd8de9a2-527f-42ef-83b9-33218ccdddec,0c745070-1103-4372-9af0-fa38a7620a3a,32ccdbe1-627f-4fe3-a506-056b997ed89b,lead_id,97ffda3a-8274-4261-bf72-e10c80b25fe9,97ffda3a-8274-4261-bf72-e10c80b25fe9,crm,f,2026-07-23 22:21:03.068+00,2026-07-23 22:21:03.068+00
5cb4291f-9b80-49e7-a693-fbf001ce5b53,9b439448-9921-4a2d-9f86-69d62ef3f983,32ccdbe1-627f-4fe3-a506-056b997ed89b,phone,11960795308,5511960795308,crm,t,2026-07-23 22:21:03.235+00,2026-07-23 22:21:03.235+00
8b7894b7-79c2-4e24-b3c9-9edb5a986490,9b439448-9921-4a2d-9f86-69d62ef3f983,32ccdbe1-627f-4fe3-a506-056b997ed89b,email,seed.lead.145@example.com,seed.lead.145@example.com,crm,f,2026-07-23 22:21:03.248+00,2026-07-23 22:21:03.248+00
a11256ee-41c2-4ff3-90d1-8b8b3905c159,9b439448-9921-4a2d-9f86-69d62ef3f983,32ccdbe1-627f-4fe3-a506-056b997ed89b,lead_id,23a17229-29a0-447a-9558-c9f17aba9a1d,23a17229-29a0-447a-9558-c9f17aba9a1d,crm,f,2026-07-23 22:21:03.267+00,2026-07-23 22:21:03.267+00
4acd0d40-0510-4e29-aa02-4ded6c9e2973,66024b58-b68b-4693-902d-ab8908b8cf27,32ccdbe1-627f-4fe3-a506-056b997ed89b,phone,11924401345,5511924401345,crm,t,2026-07-23 22:21:03.412+00,2026-07-23 22:21:03.412+00
02f139df-780d-409d-96a1-ca8f1f7aa342,66024b58-b68b-4693-902d-ab8908b8cf27,32ccdbe1-627f-4fe3-a506-056b997ed89b,email,seed.lead.060@example.com,seed.lead.060@example.com,crm,f,2026-07-23 22:21:03.426+00,2026-07-23 22:21:03.426+00
a668b42b-2b55-4975-8c75-f9ec6578b159,66024b58-b68b-4693-902d-ab8908b8cf27,32ccdbe1-627f-4fe3-a506-056b997ed89b,lead_id,2573479d-f417-4cc2-b4e6-457d30703144,2573479d-f417-4cc2-b4e6-457d30703144,crm,f,2026-07-23 22:21:03.444+00,2026-07-23 22:21:03.444+00
e6628549-bcc9-4f5d-88f0-71880186b3b1,81e2e7c2-c2e6-4540-b764-19df5d868bcc,32ccdbe1-627f-4fe3-a506-056b997ed89b,phone,(11) 65241-1906,5511652411906,crm,t,2026-07-23 22:21:03.592+00,2026-07-23 22:21:03.592+00
7064a444-d96b-4876-831b-513af08de061,81e2e7c2-c2e6-4540-b764-19df5d868bcc,32ccdbe1-627f-4fe3-a506-056b997ed89b,email,johndoe@empresa.com,johndoe@empresa.com,crm,f,2026-07-23 22:21:03.605+00,2026-07-23 22:21:03.605+00
6c64ff13-0186-41a8-a05f-ad66cd8a6b08,81e2e7c2-c2e6-4540-b764-19df5d868bcc,32ccdbe1-627f-4fe3-a506-056b997ed89b,lead_id,023dba90-e3f5-4540-ad9c-da1624ba0711,023dba90-e3f5-4540-ad9c-da1624ba0711,crm,f,2026-07-23 22:21:03.623+00,2026-07-23 22:21:03.623+00
e0da67d8-8b06-4413-a843-0cdeb4fb46c0,f4692a42-07de-4784-9a27-4a617fe48b39,32ccdbe1-627f-4fe3-a506-056b997ed89b,phone,11966717752,5511966717752,crm,t,2026-07-23 22:21:03.769+00,2026-07-23 22:21:03.769+00
43a355ec-e7f3-4212-a4b4-cbb6a075dff9,f4692a42-07de-4784-9a27-4a617fe48b39,32ccdbe1-627f-4fe3-a506-056b997ed89b,lead_id,7f7149ee-ef6a-4173-8cc4-2b41bfff354e,7f7149ee-ef6a-4173-8cc4-2b41bfff354e,crm,f,2026-07-23 22:21:03.781+00,2026-07-23 22:21:03.781+00
7ac61610-c5b0-4e74-8049-8d4c778d6b79,da05cbc4-7d97-491a-b123-f05de67ca1be,32ccdbe1-627f-4fe3-a506-056b997ed89b,phone,11927541808,5511927541808,crm,t,2026-07-23 22:21:03.927+00,2026-07-23 22:21:03.927+00
9a3c492a-2ab9-42ff-a017-82003b6f2ed3,da05cbc4-7d97-491a-b123-f05de67ca1be,32ccdbe1-627f-4fe3-a506-056b997ed89b,email,seed.lead.065@example.com,seed.lead.065@example.com,crm,f,2026-07-23 22:21:03.94+00,2026-07-23 22:21:03.94+00
4f81f216-18a7-4166-a762-8c77d55537d3,da05cbc4-7d97-491a-b123-f05de67ca1be,32ccdbe1-627f-4fe3-a506-056b997ed89b,lead_id,2b28348c-a021-466e-9ddc-7731838c832a,2b28348c-a021-466e-9ddc-7731838c832a,crm,f,2026-07-23 22:21:03.959+00,2026-07-23 22:21:03.959+00
51df5fa2-be79-4195-9c3b-03b011a49e91,49c3b975-f671-433e-8869-f9d254b72db6,32ccdbe1-627f-4fe3-a506-056b997ed89b,phone,11998002861,5511998002861,crm,t,2026-07-23 22:21:04.104+00,2026-07-23 22:21:04.104+00
baa74566-8fde-4e4b-9975-7f4d86768212,49c3b975-f671-433e-8869-f9d254b72db6,32ccdbe1-627f-4fe3-a506-056b997ed89b,email,seed.lead.007@example.com,seed.lead.007@example.com,crm,f,2026-07-23 22:21:04.118+00,2026-07-23 22:21:04.118+00
b2c6bb43-e00b-4076-aae9-70c37ae59ad5,49c3b975-f671-433e-8869-f9d254b72db6,32ccdbe1-627f-4fe3-a506-056b997ed89b,lead_id,2f6433f0-ff5e-4f22-bbdf-71a414d28456,2f6433f0-ff5e-4f22-bbdf-71a414d28456,crm,f,2026-07-23 22:21:04.136+00,2026-07-23 22:21:04.136+00
1c03e9d5-5217-459e-a4ce-466acba377f6,a2465ed5-7496-4634-9dc9-11ee59082a5d,32ccdbe1-627f-4fe3-a506-056b997ed89b,phone,11972708796,5511972708796,crm,t,2026-07-23 22:21:04.31+00,2026-07-23 22:21:04.31+00
eef4cb5f-9b3e-4110-a683-d128df9b575d,a2465ed5-7496-4634-9dc9-11ee59082a5d,32ccdbe1-627f-4fe3-a506-056b997ed89b,email,seed.lead.077@example.com,seed.lead.077@example.com,crm,f,2026-07-23 22:21:04.325+00,2026-07-23 22:21:04.325+00
39930c66-3490-4ce1-a01b-84f6ce7c8866,a2465ed5-7496-4634-9dc9-11ee59082a5d,32ccdbe1-627f-4fe3-a506-056b997ed89b,lead_id,85c93a91-e6c0-41a4-af11-064252bbcd9c,85c93a91-e6c0-41a4-af11-064252bbcd9c,crm,f,2026-07-23 22:21:04.346+00,2026-07-23 22:21:04.346+00
38856723-f83f-4032-bbb4-e87d23489bfc,bfc7c8a3-15c4-4685-b93f-1c846eab99bd,32ccdbe1-627f-4fe3-a506-056b997ed89b,phone,11932681004,5511932681004,crm,t,2026-07-23 22:21:04.523+00,2026-07-23 22:21:04.523+00
70718ebe-d43e-435a-9f4f-e81e40e8d3cb,bfc7c8a3-15c4-4685-b93f-1c846eab99bd,32ccdbe1-627f-4fe3-a506-056b997ed89b,email,seed.lead.076@example.com,seed.lead.076@example.com,crm,f,2026-07-23 22:21:04.538+00,2026-07-23 22:21:04.538+00
7c54884a-93c5-4a77-bf8b-9dd93d40d5f6,bfc7c8a3-15c4-4685-b93f-1c846eab99bd,32ccdbe1-627f-4fe3-a506-056b997ed89b,lead_id,32c4d1be-5610-4356-a3ca-5c76f417da12,32c4d1be-5610-4356-a3ca-5c76f417da12,crm,f,2026-07-23 22:21:04.558+00,2026-07-23 22:21:04.558+00
9e63024d-e606-42aa-80c6-00807605d64c,d604d1c0-8082-4103-9014-93df3d478d85,32ccdbe1-627f-4fe3-a506-056b997ed89b,phone,11934377663,5511934377663,crm,t,2026-07-23 22:21:04.743+00,2026-07-23 22:21:04.743+00
4d26298f-5d28-4490-b58e-186fff50606f,d604d1c0-8082-4103-9014-93df3d478d85,32ccdbe1-627f-4fe3-a506-056b997ed89b,email,seed.lead.133@example.com,seed.lead.133@example.com,crm,f,2026-07-23 22:21:04.757+00,2026-07-23 22:21:04.757+00
a135bd53-bf03-4a1e-9717-e2cdb500eda7,d604d1c0-8082-4103-9014-93df3d478d85,32ccdbe1-627f-4fe3-a506-056b997ed89b,lead_id,87273b41-1844-4bce-ad56-b06f32ae5230,87273b41-1844-4bce-ad56-b06f32ae5230,crm,f,2026-07-23 22:21:04.778+00,2026-07-23 22:21:04.778+00
64d4c20d-0af4-48f8-be08-f0ab8161eeb6,95e9c63b-c4b8-404e-a43b-fac3ac017204,32ccdbe1-627f-4fe3-a506-056b997ed89b,phone,11919662868,5511919662868,crm,t,2026-07-23 22:21:04.951+00,2026-07-23 22:21:04.951+00
56ae218f-0433-4922-8fec-84c07027650e,95e9c63b-c4b8-404e-a43b-fac3ac017204,32ccdbe1-627f-4fe3-a506-056b997ed89b,email,seed.lead.028@example.com,seed.lead.028@example.com,crm,f,2026-07-23 22:21:04.965+00,2026-07-23 22:21:04.965+00
713d5252-eb9b-40e8-9bd3-8be93a55255d,95e9c63b-c4b8-404e-a43b-fac3ac017204,32ccdbe1-627f-4fe3-a506-056b997ed89b,lead_id,33d23163-9273-4806-8647-5a6594d10cd7,33d23163-9273-4806-8647-5a6594d10cd7,crm,f,2026-07-23 22:21:04.987+00,2026-07-23 22:21:04.987+00
5bad374e-985a-4892-91a8-76ca9bb13e1e,1101dc51-92e3-4fa0-a106-d5f6455b3bb3,32ccdbe1-627f-4fe3-a506-056b997ed89b,phone,11948206858,5511948206858,crm,t,2026-07-23 22:21:05.155+00,2026-07-23 22:21:05.155+00
9c980496-02e9-427f-afba-8f2e76a5947d,1101dc51-92e3-4fa0-a106-d5f6455b3bb3,32ccdbe1-627f-4fe3-a506-056b997ed89b,email,seed.lead.014@example.com,seed.lead.014@example.com,crm,f,2026-07-23 22:21:05.17+00,2026-07-23 22:21:05.17+00
4a0f3ba3-27dc-4087-8821-2e49adab398d,1101dc51-92e3-4fa0-a106-d5f6455b3bb3,32ccdbe1-627f-4fe3-a506-056b997ed89b,lead_id,35a8ffce-eef4-429d-a002-aa9e9dcf4a69,35a8ffce-eef4-429d-a002-aa9e9dcf4a69,crm,f,2026-07-23 22:21:05.192+00,2026-07-23 22:21:05.192+00
309705de-838a-488e-9ee8-30a9b8f5d959,421a2f5b-0872-476a-99e7-1d538d0f6cad,32ccdbe1-627f-4fe3-a506-056b997ed89b,phone,11983709456,5511983709456,crm,t,2026-07-23 22:21:05.362+00,2026-07-23 22:21:05.362+00
18744c72-3077-46ed-ae59-18510fa4598e,421a2f5b-0872-476a-99e7-1d538d0f6cad,32ccdbe1-627f-4fe3-a506-056b997ed89b,email,cheffia.tech4612@gmail.com,cheffia.tech4612@gmail.com,crm,f,2026-07-23 22:21:05.376+00,2026-07-23 22:21:05.376+00
13868bf9-35e4-4761-bd0d-a6f62b752d1b,421a2f5b-0872-476a-99e7-1d538d0f6cad,32ccdbe1-627f-4fe3-a506-056b997ed89b,lead_id,42bd93c0-8dc6-4f42-940e-6f36826f7b8c,42bd93c0-8dc6-4f42-940e-6f36826f7b8c,crm,f,2026-07-23 22:21:05.399+00,2026-07-23 22:21:05.399+00
a5b42beb-8350-4be6-a851-92c4a4d11886,1e16a530-51db-41c6-a328-2cbaba672428,32ccdbe1-627f-4fe3-a506-056b997ed89b,phone,11926018002,5511926018002,crm,t,2026-07-23 22:21:05.588+00,2026-07-23 22:21:05.588+00
ebf37f59-5311-4f00-8793-84185a191555,1e16a530-51db-41c6-a328-2cbaba672428,32ccdbe1-627f-4fe3-a506-056b997ed89b,email,seed.lead.070@example.com,seed.lead.070@example.com,crm,f,2026-07-23 22:21:05.601+00,2026-07-23 22:21:05.601+00
796eb912-d284-4b58-a2bc-09b8066eb6e2,1e16a530-51db-41c6-a328-2cbaba672428,32ccdbe1-627f-4fe3-a506-056b997ed89b,lead_id,39adf6c4-41e8-45f9-8fb7-ca3b7835a27a,39adf6c4-41e8-45f9-8fb7-ca3b7835a27a,crm,f,2026-07-23 22:21:05.623+00,2026-07-23 22:21:05.623+00
2cafe1d7-a522-47fa-8a99-aec0a87a8bb8,1146aa90-2462-4375-b76c-8e9e0e61c911,32ccdbe1-627f-4fe3-a506-056b997ed89b,phone,11938535181,5511938535181,crm,t,2026-07-23 22:21:05.791+00,2026-07-23 22:21:05.791+00
6c2aa014-be3d-4e65-b19a-55038acd6b42,1146aa90-2462-4375-b76c-8e9e0e61c911,32ccdbe1-627f-4fe3-a506-056b997ed89b,email,seed.lead.132@example.com,seed.lead.132@example.com,crm,f,2026-07-23 22:21:05.804+00,2026-07-23 22:21:05.804+00
807dfc86-832f-4b1d-a09b-b2b7316b3c49,1146aa90-2462-4375-b76c-8e9e0e61c911,32ccdbe1-627f-4fe3-a506-056b997ed89b,lead_id,3a7515d3-1d1d-4ece-823c-65115336e346,3a7515d3-1d1d-4ece-823c-65115336e346,crm,f,2026-07-23 22:21:05.825+00,2026-07-23 22:21:05.825+00
e420dd68-551d-473c-8cc4-bdc6a0246d1c,2dbbbbc8-2542-4459-93b6-6e2d470c0e5f,32ccdbe1-627f-4fe3-a506-056b997ed89b,phone,11997750057,5511997750057,crm,t,2026-07-23 22:21:06.011+00,2026-07-23 22:21:06.011+00
b03d6180-25b4-4939-835c-2e5f31c982cd,2dbbbbc8-2542-4459-93b6-6e2d470c0e5f,32ccdbe1-627f-4fe3-a506-056b997ed89b,document,01205460501022,01205460501022,crm,f,2026-07-23 22:21:06.026+00,2026-07-23 22:21:06.026+00
bec0100a-3ac7-4ac6-aaad-178e327d3919,2dbbbbc8-2542-4459-93b6-6e2d470c0e5f,32ccdbe1-627f-4fe3-a506-056b997ed89b,lead_id,3e2aa2b6-e7aa-4155-9911-f2e9dc675581,3e2aa2b6-e7aa-4155-9911-f2e9dc675581,crm,f,2026-07-23 22:21:06.049+00,2026-07-23 22:21:06.049+00
8f77a5a4-a88e-4331-bac7-0678e8fe31ac,aed3eca5-f27e-4105-947b-c5bd259f6407,32ccdbe1-627f-4fe3-a506-056b997ed89b,phone,11979668889,5511979668889,crm,t,2026-07-23 22:21:06.218+00,2026-07-23 22:21:06.218+00
4305bf80-0818-437c-8f6f-6eabdafc483b,aed3eca5-f27e-4105-947b-c5bd259f6407,32ccdbe1-627f-4fe3-a506-056b997ed89b,email,seed.lead.009@example.com,seed.lead.009@example.com,crm,f,2026-07-23 22:21:06.232+00,2026-07-23 22:21:06.232+00
a833af32-1d38-4976-9e36-add0caed0d58,aed3eca5-f27e-4105-947b-c5bd259f6407,32ccdbe1-627f-4fe3-a506-056b997ed89b,document,00933067603720,00933067603720,crm,f,2026-07-23 22:21:06.252+00,2026-07-23 22:21:06.252+00
b2657e1e-d7b0-4984-b033-16dcfe57a706,aed3eca5-f27e-4105-947b-c5bd259f6407,32ccdbe1-627f-4fe3-a506-056b997ed89b,lead_id,8fd06b42-52ad-4681-978d-75f8b2388990,8fd06b42-52ad-4681-978d-75f8b2388990,crm,f,2026-07-23 22:21:06.272+00,2026-07-23 22:21:06.272+00
3d99a7d0-2658-4154-af4d-68ec5064e1a0,ba190111-6553-4bb1-af09-99e74c1b31d5,32ccdbe1-627f-4fe3-a506-056b997ed89b,phone,11969413396,5511969413396,crm,t,2026-07-23 22:21:06.441+00,2026-07-23 22:21:06.441+00
a367128b-e378-44f6-b1b7-aecab80cb826,ba190111-6553-4bb1-af09-99e74c1b31d5,32ccdbe1-627f-4fe3-a506-056b997ed89b,email,seed.lead.008@example.com,seed.lead.008@example.com,crm,f,2026-07-23 22:21:06.455+00,2026-07-23 22:21:06.455+00
6329b184-86db-429c-99ca-034994792fb1,ba190111-6553-4bb1-af09-99e74c1b31d5,32ccdbe1-627f-4fe3-a506-056b997ed89b,lead_id,41284ed6-d45a-4f2d-90f5-a4ec5e09509b,41284ed6-d45a-4f2d-90f5-a4ec5e09509b,crm,f,2026-07-23 22:21:06.476+00,2026-07-23 22:21:06.476+00
eaf00a03-8db4-4461-8b43-99ac7eab0782,7132df1f-c2ad-4031-93e2-502742758aaa,32ccdbe1-627f-4fe3-a506-056b997ed89b,phone,11934373668,5511934373668,crm,t,2026-07-23 22:21:06.644+00,2026-07-23 22:21:06.644+00
a5af83ec-74a6-4d44-b681-016cfcd36b2e,7132df1f-c2ad-4031-93e2-502742758aaa,32ccdbe1-627f-4fe3-a506-056b997ed89b,email,seed.lead.005@example.com,seed.lead.005@example.com,crm,f,2026-07-23 22:21:06.658+00,2026-07-23 22:21:06.658+00
f223979b-e84b-49e6-ac72-2c46b3645d47,7132df1f-c2ad-4031-93e2-502742758aaa,32ccdbe1-627f-4fe3-a506-056b997ed89b,lead_id,4573aefc-b3f4-48b3-86d9-b7c5dcfecca6,4573aefc-b3f4-48b3-86d9-b7c5dcfecca6,crm,f,2026-07-23 22:21:06.678+00,2026-07-23 22:21:06.678+00
1c2459d3-3237-4690-b8c0-365265f3efef,80c6b2fc-a0c0-4e82-8df0-33d677d12868,32ccdbe1-627f-4fe3-a506-056b997ed89b,phone,11956959530,5511956959530,crm,t,2026-07-23 22:21:06.845+00,2026-07-23 22:21:06.845+00
2f76873f-93b5-4877-91fd-d0c0747fff23,80c6b2fc-a0c0-4e82-8df0-33d677d12868,32ccdbe1-627f-4fe3-a506-056b997ed89b,email,seed.lead.107@example.com,seed.lead.107@example.com,crm,f,2026-07-23 22:21:06.859+00,2026-07-23 22:21:06.859+00
95b56c85-b42b-4143-8d74-fd6cd48d4b8d,80c6b2fc-a0c0-4e82-8df0-33d677d12868,32ccdbe1-627f-4fe3-a506-056b997ed89b,lead_id,984f838e-2279-496c-ada4-822b5721e489,984f838e-2279-496c-ada4-822b5721e489,crm,f,2026-07-23 22:21:06.88+00,2026-07-23 22:21:06.88+00
1e123dfd-86c0-4cbc-81af-980820e8849c,3a2e4e88-61f1-419e-9bd7-3ecbd8a101d6,32ccdbe1-627f-4fe3-a506-056b997ed89b,phone,11998760436,5511998760436,crm,t,2026-07-23 22:21:07.042+00,2026-07-23 22:21:07.042+00
c50a911d-103e-4fda-bd91-533a327083fd,3a2e4e88-61f1-419e-9bd7-3ecbd8a101d6,32ccdbe1-627f-4fe3-a506-056b997ed89b,email,seed.lead.073@example.com,seed.lead.073@example.com,crm,f,2026-07-23 22:21:07.056+00,2026-07-23 22:21:07.056+00
54c03fe7-2afb-464e-aaf2-dbdf1155a9e7,3a2e4e88-61f1-419e-9bd7-3ecbd8a101d6,32ccdbe1-627f-4fe3-a506-056b997ed89b,lead_id,483a0b18-0618-4963-93ff-632556ee18db,483a0b18-0618-4963-93ff-632556ee18db,crm,f,2026-07-23 22:21:07.076+00,2026-07-23 22:21:07.076+00
08919f55-6f35-4782-89d8-3a2c3da6b5df,26ac55fb-a55e-4dc4-9283-5c2bc6045cb8,32ccdbe1-627f-4fe3-a506-056b997ed89b,phone,11971172888,5511971172888,crm,t,2026-07-23 22:21:07.242+00,2026-07-23 22:21:07.242+00
4d6cf914-674f-40d5-b828-369e96c4e340,26ac55fb-a55e-4dc4-9283-5c2bc6045cb8,32ccdbe1-627f-4fe3-a506-056b997ed89b,lead_id,48db7baa-bad0-4dff-8ceb-e3695742b732,48db7baa-bad0-4dff-8ceb-e3695742b732,crm,f,2026-07-23 22:21:07.255+00,2026-07-23 22:21:07.255+00
14b1dac4-d7ad-41e1-adb3-0750280eb137,6408b360-b8de-48a0-b73e-3f52185991cd,32ccdbe1-627f-4fe3-a506-056b997ed89b,phone,11910408950,5511910408950,crm,t,2026-07-23 22:21:07.42+00,2026-07-23 22:21:07.42+00
0d313816-ce26-420a-8f69-67333aeb8a5f,6408b360-b8de-48a0-b73e-3f52185991cd,32ccdbe1-627f-4fe3-a506-056b997ed89b,email,seed.lead.033@example.com,seed.lead.033@example.com,crm,f,2026-07-23 22:21:07.434+00,2026-07-23 22:21:07.434+00
960dac87-b87c-4672-b0ed-9b9b2248d9cb,6408b360-b8de-48a0-b73e-3f52185991cd,32ccdbe1-627f-4fe3-a506-056b997ed89b,lead_id,c448c13e-5b90-46eb-83e2-71f5ce0e9763,c448c13e-5b90-46eb-83e2-71f5ce0e9763,crm,f,2026-07-23 22:21:07.456+00,2026-07-23 22:21:07.456+00
52390adf-a04e-4c6d-91bb-3cc97b2abaac,db717411-af15-49ac-9df7-8312475b64d6,32ccdbe1-627f-4fe3-a506-056b997ed89b,phone,11982873762,5511982873762,crm,t,2026-07-23 22:21:07.622+00,2026-07-23 22:21:07.622+00
b714cb62-0371-4804-8028-08aa454952d3,db717411-af15-49ac-9df7-8312475b64d6,32ccdbe1-627f-4fe3-a506-056b997ed89b,email,seed.lead.019@example.com,seed.lead.019@example.com,crm,f,2026-07-23 22:21:07.636+00,2026-07-23 22:21:07.636+00
d13da06c-0ec9-4563-abdc-90b1a4570bf8,db717411-af15-49ac-9df7-8312475b64d6,32ccdbe1-627f-4fe3-a506-056b997ed89b,lead_id,c4fa9feb-e0f9-43b9-b735-1b1be00dfde9,c4fa9feb-e0f9-43b9-b735-1b1be00dfde9,crm,f,2026-07-23 22:21:07.659+00,2026-07-23 22:21:07.659+00
3b62ac96-0d13-49be-8b91-8907741b41b2,71f62de7-6493-4c12-b67a-8465f50d6658,32ccdbe1-627f-4fe3-a506-056b997ed89b,phone,11945650048,5511945650048,crm,t,2026-07-23 22:21:07.824+00,2026-07-23 22:21:07.824+00
78ff9327-9d61-4bed-b169-6f6a0be95352,71f62de7-6493-4c12-b67a-8465f50d6658,32ccdbe1-627f-4fe3-a506-056b997ed89b,lead_id,4c63eb76-9f1a-4359-901b-8bd4db84da71,4c63eb76-9f1a-4359-901b-8bd4db84da71,crm,f,2026-07-23 22:21:07.838+00,2026-07-23 22:21:07.838+00
731ab9f9-6080-49aa-a2e0-4c2c62c4c322,a7e5717b-6545-46b5-9a92-0ba87e45b7f0,32ccdbe1-627f-4fe3-a506-056b997ed89b,phone,11902297092,5511902297092,crm,t,2026-07-23 22:21:08.023+00,2026-07-23 22:21:08.023+00
9f61282c-b551-4b14-848f-c893f4a423e1,a7e5717b-6545-46b5-9a92-0ba87e45b7f0,32ccdbe1-627f-4fe3-a506-056b997ed89b,email,seed.lead.026@example.com,seed.lead.026@example.com,crm,f,2026-07-23 22:21:08.036+00,2026-07-23 22:21:08.036+00
af85eda1-541c-4706-a63e-bdb252340b57,a7e5717b-6545-46b5-9a92-0ba87e45b7f0,32ccdbe1-627f-4fe3-a506-056b997ed89b,lead_id,ce81ec08-597c-4ae6-8ee1-51534ac66338,ce81ec08-597c-4ae6-8ee1-51534ac66338,crm,f,2026-07-23 22:21:08.056+00,2026-07-23 22:21:08.056+00
22b85150-7095-4cf3-9788-956977cca205,eee2402a-822c-4f81-9b06-6c728ba9dbc8,32ccdbe1-627f-4fe3-a506-056b997ed89b,phone,11962316717,5511962316717,crm,t,2026-07-23 22:21:08.223+00,2026-07-23 22:21:08.223+00
167c917e-c9d2-42cb-9ac0-e0662e490a43,eee2402a-822c-4f81-9b06-6c728ba9dbc8,32ccdbe1-627f-4fe3-a506-056b997ed89b,email,seed.lead.111@example.com,seed.lead.111@example.com,crm,f,2026-07-23 22:21:08.237+00,2026-07-23 22:21:08.237+00
addf3532-0004-4c8e-8eb4-fe6b914975ce,eee2402a-822c-4f81-9b06-6c728ba9dbc8,32ccdbe1-627f-4fe3-a506-056b997ed89b,lead_id,5f7f3d4d-f784-417d-9a1a-0c5f73361e40,5f7f3d4d-f784-417d-9a1a-0c5f73361e40,crm,f,2026-07-23 22:21:08.257+00,2026-07-23 22:21:08.257+00
dbc2d1a8-e298-4679-b5fe-06778e48885f,4a2e7523-4037-43bb-9090-db2e3bf6a361,32ccdbe1-627f-4fe3-a506-056b997ed89b,phone,11983709746,5511983709746,crm,t,2026-07-23 22:21:08.422+00,2026-07-23 22:21:08.422+00
07bc9a33-ac5e-4a91-9eea-df42e5dde0bb,4a2e7523-4037-43bb-9090-db2e3bf6a361,32ccdbe1-627f-4fe3-a506-056b997ed89b,email,cheffia.tech456423@gmail.com,cheffia.tech456423@gmail.com,crm,f,2026-07-23 22:21:08.436+00,2026-07-23 22:21:08.436+00
45ddf70a-5b4c-40ca-85c8-6da03c10c56b,4a2e7523-4037-43bb-9090-db2e3bf6a361,32ccdbe1-627f-4fe3-a506-056b997ed89b,lead_id,31c11fd8-7dd1-42d1-a908-680cc68f0219,31c11fd8-7dd1-42d1-a908-680cc68f0219,crm,f,2026-07-23 22:21:08.457+00,2026-07-23 22:21:08.457+00
b02dd2f6-da91-4586-b939-f2fe8984cbff,c52c9615-57d9-46ae-822e-648f82660656,32ccdbe1-627f-4fe3-a506-056b997ed89b,phone,11906129613,5511906129613,crm,t,2026-07-23 22:21:08.625+00,2026-07-23 22:21:08.625+00
4cd038e4-0f7c-43ef-9f6b-4b90979aebce,c52c9615-57d9-46ae-822e-648f82660656,32ccdbe1-627f-4fe3-a506-056b997ed89b,email,seed.lead.150@example.com,seed.lead.150@example.com,crm,f,2026-07-23 22:21:08.639+00,2026-07-23 22:21:08.639+00
a3f3837b-424e-4370-9a40-189d187244f6,c52c9615-57d9-46ae-822e-648f82660656,32ccdbe1-627f-4fe3-a506-056b997ed89b,lead_id,6b475f6e-33c7-4541-9f4a-95e28ffdee81,6b475f6e-33c7-4541-9f4a-95e28ffdee81,crm,f,2026-07-23 22:21:08.659+00,2026-07-23 22:21:08.659+00
4889f6a6-6254-4eff-b481-fea743e66183,4b0f926f-65a1-4ddc-88df-ca3259252e65,32ccdbe1-627f-4fe3-a506-056b997ed89b,phone,11979790941,5511979790941,crm,t,2026-07-23 22:21:08.822+00,2026-07-23 22:21:08.822+00
634c3669-901a-456c-a8a8-a630ddf55688,4b0f926f-65a1-4ddc-88df-ca3259252e65,32ccdbe1-627f-4fe3-a506-056b997ed89b,lead_id,70444508-d4e0-49b3-8f62-0a6969ae56a5,70444508-d4e0-49b3-8f62-0a6969ae56a5,crm,f,2026-07-23 22:21:08.835+00,2026-07-23 22:21:08.835+00
840be8ec-1222-4757-9362-a28ef206c0d3,dd42810b-634d-4916-a098-96aa2992f19d,32ccdbe1-627f-4fe3-a506-056b997ed89b,phone,11927469209,5511927469209,crm,t,2026-07-23 22:21:09+00,2026-07-23 22:21:09+00
92c1ff44-aaeb-46cb-8509-2b4889d97dc4,dd42810b-634d-4916-a098-96aa2992f19d,32ccdbe1-627f-4fe3-a506-056b997ed89b,email,seed.lead.137@example.com,seed.lead.137@example.com,crm,f,2026-07-23 22:21:09.014+00,2026-07-23 22:21:09.014+00
000cd2a9-3257-405f-a0a4-241446de1867,dd42810b-634d-4916-a098-96aa2992f19d,32ccdbe1-627f-4fe3-a506-056b997ed89b,document,13745671432405,13745671432405,crm,f,2026-07-23 22:21:09.034+00,2026-07-23 22:21:09.034+00
1f89118c-d6b4-4e73-bd68-dbc9ef1714da,dd42810b-634d-4916-a098-96aa2992f19d,32ccdbe1-627f-4fe3-a506-056b997ed89b,lead_id,705e1f87-341d-420b-9759-6ac92a6f394c,705e1f87-341d-420b-9759-6ac92a6f394c,crm,f,2026-07-23 22:21:09.054+00,2026-07-23 22:21:09.054+00
051cbe2f-21bc-4bd8-b2bc-1b58e4f05a18,b2cc46f8-5be3-43d7-88a1-db9a8b4ba9f0,32ccdbe1-627f-4fe3-a506-056b997ed89b,phone,11954104986,5511954104986,crm,t,2026-07-23 22:21:09.217+00,2026-07-23 22:21:09.217+00
2adf1fa4-53db-420d-b97f-58e71ac031bb,b2cc46f8-5be3-43d7-88a1-db9a8b4ba9f0,32ccdbe1-627f-4fe3-a506-056b997ed89b,email,seed.lead.017@example.com,seed.lead.017@example.com,crm,f,2026-07-23 22:21:09.231+00,2026-07-23 22:21:09.231+00
84d12549-e53b-4386-866b-7c432ec1b71e,b2cc46f8-5be3-43d7-88a1-db9a8b4ba9f0,32ccdbe1-627f-4fe3-a506-056b997ed89b,lead_id,714b7a1d-85c5-44a1-a78f-57e6b84abe29,714b7a1d-85c5-44a1-a78f-57e6b84abe29,crm,f,2026-07-23 22:21:09.251+00,2026-07-23 22:21:09.251+00
ae3dcc20-16f2-47aa-8b57-926076f3847b,be4a831d-8f07-4e29-beaa-4c2bddb69430,32ccdbe1-627f-4fe3-a506-056b997ed89b,phone,11932127334,5511932127334,crm,t,2026-07-23 22:21:09.412+00,2026-07-23 22:21:09.412+00
2ad674cc-1fb0-4084-9feb-bc317ff3dc1c,be4a831d-8f07-4e29-beaa-4c2bddb69430,32ccdbe1-627f-4fe3-a506-056b997ed89b,email,seed.lead.027@example.com,seed.lead.027@example.com,crm,f,2026-07-23 22:21:09.426+00,2026-07-23 22:21:09.426+00
47f8e68a-9cbc-45e2-b6ac-2b580797ba71,be4a831d-8f07-4e29-beaa-4c2bddb69430,32ccdbe1-627f-4fe3-a506-056b997ed89b,lead_id,71529206-9c64-4ba6-9ea9-d3225d232b7e,71529206-9c64-4ba6-9ea9-d3225d232b7e,crm,f,2026-07-23 22:21:09.446+00,2026-07-23 22:21:09.446+00
f9f25265-91d2-4c55-98ef-6c356746a4fb,6d18a56f-3585-423d-9ab9-63b532509142,32ccdbe1-627f-4fe3-a506-056b997ed89b,phone,11914815044,5511914815044,crm,t,2026-07-23 22:21:09.61+00,2026-07-23 22:21:09.61+00
3d00a525-ac57-4fc4-851c-5f0cc78cb985,6d18a56f-3585-423d-9ab9-63b532509142,32ccdbe1-627f-4fe3-a506-056b997ed89b,email,seed.lead.044@example.com,seed.lead.044@example.com,crm,f,2026-07-23 22:21:09.624+00,2026-07-23 22:21:09.624+00
ac973a96-8670-4dd8-8ac7-219725b9b2ce,6d18a56f-3585-423d-9ab9-63b532509142,32ccdbe1-627f-4fe3-a506-056b997ed89b,lead_id,71e12952-d681-4bc3-bfed-0cd31bde08e7,71e12952-d681-4bc3-bfed-0cd31bde08e7,crm,f,2026-07-23 22:21:09.644+00,2026-07-23 22:21:09.644+00
980758c6-4853-473c-93b4-8738203de0fa,a48d9a59-0bb3-4436-a340-eb101d614019,32ccdbe1-627f-4fe3-a506-056b997ed89b,phone,11979639638,5511979639638,crm,t,2026-07-23 22:21:09.811+00,2026-07-23 22:21:09.811+00
e125a74e-4085-46ce-bec6-5f236e42faab,a48d9a59-0bb3-4436-a340-eb101d614019,32ccdbe1-627f-4fe3-a506-056b997ed89b,email,seed.lead.074@example.com,seed.lead.074@example.com,crm,f,2026-07-23 22:21:09.824+00,2026-07-23 22:21:09.824+00
7a9c4765-09bb-4e76-9de6-23ae47cfb15b,a48d9a59-0bb3-4436-a340-eb101d614019,32ccdbe1-627f-4fe3-a506-056b997ed89b,document,07429456973239,07429456973239,crm,f,2026-07-23 22:21:09.851+00,2026-07-23 22:21:09.851+00
c3fccec3-4747-45e6-999e-094b385042e9,a48d9a59-0bb3-4436-a340-eb101d614019,32ccdbe1-627f-4fe3-a506-056b997ed89b,lead_id,795f708d-95fd-46ee-9f01-c07c7332386e,795f708d-95fd-46ee-9f01-c07c7332386e,crm,f,2026-07-23 22:21:09.871+00,2026-07-23 22:21:09.871+00
5c71c2bc-387e-47ff-b6f7-632e403c05f7,c294deb0-fc09-47db-8367-903243f9bcce,32ccdbe1-627f-4fe3-a506-056b997ed89b,phone,11935472715,5511935472715,crm,t,2026-07-23 22:21:10.033+00,2026-07-23 22:21:10.033+00
daf41053-6ade-4951-878d-358c4a5975ac,c294deb0-fc09-47db-8367-903243f9bcce,32ccdbe1-627f-4fe3-a506-056b997ed89b,email,seed.lead.119@example.com,seed.lead.119@example.com,crm,f,2026-07-23 22:21:10.047+00,2026-07-23 22:21:10.047+00
82eb91f3-2fd7-4a20-be4b-6dcf55a835bb,c294deb0-fc09-47db-8367-903243f9bcce,32ccdbe1-627f-4fe3-a506-056b997ed89b,lead_id,7a4072fd-0428-4f0b-8f7f-2e756c2890f8,7a4072fd-0428-4f0b-8f7f-2e756c2890f8,crm,f,2026-07-23 22:21:10.068+00,2026-07-23 22:21:10.068+00
2d349fda-1b9c-438d-81d7-038f817621f1,24034163-b063-46a8-8a0e-eb398a5d4dfb,32ccdbe1-627f-4fe3-a506-056b997ed89b,phone,11973659350,5511973659350,crm,t,2026-07-23 22:21:10.251+00,2026-07-23 22:21:10.251+00
4c97d9b8-7bc6-482e-9934-fd8723ce9c75,24034163-b063-46a8-8a0e-eb398a5d4dfb,32ccdbe1-627f-4fe3-a506-056b997ed89b,email,seed.lead.149@example.com,seed.lead.149@example.com,crm,f,2026-07-23 22:21:10.265+00,2026-07-23 22:21:10.265+00
43e1ef3a-d039-4ce4-9507-0f8edbb2cbbb,24034163-b063-46a8-8a0e-eb398a5d4dfb,32ccdbe1-627f-4fe3-a506-056b997ed89b,document,14959537140941,14959537140941,crm,f,2026-07-23 22:21:10.286+00,2026-07-23 22:21:10.286+00
9046d27a-fa36-4f4d-8f25-e3e0dcd342f5,24034163-b063-46a8-8a0e-eb398a5d4dfb,32ccdbe1-627f-4fe3-a506-056b997ed89b,lead_id,80467808-a846-47f0-9b16-a0a58cbd7604,80467808-a846-47f0-9b16-a0a58cbd7604,crm,f,2026-07-23 22:21:10.307+00,2026-07-23 22:21:10.307+00
152c9383-dfee-46d4-b398-7e60b9aa4233,c1957baf-2430-4efa-b458-9ac3f7726c28,32ccdbe1-627f-4fe3-a506-056b997ed89b,phone,11903357581,5511903357581,crm,t,2026-07-23 22:21:10.473+00,2026-07-23 22:21:10.473+00
4050e2a0-0c10-41ca-84dc-ddfc96b2a7c9,c1957baf-2430-4efa-b458-9ac3f7726c28,32ccdbe1-627f-4fe3-a506-056b997ed89b,lead_id,80640016-d289-47b4-81e1-10a72d264c66,80640016-d289-47b4-81e1-10a72d264c66,crm,f,2026-07-23 22:21:10.487+00,2026-07-23 22:21:10.487+00
19ef9dbe-8172-4b5d-b506-9001e87e0290,27be114d-3cd4-4175-b9dc-375dce41d22b,32ccdbe1-627f-4fe3-a506-056b997ed89b,phone,11952964166,5511952964166,crm,t,2026-07-23 22:21:10.657+00,2026-07-23 22:21:10.657+00
a09261e4-fe61-4285-8a5b-33875449702b,27be114d-3cd4-4175-b9dc-375dce41d22b,32ccdbe1-627f-4fe3-a506-056b997ed89b,email,seed.lead.097@example.com,seed.lead.097@example.com,crm,f,2026-07-23 22:21:10.67+00,2026-07-23 22:21:10.67+00
92fc4aab-a2d8-4115-a6ee-60b47159c625,27be114d-3cd4-4175-b9dc-375dce41d22b,32ccdbe1-627f-4fe3-a506-056b997ed89b,lead_id,8131589c-7c9c-434d-8dca-2d620382165b,8131589c-7c9c-434d-8dca-2d620382165b,crm,f,2026-07-23 22:21:10.691+00,2026-07-23 22:21:10.691+00
33ad02b3-ed00-417a-b66e-731980b713d7,9582ffe3-2ec3-470d-9f6a-933dfbdd3c0e,32ccdbe1-627f-4fe3-a506-056b997ed89b,phone,11934116157,5511934116157,crm,t,2026-07-23 22:21:10.858+00,2026-07-23 22:21:10.858+00
94f5e5b5-266f-4f63-ba7a-eb6632d7323c,9582ffe3-2ec3-470d-9f6a-933dfbdd3c0e,32ccdbe1-627f-4fe3-a506-056b997ed89b,email,seed.lead.064@example.com,seed.lead.064@example.com,crm,f,2026-07-23 22:21:10.871+00,2026-07-23 22:21:10.871+00
2a71de58-c08e-4777-ba11-85c00ca58d26,9582ffe3-2ec3-470d-9f6a-933dfbdd3c0e,32ccdbe1-627f-4fe3-a506-056b997ed89b,lead_id,a599b2eb-00d3-4d2a-82c9-8b33e195b853,a599b2eb-00d3-4d2a-82c9-8b33e195b853,crm,f,2026-07-23 22:21:10.892+00,2026-07-23 22:21:10.892+00
cc7c24d6-341e-459d-9383-8d6bccfea450,9658395e-d82b-4f0e-be93-24b11a346042,32ccdbe1-627f-4fe3-a506-056b997ed89b,phone,11940403039,5511940403039,crm,t,2026-07-23 22:21:11.056+00,2026-07-23 22:21:11.056+00
4d8bfb02-ef74-4ced-af1b-0298401a1f3e,9658395e-d82b-4f0e-be93-24b11a346042,32ccdbe1-627f-4fe3-a506-056b997ed89b,email,seed.lead.052@example.com,seed.lead.052@example.com,crm,f,2026-07-23 22:21:11.071+00,2026-07-23 22:21:11.071+00
ef60cd4e-652e-429b-a61d-c525353d205f,9658395e-d82b-4f0e-be93-24b11a346042,32ccdbe1-627f-4fe3-a506-056b997ed89b,document,05278101345882,05278101345882,crm,f,2026-07-23 22:21:11.092+00,2026-07-23 22:21:11.092+00
7be3863b-c85f-4a13-8577-385203bf3bc1,b8c6da2f-20de-461d-9de3-ae8f8a4976eb,32ccdbe1-627f-4fe3-a506-056b997ed89b,phone,11998938507,5511998938507,crm,t,2026-07-23 22:21:14.703+00,2026-07-23 22:21:14.703+00
31262d6f-d4af-472f-8850-6f11a43a23c1,9658395e-d82b-4f0e-be93-24b11a346042,32ccdbe1-627f-4fe3-a506-056b997ed89b,lead_id,83a33731-6773-4f36-908c-b0fde912429d,83a33731-6773-4f36-908c-b0fde912429d,crm,f,2026-07-23 22:21:11.117+00,2026-07-23 22:21:11.117+00
ff55bc67-85a5-42ff-9ca9-1182835cb145,cd6c5ff0-bbeb-42e7-aeee-fe71f5570b90,32ccdbe1-627f-4fe3-a506-056b997ed89b,phone,11926559003,5511926559003,crm,t,2026-07-23 22:21:11.304+00,2026-07-23 22:21:11.304+00
72f788cb-3546-4d84-9c11-a31b9b91dfb5,cd6c5ff0-bbeb-42e7-aeee-fe71f5570b90,32ccdbe1-627f-4fe3-a506-056b997ed89b,email,seed.lead.141@example.com,seed.lead.141@example.com,crm,f,2026-07-23 22:21:11.318+00,2026-07-23 22:21:11.318+00
774e0dc7-0a0b-41be-a880-dd3fc3ddfb5e,cd6c5ff0-bbeb-42e7-aeee-fe71f5570b90,32ccdbe1-627f-4fe3-a506-056b997ed89b,lead_id,e5b030c5-3292-44e3-b658-cb42ae263b17,e5b030c5-3292-44e3-b658-cb42ae263b17,crm,f,2026-07-23 22:21:11.337+00,2026-07-23 22:21:11.337+00
3b8d13fe-0674-4eb1-acc5-1d9db76415f8,b1a72c5f-52fe-4ae0-aa4f-0e018e1a83a1,32ccdbe1-627f-4fe3-a506-056b997ed89b,phone,11921345627,5511921345627,crm,t,2026-07-23 22:21:11.517+00,2026-07-23 22:21:11.517+00
e5f726ea-e9ec-4c99-8567-b707072ea707,b1a72c5f-52fe-4ae0-aa4f-0e018e1a83a1,32ccdbe1-627f-4fe3-a506-056b997ed89b,email,seed.lead.039@example.com,seed.lead.039@example.com,crm,f,2026-07-23 22:21:11.532+00,2026-07-23 22:21:11.532+00
e632a5aa-5432-4b82-88b0-23fb948687ec,b1a72c5f-52fe-4ae0-aa4f-0e018e1a83a1,32ccdbe1-627f-4fe3-a506-056b997ed89b,lead_id,bc21c8e1-fda0-442d-b47a-fb855ad9e12c,bc21c8e1-fda0-442d-b47a-fb855ad9e12c,crm,f,2026-07-23 22:21:11.553+00,2026-07-23 22:21:11.553+00
950e3e6b-58d5-47d4-aab8-56c9cca4b8a4,85053cd7-7f8e-4785-a984-2d2ba1f413da,32ccdbe1-627f-4fe3-a506-056b997ed89b,phone,11987828623,5511987828623,crm,t,2026-07-23 22:21:11.714+00,2026-07-23 22:21:11.714+00
77f7a842-fe1e-4965-93bf-fd46568feaf5,85053cd7-7f8e-4785-a984-2d2ba1f413da,32ccdbe1-627f-4fe3-a506-056b997ed89b,email,seed.lead.131@example.com,seed.lead.131@example.com,crm,f,2026-07-23 22:21:11.727+00,2026-07-23 22:21:11.727+00
59df595f-24b2-4cf2-9fb2-95033f18d627,85053cd7-7f8e-4785-a984-2d2ba1f413da,32ccdbe1-627f-4fe3-a506-056b997ed89b,lead_id,f470b975-3c79-4cd9-a0ed-23d70cd0f11d,f470b975-3c79-4cd9-a0ed-23d70cd0f11d,crm,f,2026-07-23 22:21:11.747+00,2026-07-23 22:21:11.747+00
be45913b-2f85-4212-a4fe-6d47bf01c588,948137ad-4344-44e1-a70d-020d58781af5,32ccdbe1-627f-4fe3-a506-056b997ed89b,phone,11926762074,5511926762074,crm,t,2026-07-23 22:21:11.91+00,2026-07-23 22:21:11.91+00
58fa9813-af7a-493f-b406-63eb4fee5764,948137ad-4344-44e1-a70d-020d58781af5,32ccdbe1-627f-4fe3-a506-056b997ed89b,email,seed.lead.040@example.com,seed.lead.040@example.com,crm,f,2026-07-23 22:21:11.924+00,2026-07-23 22:21:11.924+00
33dec873-d71e-43f4-8bb0-7992842d4c7e,948137ad-4344-44e1-a70d-020d58781af5,32ccdbe1-627f-4fe3-a506-056b997ed89b,lead_id,89468fba-1686-4c51-885d-85d4ae3cbeb7,89468fba-1686-4c51-885d-85d4ae3cbeb7,crm,f,2026-07-23 22:21:11.943+00,2026-07-23 22:21:11.943+00
6fd26ed6-2df7-4782-b8e2-c864f6424cef,2ef392fe-05fb-4b18-b283-07a1c1ef1b5f,32ccdbe1-627f-4fe3-a506-056b997ed89b,phone,11928966365,5511928966365,crm,t,2026-07-23 22:21:12.108+00,2026-07-23 22:21:12.108+00
85f2a901-7cc2-491a-a38f-77143f330cb4,2ef392fe-05fb-4b18-b283-07a1c1ef1b5f,32ccdbe1-627f-4fe3-a506-056b997ed89b,email,seed.lead.011@example.com,seed.lead.011@example.com,crm,f,2026-07-23 22:21:12.121+00,2026-07-23 22:21:12.121+00
5f56756d-c91a-43a2-b26e-ac5d3a4f527d,2ef392fe-05fb-4b18-b283-07a1c1ef1b5f,32ccdbe1-627f-4fe3-a506-056b997ed89b,lead_id,89582c54-65b4-4c3e-ae7a-0343916fd3a2,89582c54-65b4-4c3e-ae7a-0343916fd3a2,crm,f,2026-07-23 22:21:12.141+00,2026-07-23 22:21:12.141+00
1b5e2fa8-6c47-45b8-801c-e54b22c9d858,4b68611d-65bc-4ab6-a4b0-4b589f2fc756,32ccdbe1-627f-4fe3-a506-056b997ed89b,phone,11930317018,5511930317018,crm,t,2026-07-23 22:21:12.305+00,2026-07-23 22:21:12.305+00
1b204791-760c-42fe-a293-5adc8f6ac1b0,4b68611d-65bc-4ab6-a4b0-4b589f2fc756,32ccdbe1-627f-4fe3-a506-056b997ed89b,email,seed.lead.140@example.com,seed.lead.140@example.com,crm,f,2026-07-23 22:21:12.319+00,2026-07-23 22:21:12.319+00
8371afd3-7320-471d-b6c5-b1db505a4794,4b68611d-65bc-4ab6-a4b0-4b589f2fc756,32ccdbe1-627f-4fe3-a506-056b997ed89b,document,14025195698989,14025195698989,crm,f,2026-07-23 22:21:12.342+00,2026-07-23 22:21:12.342+00
3b04b337-d21a-4ee7-9fe2-f3b1d63c4f89,4b68611d-65bc-4ab6-a4b0-4b589f2fc756,32ccdbe1-627f-4fe3-a506-056b997ed89b,lead_id,898f781d-1867-4c22-86eb-5b7c5e4b5071,898f781d-1867-4c22-86eb-5b7c5e4b5071,crm,f,2026-07-23 22:21:12.362+00,2026-07-23 22:21:12.362+00
3ea5213d-ab8a-41d5-aa29-974778b0ffc2,9ff907f9-0b10-4dd8-96b4-9c117424ae2b,32ccdbe1-627f-4fe3-a506-056b997ed89b,phone,11984259006,5511984259006,crm,t,2026-07-23 22:21:12.524+00,2026-07-23 22:21:12.524+00
9d8f5ff5-732c-4e07-a669-1ae291472dfb,9ff907f9-0b10-4dd8-96b4-9c117424ae2b,32ccdbe1-627f-4fe3-a506-056b997ed89b,email,seed.lead.069@example.com,seed.lead.069@example.com,crm,f,2026-07-23 22:21:12.538+00,2026-07-23 22:21:12.538+00
084852ef-4bed-4bc3-93e7-273db49d499d,9ff907f9-0b10-4dd8-96b4-9c117424ae2b,32ccdbe1-627f-4fe3-a506-056b997ed89b,lead_id,8a14708d-7c9e-468e-8f6e-2f911387699e,8a14708d-7c9e-468e-8f6e-2f911387699e,crm,f,2026-07-23 22:21:12.559+00,2026-07-23 22:21:12.559+00
2db03208-9b22-4d03-859e-ec49f98eacde,199609c2-96ea-4f8e-bc57-6b2316d489a3,32ccdbe1-627f-4fe3-a506-056b997ed89b,phone,11969549655,5511969549655,crm,t,2026-07-23 22:21:12.721+00,2026-07-23 22:21:12.721+00
f0bc07ec-c8ee-40df-8c30-c2aeea4d317a,199609c2-96ea-4f8e-bc57-6b2316d489a3,32ccdbe1-627f-4fe3-a506-056b997ed89b,lead_id,8b996c30-91da-41bf-a0ae-b5bbf5d79c0f,8b996c30-91da-41bf-a0ae-b5bbf5d79c0f,crm,f,2026-07-23 22:21:12.735+00,2026-07-23 22:21:12.735+00
eab04ebe-a850-46f9-b512-5356a0007778,7a9c976e-5ce7-4336-b8ce-fc2510d08fe8,32ccdbe1-627f-4fe3-a506-056b997ed89b,phone,11942230618,5511942230618,crm,t,2026-07-23 22:21:12.9+00,2026-07-23 22:21:12.9+00
e80d46d7-7fc8-4ecd-9e64-c25d9175d118,7a9c976e-5ce7-4336-b8ce-fc2510d08fe8,32ccdbe1-627f-4fe3-a506-056b997ed89b,email,seed.lead.121@example.com,seed.lead.121@example.com,crm,f,2026-07-23 22:21:12.914+00,2026-07-23 22:21:12.914+00
ecfa0cbf-93d8-4728-84d7-966fa8d90e46,7a9c976e-5ce7-4336-b8ce-fc2510d08fe8,32ccdbe1-627f-4fe3-a506-056b997ed89b,lead_id,8c52c297-e9c4-405d-adff-edd6a88f688a,8c52c297-e9c4-405d-adff-edd6a88f688a,crm,f,2026-07-23 22:21:12.935+00,2026-07-23 22:21:12.935+00
118155fa-506f-44ba-9a89-3c6d983d6fc8,c5e45dc6-3b65-4e1d-8648-f76acdf0c465,32ccdbe1-627f-4fe3-a506-056b997ed89b,phone,11928858743,5511928858743,crm,t,2026-07-23 22:21:13.102+00,2026-07-23 22:21:13.102+00
525fe82f-9074-4610-820c-7a313b34b42e,c5e45dc6-3b65-4e1d-8648-f76acdf0c465,32ccdbe1-627f-4fe3-a506-056b997ed89b,email,seed.lead.103@example.com,seed.lead.103@example.com,crm,f,2026-07-23 22:21:13.116+00,2026-07-23 22:21:13.116+00
03cdbbae-5a89-4059-b84b-8945771cb191,c5e45dc6-3b65-4e1d-8648-f76acdf0c465,32ccdbe1-627f-4fe3-a506-056b997ed89b,lead_id,8caa14f4-c14e-4de8-81e0-3ddb522796e0,8caa14f4-c14e-4de8-81e0-3ddb522796e0,crm,f,2026-07-23 22:21:13.136+00,2026-07-23 22:21:13.136+00
9befd00f-96e6-4d12-8a2a-b43c3cb5f4b7,9a654de3-0dc2-4a1d-bc2f-f9e677d04f3c,32ccdbe1-627f-4fe3-a506-056b997ed89b,phone,11954849128,5511954849128,crm,t,2026-07-23 22:21:13.304+00,2026-07-23 22:21:13.304+00
a010a954-2b8c-4d06-9560-958ea986c7b3,9a654de3-0dc2-4a1d-bc2f-f9e677d04f3c,32ccdbe1-627f-4fe3-a506-056b997ed89b,email,seed.lead.084@example.com,seed.lead.084@example.com,crm,f,2026-07-23 22:21:13.318+00,2026-07-23 22:21:13.318+00
038ea9da-a4df-4312-b67c-b5e2a786b42b,9a654de3-0dc2-4a1d-bc2f-f9e677d04f3c,32ccdbe1-627f-4fe3-a506-056b997ed89b,lead_id,906aa57b-f3ce-48f7-a2b1-3e7084e58c0a,906aa57b-f3ce-48f7-a2b1-3e7084e58c0a,crm,f,2026-07-23 22:21:13.34+00,2026-07-23 22:21:13.34+00
912ff2b1-9901-4818-a929-4a78cda758a6,ee3bf355-5901-489c-8e22-693e12fcc449,32ccdbe1-627f-4fe3-a506-056b997ed89b,phone,11915705104,5511915705104,crm,t,2026-07-23 22:21:13.502+00,2026-07-23 22:21:13.502+00
8b519488-00f5-4a2f-9ae8-6df7d4ebcca1,ee3bf355-5901-489c-8e22-693e12fcc449,32ccdbe1-627f-4fe3-a506-056b997ed89b,email,seed.lead.022@example.com,seed.lead.022@example.com,crm,f,2026-07-23 22:21:13.518+00,2026-07-23 22:21:13.518+00
d1d5a98b-5162-474f-a4a5-6fa4975a2cc9,ee3bf355-5901-489c-8e22-693e12fcc449,32ccdbe1-627f-4fe3-a506-056b997ed89b,lead_id,d3703849-2910-4d8e-b48a-d4e44a5aa24f,d3703849-2910-4d8e-b48a-d4e44a5aa24f,crm,f,2026-07-23 22:21:13.538+00,2026-07-23 22:21:13.538+00
c6e31ee5-e87f-4f96-9299-4f952bc12bbb,5f50e4bf-f228-4f0c-a5d9-8c47baf52514,32ccdbe1-627f-4fe3-a506-056b997ed89b,phone,11903724570,5511903724570,crm,t,2026-07-23 22:21:13.709+00,2026-07-23 22:21:13.709+00
f56bca09-370e-4340-8acb-219732569243,5f50e4bf-f228-4f0c-a5d9-8c47baf52514,32ccdbe1-627f-4fe3-a506-056b997ed89b,email,seed.lead.003@example.com,seed.lead.003@example.com,crm,f,2026-07-23 22:21:13.724+00,2026-07-23 22:21:13.724+00
f843f8eb-9c46-4e71-a158-82a1d8c7b998,5f50e4bf-f228-4f0c-a5d9-8c47baf52514,32ccdbe1-627f-4fe3-a506-056b997ed89b,lead_id,dbcf69df-9149-4fa5-8fac-3766268a069c,dbcf69df-9149-4fa5-8fac-3766268a069c,crm,f,2026-07-23 22:21:13.744+00,2026-07-23 22:21:13.744+00
98a3a277-e13b-4dc6-b951-22dc4650ed46,1c010266-3966-4c3a-bb16-58f2dcd1d92a,32ccdbe1-627f-4fe3-a506-056b997ed89b,phone,11940480506,5511940480506,crm,t,2026-07-23 22:21:13.914+00,2026-07-23 22:21:13.914+00
8faa27f3-1499-43ee-902a-f81f4ae7e4a5,1c010266-3966-4c3a-bb16-58f2dcd1d92a,32ccdbe1-627f-4fe3-a506-056b997ed89b,email,seed.lead.123@example.com,seed.lead.123@example.com,crm,f,2026-07-23 22:21:13.928+00,2026-07-23 22:21:13.928+00
7b3dd50d-a4c6-43d7-844a-080d47461d0f,1c010266-3966-4c3a-bb16-58f2dcd1d92a,32ccdbe1-627f-4fe3-a506-056b997ed89b,lead_id,9642431b-5762-4e2e-9740-4cba29c90407,9642431b-5762-4e2e-9740-4cba29c90407,crm,f,2026-07-23 22:21:13.949+00,2026-07-23 22:21:13.949+00
d6fa7727-95ad-4f68-9009-c6ccc4c2045b,894f8713-6c4c-45a3-960a-25c4a733ad6d,32ccdbe1-627f-4fe3-a506-056b997ed89b,phone,11111111111,5511111111111,crm,t,2026-07-23 22:21:14.115+00,2026-07-23 22:21:14.115+00
8334090c-282c-4c15-934b-7e2da30d91db,894f8713-6c4c-45a3-960a-25c4a733ad6d,32ccdbe1-627f-4fe3-a506-056b997ed89b,email,seed.lead.0056@example.com,seed.lead.0056@example.com,crm,f,2026-07-23 22:21:14.129+00,2026-07-23 22:21:14.129+00
cc50d8a4-dafc-4611-8501-5d6801968ca9,894f8713-6c4c-45a3-960a-25c4a733ad6d,32ccdbe1-627f-4fe3-a506-056b997ed89b,lead_id,e56b5da6-bdce-49f6-89c3-7d605ee13c75,e56b5da6-bdce-49f6-89c3-7d605ee13c75,crm,f,2026-07-23 22:21:14.152+00,2026-07-23 22:21:14.152+00
d9a39069-3159-4dc4-9b69-58c52efa3968,f6f50b33-8550-41f8-b286-8868016825b2,32ccdbe1-627f-4fe3-a506-056b997ed89b,phone,46152138483,5546152138483,crm,t,2026-07-23 22:21:14.317+00,2026-07-23 22:21:14.317+00
c0943708-3fc5-468c-9295-ed31ebda6d15,f6f50b33-8550-41f8-b286-8868016825b2,32ccdbe1-627f-4fe3-a506-056b997ed89b,email,cheffia.tech441156@gmail.com,cheffia.tech441156@gmail.com,crm,f,2026-07-23 22:21:14.331+00,2026-07-23 22:21:14.331+00
a297915d-b51c-4472-9163-a7199e63d5c1,f6f50b33-8550-41f8-b286-8868016825b2,32ccdbe1-627f-4fe3-a506-056b997ed89b,lead_id,1761abfa-55f4-4ddf-8c7e-8806ce336377,1761abfa-55f4-4ddf-8c7e-8806ce336377,crm,f,2026-07-23 22:21:14.352+00,2026-07-23 22:21:14.352+00
1c65e12f-5699-402a-a838-be7e52d3297b,2c94a013-1e8b-4db0-9dc6-a870c1e7517f,32ccdbe1-627f-4fe3-a506-056b997ed89b,phone,11972796338,5511972796338,crm,t,2026-07-23 22:21:14.512+00,2026-07-23 22:21:14.512+00
9e6d6e4a-3e13-4a54-90c9-b9cbb8fb04a7,2c94a013-1e8b-4db0-9dc6-a870c1e7517f,32ccdbe1-627f-4fe3-a506-056b997ed89b,email,seed.lead.090@example.com,seed.lead.090@example.com,crm,f,2026-07-23 22:21:14.525+00,2026-07-23 22:21:14.525+00
b6f7b726-0221-4997-8c76-1207b7ee3ea8,2c94a013-1e8b-4db0-9dc6-a870c1e7517f,32ccdbe1-627f-4fe3-a506-056b997ed89b,lead_id,9a2a9d10-1c3b-47e5-bf99-6666cc2e4da7,9a2a9d10-1c3b-47e5-bf99-6666cc2e4da7,crm,f,2026-07-23 22:21:14.545+00,2026-07-23 22:21:14.545+00
707f72e1-48b3-430c-8469-07db3fc96221,b8c6da2f-20de-461d-9de3-ae8f8a4976eb,32ccdbe1-627f-4fe3-a506-056b997ed89b,email,seed.lead.094@example.com,seed.lead.094@example.com,crm,f,2026-07-23 22:21:14.717+00,2026-07-23 22:21:14.717+00
9c67b43d-ab05-4f1f-b299-d180cf0dc09d,b8c6da2f-20de-461d-9de3-ae8f8a4976eb,32ccdbe1-627f-4fe3-a506-056b997ed89b,lead_id,9ed7483c-9319-444e-93e9-6ee2cdcbe5d1,9ed7483c-9319-444e-93e9-6ee2cdcbe5d1,crm,f,2026-07-23 22:21:14.736+00,2026-07-23 22:21:14.736+00
24b49f1f-a95c-42ad-9fb8-4bec8b1fe851,c73154d1-fb3b-48cd-b0c2-b108ddd0232e,32ccdbe1-627f-4fe3-a506-056b997ed89b,phone,11922321320,5511922321320,crm,t,2026-07-23 22:21:14.895+00,2026-07-23 22:21:14.895+00
3e41c789-06b2-4714-8c77-5bf48e1a9e18,c73154d1-fb3b-48cd-b0c2-b108ddd0232e,32ccdbe1-627f-4fe3-a506-056b997ed89b,email,seed.lead.056@example.com,seed.lead.056@example.com,crm,f,2026-07-23 22:21:14.911+00,2026-07-23 22:21:14.911+00
c8c69788-cf67-4269-beaf-00cc1622b3dd,c73154d1-fb3b-48cd-b0c2-b108ddd0232e,32ccdbe1-627f-4fe3-a506-056b997ed89b,lead_id,a1012627-5f50-4920-9cef-b45b2aa39a44,a1012627-5f50-4920-9cef-b45b2aa39a44,crm,f,2026-07-23 22:21:14.932+00,2026-07-23 22:21:14.932+00
3c14de17-9a81-4ab9-855f-dda1b8274583,bc5902af-bd2e-44f0-90d0-30d8712ac4b5,32ccdbe1-627f-4fe3-a506-056b997ed89b,phone,11990612709,5511990612709,crm,t,2026-07-23 22:21:15.097+00,2026-07-23 22:21:15.097+00
b9f9418c-0d36-48cf-8be2-a2f04f6b684f,bc5902af-bd2e-44f0-90d0-30d8712ac4b5,32ccdbe1-627f-4fe3-a506-056b997ed89b,email,seed.lead.138@example.com,seed.lead.138@example.com,crm,f,2026-07-23 22:21:15.11+00,2026-07-23 22:21:15.11+00
f09d3356-ea1d-40e5-8e99-ba3a61c99cd5,bc5902af-bd2e-44f0-90d0-30d8712ac4b5,32ccdbe1-627f-4fe3-a506-056b997ed89b,lead_id,a1e08740-ef23-4250-8ced-86d714fdc438,a1e08740-ef23-4250-8ced-86d714fdc438,crm,f,2026-07-23 22:21:15.13+00,2026-07-23 22:21:15.13+00
1dd52664-2db1-4b30-b3f7-9289c70d26e4,cbadfd02-8ff3-4afc-95ff-e30fc9d37209,32ccdbe1-627f-4fe3-a506-056b997ed89b,phone,11992021430,5511992021430,crm,t,2026-07-23 22:21:15.29+00,2026-07-23 22:21:15.29+00
fb2df116-befb-4944-8437-a559303ae476,cbadfd02-8ff3-4afc-95ff-e30fc9d37209,32ccdbe1-627f-4fe3-a506-056b997ed89b,email,seed.lead.122@example.com,seed.lead.122@example.com,crm,f,2026-07-23 22:21:15.304+00,2026-07-23 22:21:15.304+00
a278e7a9-f8b5-4dc3-9023-fb3dcb48abc9,cbadfd02-8ff3-4afc-95ff-e30fc9d37209,32ccdbe1-627f-4fe3-a506-056b997ed89b,lead_id,a619f3bb-c8a6-455b-a95b-47e8e2968c11,a619f3bb-c8a6-455b-a95b-47e8e2968c11,crm,f,2026-07-23 22:21:15.324+00,2026-07-23 22:21:15.324+00
01310a3d-ee44-449d-ad71-2cd011abeb11,b1c2fd9f-8286-48e0-baf4-da88742c9cb4,32ccdbe1-627f-4fe3-a506-056b997ed89b,phone,11986447198,5511986447198,crm,t,2026-07-23 22:21:15.486+00,2026-07-23 22:21:15.486+00
60cb49f2-b1da-43a8-9e57-47918f360abf,b1c2fd9f-8286-48e0-baf4-da88742c9cb4,32ccdbe1-627f-4fe3-a506-056b997ed89b,email,seed.lead.041@example.com,seed.lead.041@example.com,crm,f,2026-07-23 22:21:15.5+00,2026-07-23 22:21:15.5+00
cb5b142f-c27b-496c-88d7-1c5822e2b522,b1c2fd9f-8286-48e0-baf4-da88742c9cb4,32ccdbe1-627f-4fe3-a506-056b997ed89b,lead_id,a905ffba-f810-46a5-98ff-765765d0f635,a905ffba-f810-46a5-98ff-765765d0f635,crm,f,2026-07-23 22:21:15.52+00,2026-07-23 22:21:15.52+00
0690710f-5b02-475e-9775-9ee3f4761ae4,b851cf11-5875-45dc-99a0-3e1d4d26d065,32ccdbe1-627f-4fe3-a506-056b997ed89b,phone,11964298954,5511964298954,crm,t,2026-07-23 22:21:15.683+00,2026-07-23 22:21:15.683+00
b804f74a-114c-485a-9cd7-5b51aa490a1b,b851cf11-5875-45dc-99a0-3e1d4d26d065,32ccdbe1-627f-4fe3-a506-056b997ed89b,email,seed.lead.034@example.com,seed.lead.034@example.com,crm,f,2026-07-23 22:21:15.696+00,2026-07-23 22:21:15.696+00
095140f4-3c3b-4018-9561-55580349d3c6,b851cf11-5875-45dc-99a0-3e1d4d26d065,32ccdbe1-627f-4fe3-a506-056b997ed89b,lead_id,acf03ee2-5192-4480-bf6a-574cf051817c,acf03ee2-5192-4480-bf6a-574cf051817c,crm,f,2026-07-23 22:21:15.718+00,2026-07-23 22:21:15.718+00
b2c01e72-78d0-4ed7-995f-717e2d78a5e0,a24a8524-1e4e-40b2-80e4-1d137bb39ea4,32ccdbe1-627f-4fe3-a506-056b997ed89b,phone,11963783833,5511963783833,crm,t,2026-07-23 22:21:15.881+00,2026-07-23 22:21:15.881+00
6761111d-c440-4cdd-bd8d-ecb5f07fe779,a24a8524-1e4e-40b2-80e4-1d137bb39ea4,32ccdbe1-627f-4fe3-a506-056b997ed89b,email,seed.lead.015@example.com,seed.lead.015@example.com,crm,f,2026-07-23 22:21:15.895+00,2026-07-23 22:21:15.895+00
3cecc5ac-8ed1-4946-a0a6-2b6f032e71c2,a24a8524-1e4e-40b2-80e4-1d137bb39ea4,32ccdbe1-627f-4fe3-a506-056b997ed89b,lead_id,ae3bddbc-d2bd-4b8d-934e-e99dfc51f6f3,ae3bddbc-d2bd-4b8d-934e-e99dfc51f6f3,crm,f,2026-07-23 22:21:15.916+00,2026-07-23 22:21:15.916+00
72d2ccb2-cc56-4558-85e5-59137c9385ba,48ea53b7-3710-4b3d-baa2-f25ef946c368,32ccdbe1-627f-4fe3-a506-056b997ed89b,phone,11983374475,5511983374475,crm,t,2026-07-23 22:21:16.084+00,2026-07-23 22:21:16.084+00
8ae94d15-0fea-49e5-b048-3ab76876c4e0,48ea53b7-3710-4b3d-baa2-f25ef946c368,32ccdbe1-627f-4fe3-a506-056b997ed89b,email,seed.lead.101@example.com,seed.lead.101@example.com,crm,f,2026-07-23 22:21:16.098+00,2026-07-23 22:21:16.098+00
5a363171-c137-4950-963b-912b27e92479,48ea53b7-3710-4b3d-baa2-f25ef946c368,32ccdbe1-627f-4fe3-a506-056b997ed89b,lead_id,ae9b9e82-99b7-4630-a0a2-22755b531ec1,ae9b9e82-99b7-4630-a0a2-22755b531ec1,crm,f,2026-07-23 22:21:16.118+00,2026-07-23 22:21:16.118+00
fd5e5311-bcfc-4452-8927-2bb7e7fb5567,9d70500e-d903-48fe-9363-cc38c87f9b07,32ccdbe1-627f-4fe3-a506-056b997ed89b,phone,11939513396,5511939513396,crm,t,2026-07-23 22:21:16.289+00,2026-07-23 22:21:16.289+00
6342584a-b1fb-40c3-8f52-98831553458f,9d70500e-d903-48fe-9363-cc38c87f9b07,32ccdbe1-627f-4fe3-a506-056b997ed89b,email,seed.lead.087@example.com,seed.lead.087@example.com,crm,f,2026-07-23 22:21:16.304+00,2026-07-23 22:21:16.304+00
78c7ba40-8220-401b-be3d-ab608dfb5132,9d70500e-d903-48fe-9363-cc38c87f9b07,32ccdbe1-627f-4fe3-a506-056b997ed89b,lead_id,af7c1396-d76c-4a58-a45a-444af96b0b5b,af7c1396-d76c-4a58-a45a-444af96b0b5b,crm,f,2026-07-23 22:21:16.324+00,2026-07-23 22:21:16.324+00
9ae437a9-8270-4f22-b922-bf763b58f640,b4ef8916-b8aa-4e06-b595-6e1cf6b04867,32ccdbe1-627f-4fe3-a506-056b997ed89b,phone,11939433263,5511939433263,crm,t,2026-07-23 22:21:16.49+00,2026-07-23 22:21:16.49+00
a400a393-7587-490a-8d83-a5c97bed28a5,b4ef8916-b8aa-4e06-b595-6e1cf6b04867,32ccdbe1-627f-4fe3-a506-056b997ed89b,email,seed.lead.127@example.com,seed.lead.127@example.com,crm,f,2026-07-23 22:21:16.504+00,2026-07-23 22:21:16.504+00
ed5cdaf4-a372-4ce5-9d67-2db8881ac512,b4ef8916-b8aa-4e06-b595-6e1cf6b04867,32ccdbe1-627f-4fe3-a506-056b997ed89b,lead_id,b5fd1419-5355-4b07-b683-1fac1ec8386a,b5fd1419-5355-4b07-b683-1fac1ec8386a,crm,f,2026-07-23 22:21:16.527+00,2026-07-23 22:21:16.527+00
70265fa2-1a31-4bb9-9537-fa19887f06cf,477b41ba-3692-43c9-93d4-dcc95da5853b,32ccdbe1-627f-4fe3-a506-056b997ed89b,phone,11947597176,5511947597176,crm,t,2026-07-23 22:21:16.69+00,2026-07-23 22:21:16.69+00
c7a0ee8f-7708-4647-8f60-dcc1526b15dd,477b41ba-3692-43c9-93d4-dcc95da5853b,32ccdbe1-627f-4fe3-a506-056b997ed89b,document,10236589882194,10236589882194,crm,f,2026-07-23 22:21:16.705+00,2026-07-23 22:21:16.705+00
0ad614a2-e0b1-4f26-a747-2d00467a470d,477b41ba-3692-43c9-93d4-dcc95da5853b,32ccdbe1-627f-4fe3-a506-056b997ed89b,lead_id,b6dea38e-9e28-4475-a144-28bfa06b3ec4,b6dea38e-9e28-4475-a144-28bfa06b3ec4,crm,f,2026-07-23 22:21:16.726+00,2026-07-23 22:21:16.726+00
bbc6adf7-6028-4bbb-ac35-0d5a4208d8d8,0dadc57a-a4a0-4b01-9308-a2d44d8bbc3f,32ccdbe1-627f-4fe3-a506-056b997ed89b,phone,11956728394,5511956728394,crm,t,2026-07-23 22:21:16.891+00,2026-07-23 22:21:16.891+00
3831ae07-2a65-420d-95c1-73aab9c0995c,0dadc57a-a4a0-4b01-9308-a2d44d8bbc3f,32ccdbe1-627f-4fe3-a506-056b997ed89b,document,01391756597227,01391756597227,crm,f,2026-07-23 22:21:16.905+00,2026-07-23 22:21:16.905+00
26cf9adc-0a18-4ce9-81ad-fcfe0c4940d9,0dadc57a-a4a0-4b01-9308-a2d44d8bbc3f,32ccdbe1-627f-4fe3-a506-056b997ed89b,lead_id,b701e58c-d12a-4385-b909-d3b4c1586610,b701e58c-d12a-4385-b909-d3b4c1586610,crm,f,2026-07-23 22:21:16.926+00,2026-07-23 22:21:16.926+00
8bbdbda8-454e-4ad0-8bb7-90deb28c14d7,d63b1794-9621-4339-9594-2ecb4650fdf3,32ccdbe1-627f-4fe3-a506-056b997ed89b,phone,11924946013,5511924946013,crm,t,2026-07-23 22:21:17.09+00,2026-07-23 22:21:17.09+00
a618aed4-4d0b-45a8-9a4a-3146445ab9ff,d63b1794-9621-4339-9594-2ecb4650fdf3,32ccdbe1-627f-4fe3-a506-056b997ed89b,email,seed.lead.113@example.com,seed.lead.113@example.com,crm,f,2026-07-23 22:21:17.104+00,2026-07-23 22:21:17.104+00
eb11044d-dae5-4b4a-a4ae-a42fd7fe9480,d63b1794-9621-4339-9594-2ecb4650fdf3,32ccdbe1-627f-4fe3-a506-056b997ed89b,lead_id,b89208dc-7481-471f-86be-219114ce62b1,b89208dc-7481-471f-86be-219114ce62b1,crm,f,2026-07-23 22:21:17.125+00,2026-07-23 22:21:17.125+00
351b7544-3bf4-459a-b5cb-e1b65779cda5,d5f19b9c-d914-4c4c-a5c9-54263671f934,32ccdbe1-627f-4fe3-a506-056b997ed89b,phone,11921566288,5511921566288,crm,t,2026-07-23 22:21:17.288+00,2026-07-23 22:21:17.288+00
341c5b26-b642-40d0-8a09-8ca27fd6ee90,d5f19b9c-d914-4c4c-a5c9-54263671f934,32ccdbe1-627f-4fe3-a506-056b997ed89b,email,seed.lead.050@example.com,seed.lead.050@example.com,crm,f,2026-07-23 22:21:17.302+00,2026-07-23 22:21:17.302+00
e5ac313f-9f93-450a-bf9c-3ff40739de44,d5f19b9c-d914-4c4c-a5c9-54263671f934,32ccdbe1-627f-4fe3-a506-056b997ed89b,lead_id,b94fcc38-fc3d-4690-8b92-11ae3cbba9fa,b94fcc38-fc3d-4690-8b92-11ae3cbba9fa,crm,f,2026-07-23 22:21:17.323+00,2026-07-23 22:21:17.323+00
92ce8085-d80a-4663-a4e1-c94fc3b56326,bc5de59a-90c5-4af0-aa09-6d34bf20b12a,32ccdbe1-627f-4fe3-a506-056b997ed89b,phone,11943185417,5511943185417,crm,t,2026-07-23 22:21:17.486+00,2026-07-23 22:21:17.486+00
3a93bc76-bb6f-43f1-94ad-7647e2844394,bc5de59a-90c5-4af0-aa09-6d34bf20b12a,32ccdbe1-627f-4fe3-a506-056b997ed89b,email,seed.lead.085@example.com,seed.lead.085@example.com,crm,f,2026-07-23 22:21:17.501+00,2026-07-23 22:21:17.501+00
fd600cf9-3fa9-4c9e-b953-cb036a9c838d,bc5de59a-90c5-4af0-aa09-6d34bf20b12a,32ccdbe1-627f-4fe3-a506-056b997ed89b,lead_id,bb4b2ef6-3359-45bc-a786-306eb4c7a4ce,bb4b2ef6-3359-45bc-a786-306eb4c7a4ce,crm,f,2026-07-23 22:21:17.522+00,2026-07-23 22:21:17.522+00
3ab1f34a-9cd3-4bea-9ce1-6df7223a8986,68b96e0b-09f5-4718-a3b2-436f0f2fb85b,32ccdbe1-627f-4fe3-a506-056b997ed89b,phone,11904145474,5511904145474,crm,t,2026-07-23 22:21:17.696+00,2026-07-23 22:21:17.696+00
5d18217b-a6af-4d59-9b78-f325ae24d4a2,68b96e0b-09f5-4718-a3b2-436f0f2fb85b,32ccdbe1-627f-4fe3-a506-056b997ed89b,email,seed.lead.106@example.com,seed.lead.106@example.com,crm,f,2026-07-23 22:21:17.71+00,2026-07-23 22:21:17.71+00
98c345df-be71-4c5d-93f8-d7d086a03de7,68b96e0b-09f5-4718-a3b2-436f0f2fb85b,32ccdbe1-627f-4fe3-a506-056b997ed89b,lead_id,c48e54dd-4764-442a-8401-98afb2743cea,c48e54dd-4764-442a-8401-98afb2743cea,crm,f,2026-07-23 22:21:17.732+00,2026-07-23 22:21:17.732+00
31f43e58-8e0b-4b1e-be8b-f3d7585c395f,894f8713-6c4c-45a3-960a-25c4a733ad6d,32ccdbe1-627f-4fe3-a506-056b997ed89b,email,seed.lead.00056@example.com,seed.lead.00056@example.com,crm,f,2026-07-23 22:21:17.904+00,2026-07-23 22:21:17.904+00
c2646b56-429e-44a5-b650-6e644cc04990,894f8713-6c4c-45a3-960a-25c4a733ad6d,32ccdbe1-627f-4fe3-a506-056b997ed89b,lead_id,c4ad5a22-4510-4117-871a-5145e3c932a4,c4ad5a22-4510-4117-871a-5145e3c932a4,crm,f,2026-07-23 22:21:17.926+00,2026-07-23 22:21:17.926+00
034a0648-df55-4305-bbae-7fb0f6dff252,79c750a9-db39-4e73-9e67-6c42fac7f914,32ccdbe1-627f-4fe3-a506-056b997ed89b,phone,11990921512,5511990921512,crm,t,2026-07-23 22:21:18.093+00,2026-07-23 22:21:18.093+00
5d0cfc1b-a782-411f-8be2-31754149f445,79c750a9-db39-4e73-9e67-6c42fac7f914,32ccdbe1-627f-4fe3-a506-056b997ed89b,document,12896946012297,12896946012297,crm,f,2026-07-23 22:21:18.108+00,2026-07-23 22:21:18.108+00
e49d7b1a-e40d-47bc-a2bd-27fe4d249457,79c750a9-db39-4e73-9e67-6c42fac7f914,32ccdbe1-627f-4fe3-a506-056b997ed89b,lead_id,c4b4f516-b77e-4c83-9354-0b98ee29a83a,c4b4f516-b77e-4c83-9354-0b98ee29a83a,crm,f,2026-07-23 22:21:18.129+00,2026-07-23 22:21:18.129+00
3f0a4207-8041-47ce-8e4a-418c823a54f5,5585f208-af20-40b8-beb4-08752300d2ff,32ccdbe1-627f-4fe3-a506-056b997ed89b,phone,11995939335,5511995939335,crm,t,2026-07-23 22:21:18.298+00,2026-07-23 22:21:18.298+00
21accbd2-f1b5-43c3-90b0-d1a4957c0bbc,5585f208-af20-40b8-beb4-08752300d2ff,32ccdbe1-627f-4fe3-a506-056b997ed89b,email,seed.lead.054@example.com,seed.lead.054@example.com,crm,f,2026-07-23 22:21:18.313+00,2026-07-23 22:21:18.313+00
cdacce1f-e32c-4cf5-8d1f-574491e88510,5585f208-af20-40b8-beb4-08752300d2ff,32ccdbe1-627f-4fe3-a506-056b997ed89b,lead_id,c614a571-54ff-4129-8cb1-bc6516461699,c614a571-54ff-4129-8cb1-bc6516461699,crm,f,2026-07-23 22:21:18.333+00,2026-07-23 22:21:18.333+00
4987e11e-c223-46ae-8d0a-1c54d22373e1,c89cbd1b-cd9d-4ed1-98c3-30983b80ce5c,32ccdbe1-627f-4fe3-a506-056b997ed89b,phone,11987500828,5511987500828,crm,t,2026-07-23 22:21:18.495+00,2026-07-23 22:21:18.495+00
516cae60-2812-4603-a6fa-7db8109b63cb,c89cbd1b-cd9d-4ed1-98c3-30983b80ce5c,32ccdbe1-627f-4fe3-a506-056b997ed89b,email,seed.lead.100@example.com,seed.lead.100@example.com,crm,f,2026-07-23 22:21:18.508+00,2026-07-23 22:21:18.508+00
56dfda1c-7e74-4438-b64d-e43fdfb07993,c89cbd1b-cd9d-4ed1-98c3-30983b80ce5c,32ccdbe1-627f-4fe3-a506-056b997ed89b,document,10011321153310,10011321153310,crm,f,2026-07-23 22:21:18.528+00,2026-07-23 22:21:18.528+00
fac515cb-3d0c-496a-8c47-3b4956581dcc,c89cbd1b-cd9d-4ed1-98c3-30983b80ce5c,32ccdbe1-627f-4fe3-a506-056b997ed89b,lead_id,c7c937cd-009e-451b-b86d-866b379531ef,c7c937cd-009e-451b-b86d-866b379531ef,crm,f,2026-07-23 22:21:18.548+00,2026-07-23 22:21:18.548+00
6f5b4b92-0234-4303-97ee-c5c7266c9828,b16622c8-db5e-4e78-b61f-9fbe86605055,32ccdbe1-627f-4fe3-a506-056b997ed89b,phone,11974444213,5511974444213,crm,t,2026-07-23 22:21:18.711+00,2026-07-23 22:21:18.711+00
10558438-7aeb-4047-a71a-e1d20af72a02,b16622c8-db5e-4e78-b61f-9fbe86605055,32ccdbe1-627f-4fe3-a506-056b997ed89b,lead_id,ca4eb334-0420-4497-8d6a-b8f64af3eeb3,ca4eb334-0420-4497-8d6a-b8f64af3eeb3,crm,f,2026-07-23 22:21:18.726+00,2026-07-23 22:21:18.726+00
b383ceec-ade5-43e7-8a04-88c1dd11348c,49d91bd9-f24f-4726-8631-c87f4e3ffe8d,32ccdbe1-627f-4fe3-a506-056b997ed89b,phone,11938712994,5511938712994,crm,t,2026-07-23 22:21:18.891+00,2026-07-23 22:21:18.891+00
181fe38a-893b-4932-beb3-987e996c24d6,49d91bd9-f24f-4726-8631-c87f4e3ffe8d,32ccdbe1-627f-4fe3-a506-056b997ed89b,email,seed.lead.098@example.com,seed.lead.098@example.com,crm,f,2026-07-23 22:21:18.905+00,2026-07-23 22:21:18.905+00
61299527-8d70-45c5-8dee-d534e945baf1,49d91bd9-f24f-4726-8631-c87f4e3ffe8d,32ccdbe1-627f-4fe3-a506-056b997ed89b,document,09873258691697,09873258691697,crm,f,2026-07-23 22:21:18.926+00,2026-07-23 22:21:18.926+00
cbbad30e-9aa5-4c96-81e3-9437d9d37b71,49d91bd9-f24f-4726-8631-c87f4e3ffe8d,32ccdbe1-627f-4fe3-a506-056b997ed89b,lead_id,cdbbcba1-7dea-46e4-b51f-375778523ce0,cdbbcba1-7dea-46e4-b51f-375778523ce0,crm,f,2026-07-23 22:21:18.948+00,2026-07-23 22:21:18.948+00
1425302d-99e6-45f1-86ec-8a96a0959fbc,944e3ac2-092b-4906-8ca7-37d2f251c7a2,32ccdbe1-627f-4fe3-a506-056b997ed89b,phone,11909398800,5511909398800,crm,t,2026-07-23 22:21:19.113+00,2026-07-23 22:21:19.113+00
a48acb85-6078-4b99-a792-f5b1dc0d2975,944e3ac2-092b-4906-8ca7-37d2f251c7a2,32ccdbe1-627f-4fe3-a506-056b997ed89b,email,seed.lead.049@example.com,seed.lead.049@example.com,crm,f,2026-07-23 22:21:19.127+00,2026-07-23 22:21:19.127+00
b8c00e27-f943-473f-938e-8574a71aa6ac,944e3ac2-092b-4906-8ca7-37d2f251c7a2,32ccdbe1-627f-4fe3-a506-056b997ed89b,lead_id,cf78d641-50e8-4334-9b84-73b04624c653,cf78d641-50e8-4334-9b84-73b04624c653,crm,f,2026-07-23 22:21:19.147+00,2026-07-23 22:21:19.147+00
aadb3d11-68a7-4548-99e7-b58dcb56bf7d,46495d47-2600-4b50-9352-340565da2baa,32ccdbe1-627f-4fe3-a506-056b997ed89b,phone,11991228924,5511991228924,crm,t,2026-07-23 22:21:19.308+00,2026-07-23 22:21:19.308+00
ba440aec-f469-4d0e-8ed0-2cb0c9a9a1cd,46495d47-2600-4b50-9352-340565da2baa,32ccdbe1-627f-4fe3-a506-056b997ed89b,lead_id,d29254d6-e3fd-4013-b4f7-2093c854f0f7,d29254d6-e3fd-4013-b4f7-2093c854f0f7,crm,f,2026-07-23 22:21:19.322+00,2026-07-23 22:21:19.322+00
fc458457-8cf5-4bb5-81a4-e2c5d3492f7c,3a178fb7-8058-41f1-86f7-c85c0c4f5315,32ccdbe1-627f-4fe3-a506-056b997ed89b,phone,11901354394,5511901354394,crm,t,2026-07-23 22:21:19.481+00,2026-07-23 22:21:19.481+00
09bb4f62-e4ce-4b9d-b8be-49aa269fe28a,3a178fb7-8058-41f1-86f7-c85c0c4f5315,32ccdbe1-627f-4fe3-a506-056b997ed89b,email,seed.lead.024@example.com,seed.lead.024@example.com,crm,f,2026-07-23 22:21:19.495+00,2026-07-23 22:21:19.495+00
6321b54e-2d22-4424-bcb0-1c190fc56510,3a178fb7-8058-41f1-86f7-c85c0c4f5315,32ccdbe1-627f-4fe3-a506-056b997ed89b,document,02403575999630,02403575999630,crm,f,2026-07-23 22:21:19.516+00,2026-07-23 22:21:19.516+00
7c3e6f06-5fdd-4ed6-8fa5-ed76230f4a68,3a178fb7-8058-41f1-86f7-c85c0c4f5315,32ccdbe1-627f-4fe3-a506-056b997ed89b,lead_id,d2dfc422-126d-4b42-84b0-4182d9ab3767,d2dfc422-126d-4b42-84b0-4182d9ab3767,crm,f,2026-07-23 22:21:19.535+00,2026-07-23 22:21:19.535+00
3c1ff896-778b-44e4-b9ae-85ec81ae46aa,494305e9-daef-4f78-910c-c7ffd024b714,32ccdbe1-627f-4fe3-a506-056b997ed89b,phone,11951773290,5511951773290,crm,t,2026-07-23 22:21:19.715+00,2026-07-23 22:21:19.715+00
29353540-97f4-4a05-82a4-9fb5f59bcecb,494305e9-daef-4f78-910c-c7ffd024b714,32ccdbe1-627f-4fe3-a506-056b997ed89b,email,seed.lead.130@example.com,seed.lead.130@example.com,crm,f,2026-07-23 22:21:19.728+00,2026-07-23 22:21:19.728+00
6fa94cd3-6936-41b7-9283-183a785d34c7,494305e9-daef-4f78-910c-c7ffd024b714,32ccdbe1-627f-4fe3-a506-056b997ed89b,lead_id,d90c8b41-77a6-4af0-89ae-d965c6fd9d15,d90c8b41-77a6-4af0-89ae-d965c6fd9d15,crm,f,2026-07-23 22:21:19.748+00,2026-07-23 22:21:19.748+00
7caa53c7-5558-44bc-9914-c54e5bf2ccfb,2d8d49e2-11ff-4c8a-8e0f-afc92e76c8cd,32ccdbe1-627f-4fe3-a506-056b997ed89b,phone,11927756960,5511927756960,crm,t,2026-07-23 22:21:19.907+00,2026-07-23 22:21:19.907+00
41bb12c0-e65b-4958-9df1-5f15ca2006d2,2d8d49e2-11ff-4c8a-8e0f-afc92e76c8cd,32ccdbe1-627f-4fe3-a506-056b997ed89b,email,seed.lead.023@example.com,seed.lead.023@example.com,crm,f,2026-07-23 22:21:19.921+00,2026-07-23 22:21:19.921+00
dfad1799-c269-4fe3-99d1-2e35b3ad2546,2d8d49e2-11ff-4c8a-8e0f-afc92e76c8cd,32ccdbe1-627f-4fe3-a506-056b997ed89b,lead_id,db14a516-8961-4ea2-88ae-10349315dfc9,db14a516-8961-4ea2-88ae-10349315dfc9,crm,f,2026-07-23 22:21:19.941+00,2026-07-23 22:21:19.941+00
c4f7bee5-9e9f-4c2b-8ffd-2bda69258158,8f9e03d8-7222-4a77-8446-3055fae455e0,32ccdbe1-627f-4fe3-a506-056b997ed89b,phone,11952019770,5511952019770,crm,t,2026-07-23 22:21:20.109+00,2026-07-23 22:21:20.109+00
ac9fb898-99a0-4a57-8af8-e7c02f998479,8f9e03d8-7222-4a77-8446-3055fae455e0,32ccdbe1-627f-4fe3-a506-056b997ed89b,email,seed.lead.079@example.com,seed.lead.079@example.com,crm,f,2026-07-23 22:21:20.123+00,2026-07-23 22:21:20.123+00
b8d2fea9-575a-4455-b96f-c825b56fb16e,8f9e03d8-7222-4a77-8446-3055fae455e0,32ccdbe1-627f-4fe3-a506-056b997ed89b,lead_id,dc1b326a-f3da-4ff4-a052-79cb8ebeaf21,dc1b326a-f3da-4ff4-a052-79cb8ebeaf21,crm,f,2026-07-23 22:21:20.144+00,2026-07-23 22:21:20.144+00
dc411549-a29d-4fa7-82e6-5fd93f01e0e4,09e12e9d-5c8d-43a0-8fe5-f7d9f076761d,32ccdbe1-627f-4fe3-a506-056b997ed89b,phone,11943820334,5511943820334,crm,t,2026-07-23 22:21:20.307+00,2026-07-23 22:21:20.307+00
b153d152-39c6-4f09-97f7-327ea7fb788d,09e12e9d-5c8d-43a0-8fe5-f7d9f076761d,32ccdbe1-627f-4fe3-a506-056b997ed89b,email,seed.lead.061@example.com,seed.lead.061@example.com,crm,f,2026-07-23 22:21:20.322+00,2026-07-23 22:21:20.322+00
e8f066d0-3572-4c5b-9c30-35c2511de38b,09e12e9d-5c8d-43a0-8fe5-f7d9f076761d,32ccdbe1-627f-4fe3-a506-056b997ed89b,lead_id,deb66ee2-5d89-4b8e-825b-86bd791d1586,deb66ee2-5d89-4b8e-825b-86bd791d1586,crm,f,2026-07-23 22:21:20.343+00,2026-07-23 22:21:20.343+00
80359766-4416-44b2-8503-c05293072b0a,76c0b2e0-8f0d-483c-9e0c-bf2dfa27b88c,32ccdbe1-627f-4fe3-a506-056b997ed89b,phone,11994341834,5511994341834,crm,t,2026-07-23 22:21:20.501+00,2026-07-23 22:21:20.501+00
67a62f5d-2e36-4a34-9e7a-ca90ffedb075,76c0b2e0-8f0d-483c-9e0c-bf2dfa27b88c,32ccdbe1-627f-4fe3-a506-056b997ed89b,email,seed.lead.002@example.com,seed.lead.002@example.com,crm,f,2026-07-23 22:21:20.514+00,2026-07-23 22:21:20.514+00
1c48c3ff-44c7-44ca-9b3a-69aea0ea15fa,76c0b2e0-8f0d-483c-9e0c-bf2dfa27b88c,32ccdbe1-627f-4fe3-a506-056b997ed89b,document,00289198204938,00289198204938,crm,f,2026-07-23 22:21:20.534+00,2026-07-23 22:21:20.534+00
60e7a1d2-aa03-45c5-a10e-d8aeb0f932a9,76c0b2e0-8f0d-483c-9e0c-bf2dfa27b88c,32ccdbe1-627f-4fe3-a506-056b997ed89b,lead_id,deea1c68-1d41-4f35-b03a-05e23636ceb7,deea1c68-1d41-4f35-b03a-05e23636ceb7,crm,f,2026-07-23 22:21:20.555+00,2026-07-23 22:21:20.555+00
67638ebf-2cfc-4893-823b-ea98dd685c18,d0098af7-b668-43fc-ab17-d904651f9f7a,32ccdbe1-627f-4fe3-a506-056b997ed89b,phone,11934704860,5511934704860,crm,t,2026-07-23 22:21:20.714+00,2026-07-23 22:21:20.714+00
95c6cb5a-f1cf-459e-9816-e918b1734bee,d0098af7-b668-43fc-ab17-d904651f9f7a,32ccdbe1-627f-4fe3-a506-056b997ed89b,email,seed.lead.124@example.com,seed.lead.124@example.com,crm,f,2026-07-23 22:21:20.727+00,2026-07-23 22:21:20.727+00
ef8a6cb0-468b-471f-a351-5142e14a84fd,d0098af7-b668-43fc-ab17-d904651f9f7a,32ccdbe1-627f-4fe3-a506-056b997ed89b,document,12412033457173,12412033457173,crm,f,2026-07-23 22:21:20.747+00,2026-07-23 22:21:20.747+00
28608efb-dc43-45eb-8f1a-e54cdfaa137b,d0098af7-b668-43fc-ab17-d904651f9f7a,32ccdbe1-627f-4fe3-a506-056b997ed89b,lead_id,e0850f6d-8fd7-47b4-9c5f-77bb6ef6a8b8,e0850f6d-8fd7-47b4-9c5f-77bb6ef6a8b8,crm,f,2026-07-23 22:21:20.768+00,2026-07-23 22:21:20.768+00
6def3747-d427-4a1e-a305-1b2972744f6d,72e1b009-154b-4035-805f-87891bfd9e9f,32ccdbe1-627f-4fe3-a506-056b997ed89b,phone,11929629064,5511929629064,crm,t,2026-07-23 22:21:20.945+00,2026-07-23 22:21:20.945+00
93d85f3f-4acc-4f0d-b4c6-a87df0b4fba1,72e1b009-154b-4035-805f-87891bfd9e9f,32ccdbe1-627f-4fe3-a506-056b997ed89b,email,seed.lead.112@example.com,seed.lead.112@example.com,crm,f,2026-07-23 22:21:20.958+00,2026-07-23 22:21:20.958+00
ecc35f4a-2216-4747-98fa-4562e3f55f25,72e1b009-154b-4035-805f-87891bfd9e9f,32ccdbe1-627f-4fe3-a506-056b997ed89b,lead_id,e42b93b5-1a45-4ccb-a43e-df882e4aa650,e42b93b5-1a45-4ccb-a43e-df882e4aa650,crm,f,2026-07-23 22:21:20.98+00,2026-07-23 22:21:20.98+00
8e2ef393-0845-491a-bb4b-cc268691b8a2,fecce9b5-cba8-48ec-be11-7cc8d455371a,32ccdbe1-627f-4fe3-a506-056b997ed89b,phone,11961633183,5511961633183,crm,t,2026-07-23 22:21:21.138+00,2026-07-23 22:21:21.138+00
5d0a56e1-45d2-4de5-844c-9daba4e7eca4,fecce9b5-cba8-48ec-be11-7cc8d455371a,32ccdbe1-627f-4fe3-a506-056b997ed89b,lead_id,e4bd4891-5184-4ec1-9745-8a342e3fd838,e4bd4891-5184-4ec1-9745-8a342e3fd838,crm,f,2026-07-23 22:21:21.152+00,2026-07-23 22:21:21.152+00
b3d3fbcd-2479-4b8e-8a13-3bcbfb5d5f32,f4a478ae-b65b-4a08-8b9d-3962b883eed0,32ccdbe1-627f-4fe3-a506-056b997ed89b,phone,11943527715,5511943527715,crm,t,2026-07-23 22:21:21.335+00,2026-07-23 22:21:21.335+00
df60f849-fe94-4c45-ab9e-165ea5778930,f4a478ae-b65b-4a08-8b9d-3962b883eed0,32ccdbe1-627f-4fe3-a506-056b997ed89b,email,seed.lead.104@example.com,seed.lead.104@example.com,crm,f,2026-07-23 22:21:21.35+00,2026-07-23 22:21:21.35+00
8ca592a2-7d54-4ff1-a4c1-c1d50be097c6,f4a478ae-b65b-4a08-8b9d-3962b883eed0,32ccdbe1-627f-4fe3-a506-056b997ed89b,lead_id,e7df89e2-0cb4-4b42-87a9-6ef1bc604ec1,e7df89e2-0cb4-4b42-87a9-6ef1bc604ec1,crm,f,2026-07-23 22:21:21.37+00,2026-07-23 22:21:21.37+00
7e29eee5-ec04-4a78-ad5a-d87c4d884fee,8868ff98-f71e-4ab6-a2ba-a8ba6b28c597,32ccdbe1-627f-4fe3-a506-056b997ed89b,phone,11953307381,5511953307381,crm,t,2026-07-23 22:21:21.54+00,2026-07-23 22:21:21.54+00
655ad3a6-cdd9-4f2a-a1cb-d3f034cdf619,8868ff98-f71e-4ab6-a2ba-a8ba6b28c597,32ccdbe1-627f-4fe3-a506-056b997ed89b,email,seed.lead.093@example.com,seed.lead.093@example.com,crm,f,2026-07-23 22:21:21.554+00,2026-07-23 22:21:21.554+00
76f48441-a882-4c8d-9ff2-2305c6e24ec3,8868ff98-f71e-4ab6-a2ba-a8ba6b28c597,32ccdbe1-627f-4fe3-a506-056b997ed89b,lead_id,e93b759c-20fc-4cab-bbc7-abd53b99a75a,e93b759c-20fc-4cab-bbc7-abd53b99a75a,crm,f,2026-07-23 22:21:21.575+00,2026-07-23 22:21:21.575+00
f6223be6-af74-4965-bcbd-a5f529581007,0b76735c-7ff4-41a0-ac7a-2a28d687bce6,32ccdbe1-627f-4fe3-a506-056b997ed89b,phone,11979169939,5511979169939,crm,t,2026-07-23 22:21:21.742+00,2026-07-23 22:21:21.742+00
b37866ff-22cd-44f0-8ddf-0d291822ed89,0b76735c-7ff4-41a0-ac7a-2a28d687bce6,32ccdbe1-627f-4fe3-a506-056b997ed89b,email,seed.lead.031@example.com,seed.lead.031@example.com,crm,f,2026-07-23 22:21:21.756+00,2026-07-23 22:21:21.756+00
37b03986-fe81-43d4-a1fa-a38d99c52a56,0b76735c-7ff4-41a0-ac7a-2a28d687bce6,32ccdbe1-627f-4fe3-a506-056b997ed89b,lead_id,e99bb50b-e923-4364-b1f3-865150720390,e99bb50b-e923-4364-b1f3-865150720390,crm,f,2026-07-23 22:21:21.777+00,2026-07-23 22:21:21.777+00
dd5c7888-d230-4142-829b-b95a0f511b8c,4a597e1e-6a76-49e6-973b-603ada5bd8f2,32ccdbe1-627f-4fe3-a506-056b997ed89b,phone,11921747918,5511921747918,crm,t,2026-07-23 22:21:21.939+00,2026-07-23 22:21:21.939+00
0825950d-40b5-42bf-9cb2-f9ff4addaacd,4a597e1e-6a76-49e6-973b-603ada5bd8f2,32ccdbe1-627f-4fe3-a506-056b997ed89b,email,seed.lead.148@example.com,seed.lead.148@example.com,crm,f,2026-07-23 22:21:21.953+00,2026-07-23 22:21:21.953+00
4dacda44-53e9-4290-b845-3891dc86108c,4a597e1e-6a76-49e6-973b-603ada5bd8f2,32ccdbe1-627f-4fe3-a506-056b997ed89b,lead_id,ebd0fe0a-dbb2-4548-8343-f5745111fa37,ebd0fe0a-dbb2-4548-8343-f5745111fa37,crm,f,2026-07-23 22:21:21.974+00,2026-07-23 22:21:21.974+00
d0cf2e0e-d23d-4f65-990d-2fb7afb2753e,6d6dfe0b-5dbc-463b-9ea1-21f604aabd30,32ccdbe1-627f-4fe3-a506-056b997ed89b,phone,11911818318,5511911818318,crm,t,2026-07-23 22:21:22.136+00,2026-07-23 22:21:22.136+00
b46956af-f2c2-4035-b7a6-cc56911a273c,6d6dfe0b-5dbc-463b-9ea1-21f604aabd30,32ccdbe1-627f-4fe3-a506-056b997ed89b,email,seed.lead.063@example.com,seed.lead.063@example.com,crm,f,2026-07-23 22:21:22.15+00,2026-07-23 22:21:22.15+00
fc17d2dc-0abb-4544-8a21-7f7519e66e50,6d6dfe0b-5dbc-463b-9ea1-21f604aabd30,32ccdbe1-627f-4fe3-a506-056b997ed89b,lead_id,ede46484-eb54-45b0-a075-3b0d556b740f,ede46484-eb54-45b0-a075-3b0d556b740f,crm,f,2026-07-23 22:21:22.171+00,2026-07-23 22:21:22.171+00
28841553-cc2b-4d8f-9a69-9cd71ec6cb24,c0625476-9eb2-4213-a240-3d82b3f111e8,32ccdbe1-627f-4fe3-a506-056b997ed89b,phone,11910704709,5511910704709,crm,t,2026-07-23 22:21:22.335+00,2026-07-23 22:21:22.335+00
72318f05-855a-4a73-b045-e9bb67adf628,c0625476-9eb2-4213-a240-3d82b3f111e8,32ccdbe1-627f-4fe3-a506-056b997ed89b,email,seed.lead.010@example.com,seed.lead.010@example.com,crm,f,2026-07-23 22:21:22.349+00,2026-07-23 22:21:22.349+00
9de0585c-a45d-4a43-816f-3a0ca3d88080,c0625476-9eb2-4213-a240-3d82b3f111e8,32ccdbe1-627f-4fe3-a506-056b997ed89b,lead_id,edf75338-3f70-4470-a901-5506a44e675f,edf75338-3f70-4470-a901-5506a44e675f,crm,f,2026-07-23 22:21:22.369+00,2026-07-23 22:21:22.369+00
1ddb7f55-1e9c-4474-ae3d-ea9c5cabaa1b,7517b499-138b-480b-bc5c-f78306eeb961,32ccdbe1-627f-4fe3-a506-056b997ed89b,email,eduardo@email.com,eduardo@email.com,crm,f,2026-07-23 22:21:22.534+00,2026-07-23 22:21:22.534+00
138270e6-14c3-4f7b-827d-6ff0c14dd585,7517b499-138b-480b-bc5c-f78306eeb961,32ccdbe1-627f-4fe3-a506-056b997ed89b,lead_id,ee42c0f3-985e-46dd-9dd9-69ab082949dd,ee42c0f3-985e-46dd-9dd9-69ab082949dd,crm,f,2026-07-23 22:21:22.555+00,2026-07-23 22:21:22.555+00
10d43ab8-298e-4810-80b7-fa3018981930,c729c9ec-7c1a-4374-8ea1-65f360f90f04,32ccdbe1-627f-4fe3-a506-056b997ed89b,phone,11941595217,5511941595217,crm,t,2026-07-23 22:21:22.715+00,2026-07-23 22:21:22.715+00
966ec10a-ced8-49e1-ae4b-a7aeb753389e,c729c9ec-7c1a-4374-8ea1-65f360f90f04,32ccdbe1-627f-4fe3-a506-056b997ed89b,email,seed.lead.118@example.com,seed.lead.118@example.com,crm,f,2026-07-23 22:21:22.728+00,2026-07-23 22:21:22.728+00
7100a594-7bb7-41ce-a4b5-5c5e690b73dc,c729c9ec-7c1a-4374-8ea1-65f360f90f04,32ccdbe1-627f-4fe3-a506-056b997ed89b,document,11875814245298,11875814245298,crm,f,2026-07-23 22:21:22.75+00,2026-07-23 22:21:22.75+00
fe46fe7a-c636-465d-9ea3-25113d202f69,c729c9ec-7c1a-4374-8ea1-65f360f90f04,32ccdbe1-627f-4fe3-a506-056b997ed89b,lead_id,eeaec911-6132-4307-9c10-30dd4ac8a6e6,eeaec911-6132-4307-9c10-30dd4ac8a6e6,crm,f,2026-07-23 22:21:22.77+00,2026-07-23 22:21:22.77+00
fcaab8d7-7990-48e9-80ac-e9fb9bbdb167,990125af-d94b-49cc-8702-d8d7700656ea,32ccdbe1-627f-4fe3-a506-056b997ed89b,phone,11986124887,5511986124887,crm,t,2026-07-23 22:21:22.933+00,2026-07-23 22:21:22.933+00
66267ec2-47f7-4d7b-b223-68eb211f3174,990125af-d94b-49cc-8702-d8d7700656ea,32ccdbe1-627f-4fe3-a506-056b997ed89b,email,seed.lead.046@example.com,seed.lead.046@example.com,crm,f,2026-07-23 22:21:22.947+00,2026-07-23 22:21:22.947+00
04470566-f1a7-43d1-b244-dc8d6512338d,990125af-d94b-49cc-8702-d8d7700656ea,32ccdbe1-627f-4fe3-a506-056b997ed89b,lead_id,eeefcf4b-9fa3-43bb-bcd5-64941e65d468,eeefcf4b-9fa3-43bb-bcd5-64941e65d468,crm,f,2026-07-23 22:21:22.968+00,2026-07-23 22:21:22.968+00
9f7a7253-d7b5-4daa-8cdf-0d161d050754,04cce653-9d4d-4380-871b-aeba475513e5,32ccdbe1-627f-4fe3-a506-056b997ed89b,phone,11947501692,5511947501692,crm,t,2026-07-23 22:21:23.134+00,2026-07-23 22:21:23.134+00
e9304d7a-a1de-40de-9413-57b5195adfd2,04cce653-9d4d-4380-871b-aeba475513e5,32ccdbe1-627f-4fe3-a506-056b997ed89b,email,seed.lead.057@example.com,seed.lead.057@example.com,crm,f,2026-07-23 22:21:23.148+00,2026-07-23 22:21:23.148+00
6d997613-1156-4794-bc1b-725dd3741f73,04cce653-9d4d-4380-871b-aeba475513e5,32ccdbe1-627f-4fe3-a506-056b997ed89b,document,05795379307341,05795379307341,crm,f,2026-07-23 22:21:23.168+00,2026-07-23 22:21:23.168+00
fd4ba549-7797-4aeb-81d3-2016f8527465,04cce653-9d4d-4380-871b-aeba475513e5,32ccdbe1-627f-4fe3-a506-056b997ed89b,lead_id,f4ff3312-90bf-4e4c-913e-c01009f03759,f4ff3312-90bf-4e4c-913e-c01009f03759,crm,f,2026-07-23 22:21:23.19+00,2026-07-23 22:21:23.19+00
8424f838-9613-493f-b805-96e8e8860cbc,e722dc88-c099-434f-bf1e-bcb9639e3123,32ccdbe1-627f-4fe3-a506-056b997ed89b,phone,11917631077,5511917631077,crm,t,2026-07-23 22:21:23.352+00,2026-07-23 22:21:23.352+00
a240845a-12e1-4dfe-9030-6c9c32800851,e722dc88-c099-434f-bf1e-bcb9639e3123,32ccdbe1-627f-4fe3-a506-056b997ed89b,email,seed.lead.051@example.com,seed.lead.051@example.com,crm,f,2026-07-23 22:21:23.367+00,2026-07-23 22:21:23.367+00
eba27fea-f508-41d0-8918-daf573d94d7f,e722dc88-c099-434f-bf1e-bcb9639e3123,32ccdbe1-627f-4fe3-a506-056b997ed89b,lead_id,f54fe2c2-9fcb-4ab9-98f8-815829309ae5,f54fe2c2-9fcb-4ab9-98f8-815829309ae5,crm,f,2026-07-23 22:21:23.387+00,2026-07-23 22:21:23.387+00
60f800d1-192d-4a0b-a548-c50234a55065,5c6a701a-dccf-482c-a3f4-8ef110d5fcb9,32ccdbe1-627f-4fe3-a506-056b997ed89b,phone,11938538570,5511938538570,crm,t,2026-07-23 22:21:23.55+00,2026-07-23 22:21:23.55+00
4253803f-e8e0-43b7-a7bd-532e1c8857ba,5c6a701a-dccf-482c-a3f4-8ef110d5fcb9,32ccdbe1-627f-4fe3-a506-056b997ed89b,email,seed.lead.135@example.com,seed.lead.135@example.com,crm,f,2026-07-23 22:21:23.563+00,2026-07-23 22:21:23.563+00
1c244028-7f26-4a09-ab1b-fc2a61e47707,5c6a701a-dccf-482c-a3f4-8ef110d5fcb9,32ccdbe1-627f-4fe3-a506-056b997ed89b,document,13535936970514,13535936970514,crm,f,2026-07-23 22:21:23.584+00,2026-07-23 22:21:23.584+00
a2395969-ca32-4a0c-9502-fece798c9e4c,5c6a701a-dccf-482c-a3f4-8ef110d5fcb9,32ccdbe1-627f-4fe3-a506-056b997ed89b,lead_id,f6db62ef-d6f3-4e9d-93c8-de68fd2202e9,f6db62ef-d6f3-4e9d-93c8-de68fd2202e9,crm,f,2026-07-23 22:21:23.604+00,2026-07-23 22:21:23.604+00
a0e2c78d-e84f-4f13-8c48-0aeb789cddd5,7de0dcfb-594c-48f8-a6a1-d079d72d6ee5,32ccdbe1-627f-4fe3-a506-056b997ed89b,phone,11946640409,5511946640409,crm,t,2026-07-23 22:21:23.767+00,2026-07-23 22:21:23.767+00
673c87b2-e3eb-4bd1-8b54-a1b0dae6095b,7de0dcfb-594c-48f8-a6a1-d079d72d6ee5,32ccdbe1-627f-4fe3-a506-056b997ed89b,lead_id,f8bba7ad-2ee1-4299-8420-3b5e7f7da960,f8bba7ad-2ee1-4299-8420-3b5e7f7da960,crm,f,2026-07-23 22:21:23.78+00,2026-07-23 22:21:23.78+00
251ce006-9d14-4db0-9a07-2bfe83dc533f,510634d0-c299-473a-85c9-3521180b3732,32ccdbe1-627f-4fe3-a506-056b997ed89b,phone,11919320331,5511919320331,crm,t,2026-07-23 22:21:23.959+00,2026-07-23 22:21:23.959+00
1e0bf49d-bd5d-4686-8e77-2bc30e3cfdfb,510634d0-c299-473a-85c9-3521180b3732,32ccdbe1-627f-4fe3-a506-056b997ed89b,email,seed.lead.116@example.com,seed.lead.116@example.com,crm,f,2026-07-23 22:21:23.972+00,2026-07-23 22:21:23.972+00
9f0d4fa3-e0fb-4b17-9bff-456031ca2b5a,510634d0-c299-473a-85c9-3521180b3732,32ccdbe1-627f-4fe3-a506-056b997ed89b,document,11649702886286,11649702886286,crm,f,2026-07-23 22:21:23.992+00,2026-07-23 22:21:23.992+00
d251d96f-6063-4f8a-a9ee-116b6067f3df,510634d0-c299-473a-85c9-3521180b3732,32ccdbe1-627f-4fe3-a506-056b997ed89b,lead_id,fb9416ae-3d95-46bd-a1d5-2f71db336ee1,fb9416ae-3d95-46bd-a1d5-2f71db336ee1,crm,f,2026-07-23 22:21:24.012+00,2026-07-23 22:21:24.012+00
c93c5c89-634a-43e1-8464-868099bd657f,4a83fa0b-da17-4053-a1ab-b147102075ff,32ccdbe1-627f-4fe3-a506-056b997ed89b,phone,11456123584,5511456123584,crm,t,2026-07-23 22:21:24.197+00,2026-07-23 22:21:24.197+00
0763ebc7-1ca6-45b1-9c92-e877cec48ead,4a83fa0b-da17-4053-a1ab-b147102075ff,32ccdbe1-627f-4fe3-a506-056b997ed89b,email,bug@email.com,bug@email.com,crm,f,2026-07-23 22:21:24.21+00,2026-07-23 22:21:24.21+00
f56da26c-a326-4074-9c14-e75b55efdd4b,4a83fa0b-da17-4053-a1ab-b147102075ff,32ccdbe1-627f-4fe3-a506-056b997ed89b,lead_id,79557374-b7b9-42c4-8e10-80daf1598c76,79557374-b7b9-42c4-8e10-80daf1598c76,crm,f,2026-07-23 22:21:24.231+00,2026-07-23 22:21:24.231+00
98b06187-46ae-4a8c-8056-dd4441d0b118,59273987-eff7-4b88-804c-19fabf26dee9,32ccdbe1-627f-4fe3-a506-056b997ed89b,phone,1194562522,551194562522,crm,t,2026-07-23 22:21:24.392+00,2026-07-23 22:21:24.392+00
4f749b2f-f578-4089-9875-0be0d137bfea,59273987-eff7-4b88-804c-19fabf26dee9,32ccdbe1-627f-4fe3-a506-056b997ed89b,email,trigger@email.com,trigger@email.com,crm,f,2026-07-23 22:21:24.405+00,2026-07-23 22:21:24.405+00
3dd01bed-bbbd-43ad-9b01-324b70f785fe,59273987-eff7-4b88-804c-19fabf26dee9,32ccdbe1-627f-4fe3-a506-056b997ed89b,lead_id,93890384-459d-4ad2-94e0-7f2a2347ab88,93890384-459d-4ad2-94e0-7f2a2347ab88,crm,f,2026-07-23 22:21:24.425+00,2026-07-23 22:21:24.425+00
3903e6f1-c34f-4bf8-a333-ac160ed22905,d2fdbc72-c147-43ce-9879-a7280a8c9502,32ccdbe1-627f-4fe3-a506-056b997ed89b,phone,11916374176,5511916374176,crm,t,2026-07-23 22:21:24.588+00,2026-07-23 22:21:24.588+00
3ddf2041-1373-46bb-9b4a-2f4c7f59faeb,d2fdbc72-c147-43ce-9879-a7280a8c9502,32ccdbe1-627f-4fe3-a506-056b997ed89b,email,seed.lead.144@example.com,seed.lead.144@example.com,crm,f,2026-07-23 22:21:24.602+00,2026-07-23 22:21:24.602+00
93ecb410-b553-4118-8ad3-d559223320a9,d2fdbc72-c147-43ce-9879-a7280a8c9502,32ccdbe1-627f-4fe3-a506-056b997ed89b,lead_id,fa29c366-750d-47b7-96cb-d82541e806ed,fa29c366-750d-47b7-96cb-d82541e806ed,crm,f,2026-07-23 22:21:24.624+00,2026-07-23 22:21:24.624+00
5e8d5db2-8808-4d55-962c-3691875ed1e6,3554a1f9-64ef-4584-bc28-93d38d05df14,32ccdbe1-627f-4fe3-a506-056b997ed89b,phone,11999280483,5511999280483,crm,t,2026-07-23 22:21:24.787+00,2026-07-23 22:21:24.787+00
37dc1a16-e643-4a87-80d9-26287c2b8243,3554a1f9-64ef-4584-bc28-93d38d05df14,32ccdbe1-627f-4fe3-a506-056b997ed89b,email,seed.lead.082@example.com,seed.lead.082@example.com,crm,f,2026-07-23 22:21:24.801+00,2026-07-23 22:21:24.801+00
a3073fcc-ffd2-499a-8a10-29ee55ba7b92,3554a1f9-64ef-4584-bc28-93d38d05df14,32ccdbe1-627f-4fe3-a506-056b997ed89b,lead_id,e30434ec-3832-43e5-80ea-308b099b5a2f,e30434ec-3832-43e5-80ea-308b099b5a2f,crm,f,2026-07-23 22:21:24.821+00,2026-07-23 22:21:24.821+00
ab5af44a-affc-4be6-b1a1-f1aa4a54db88,c7ce5efc-589c-477f-b03d-e226dc1016e2,32ccdbe1-627f-4fe3-a506-056b997ed89b,phone,11922486128,5511922486128,crm,t,2026-07-23 22:21:24.989+00,2026-07-23 22:21:24.989+00
4f80a7d0-0d19-465a-afca-135fa4118aab,c7ce5efc-589c-477f-b03d-e226dc1016e2,32ccdbe1-627f-4fe3-a506-056b997ed89b,email,seed.lead.136@example.com,seed.lead.136@example.com,crm,f,2026-07-23 22:21:25.004+00,2026-07-23 22:21:25.004+00
8a952d22-b910-4c62-90ca-fdbc62acb7c1,c7ce5efc-589c-477f-b03d-e226dc1016e2,32ccdbe1-627f-4fe3-a506-056b997ed89b,lead_id,6a831150-feee-4496-b9ec-fa6dc4d10422,6a831150-feee-4496-b9ec-fa6dc4d10422,crm,f,2026-07-23 22:21:25.024+00,2026-07-23 22:21:25.024+00
e83082c4-32f7-427b-8e58-af1fd995abaf,c7ce5efc-589c-477f-b03d-e226dc1016e2,32ccdbe1-627f-4fe3-a506-056b997ed89b,portfolio_id,b78de181-bb51-41de-9109-e516e4fe9a79,b78de181-bb51-41de-9109-e516e4fe9a79,portfolio,f,2026-07-23 22:21:25.672+00,2026-07-23 22:21:25.672+00
57b881cc-09e4-44d2-bb63-76b941daedb3,86df656d-a7e6-4ec8-b1f8-9b0cd7640f01,32ccdbe1-627f-4fe3-a506-056b997ed89b,portfolio_id,f7b3be50-c75c-40e7-9345-40c598857fa4,f7b3be50-c75c-40e7-9345-40c598857fa4,portfolio,f,2026-07-23 22:21:25.796+00,2026-07-23 22:21:25.796+00
1b0dcde6-c205-4a94-8c3a-f04de1b5af88,c7d98c35-0d5d-499a-9c53-28b281a095b4,32ccdbe1-627f-4fe3-a506-056b997ed89b,portfolio_id,b4c5333f-c7f3-4ea2-8b36-ae8a6299f2d2,b4c5333f-c7f3-4ea2-8b36-ae8a6299f2d2,portfolio,f,2026-07-23 22:21:25.921+00,2026-07-23 22:21:25.921+00
f8270269-e4c1-4574-aec0-6a16d7e9f0e2,4a597e1e-6a76-49e6-973b-603ada5bd8f2,32ccdbe1-627f-4fe3-a506-056b997ed89b,portfolio_id,2f87aeed-571a-4367-9b3c-235d462a3894,2f87aeed-571a-4367-9b3c-235d462a3894,portfolio,f,2026-07-23 22:21:26.049+00,2026-07-23 22:21:26.049+00
1a00a4dd-33b6-4c4e-b0aa-c01b89ca803a,ea21b5b3-6135-4eb5-a534-c2a6e8d6a12d,32ccdbe1-627f-4fe3-a506-056b997ed89b,email,nathielewillock@gmail.com,nathielewillock@gmail.com,email,f,2026-07-23 22:20:53.21+00,2026-07-23 22:21:56.384+00
6801c9c2-5b00-485d-a924-492a53c167b7,ea21b5b3-6135-4eb5-a534-c2a6e8d6a12d,32ccdbe1-627f-4fe3-a506-056b997ed89b,email_contact_id,f1c66ad5-5b1b-4d24-9fb6-00308dd9a232,f1c66ad5-5b1b-4d24-9fb6-00308dd9a232,email,f,2026-07-23 22:21:56.403+00,2026-07-23 22:21:56.403+00
38ee93b1-9ba5-4f71-a122-df61bf7619fb,44128a96-a118-4479-ba68-5cca770cff10,32ccdbe1-627f-4fe3-a506-056b997ed89b,email,matheuswillock@gmail.com,matheuswillock@gmail.com,email,f,2026-07-23 22:20:58.942+00,2026-07-23 22:21:56.578+00
cc64a21b-484d-4361-b820-fed533139fbf,44128a96-a118-4479-ba68-5cca770cff10,32ccdbe1-627f-4fe3-a506-056b997ed89b,email_contact_id,99f8a850-0fb6-4231-ba1e-406e50e63798,99f8a850-0fb6-4231-ba1e-406e50e63798,email,f,2026-07-23 22:21:56.597+00,2026-07-23 22:21:56.597+00
a7899773-8cfc-4d44-af06-6e5bf0b560af,86df656d-a7e6-4ec8-b1f8-9b0cd7640f01,32ccdbe1-627f-4fe3-a506-056b997ed89b,email,mariana@email.com,mariana@email.com,crm,f,2026-07-23 22:20:56.079+00,2026-07-23 22:28:57.946+00
e442a712-6b5a-4be1-8052-e4a991d06392,86df656d-a7e6-4ec8-b1f8-9b0cd7640f01,32ccdbe1-627f-4fe3-a506-056b997ed89b,lead_id,18d49464-a9f5-49fd-b830-e9cf435e5acc,18d49464-a9f5-49fd-b830-e9cf435e5acc,crm,f,2026-07-23 22:20:56.122+00,2026-07-23 22:28:58.008+00
b319bef4-76ef-45e8-8a24-b79cb5abc57b,f883b691-418a-409c-96d0-9a4915c0f0ac,27edf455-e61a-48a9-a846-e2c6f42999b5,phone,21985944060,5521985944060,crm,t,2026-07-24 12:24:27.13+00,2026-07-24 12:24:27.13+00
6f5dbeba-04a7-4b62-bbfe-8a3d75a737ed,f883b691-418a-409c-96d0-9a4915c0f0ac,27edf455-e61a-48a9-a846-e2c6f42999b5,email,leandrocrelieradv@gmail.com,leandrocrelieradv@gmail.com,crm,f,2026-07-24 12:24:27.153+00,2026-07-24 12:24:27.153+00
8541e3bf-e052-422a-8b92-ff97994abad8,f883b691-418a-409c-96d0-9a4915c0f0ac,27edf455-e61a-48a9-a846-e2c6f42999b5,document,59575636000104,59575636000104,crm,f,2026-07-24 12:24:27.172+00,2026-07-24 12:24:27.172+00
ef265e8c-8232-4e45-9703-c4184fb51886,f883b691-418a-409c-96d0-9a4915c0f0ac,27edf455-e61a-48a9-a846-e2c6f42999b5,lead_id,598702d5-5e68-4228-b6b8-b5a3ba73a88c,598702d5-5e68-4228-b6b8-b5a3ba73a88c,crm,f,2026-07-24 12:24:27.189+00,2026-07-24 12:24:27.189+00
580f4939-ea91-4606-832d-7ddb14cf8cb0,32fc4779-44ef-4b08-8294-e6a1d7f79ef4,862835fd-54ad-4ebd-986a-b5392f1bb227,phone,71992191900,5571992191900,crm,t,2026-07-24 12:33:59.127+00,2026-07-24 12:33:59.127+00
9f5cffd2-e3a5-4632-994e-c219a82f9564,671e0583-5164-4052-bc4c-fc242642a013,7b577c22-5513-42cc-ab19-2bf867e14ebc,phone,11998212200,5511998212200,crm,t,2026-07-24 12:58:11.768+00,2026-07-24 12:58:11.768+00
2abeba4c-669f-45a2-a0f1-88ad47f24726,671e0583-5164-4052-bc4c-fc242642a013,7b577c22-5513-42cc-ab19-2bf867e14ebc,email,ivancou64@gmail.com,ivancou64@gmail.com,crm,f,2026-07-24 12:58:11.817+00,2026-07-24 12:58:11.817+00
792e5b5e-3133-4873-a990-957472407550,671e0583-5164-4052-bc4c-fc242642a013,7b577c22-5513-42cc-ab19-2bf867e14ebc,document,44409292000196,44409292000196,crm,f,2026-07-24 12:58:11.868+00,2026-07-24 12:58:11.868+00
ca8ef423-168d-4226-bfb6-999b11b7e788,671e0583-5164-4052-bc4c-fc242642a013,7b577c22-5513-42cc-ab19-2bf867e14ebc,lead_id,d8b658db-896a-4aa9-adfa-0b7c4dea21f0,d8b658db-896a-4aa9-adfa-0b7c4dea21f0,crm,f,2026-07-24 12:58:11.89+00,2026-07-24 12:58:11.89+00
d8a976b0-8c2b-4056-8c64-21b487260ad3,31397c18-3bb8-4be1-b8eb-9e303c573090,b874694b-f463-4dbd-bb6f-b04f121a8802,phone,11981813441,5511981813441,crm,t,2026-07-24 14:00:09.329+00,2026-07-24 14:00:09.329+00
7dde4992-a68d-47f7-b79b-7a61b8fc59d2,31397c18-3bb8-4be1-b8eb-9e303c573090,b874694b-f463-4dbd-bb6f-b04f121a8802,email,borahtoledo@ymail.com,borahtoledo@ymail.com,crm,f,2026-07-24 14:00:09.366+00,2026-07-24 14:00:36.024+00
447e1101-ba68-49b2-993a-28f40bd6dcb1,31397c18-3bb8-4be1-b8eb-9e303c573090,b874694b-f463-4dbd-bb6f-b04f121a8802,lead_id,8fc606e4-67f0-467b-8fe0-4082f062312c,8fc606e4-67f0-467b-8fe0-4082f062312c,crm,f,2026-07-24 14:00:09.394+00,2026-07-24 14:00:36.045+00
861ba631-2bf7-42d7-84d8-41937ad27730,d9d0611c-8c3c-42c3-a5a0-a550901409a5,862835fd-54ad-4ebd-986a-b5392f1bb227,phone,120363412277450907,120363412277450907,whatsapp,t,2026-07-24 14:11:04.009+00,2026-07-24 14:11:04.009+00
239ebe64-dbc8-494c-91ae-9b73a9cc7409,32fc4779-44ef-4b08-8294-e6a1d7f79ef4,862835fd-54ad-4ebd-986a-b5392f1bb227,email,andreorllastransportespesados@gmail.com,andreorllastransportespesados@gmail.com,crm,f,2026-07-24 12:33:59.152+00,2026-07-27 18:55:29.1+00
4de855ab-f99f-4016-9ca8-8fde8a78c9b0,aff1cea4-804b-460d-961b-087050222d90,760fc14a-229e-4212-9aa9-f90de968af69,email,e.queiroz.longo@gmail.com,e.queiroz.longo@gmail.com,crm,f,2026-07-24 15:54:43.443+00,2026-07-27 13:31:55.791+00
770efe46-d6c8-4c4b-834a-3d8a3751df7a,aff1cea4-804b-460d-961b-087050222d90,760fc14a-229e-4212-9aa9-f90de968af69,document,30485578000146,30485578000146,crm,f,2026-07-24 15:54:43.472+00,2026-07-27 13:31:55.812+00
999315c2-89a0-4e10-8cf3-4dc477b75941,d9d0611c-8c3c-42c3-a5a0-a550901409a5,862835fd-54ad-4ebd-986a-b5392f1bb227,whatsapp_contact_id,017d257d-5d8b-405a-b9d2-c684e2b71e58,017d257d-5d8b-405a-b9d2-c684e2b71e58,whatsapp,f,2026-07-24 14:11:04.033+00,2026-07-24 14:31:23.979+00
7caaafad-6751-4537-b30d-9816f889c2a3,7571f171-8a7f-4630-b45b-d30dca0ea1b9,862835fd-54ad-4ebd-986a-b5392f1bb227,lead_id,b68e6124-32fb-4f7b-a1d3-5a7b9b6c33bc,b68e6124-32fb-4f7b-a1d3-5a7b9b6c33bc,crm,f,2026-07-23 18:43:51.18+00,2026-07-24 14:51:11.898+00
e85bfa47-7e33-430c-9ddd-838eddca3782,aff1cea4-804b-460d-961b-087050222d90,760fc14a-229e-4212-9aa9-f90de968af69,phone,11999690127,5511999690127,crm,t,2026-07-24 15:54:43.416+00,2026-07-24 15:54:43.416+00
e7005b54-0407-4acf-98f1-ec8538ba2db5,1e12157f-679b-442c-86b0-c8b9718fffac,968fc8e6-f918-4579-b0d1-26570ce5e94b,phone,11979719547,5511979719547,crm,t,2026-07-24 15:55:56.886+00,2026-07-24 15:55:56.886+00
fd4f3bef-bb81-4ed2-9f0f-4afc41cd142e,1e12157f-679b-442c-86b0-c8b9718fffac,968fc8e6-f918-4579-b0d1-26570ce5e94b,email,danielamatos.rh@hotmail.com,danielamatos.rh@hotmail.com,crm,f,2026-07-24 15:55:56.914+00,2026-07-24 15:55:56.914+00
bce82755-a575-45cf-9870-cf1060a98ea7,1e12157f-679b-442c-86b0-c8b9718fffac,968fc8e6-f918-4579-b0d1-26570ce5e94b,document,51960378000178,51960378000178,crm,f,2026-07-24 15:55:56.949+00,2026-07-24 15:55:56.949+00
4a6fc0e2-5cdf-46a1-8f72-64824d640787,1e12157f-679b-442c-86b0-c8b9718fffac,968fc8e6-f918-4579-b0d1-26570ce5e94b,lead_id,9dad77df-7587-4545-b019-9cb1ce49e1d5,9dad77df-7587-4545-b019-9cb1ce49e1d5,crm,f,2026-07-24 15:55:56.985+00,2026-07-24 15:55:56.985+00
d98ca5e6-3b4b-44cc-9055-250336fb8821,a5acf728-9093-4f23-ab66-36eb06f172f8,a1b2c3d4-0001-4000-8000-000000000001,phone,11982640269,5511982640269,crm,t,2026-07-24 17:26:20.588+00,2026-07-24 17:26:20.588+00
78425513-d4a2-4c97-8109-3693c6fa8db8,a5acf728-9093-4f23-ab66-36eb06f172f8,a1b2c3d4-0001-4000-8000-000000000001,email,anelisafrateschi@hotmail.com,anelisafrateschi@hotmail.com,crm,f,2026-07-24 17:26:20.617+00,2026-07-24 17:26:20.617+00
f9ec07db-2c96-4c24-8293-6530c6fe5bfc,a5acf728-9093-4f23-ab66-36eb06f172f8,a1b2c3d4-0001-4000-8000-000000000001,document,57009384000120,57009384000120,crm,f,2026-07-24 17:26:20.649+00,2026-07-24 17:26:20.649+00
c8942138-f2d4-48d4-b593-30023ca2ac3b,a5acf728-9093-4f23-ab66-36eb06f172f8,a1b2c3d4-0001-4000-8000-000000000001,lead_id,1993369b-83e6-4691-87a7-e3cb160b0eaf,1993369b-83e6-4691-87a7-e3cb160b0eaf,crm,f,2026-07-24 17:26:20.68+00,2026-07-24 17:26:20.68+00
7f1f72b9-f2ab-450d-a25a-8b294b88c81a,eafd6645-fb85-4254-96e3-8b179345213e,862835fd-54ad-4ebd-986a-b5392f1bb227,phone,71981147466,5571981147466,crm,t,2026-07-24 17:50:35.984+00,2026-07-24 17:50:35.984+00
78b547ed-1a74-4b8f-a377-656bee80c86d,eafd6645-fb85-4254-96e3-8b179345213e,862835fd-54ad-4ebd-986a-b5392f1bb227,email,irinaldocruz@gmail.com,irinaldocruz@gmail.com,crm,f,2026-07-24 17:50:36.009+00,2026-07-24 17:50:36.009+00
6dcd3c1a-45bc-4a3e-bf53-281da020fd8e,eafd6645-fb85-4254-96e3-8b179345213e,862835fd-54ad-4ebd-986a-b5392f1bb227,document,21291167000129,21291167000129,crm,f,2026-07-24 17:50:36.028+00,2026-07-24 17:50:36.028+00
e56a331c-7992-4f59-8337-12012f02a458,eafd6645-fb85-4254-96e3-8b179345213e,862835fd-54ad-4ebd-986a-b5392f1bb227,lead_id,bc5eaddb-8fe2-4174-8061-bcde6c5c2833,bc5eaddb-8fe2-4174-8061-bcde6c5c2833,crm,f,2026-07-24 17:50:36.048+00,2026-07-24 17:50:36.048+00
9b00a890-7335-4b51-8d30-722e7ea69569,aff1cea4-804b-460d-961b-087050222d90,760fc14a-229e-4212-9aa9-f90de968af69,lead_id,5cc6f6f4-0d3b-4ad9-8d93-c2c815bc7076,5cc6f6f4-0d3b-4ad9-8d93-c2c815bc7076,crm,f,2026-07-24 15:54:43.501+00,2026-07-27 13:31:55.831+00
d9458159-3571-45f5-ac51-ffc3ab550bb5,32fc4779-44ef-4b08-8294-e6a1d7f79ef4,862835fd-54ad-4ebd-986a-b5392f1bb227,lead_id,2f631d3c-75ef-43c4-ac35-8bd3ca47a342,2f631d3c-75ef-43c4-ac35-8bd3ca47a342,crm,f,2026-07-24 12:33:59.176+00,2026-07-27 18:55:29.125+00
2dbb10c1-e3a0-4bde-8c61-90d58eb9e756,f13408e8-1094-47bd-811c-ab0c15d9a2d3,a9c81e05-8b1a-47ad-a80d-dbc45603f068,phone,11993901445,5511993901445,crm,t,2026-07-24 18:11:11.152+00,2026-07-24 18:11:11.152+00
9488a36a-74d0-4fc9-b48c-b8ff6f5a1da1,f13408e8-1094-47bd-811c-ab0c15d9a2d3,a9c81e05-8b1a-47ad-a80d-dbc45603f068,email,marciomania@hotmail.com,marciomania@hotmail.com,crm,f,2026-07-24 18:11:11.183+00,2026-07-24 18:11:11.183+00
41f43cd6-36e4-46ed-a3ec-91a7c642becf,f13408e8-1094-47bd-811c-ab0c15d9a2d3,a9c81e05-8b1a-47ad-a80d-dbc45603f068,document,27696724000178,27696724000178,crm,f,2026-07-24 18:11:11.216+00,2026-07-24 18:11:11.216+00
a0509719-b070-43d7-a606-3a3b13967545,f13408e8-1094-47bd-811c-ab0c15d9a2d3,a9c81e05-8b1a-47ad-a80d-dbc45603f068,lead_id,5c96a208-20f8-45ae-adeb-d883c184d76d,5c96a208-20f8-45ae-adeb-d883c184d76d,crm,f,2026-07-24 18:11:11.249+00,2026-07-24 18:11:11.249+00
df92255c-cb29-4119-a4b6-dcae6e627053,9d82a45b-02ac-485c-bec8-e1b53e4cc372,7b577c22-5513-42cc-ab19-2bf867e14ebc,phone,11987137068,5511987137068,crm,t,2026-07-27 13:28:33.88+00,2026-07-27 13:28:33.88+00
5a806d7c-c8f9-45f8-8ec7-5b6ca980395e,9d82a45b-02ac-485c-bec8-e1b53e4cc372,7b577c22-5513-42cc-ab19-2bf867e14ebc,email,dcarvpack.parfum@gmail.com,dcarvpack.parfum@gmail.com,crm,f,2026-07-27 13:28:33.909+00,2026-07-27 13:28:33.909+00
8cef8215-5fdc-4ecb-acf8-479357df2e42,9d82a45b-02ac-485c-bec8-e1b53e4cc372,7b577c22-5513-42cc-ab19-2bf867e14ebc,document,35949351000128,35949351000128,crm,f,2026-07-27 13:28:33.927+00,2026-07-27 13:28:33.927+00
0b2883e5-e23d-4d8f-8efd-1d76bfa53bd3,9d82a45b-02ac-485c-bec8-e1b53e4cc372,7b577c22-5513-42cc-ab19-2bf867e14ebc,lead_id,9aaf8747-a577-4a51-83af-6a737003d105,9aaf8747-a577-4a51-83af-6a737003d105,crm,f,2026-07-27 13:28:33.943+00,2026-07-27 13:28:33.943+00
ce51877f-a466-494d-b290-58d1a5cb289f,b41ad00e-a097-4bbf-b9b3-d704188567b4,862835fd-54ad-4ebd-986a-b5392f1bb227,phone,71981171829,5571981171829,crm,t,2026-07-27 13:33:03.208+00,2026-07-27 13:33:03.208+00
2a1a06f2-e285-4663-b7dd-57b187a94a63,b41ad00e-a097-4bbf-b9b3-d704188567b4,862835fd-54ad-4ebd-986a-b5392f1bb227,email,jluisoliveira80@gmail.com,jluisoliveira80@gmail.com,crm,f,2026-07-27 13:33:03.238+00,2026-07-27 13:36:00+00
2c4e7315-749c-4950-b3c5-76163b39a79f,b41ad00e-a097-4bbf-b9b3-d704188567b4,862835fd-54ad-4ebd-986a-b5392f1bb227,document,29437644000123,29437644000123,crm,f,2026-07-27 13:33:03.256+00,2026-07-27 13:36:00.029+00
dc9f3940-78ff-46c5-bbf0-d33191ab3622,b41ad00e-a097-4bbf-b9b3-d704188567b4,862835fd-54ad-4ebd-986a-b5392f1bb227,lead_id,c66d43b6-07f9-43cf-a092-e171fcbaf4cc,c66d43b6-07f9-43cf-a092-e171fcbaf4cc,crm,f,2026-07-27 13:33:03.27+00,2026-07-27 13:36:00.056+00
5d674d5d-2478-4dd7-937c-8ede08f00cb3,bd9605c3-a17b-4e58-9e56-0bd129dd0a4d,862835fd-54ad-4ebd-986a-b5392f1bb227,phone,71992475512,5571992475512,crm,t,2026-07-27 13:50:44.74+00,2026-07-27 13:50:44.74+00
62dbb34c-0f7a-4309-95e7-fc2987d3a4e0,bd9605c3-a17b-4e58-9e56-0bd129dd0a4d,862835fd-54ad-4ebd-986a-b5392f1bb227,email,araujo1973.corretor@gmail.com,araujo1973.corretor@gmail.com,crm,f,2026-07-27 13:50:44.765+00,2026-07-27 13:55:19.048+00
4ce2eb14-583c-4735-81bc-ab6417da7696,bd9605c3-a17b-4e58-9e56-0bd129dd0a4d,862835fd-54ad-4ebd-986a-b5392f1bb227,document,22685446000130,22685446000130,crm,f,2026-07-27 13:50:44.786+00,2026-07-27 13:55:19.08+00
0098ba39-e1e0-4cb6-a7e0-3a32d399f1ed,bd9605c3-a17b-4e58-9e56-0bd129dd0a4d,862835fd-54ad-4ebd-986a-b5392f1bb227,lead_id,6a57ea07-6e0f-4093-b4fb-addc8bdb28b7,6a57ea07-6e0f-4093-b4fb-addc8bdb28b7,crm,f,2026-07-27 13:50:44.806+00,2026-07-27 13:55:19.136+00
746df318-927d-45a5-9559-272ecc1447c2,55146605-b3ba-44cc-8f4c-5ce0a4be1eb7,7b577c22-5513-42cc-ab19-2bf867e14ebc,phone,11999580081,5511999580081,crm,t,2026-07-27 15:00:16.859+00,2026-07-27 15:00:16.859+00
641a1c10-5fb1-4577-a1fa-09f0942346be,55146605-b3ba-44cc-8f4c-5ce0a4be1eb7,7b577c22-5513-42cc-ab19-2bf867e14ebc,email,angerobecapa@uol.com.br,angerobecapa@uol.com.br,crm,f,2026-07-27 15:00:16.882+00,2026-07-27 15:00:16.882+00
298d75f0-3b1f-4a35-843c-c153cd655c34,55146605-b3ba-44cc-8f4c-5ce0a4be1eb7,7b577c22-5513-42cc-ab19-2bf867e14ebc,document,50606176000160,50606176000160,crm,f,2026-07-27 15:00:16.903+00,2026-07-27 15:00:16.903+00
4093b419-169f-4f7e-8f9c-ac6e1817dc7c,55146605-b3ba-44cc-8f4c-5ce0a4be1eb7,7b577c22-5513-42cc-ab19-2bf867e14ebc,lead_id,1eec1e2c-d18d-4e8c-bb15-99d6e22b43a1,1eec1e2c-d18d-4e8c-bb15-99d6e22b43a1,crm,f,2026-07-27 15:00:16.924+00,2026-07-27 15:00:16.924+00
e755bc25-141c-4ddb-88e6-d70e8e1376fd,70c0d9e5-638f-4c40-ab20-b112f74c46d7,e51c5c55-1e13-45da-8a37-ed0f36f3d16c,phone,11970395154,5511970395154,crm,t,2026-07-27 16:41:04.544+00,2026-07-27 16:41:04.544+00
2091bc0d-deed-4942-8678-7d3d6e6de8c9,70c0d9e5-638f-4c40-ab20-b112f74c46d7,e51c5c55-1e13-45da-8a37-ed0f36f3d16c,email,marcio.baptistel@me.com,marcio.baptistel@me.com,crm,f,2026-07-27 16:41:04.583+00,2026-07-27 16:42:37.009+00
2ad47347-1e75-476a-bcd6-34a2aaa577a0,70c0d9e5-638f-4c40-ab20-b112f74c46d7,e51c5c55-1e13-45da-8a37-ed0f36f3d16c,document,38006523000118,38006523000118,crm,f,2026-07-27 16:41:04.714+00,2026-07-27 16:42:37.043+00
fa2247e8-2a7a-4e30-8be6-ff9c7a19d550,70c0d9e5-638f-4c40-ab20-b112f74c46d7,e51c5c55-1e13-45da-8a37-ed0f36f3d16c,lead_id,4bb0932f-1e09-4ccb-9cff-f6f3033cfbcb,4bb0932f-1e09-4ccb-9cff-f6f3033cfbcb,crm,f,2026-07-27 16:41:04.749+00,2026-07-27 16:42:37.077+00
506b201a-4a4c-4ba7-839c-a220484d5b42,c738c5a2-9d18-4bdd-91f9-f78c79588524,862835fd-54ad-4ebd-986a-b5392f1bb227,phone,557196709972,557196709972,whatsapp,t,2026-07-27 17:17:53.166+00,2026-07-27 17:17:53.166+00
268bcf43-4b9d-4761-96be-22729672a2a3,c738c5a2-9d18-4bdd-91f9-f78c79588524,862835fd-54ad-4ebd-986a-b5392f1bb227,whatsapp_contact_id,d372bf5f-7795-41ad-ae42-fd3e71dadabe,d372bf5f-7795-41ad-ae42-fd3e71dadabe,whatsapp,f,2026-07-27 17:17:53.187+00,2026-07-27 17:17:53.187+00
d54d16f8-b36a-4d6a-bba5-9459b64321a3,0e3e152a-9e2a-4930-ba73-126d43fa6b53,7b577c22-5513-42cc-ab19-2bf867e14ebc,phone,11937358082,5511937358082,crm,t,2026-07-27 17:44:53.571+00,2026-07-27 17:44:53.571+00
e5530c8f-089c-4a88-9c8f-f13253ab4009,0e3e152a-9e2a-4930-ba73-126d43fa6b53,7b577c22-5513-42cc-ab19-2bf867e14ebc,email,bgeovanaa234@gmail.com,bgeovanaa234@gmail.com,crm,f,2026-07-27 17:44:53.609+00,2026-07-27 17:44:53.609+00
04510cab-da79-4173-a8d3-ed2d7bd2a50e,0e3e152a-9e2a-4930-ba73-126d43fa6b53,7b577c22-5513-42cc-ab19-2bf867e14ebc,document,29417838000167,29417838000167,crm,f,2026-07-27 17:44:53.64+00,2026-07-27 17:44:53.64+00
90f84473-d689-44a2-8e1a-bbb298ea7b45,0e3e152a-9e2a-4930-ba73-126d43fa6b53,7b577c22-5513-42cc-ab19-2bf867e14ebc,lead_id,7df6db96-6d30-446d-8b92-92bcf294997c,7df6db96-6d30-446d-8b92-92bcf294997c,crm,f,2026-07-27 17:44:53.671+00,2026-07-27 17:44:53.671+00
c51dea29-b541-4b41-8b6d-24cc575ad07c,27605df0-b00f-45ff-ad89-0beadafce08b,27edf455-e61a-48a9-a846-e2c6f42999b5,phone,21992222642,5521992222642,crm,t,2026-07-27 17:46:29.548+00,2026-07-27 17:46:29.548+00
65d7a7bc-f050-426d-ab38-0940e8d7a3f0,27605df0-b00f-45ff-ad89-0beadafce08b,27edf455-e61a-48a9-a846-e2c6f42999b5,email,rodrigolugao@gmail.com,rodrigolugao@gmail.com,crm,f,2026-07-27 17:46:29.574+00,2026-07-27 17:46:29.574+00
d88194e3-3473-45fc-8d19-046b3ebf95c9,27605df0-b00f-45ff-ad89-0beadafce08b,27edf455-e61a-48a9-a846-e2c6f42999b5,document,49480777000190,49480777000190,crm,f,2026-07-27 17:46:29.601+00,2026-07-27 17:46:29.601+00
20299b53-1386-4016-b53a-056d149f61d4,27605df0-b00f-45ff-ad89-0beadafce08b,27edf455-e61a-48a9-a846-e2c6f42999b5,lead_id,ddc983ac-3ca1-4722-a195-8b0b3222ea0b,ddc983ac-3ca1-4722-a195-8b0b3222ea0b,crm,f,2026-07-27 17:46:29.628+00,2026-07-27 17:46:29.628+00
61504be4-90c3-45bf-9204-2e88e774e2e1,e49aa185-4bf9-4474-97b9-17f8b1260fa0,27edf455-e61a-48a9-a846-e2c6f42999b5,phone,11965999012,5511965999012,crm,t,2026-07-27 17:46:35.771+00,2026-07-27 17:46:35.771+00
1fcbc9c0-400d-4510-929e-3616b9c545ac,e49aa185-4bf9-4474-97b9-17f8b1260fa0,27edf455-e61a-48a9-a846-e2c6f42999b5,email,bruno@onsidemarketing.com.br,bruno@onsidemarketing.com.br,crm,f,2026-07-27 17:46:35.788+00,2026-07-27 17:46:35.788+00
d420a10c-2b16-4410-8378-dc526cdc135e,e49aa185-4bf9-4474-97b9-17f8b1260fa0,27edf455-e61a-48a9-a846-e2c6f42999b5,lead_id,d8a62bd8-48d5-48d1-b154-68c4ac1d6522,d8a62bd8-48d5-48d1-b154-68c4ac1d6522,crm,f,2026-07-27 17:46:35.816+00,2026-07-27 17:46:35.816+00
12597e71-005a-4093-8331-cf7505ddbcbe,349326a1-a1b6-45cb-b91c-d0390405d051,760fc14a-229e-4212-9aa9-f90de968af69,lead_id,ccdd915a-2356-4201-a468-91cbd0c28e18,ccdd915a-2356-4201-a468-91cbd0c28e18,crm,f,2026-07-23 21:22:30.307+00,2026-07-27 17:50:11.542+00
6afd1527-1c45-4566-ab4b-1108297ea7a9,45fa9c4e-782f-4ef7-9b45-91cd39a12efd,54fd3322-4510-4b44-bfbc-52e1c44b4969,phone,77992026337,5577992026337,crm,t,2026-07-27 18:43:21.466+00,2026-07-27 18:43:21.466+00
bbdc9d88-e152-4cf3-b84e-f4173b76e30e,45fa9c4e-782f-4ef7-9b45-91cd39a12efd,54fd3322-4510-4b44-bfbc-52e1c44b4969,email,janetesc.adv@gmail.com,janetesc.adv@gmail.com,crm,f,2026-07-27 18:43:21.496+00,2026-07-27 18:45:40.373+00
4e5e265b-4e61-40b3-a65a-faaadc5f5da4,45fa9c4e-782f-4ef7-9b45-91cd39a12efd,54fd3322-4510-4b44-bfbc-52e1c44b4969,document,42977451000123,42977451000123,crm,f,2026-07-27 18:43:21.526+00,2026-07-27 18:45:40.392+00
5d5259cc-c7d0-4106-8bf8-fc62f9c47d7c,45fa9c4e-782f-4ef7-9b45-91cd39a12efd,54fd3322-4510-4b44-bfbc-52e1c44b4969,lead_id,cf1b5240-3d59-4cec-87ce-fafd886c06f8,cf1b5240-3d59-4cec-87ce-fafd886c06f8,crm,f,2026-07-27 18:43:21.553+00,2026-07-27 18:45:40.41+00
a58e71f4-7fac-4dde-8705-458c971db00e,ebd29ad0-b7b4-4b52-9349-7a561518b930,3519d0a1-12b5-4a38-bbd5-a5b9d518cb53,phone,11981317078,5511981317078,crm,t,2026-07-27 18:56:03.959+00,2026-07-27 18:56:03.959+00
0d43b213-7624-4bd3-8ff8-f8d384ab939e,ebd29ad0-b7b4-4b52-9349-7a561518b930,3519d0a1-12b5-4a38-bbd5-a5b9d518cb53,lead_id,e98fb7ec-fff2-4569-8824-97bc285d2ef6,e98fb7ec-fff2-4569-8824-97bc285d2ef6,crm,f,2026-07-27 18:56:03.98+00,2026-07-27 18:57:58.352+00
c7ba53e2-e5ce-48a8-89b9-8a34be39e758,6c115070-6663-4c76-ab1e-2a0cfda6c8b0,54fd3322-4510-4b44-bfbc-52e1c44b4969,phone,8299191727,558299191727,crm,t,2026-07-27 19:26:55.97+00,2026-07-27 19:26:55.97+00
24793bf1-b067-48b1-81f0-15e379074d72,6c115070-6663-4c76-ab1e-2a0cfda6c8b0,54fd3322-4510-4b44-bfbc-52e1c44b4969,lead_id,d34bc793-c599-4bb6-9f00-82e04a4e601a,d34bc793-c599-4bb6-9f00-82e04a4e601a,crm,f,2026-07-27 19:26:56.003+00,2026-07-27 19:26:56.003+00
44d38369-761e-417d-bb9a-85fcd00b060a,5c09bb41-cbc7-422f-be69-08446b16be67,968fc8e6-f918-4579-b0d1-26570ce5e94b,phone,11963384010,5511963384010,crm,t,2026-07-27 19:30:24.973+00,2026-07-27 19:30:24.973+00
1387b36a-6d9e-4315-86d0-4e5be759e567,5c09bb41-cbc7-422f-be69-08446b16be67,968fc8e6-f918-4579-b0d1-26570ce5e94b,email,raulspassos@gmail.com,raulspassos@gmail.com,crm,f,2026-07-27 19:30:24.998+00,2026-07-27 19:30:24.998+00
904d5239-4185-4e0e-b87a-85fbbbab2f8b,5c09bb41-cbc7-422f-be69-08446b16be67,968fc8e6-f918-4579-b0d1-26570ce5e94b,document,49339993000110,49339993000110,crm,f,2026-07-27 19:30:25.032+00,2026-07-27 19:30:25.032+00
643c4c75-e0cd-4126-a0b6-2582a6d1d600,5c09bb41-cbc7-422f-be69-08446b16be67,968fc8e6-f918-4579-b0d1-26570ce5e94b,lead_id,aeb540ac-d944-4aca-a712-c5a490184564,aeb540ac-d944-4aca-a712-c5a490184564,crm,f,2026-07-27 19:30:25.065+00,2026-07-27 19:30:25.065+00
