id,recipientProfileId,teamId,digestDate,sentAt,leadCount,channel,createdAt
9cbb6e3b-14e4-431e-8643-a0b7e4f5ebf3,0c96a57e-6cc1-400f-bf3a-5740b699ac21,968fc8e6-f918-4579-b0d1-26570ce5e94b,2026-06-29,2026-06-29 11:00:30.374+00,1,in_app,2026-06-29 11:00:33.534+00
25cab23a-989d-4891-8db1-20424d98cd6f,0c96a57e-6cc1-400f-bf3a-5740b699ac21,968fc8e6-f918-4579-b0d1-26570ce5e94b,2026-06-29,2026-06-29 11:00:30.374+00,1,email,2026-06-29 11:00:37.205+00
8a75ba32-83e3-438b-8f72-fdb69849fac2,2a72272f-56f2-4104-9952-5d3d8b19ff1d,27edf455-e61a-48a9-a846-e2c6f42999b5,2026-06-29,2026-06-29 11:00:30.374+00,6,in_app,2026-06-29 11:00:38.933+00
83682936-cdee-4ebc-aa31-4d3eade37581,2a72272f-56f2-4104-9952-5d3d8b19ff1d,27edf455-e61a-48a9-a846-e2c6f42999b5,2026-06-29,2026-06-29 11:00:30.374+00,6,email,2026-06-29 11:00:43.638+00
99814602-1691-4c7e-92d8-2b5694999d6e,d11dca3a-5828-47a7-a993-59fe383e36ba,6237fa09-ec4a-46ca-a99b-4f8afb3bf259,2026-06-29,2026-06-29 11:00:30.374+00,4,in_app,2026-06-29 11:00:45.378+00
464437fd-ca2f-4923-97d0-e19d48afc4db,d11dca3a-5828-47a7-a993-59fe383e36ba,6237fa09-ec4a-46ca-a99b-4f8afb3bf259,2026-06-29,2026-06-29 11:00:30.374+00,4,email,2026-06-29 11:00:48.358+00
b7709196-7c5c-4ba3-9ed1-8cd1b81f77be,8474aaf6-e7d1-4165-9bef-bf76bc701038,90bb1d12-5855-4f3e-aecb-e92f597e650c,2026-06-29,2026-06-29 11:00:30.374+00,1,in_app,2026-06-29 11:00:50.204+00
a47a5a53-ce09-4ef5-bf0a-1ed4f081013e,8474aaf6-e7d1-4165-9bef-bf76bc701038,90bb1d12-5855-4f3e-aecb-e92f597e650c,2026-06-29,2026-06-29 11:00:30.374+00,1,email,2026-06-29 11:00:53.781+00
4db8f5b0-4578-4e69-b79c-62c1e1013513,8396bd66-e3ed-4593-b985-3e380cd308eb,b0faf762-848b-4737-a04d-b2b4e1e8cc5b,2026-06-29,2026-06-29 11:00:30.374+00,2,in_app,2026-06-29 11:00:55.517+00
9d8ccf1b-c514-4eeb-951c-7da9c07b067a,8396bd66-e3ed-4593-b985-3e380cd308eb,b0faf762-848b-4737-a04d-b2b4e1e8cc5b,2026-06-29,2026-06-29 11:00:30.374+00,2,email,2026-06-29 11:01:00.228+00
286bb9b4-f2e6-4952-9a90-b0df3cc1c683,72aeb445-484f-4979-8c2a-d34ec40b22b0,bdef184d-6217-4cdf-a59f-dc37008d13fd,2026-06-29,2026-06-29 11:00:30.374+00,7,in_app,2026-06-29 11:01:01.962+00
cd49eedf-ae00-4aa7-8104-aa49a70d3f74,72aeb445-484f-4979-8c2a-d34ec40b22b0,bdef184d-6217-4cdf-a59f-dc37008d13fd,2026-06-29,2026-06-29 11:00:30.374+00,7,email,2026-06-29 11:01:05.422+00
7fae1ca3-a106-48b8-a474-4a8e09e24f05,0c96a57e-6cc1-400f-bf3a-5740b699ac21,7b577c22-5513-42cc-ab19-2bf867e14ebc,2026-06-29,2026-06-29 11:00:30.374+00,2,in_app,2026-06-29 11:01:07.272+00
bec7b2ee-8104-44b8-92ae-ec148535a6e3,0c96a57e-6cc1-400f-bf3a-5740b699ac21,7b577c22-5513-42cc-ab19-2bf867e14ebc,2026-06-29,2026-06-29 11:00:30.374+00,2,email,2026-06-29 11:01:10.885+00
8c7dc6ec-6ae3-44ac-aef7-4f387703715f,62a2569e-4be2-4326-bddd-3c6116ed18b0,6d3f8a2c-1a05-4e2a-b57e-d969b668049b,2026-06-29,2026-06-29 11:00:30.374+00,1,in_app,2026-06-29 11:01:12.62+00
439563e9-e84d-4157-9176-6712ea0e9bd2,62a2569e-4be2-4326-bddd-3c6116ed18b0,6d3f8a2c-1a05-4e2a-b57e-d969b668049b,2026-06-29,2026-06-29 11:00:30.374+00,1,email,2026-06-29 11:01:16.082+00
5c38947a-071d-4f34-933e-7264d2066a4c,62a2569e-4be2-4326-bddd-3c6116ed18b0,7b577c22-5513-42cc-ab19-2bf867e14ebc,2026-06-29,2026-06-29 11:00:30.374+00,1,in_app,2026-06-29 11:01:17.818+00
45f8d173-5ab8-47f1-8b85-0af7e651b40c,62a2569e-4be2-4326-bddd-3c6116ed18b0,7b577c22-5513-42cc-ab19-2bf867e14ebc,2026-06-29,2026-06-29 11:00:30.374+00,1,email,2026-06-29 11:01:21.37+00
983ee139-bdbe-49a8-b1a6-638616e5a3f1,1538ba43-920b-44ed-a990-062531e822ed,d8eb23c1-2c90-4dfe-872a-aa3e3dcd6478,2026-06-29,2026-06-29 11:00:30.374+00,1,in_app,2026-06-29 11:01:23.112+00
f063c1bb-181a-446b-82d8-a19e9e0b9aaa,1538ba43-920b-44ed-a990-062531e822ed,d8eb23c1-2c90-4dfe-872a-aa3e3dcd6478,2026-06-29,2026-06-29 11:00:30.374+00,1,email,2026-06-29 11:01:26.736+00
4c6f17bd-6d25-409c-b14d-c5078829abc5,62a2569e-4be2-4326-bddd-3c6116ed18b0,bdef184d-6217-4cdf-a59f-dc37008d13fd,2026-06-29,2026-06-29 11:00:30.374+00,1,in_app,2026-06-29 11:01:28.467+00
8d5dfd78-b978-4bab-be82-88fec5a204b4,62a2569e-4be2-4326-bddd-3c6116ed18b0,bdef184d-6217-4cdf-a59f-dc37008d13fd,2026-06-29,2026-06-29 11:00:30.374+00,1,email,2026-06-29 11:01:31.897+00
59e2b59d-c991-457b-8b5c-9b98206ec708,b0737bfd-7bea-493b-8cfc-14946fcea8cd,90bb1d12-5855-4f3e-aecb-e92f597e650c,2026-06-29,2026-06-29 11:00:30.374+00,1,in_app,2026-06-29 11:01:33.631+00
4304b207-4294-4634-81c1-49b6a750c025,b0737bfd-7bea-493b-8cfc-14946fcea8cd,90bb1d12-5855-4f3e-aecb-e92f597e650c,2026-06-29,2026-06-29 11:00:30.374+00,1,email,2026-06-29 11:01:37.231+00
e65f8ab5-1e03-4cf4-ae2b-d2ca5638001c,9b5aa503-44ec-40de-9ceb-b1475639767e,2a266637-be4e-4088-9918-a51576912f5c,2026-06-29,2026-06-29 11:00:30.374+00,3,in_app,2026-06-29 11:01:38.969+00
34b06e9b-5c5f-4194-8ca3-32d96e275872,9b5aa503-44ec-40de-9ceb-b1475639767e,2a266637-be4e-4088-9918-a51576912f5c,2026-06-29,2026-06-29 11:00:30.374+00,3,email,2026-06-29 11:01:42.684+00
6ce62b0a-4bf0-45ef-ae65-1fd2d64d14e8,b6617c09-9b4a-4ebc-bf50-e584b67edaa3,e5efecc9-f05f-479b-b2ea-81a2ed90fba4,2026-06-29,2026-06-29 11:00:30.374+00,1,in_app,2026-06-29 11:01:44.433+00
309baedf-42c2-469f-959f-d4e332fb81c0,b6617c09-9b4a-4ebc-bf50-e584b67edaa3,e5efecc9-f05f-479b-b2ea-81a2ed90fba4,2026-06-29,2026-06-29 11:00:30.374+00,1,email,2026-06-29 11:01:47.893+00
ac124edc-714b-4899-a6a4-a48532fd88e1,fd63bafa-9a78-43fb-9311-f78b8cbfb667,d8eb23c1-2c90-4dfe-872a-aa3e3dcd6478,2026-06-29,2026-06-29 11:00:30.374+00,8,in_app,2026-06-29 11:01:49.698+00
0cd1cf4a-3355-4810-8c16-f27d44fae7de,fd63bafa-9a78-43fb-9311-f78b8cbfb667,d8eb23c1-2c90-4dfe-872a-aa3e3dcd6478,2026-06-29,2026-06-29 11:00:30.374+00,8,email,2026-06-29 11:01:53.384+00
5651fba9-ee85-4f19-961d-8c1a03275f3f,62a2569e-4be2-4326-bddd-3c6116ed18b0,3258f102-8146-4986-964f-8c8f53441300,2026-06-29,2026-06-29 11:00:30.374+00,1,in_app,2026-06-29 11:01:55.141+00
56b0481d-3fe9-42e8-963d-be9c2a5548ff,62a2569e-4be2-4326-bddd-3c6116ed18b0,3258f102-8146-4986-964f-8c8f53441300,2026-06-29,2026-06-29 11:00:30.374+00,1,email,2026-06-29 11:01:58.691+00
25ffe1a7-765b-40f1-94da-fc3e4d9c2a66,0c96a57e-6cc1-400f-bf3a-5740b699ac21,6237fa09-ec4a-46ca-a99b-4f8afb3bf259,2026-06-29,2026-06-29 11:00:30.374+00,1,in_app,2026-06-29 11:02:00.45+00
2116496e-05c2-4612-8975-cc9290d4c997,0c96a57e-6cc1-400f-bf3a-5740b699ac21,6237fa09-ec4a-46ca-a99b-4f8afb3bf259,2026-06-29,2026-06-29 11:00:30.374+00,1,email,2026-06-29 11:02:03.988+00
7699e1e9-2aaa-4613-ad80-f2054dd24835,b0737bfd-7bea-493b-8cfc-14946fcea8cd,32ccdbe1-627f-4fe3-a506-056b997ed89b,2026-06-29,2026-06-29 11:00:30.374+00,3,in_app,2026-06-29 11:02:05.733+00
060d3685-442d-4bc7-bfd0-b087c2889432,b0737bfd-7bea-493b-8cfc-14946fcea8cd,32ccdbe1-627f-4fe3-a506-056b997ed89b,2026-06-29,2026-06-29 11:00:30.374+00,3,email,2026-06-29 11:02:09.146+00
49b35904-042f-48d4-998b-3c81c9cbb03a,0c96a57e-6cc1-400f-bf3a-5740b699ac21,9bd5cccc-e18f-432e-ae67-dc33103d5791,2026-06-29,2026-06-29 11:00:30.374+00,3,in_app,2026-06-29 11:02:10.985+00
993de9cc-0177-4b4a-a5a7-4659cabecaf4,0c96a57e-6cc1-400f-bf3a-5740b699ac21,9bd5cccc-e18f-432e-ae67-dc33103d5791,2026-06-29,2026-06-29 11:00:30.374+00,3,email,2026-06-29 11:02:14.572+00
1a1eeaf8-521d-4ed0-8d68-7f36017e6d77,8474aaf6-e7d1-4165-9bef-bf76bc701038,32ccdbe1-627f-4fe3-a506-056b997ed89b,2026-06-29,2026-06-29 11:00:30.374+00,3,in_app,2026-06-29 11:02:16.317+00
d66779fe-0069-44a9-8950-3caec77d3861,8474aaf6-e7d1-4165-9bef-bf76bc701038,32ccdbe1-627f-4fe3-a506-056b997ed89b,2026-06-29,2026-06-29 11:00:30.374+00,3,email,2026-06-29 11:02:19.762+00
aaeb1f10-9634-47db-8229-66c21edf6d49,9066ac12-d1c6-4a15-ad74-4932bf8dd987,968fc8e6-f918-4579-b0d1-26570ce5e94b,2026-06-29,2026-06-29 11:00:30.374+00,2,in_app,2026-06-29 11:02:21.507+00
c8220a49-ff8d-47a0-84c7-7422e4e554ee,9066ac12-d1c6-4a15-ad74-4932bf8dd987,968fc8e6-f918-4579-b0d1-26570ce5e94b,2026-06-29,2026-06-29 11:00:30.374+00,2,email,2026-06-29 11:02:24.997+00
72ad5f00-f546-4dd8-b5ec-aaadbe3763ed,04b00ab5-856d-4f95-962b-e9d97b33f207,a3c5b629-15d3-48a7-b5ab-694e63dc8b63,2026-06-29,2026-06-29 11:00:30.374+00,8,in_app,2026-06-29 11:02:26.846+00
2e559a07-9f85-40ad-b5f8-56a2e7daabc7,04b00ab5-856d-4f95-962b-e9d97b33f207,a3c5b629-15d3-48a7-b5ab-694e63dc8b63,2026-06-29,2026-06-29 11:00:30.374+00,8,email,2026-06-29 11:02:30.389+00
38d2f278-4660-45f0-810c-9fb2dfad74b8,0c96a57e-6cc1-400f-bf3a-5740b699ac21,27edf455-e61a-48a9-a846-e2c6f42999b5,2026-06-29,2026-06-29 11:00:30.374+00,1,in_app,2026-06-29 11:02:32.12+00
62d5d083-1caa-4fa9-939d-949b523de9c2,0c96a57e-6cc1-400f-bf3a-5740b699ac21,27edf455-e61a-48a9-a846-e2c6f42999b5,2026-06-29,2026-06-29 11:00:30.374+00,1,email,2026-06-29 11:02:35.526+00
2f2441cc-9126-4e80-b382-606f39047b6b,ed586056-17ca-4287-936a-c16e642c63a6,8737f689-7c9e-414a-8391-5bf93d5ba600,2026-06-29,2026-06-29 11:00:30.374+00,1,in_app,2026-06-29 11:02:37.245+00
3c245201-3576-44ae-9aad-06350d5aa097,ed586056-17ca-4287-936a-c16e642c63a6,8737f689-7c9e-414a-8391-5bf93d5ba600,2026-06-29,2026-06-29 11:00:30.374+00,1,email,2026-06-29 11:02:40.244+00
c8b1fe43-61ed-439b-b625-e4269f3b7afa,2e6f6612-8033-42e0-b84d-b2ea8aded8ac,b3db042c-4932-4f66-8aff-3136ed50db97,2026-06-29,2026-06-29 11:00:30.374+00,7,in_app,2026-06-29 11:02:41.974+00
07092f57-c7e7-479e-914e-cf74c5f0886f,2e6f6612-8033-42e0-b84d-b2ea8aded8ac,b3db042c-4932-4f66-8aff-3136ed50db97,2026-06-29,2026-06-29 11:00:30.374+00,7,email,2026-06-29 11:02:45.524+00
19c2d6bf-90d8-4314-9012-c471268d7b30,493aecc1-6791-4d62-bc63-f4f55c78e44e,642b0596-7431-4f50-acff-1eb4199fab76,2026-06-29,2026-06-29 11:00:30.374+00,1,in_app,2026-06-29 11:02:47.255+00
f6943f42-9c8c-44c3-ac84-86a300f5519d,493aecc1-6791-4d62-bc63-f4f55c78e44e,642b0596-7431-4f50-acff-1eb4199fab76,2026-06-29,2026-06-29 11:00:30.374+00,1,email,2026-06-29 11:02:50.707+00
69ac2b4a-de4c-4a7c-9fef-d075d204eee4,0c96a57e-6cc1-400f-bf3a-5740b699ac21,c6754833-e150-4c12-9149-45a6dfcd6eec,2026-06-29,2026-06-29 11:00:30.374+00,3,in_app,2026-06-29 11:02:52.434+00
65b49ee5-4f62-4d68-bd54-d839c2be48b6,0c96a57e-6cc1-400f-bf3a-5740b699ac21,c6754833-e150-4c12-9149-45a6dfcd6eec,2026-06-29,2026-06-29 11:00:30.374+00,3,email,2026-06-29 11:02:55.854+00
80d16594-c411-4062-92c7-6ed4a1834e8f,493aecc1-6791-4d62-bc63-f4f55c78e44e,7b577c22-5513-42cc-ab19-2bf867e14ebc,2026-06-29,2026-06-29 11:00:30.374+00,8,in_app,2026-06-29 11:02:57.588+00
cf7edec9-9c16-4b7a-9ed4-c308fd80903d,493aecc1-6791-4d62-bc63-f4f55c78e44e,7b577c22-5513-42cc-ab19-2bf867e14ebc,2026-06-29,2026-06-29 11:00:30.374+00,8,email,2026-06-29 11:03:01.136+00
5646739b-6a91-4888-9e28-12eb922178c6,0ece46cd-9571-4f7f-8043-c1f2249b6cf9,6f58e5f8-b85c-4f92-89b7-1cf3ca9f22b6,2026-06-29,2026-06-29 11:00:30.374+00,2,in_app,2026-06-29 11:03:02.866+00
a8bb306c-6360-4185-8aaf-3f43af387b13,0ece46cd-9571-4f7f-8043-c1f2249b6cf9,6f58e5f8-b85c-4f92-89b7-1cf3ca9f22b6,2026-06-29,2026-06-29 11:00:30.374+00,2,email,2026-06-29 11:03:06.3+00
b9e2d024-3214-4ab9-87e1-27e475d324fe,0ae36a43-2ef0-4a7d-b95a-edcc7d9ac3f2,7b577c22-5513-42cc-ab19-2bf867e14ebc,2026-06-29,2026-06-29 11:00:30.374+00,1,in_app,2026-06-29 11:03:08.029+00
9f0334f4-8e46-45ff-93f7-4908af1de955,0ae36a43-2ef0-4a7d-b95a-edcc7d9ac3f2,7b577c22-5513-42cc-ab19-2bf867e14ebc,2026-06-29,2026-06-29 11:00:30.374+00,1,email,2026-06-29 11:03:11.457+00
64b098e7-29c9-450b-bda6-f525a66fcb4b,c1f13659-b28c-4d50-8375-5bf200294992,decc7faa-b202-42f1-9a04-fe15fe97a892,2026-06-29,2026-06-29 11:00:30.374+00,1,in_app,2026-06-29 11:03:13.189+00
7f3c4245-870e-4cd7-a72b-11b912e2d787,c1f13659-b28c-4d50-8375-5bf200294992,decc7faa-b202-42f1-9a04-fe15fe97a892,2026-06-29,2026-06-29 11:00:30.374+00,1,email,2026-06-29 11:03:16.746+00
a16fd18c-d2c2-4f59-91ed-35c04f35da02,678b734f-19e2-4622-ab4e-fccd86f4877f,8cab859b-a1e1-4edb-af95-4e847e1c93e4,2026-06-29,2026-06-29 11:00:30.374+00,2,in_app,2026-06-29 11:03:18.482+00
58aa2b35-f816-4c2c-9b71-8242a7e9a9c6,678b734f-19e2-4622-ab4e-fccd86f4877f,8cab859b-a1e1-4edb-af95-4e847e1c93e4,2026-06-29,2026-06-29 11:00:30.374+00,2,email,2026-06-29 11:03:21.463+00
226dbca2-3fd6-4689-9666-28fe78c2279f,0c96a57e-6cc1-400f-bf3a-5740b699ac21,bdef184d-6217-4cdf-a59f-dc37008d13fd,2026-06-29,2026-06-29 11:00:30.374+00,8,in_app,2026-06-29 11:03:30.223+00
a6944a4e-ea86-42fe-91ff-067724d01b30,0c96a57e-6cc1-400f-bf3a-5740b699ac21,bdef184d-6217-4cdf-a59f-dc37008d13fd,2026-06-29,2026-06-29 11:00:30.374+00,8,email,2026-06-29 11:03:33.786+00
2fe87a2f-66c1-4acf-979a-89d1eb74f8f2,0c96a57e-6cc1-400f-bf3a-5740b699ac21,6d3f8a2c-1a05-4e2a-b57e-d969b668049b,2026-06-29,2026-06-29 11:00:30.374+00,1,in_app,2026-06-29 11:03:36.668+00
4b4f9ae7-04f0-4d39-a972-b8072bd4f92f,0c96a57e-6cc1-400f-bf3a-5740b699ac21,6d3f8a2c-1a05-4e2a-b57e-d969b668049b,2026-06-29,2026-06-29 11:00:30.374+00,1,email,2026-06-29 11:03:40.113+00
6088a7a4-973c-48bf-b172-b3c0668a93f4,0c96a57e-6cc1-400f-bf3a-5740b699ac21,d8eb23c1-2c90-4dfe-872a-aa3e3dcd6478,2026-06-29,2026-06-29 11:00:30.374+00,9,in_app,2026-06-29 11:03:41.843+00
69fb83c0-4ced-4c17-b051-4d343517af64,0c96a57e-6cc1-400f-bf3a-5740b699ac21,d8eb23c1-2c90-4dfe-872a-aa3e3dcd6478,2026-06-29,2026-06-29 11:00:30.374+00,9,email,2026-06-29 11:03:45.457+00
10549292-05fd-49a1-acf4-ec24346531cb,0c96a57e-6cc1-400f-bf3a-5740b699ac21,2a266637-be4e-4088-9918-a51576912f5c,2026-06-29,2026-06-29 11:00:30.374+00,3,in_app,2026-06-29 11:03:47.193+00
abe5b3e3-e0cb-4457-8871-8a5911a99394,0c96a57e-6cc1-400f-bf3a-5740b699ac21,2a266637-be4e-4088-9918-a51576912f5c,2026-06-29,2026-06-29 11:00:30.374+00,3,email,2026-06-29 11:03:50.702+00
09c31629-1d0a-4e9e-a770-a173966c3889,0c96a57e-6cc1-400f-bf3a-5740b699ac21,3258f102-8146-4986-964f-8c8f53441300,2026-06-29,2026-06-29 11:00:30.374+00,1,in_app,2026-06-29 11:03:53.606+00
6809fb15-a825-4688-8e53-4cdd386e8cf9,0c96a57e-6cc1-400f-bf3a-5740b699ac21,3258f102-8146-4986-964f-8c8f53441300,2026-06-29,2026-06-29 11:00:30.374+00,1,email,2026-06-29 11:03:57.057+00
e368cec1-472b-4c9d-9cb0-6836f1d67335,0c96a57e-6cc1-400f-bf3a-5740b699ac21,28f7b9e8-9516-4a08-864c-9ff3e085ba87,2026-06-29,2026-06-29 11:00:30.374+00,1,in_app,2026-06-29 11:03:58.791+00
c8b5bdd1-097b-44f1-9d54-67424dc4f00b,0c96a57e-6cc1-400f-bf3a-5740b699ac21,28f7b9e8-9516-4a08-864c-9ff3e085ba87,2026-06-29,2026-06-29 11:00:30.374+00,1,email,2026-06-29 11:04:02.237+00
8cd6adb8-ac3e-472a-a986-1496eabb058c,0c96a57e-6cc1-400f-bf3a-5740b699ac21,a3c5b629-15d3-48a7-b5ab-694e63dc8b63,2026-06-29,2026-06-29 11:00:30.374+00,8,in_app,2026-06-29 11:04:05.246+00
3dd19aa3-893f-4801-9e4c-cf564cc8ae0a,0c96a57e-6cc1-400f-bf3a-5740b699ac21,a3c5b629-15d3-48a7-b5ab-694e63dc8b63,2026-06-29,2026-06-29 11:00:30.374+00,8,email,2026-06-29 11:04:08.881+00
c0cb3357-786e-4a6b-bfa4-fd09a714d38a,0c96a57e-6cc1-400f-bf3a-5740b699ac21,b3db042c-4932-4f66-8aff-3136ed50db97,2026-06-29,2026-06-29 11:00:30.374+00,8,in_app,2026-06-29 11:04:11.77+00
58f672c0-3135-4b0a-ad01-1dba6dee229d,0c96a57e-6cc1-400f-bf3a-5740b699ac21,b3db042c-4932-4f66-8aff-3136ed50db97,2026-06-29,2026-06-29 11:00:30.374+00,8,email,2026-06-29 11:04:15.221+00
06077a8f-a989-4803-bdb3-7e2a0b045315,0c96a57e-6cc1-400f-bf3a-5740b699ac21,642b0596-7431-4f50-acff-1eb4199fab76,2026-06-29,2026-06-29 11:00:30.374+00,1,in_app,2026-06-29 11:04:16.96+00
7d69320b-c23e-4260-b286-2a2016da99ca,0c96a57e-6cc1-400f-bf3a-5740b699ac21,642b0596-7431-4f50-acff-1eb4199fab76,2026-06-29,2026-06-29 11:00:30.374+00,1,email,2026-06-29 11:04:20.388+00
57e856bb-2ca6-421b-a52e-460b703793b4,0c96a57e-6cc1-400f-bf3a-5740b699ac21,decc7faa-b202-42f1-9a04-fe15fe97a892,2026-06-29,2026-06-29 11:00:30.374+00,1,email,2026-06-29 11:04:32.207+00
4c201f6c-89f0-4e88-94e7-425122caefe4,0c96a57e-6cc1-400f-bf3a-5740b699ac21,8cab859b-a1e1-4edb-af95-4e847e1c93e4,2026-06-29,2026-06-29 11:00:30.374+00,2,in_app,2026-06-29 11:04:33.941+00
5b083d37-3569-4058-bb74-0bf71286e031,0c96a57e-6cc1-400f-bf3a-5740b699ac21,8cab859b-a1e1-4edb-af95-4e847e1c93e4,2026-06-29,2026-06-29 11:00:30.374+00,2,email,2026-06-29 11:04:37.403+00
62a1eab8-f1fc-4e74-8fac-f93f54c14021,0c96a57e-6cc1-400f-bf3a-5740b699ac21,968fc8e6-f918-4579-b0d1-26570ce5e94b,2026-07-07,2026-07-07 17:00:35.339+00,1,in_app,2026-07-07 17:00:35.651+00
e03818dc-b50c-4494-9f41-16dfb307fdf8,c1f13659-b28c-4d50-8375-5bf200294992,3519d0a1-12b5-4a38-bbd5-a5b9d518cb53,2026-07-07,2026-07-07 17:00:35.339+00,1,email,2026-07-07 17:00:39.535+00
2fa7caee-9e18-47e5-8698-41d43aea13fa,62a2569e-4be2-4326-bddd-3c6116ed18b0,6d3f8a2c-1a05-4e2a-b57e-d969b668049b,2026-07-07,2026-07-07 17:00:35.339+00,1,in_app,2026-07-07 17:00:39.677+00
c24201ae-2c48-43a9-b431-0852da6b5ec1,62a2569e-4be2-4326-bddd-3c6116ed18b0,7b577c22-5513-42cc-ab19-2bf867e14ebc,2026-07-07,2026-07-07 17:00:35.339+00,1,in_app,2026-07-07 17:00:40.21+00
ec80627c-43c0-45d1-ab22-d2561006979a,62a2569e-4be2-4326-bddd-3c6116ed18b0,7b577c22-5513-42cc-ab19-2bf867e14ebc,2026-07-07,2026-07-07 17:00:35.339+00,1,email,2026-07-07 17:00:40.624+00
43927cd8-9956-4ee3-8d56-c7272cfd9a6a,b0737bfd-7bea-493b-8cfc-14946fcea8cd,32ccdbe1-627f-4fe3-a506-056b997ed89b,2026-07-07,2026-07-07 17:00:35.339+00,3,email,2026-07-07 17:00:44.878+00
00c9a05f-a09d-4588-a0a9-8cfa426e577f,3870aadb-8625-4184-ac60-c6e20be4cdc5,a94fc469-4603-487f-ab7f-e2712197d510,2026-07-07,2026-07-07 17:00:35.339+00,6,email,2026-07-07 17:00:45.385+00
a66fb59d-0d3c-495c-8c50-084e5e571445,493aecc1-6791-4d62-bc63-f4f55c78e44e,a9c81e05-8b1a-47ad-a80d-dbc45603f068,2026-07-07,2026-07-07 17:00:35.339+00,1,in_app,2026-07-07 17:00:45.506+00
62338535-8fd3-4548-b689-8a3c956c3071,8474aaf6-e7d1-4165-9bef-bf76bc701038,32ccdbe1-627f-4fe3-a506-056b997ed89b,2026-07-07,2026-07-07 17:00:35.339+00,3,in_app,2026-07-07 17:00:45.923+00
4f876351-2ffe-4c46-8bd3-db5c178f6e9f,c1f13659-b28c-4d50-8375-5bf200294992,658a0146-2d8a-4b2e-81e5-aa16fa9d0a30,2026-07-07,2026-07-07 17:00:35.339+00,1,in_app,2026-07-07 17:00:46.437+00
64c1fe4e-55ad-4678-91ab-f11900bf9af2,04b00ab5-856d-4f95-962b-e9d97b33f207,a3c5b629-15d3-48a7-b5ab-694e63dc8b63,2026-07-07,2026-07-07 17:00:35.339+00,8,email,2026-07-07 17:00:47.719+00
9e965140-b016-44d8-8afc-ad449e71e1bf,493aecc1-6791-4d62-bc63-f4f55c78e44e,642b0596-7431-4f50-acff-1eb4199fab76,2026-07-07,2026-07-07 17:00:35.339+00,1,in_app,2026-07-07 17:00:49.215+00
0b692f6f-3b52-4be2-b196-39fa47d3e006,0ae36a43-2ef0-4a7d-b95a-edcc7d9ac3f2,7b577c22-5513-42cc-ab19-2bf867e14ebc,2026-07-07,2026-07-07 17:00:35.339+00,1,email,2026-07-07 17:00:51.444+00
2edcee12-595f-4319-8743-04d0eb3433a5,678b734f-19e2-4622-ab4e-fccd86f4877f,8cab859b-a1e1-4edb-af95-4e847e1c93e4,2026-07-07,2026-07-07 17:00:35.339+00,2,in_app,2026-07-07 17:00:52.014+00
2c6e9de1-1800-451b-99e7-977310fdfd9e,0c96a57e-6cc1-400f-bf3a-5740b699ac21,5d7214cd-c7d1-42ac-b859-b9e84dee9fab,2026-07-07,2026-07-07 17:00:35.339+00,2,in_app,2026-07-07 17:00:52.434+00
64195f26-022f-412f-97e5-1854e36060cc,0c96a57e-6cc1-400f-bf3a-5740b699ac21,5d7214cd-c7d1-42ac-b859-b9e84dee9fab,2026-07-07,2026-07-07 17:00:35.339+00,2,email,2026-07-07 17:00:52.824+00
d18beaea-7a87-4073-a076-cd296135df05,0c96a57e-6cc1-400f-bf3a-5740b699ac21,a9c81e05-8b1a-47ad-a80d-dbc45603f068,2026-07-07,2026-07-07 17:00:35.339+00,1,email,2026-07-07 17:00:57.073+00
e3361a66-05b2-4106-b6ee-0b00df97f737,0c96a57e-6cc1-400f-bf3a-5740b699ac21,658a0146-2d8a-4b2e-81e5-aa16fa9d0a30,2026-07-07,2026-07-07 17:00:35.339+00,1,in_app,2026-07-07 17:00:57.188+00
b5a38d46-214f-4e02-a888-a0835b35d3a8,0c96a57e-6cc1-400f-bf3a-5740b699ac21,658a0146-2d8a-4b2e-81e5-aa16fa9d0a30,2026-07-07,2026-07-07 17:00:35.339+00,1,email,2026-07-07 17:00:57.562+00
74d4f2ac-8bc7-478a-ad98-c180e35ccca5,0c96a57e-6cc1-400f-bf3a-5740b699ac21,642b0596-7431-4f50-acff-1eb4199fab76,2026-07-07,2026-07-07 17:00:35.339+00,1,in_app,2026-07-07 17:00:58.898+00
c3fd9d24-71a5-4bcc-9ca7-6712f8fa3caf,0c96a57e-6cc1-400f-bf3a-5740b699ac21,6f58e5f8-b85c-4f92-89b7-1cf3ca9f22b6,2026-07-07,2026-07-07 17:00:35.339+00,2,email,2026-07-07 17:01:00.113+00
2538b1aa-f1be-459c-9fdc-e6e8f4aff8f8,0c96a57e-6cc1-400f-bf3a-5740b699ac21,decc7faa-b202-42f1-9a04-fe15fe97a892,2026-07-07,2026-07-07 17:00:35.339+00,1,email,2026-07-07 17:01:00.71+00
dbe0572d-a27b-43f1-b50a-67faa123317f,0c96a57e-6cc1-400f-bf3a-5740b699ac21,8cab859b-a1e1-4edb-af95-4e847e1c93e4,2026-07-07,2026-07-07 17:00:35.339+00,2,in_app,2026-07-07 17:01:00.827+00
75f6abc5-68a0-4d61-8c3f-5d57fc1d0a38,c1f13659-b28c-4d50-8375-5bf200294992,3519d0a1-12b5-4a38-bbd5-a5b9d518cb53,2026-07-11,2026-07-11 11:00:34.494+00,1,email,2026-07-11 11:00:37.872+00
2c97e865-4127-4f40-8269-bef0f19d1888,b0737bfd-7bea-493b-8cfc-14946fcea8cd,90bb1d12-5855-4f3e-aecb-e92f597e650c,2026-07-11,2026-07-11 11:00:34.494+00,1,email,2026-07-11 11:00:39.779+00
c2e2181c-f2b6-4673-82c4-607554905f46,b6617c09-9b4a-4ebc-bf50-e584b67edaa3,e5efecc9-f05f-479b-b2ea-81a2ed90fba4,2026-07-11,2026-07-11 11:00:34.494+00,1,in_app,2026-07-11 11:00:40.209+00
6b8ead3f-e93e-4db1-8c29-d9030ee47b00,fd63bafa-9a78-43fb-9311-f78b8cbfb667,d8eb23c1-2c90-4dfe-872a-aa3e3dcd6478,2026-07-11,2026-07-11 11:00:34.494+00,8,in_app,2026-07-11 11:00:40.596+00
71f6a8ce-d5c7-4052-89be-af55714a5890,fd63bafa-9a78-43fb-9311-f78b8cbfb667,d8eb23c1-2c90-4dfe-872a-aa3e3dcd6478,2026-07-11,2026-07-11 11:00:34.494+00,8,email,2026-07-11 11:00:40.915+00
c1130263-6aa0-4a91-906e-6412ebfeb4f1,8474aaf6-e7d1-4165-9bef-bf76bc701038,32ccdbe1-627f-4fe3-a506-056b997ed89b,2026-07-11,2026-07-11 11:00:34.494+00,3,in_app,2026-07-11 11:00:41.721+00
95dcc2f9-e7dd-4fdf-bd1a-b547290e2e06,c1f13659-b28c-4d50-8375-5bf200294992,658a0146-2d8a-4b2e-81e5-aa16fa9d0a30,2026-07-11,2026-07-11 11:00:34.494+00,1,email,2026-07-11 11:00:42.392+00
651c6d65-a60a-429a-b176-474fd8749099,9066ac12-d1c6-4a15-ad74-4932bf8dd987,968fc8e6-f918-4579-b0d1-26570ce5e94b,2026-07-11,2026-07-11 11:00:34.494+00,2,in_app,2026-07-11 11:00:42.831+00
32269bda-a546-4476-af5f-231979ef8e3e,493aecc1-6791-4d62-bc63-f4f55c78e44e,7b577c22-5513-42cc-ab19-2bf867e14ebc,2026-07-11,2026-07-11 11:00:34.494+00,7,email,2026-07-11 11:00:45.694+00
56542f21-394c-4d34-b3f1-51745b5f5b52,0ece46cd-9571-4f7f-8043-c1f2249b6cf9,6f58e5f8-b85c-4f92-89b7-1cf3ca9f22b6,2026-07-11,2026-07-11 11:00:34.494+00,2,in_app,2026-07-11 11:00:45.751+00
31f35c27-b477-4e41-9b51-6f9c812af490,0ece46cd-9571-4f7f-8043-c1f2249b6cf9,6f58e5f8-b85c-4f92-89b7-1cf3ca9f22b6,2026-07-11,2026-07-11 11:00:34.494+00,2,email,2026-07-11 11:00:46.091+00
579b761a-3f2d-4ae4-a750-47fa1678027c,0ae36a43-2ef0-4a7d-b95a-edcc7d9ac3f2,7b577c22-5513-42cc-ab19-2bf867e14ebc,2026-07-11,2026-07-11 11:00:34.494+00,1,in_app,2026-07-11 11:00:46.148+00
4d297a4f-b13a-4b49-863c-c3b016ee9823,0ae36a43-2ef0-4a7d-b95a-edcc7d9ac3f2,7b577c22-5513-42cc-ab19-2bf867e14ebc,2026-07-11,2026-07-11 11:00:34.494+00,1,email,2026-07-11 11:00:46.459+00
fb956582-4818-42a1-83a3-93f82fef43d3,c1f13659-b28c-4d50-8375-5bf200294992,decc7faa-b202-42f1-9a04-fe15fe97a892,2026-07-11,2026-07-11 11:00:34.494+00,1,in_app,2026-07-11 11:00:46.516+00
f48d9c8d-5f91-48bc-902e-37f2fe96b162,678b734f-19e2-4622-ab4e-fccd86f4877f,8cab859b-a1e1-4edb-af95-4e847e1c93e4,2026-07-11,2026-07-11 11:00:34.494+00,2,in_app,2026-07-11 11:00:46.885+00
71d703aa-8232-4c68-951c-01db4299ad0a,678b734f-19e2-4622-ab4e-fccd86f4877f,8cab859b-a1e1-4edb-af95-4e847e1c93e4,2026-07-11,2026-07-11 11:00:34.494+00,2,email,2026-07-11 11:00:47.183+00
bb505e2a-deb8-45e2-8aec-914b71755319,c1f13659-b28c-4d50-8375-5bf200294992,1c2d5668-5cd9-49a7-a138-3ccd2bea5cbb,2026-07-11,2026-07-11 11:00:34.494+00,1,email,2026-07-11 11:00:47.595+00
73e6f08a-3349-429f-b01e-f066980d8f0b,0c96a57e-6cc1-400f-bf3a-5740b699ac21,bdef184d-6217-4cdf-a59f-dc37008d13fd,2026-07-11,2026-07-11 11:00:34.494+00,8,in_app,2026-07-11 11:00:48.173+00
af587067-2670-4910-bd25-fb782f6bbb7e,0c96a57e-6cc1-400f-bf3a-5740b699ac21,bdef184d-6217-4cdf-a59f-dc37008d13fd,2026-07-11,2026-07-11 11:00:34.494+00,8,email,2026-07-11 11:00:48.481+00
db32b153-49c5-4526-a09a-1b5a4dded82e,0c96a57e-6cc1-400f-bf3a-5740b699ac21,3519d0a1-12b5-4a38-bbd5-a5b9d518cb53,2026-07-11,2026-07-11 11:00:34.494+00,1,in_app,2026-07-11 11:00:48.566+00
5e0ec8c7-fc6b-45ae-bb11-0eba5f723b97,0c96a57e-6cc1-400f-bf3a-5740b699ac21,d8eb23c1-2c90-4dfe-872a-aa3e3dcd6478,2026-07-11,2026-07-11 11:00:34.494+00,8,email,2026-07-11 11:00:50.543+00
47822468-ad84-43cd-b31c-0640dd204b0e,0c96a57e-6cc1-400f-bf3a-5740b699ac21,28f7b9e8-9516-4a08-864c-9ff3e085ba87,2026-07-11,2026-07-11 11:00:34.494+00,1,in_app,2026-07-11 11:00:50.633+00
2dc24739-dc46-4812-935a-e4183cb84948,0c96a57e-6cc1-400f-bf3a-5740b699ac21,28f7b9e8-9516-4a08-864c-9ff3e085ba87,2026-07-11,2026-07-11 11:00:34.494+00,1,email,2026-07-11 11:00:50.95+00
311c293a-6d26-4cbb-8646-bd21a17e7760,0c96a57e-6cc1-400f-bf3a-5740b699ac21,b3db042c-4932-4f66-8aff-3136ed50db97,2026-07-11,2026-07-11 11:00:34.494+00,8,email,2026-07-11 11:00:52.168+00
26e201f1-194e-4012-b0cd-6d151ace5151,0c96a57e-6cc1-400f-bf3a-5740b699ac21,642b0596-7431-4f50-acff-1eb4199fab76,2026-07-11,2026-07-11 11:00:34.494+00,1,in_app,2026-07-11 11:00:52.225+00
97a028e8-de07-4f5b-9ed2-78cc5f6e091e,0c96a57e-6cc1-400f-bf3a-5740b699ac21,642b0596-7431-4f50-acff-1eb4199fab76,2026-07-11,2026-07-11 11:00:34.494+00,1,email,2026-07-11 11:00:52.535+00
02720438-b36d-4041-8c64-9d0299f4bff0,0c96a57e-6cc1-400f-bf3a-5740b699ac21,6f58e5f8-b85c-4f92-89b7-1cf3ca9f22b6,2026-07-11,2026-07-11 11:00:34.494+00,2,in_app,2026-07-11 11:00:52.627+00
bddfaa90-d971-4cb3-a2b7-971943ce54dd,0c96a57e-6cc1-400f-bf3a-5740b699ac21,6f58e5f8-b85c-4f92-89b7-1cf3ca9f22b6,2026-07-11,2026-07-11 11:00:34.494+00,2,email,2026-07-11 11:00:52.941+00
14a5e7d7-d07a-4f39-acad-9ead876fcf3e,3870aadb-8625-4184-ac60-c6e20be4cdc5,a94fc469-4603-487f-ab7f-e2712197d510,2026-07-14,2026-07-14 11:01:25.445+00,11,in_app,2026-07-14 11:01:26.223+00
65ec2405-d627-43e6-a75f-6b8914518164,8474aaf6-e7d1-4165-9bef-bf76bc701038,90bb1d12-5855-4f3e-aecb-e92f597e650c,2026-07-14,2026-07-14 11:01:25.445+00,1,in_app,2026-07-14 11:01:26.673+00
fece7ecb-4f0b-4a8a-b8d1-37d447ffbd08,8474aaf6-e7d1-4165-9bef-bf76bc701038,90bb1d12-5855-4f3e-aecb-e92f597e650c,2026-07-14,2026-07-14 11:01:25.445+00,1,email,2026-07-14 11:01:27.027+00
436d2f75-1a7f-4f34-940e-4c236e38fdf2,bdcaf0e7-94cb-4745-ae1d-944ab5404b4d,c30e3590-04a3-4544-bf66-43228037bfc9,2026-07-14,2026-07-14 11:01:25.445+00,1,in_app,2026-07-14 11:01:27.111+00
8f49ef98-8aeb-49aa-aba4-bef2ea0e04ed,0c96a57e-6cc1-400f-bf3a-5740b699ac21,6f58e5f8-b85c-4f92-89b7-1cf3ca9f22b6,2026-06-29,2026-06-29 11:00:30.374+00,2,in_app,2026-06-29 11:04:23.399+00
df3897ca-b4a9-425d-a494-880ac7bfb1b0,0c96a57e-6cc1-400f-bf3a-5740b699ac21,6f58e5f8-b85c-4f92-89b7-1cf3ca9f22b6,2026-06-29,2026-06-29 11:00:30.374+00,2,email,2026-06-29 11:04:26.971+00
312f0ef1-7408-49de-ab79-f3d37169fe4f,0c96a57e-6cc1-400f-bf3a-5740b699ac21,decc7faa-b202-42f1-9a04-fe15fe97a892,2026-06-29,2026-06-29 11:00:30.374+00,1,in_app,2026-06-29 11:04:28.701+00
53ef23f9-e62d-4fc3-a927-24175bb87c81,0c96a57e-6cc1-400f-bf3a-5740b699ac21,968fc8e6-f918-4579-b0d1-26570ce5e94b,2026-06-30,2026-06-30 11:00:30.314+00,1,in_app,2026-06-30 11:00:33.549+00
8cea4c68-7b45-469d-bdba-eee9596bf04a,0c96a57e-6cc1-400f-bf3a-5740b699ac21,968fc8e6-f918-4579-b0d1-26570ce5e94b,2026-06-30,2026-06-30 11:00:30.314+00,1,email,2026-06-30 11:00:37.267+00
750a9e24-fe79-49ce-8331-a09b8a889955,2a72272f-56f2-4104-9952-5d3d8b19ff1d,27edf455-e61a-48a9-a846-e2c6f42999b5,2026-06-30,2026-06-30 11:00:30.314+00,7,in_app,2026-06-30 11:00:39.005+00
3a69ed80-cbb8-4741-80a8-179b0cdd7771,2a72272f-56f2-4104-9952-5d3d8b19ff1d,27edf455-e61a-48a9-a846-e2c6f42999b5,2026-06-30,2026-06-30 11:00:30.314+00,7,email,2026-06-30 11:00:43.726+00
2d0851e8-0c2d-45c0-8daf-8db932fd35a5,d11dca3a-5828-47a7-a993-59fe383e36ba,6237fa09-ec4a-46ca-a99b-4f8afb3bf259,2026-06-30,2026-06-30 11:00:30.314+00,5,in_app,2026-06-30 11:00:45.47+00
e6722ca7-a5e5-4539-9e8a-fe3ddbc0b580,d11dca3a-5828-47a7-a993-59fe383e36ba,6237fa09-ec4a-46ca-a99b-4f8afb3bf259,2026-06-30,2026-06-30 11:00:30.314+00,5,email,2026-06-30 11:00:48.477+00
eef6bdd2-6f67-4532-92da-91b4df773616,8474aaf6-e7d1-4165-9bef-bf76bc701038,90bb1d12-5855-4f3e-aecb-e92f597e650c,2026-06-30,2026-06-30 11:00:30.314+00,1,in_app,2026-06-30 11:00:50.338+00
2a60bbd1-0963-43bc-b761-b6156392a2e4,8474aaf6-e7d1-4165-9bef-bf76bc701038,90bb1d12-5855-4f3e-aecb-e92f597e650c,2026-06-30,2026-06-30 11:00:30.314+00,1,email,2026-06-30 11:00:53.796+00
14332b54-136a-43ef-97d3-167e990ba6fa,8396bd66-e3ed-4593-b985-3e380cd308eb,b0faf762-848b-4737-a04d-b2b4e1e8cc5b,2026-06-30,2026-06-30 11:00:30.314+00,2,in_app,2026-06-30 11:00:55.528+00
46c6e70f-329d-4bb9-9718-571118ca62b4,8396bd66-e3ed-4593-b985-3e380cd308eb,b0faf762-848b-4737-a04d-b2b4e1e8cc5b,2026-06-30,2026-06-30 11:00:30.314+00,2,email,2026-06-30 11:01:00.781+00
5dc9cdac-74d4-4da9-8e38-6564dff8f916,72aeb445-484f-4979-8c2a-d34ec40b22b0,bdef184d-6217-4cdf-a59f-dc37008d13fd,2026-06-30,2026-06-30 11:00:30.314+00,8,in_app,2026-06-30 11:01:02.633+00
91958347-87dc-45ec-92b9-8505eabe190c,72aeb445-484f-4979-8c2a-d34ec40b22b0,bdef184d-6217-4cdf-a59f-dc37008d13fd,2026-06-30,2026-06-30 11:00:30.314+00,8,email,2026-06-30 11:01:06.24+00
3e6e93e8-e483-4cae-8f17-18f378693494,0c96a57e-6cc1-400f-bf3a-5740b699ac21,7b577c22-5513-42cc-ab19-2bf867e14ebc,2026-06-30,2026-06-30 11:00:30.314+00,2,in_app,2026-06-30 11:01:07.984+00
46ab3898-dd7c-4c79-b73c-46ddbb8aa418,0c96a57e-6cc1-400f-bf3a-5740b699ac21,7b577c22-5513-42cc-ab19-2bf867e14ebc,2026-06-30,2026-06-30 11:00:30.314+00,2,email,2026-06-30 11:01:11.615+00
fe71cb20-f456-49ff-8a8a-5710c18c7a56,62a2569e-4be2-4326-bddd-3c6116ed18b0,6d3f8a2c-1a05-4e2a-b57e-d969b668049b,2026-06-30,2026-06-30 11:00:30.314+00,1,in_app,2026-06-30 11:01:13.375+00
95747055-254b-4b41-807a-7d208c0dcab6,62a2569e-4be2-4326-bddd-3c6116ed18b0,6d3f8a2c-1a05-4e2a-b57e-d969b668049b,2026-06-30,2026-06-30 11:00:30.314+00,1,email,2026-06-30 11:01:17.013+00
26c3fc2b-760a-4186-8d00-c2e3e9a581b8,62a2569e-4be2-4326-bddd-3c6116ed18b0,7b577c22-5513-42cc-ab19-2bf867e14ebc,2026-06-30,2026-06-30 11:00:30.314+00,1,in_app,2026-06-30 11:01:18.761+00
d9afdd6c-732f-409e-9105-4abc1f66238c,62a2569e-4be2-4326-bddd-3c6116ed18b0,7b577c22-5513-42cc-ab19-2bf867e14ebc,2026-06-30,2026-06-30 11:00:30.314+00,1,email,2026-06-30 11:01:22.228+00
7e844790-e551-4a07-b385-0f44dda6955f,1538ba43-920b-44ed-a990-062531e822ed,d8eb23c1-2c90-4dfe-872a-aa3e3dcd6478,2026-06-30,2026-06-30 11:00:30.314+00,1,in_app,2026-06-30 11:01:23.966+00
892d8600-e729-4d50-aafe-4584fe8584b5,1538ba43-920b-44ed-a990-062531e822ed,d8eb23c1-2c90-4dfe-872a-aa3e3dcd6478,2026-06-30,2026-06-30 11:00:30.314+00,1,email,2026-06-30 11:01:27.419+00
0443f57b-e7fb-472e-9fa0-32bc5847f1e9,62a2569e-4be2-4326-bddd-3c6116ed18b0,bdef184d-6217-4cdf-a59f-dc37008d13fd,2026-06-30,2026-06-30 11:00:30.314+00,1,in_app,2026-06-30 11:01:29.149+00
b0767b0f-71f5-4a64-942a-19c1be61e5c3,62a2569e-4be2-4326-bddd-3c6116ed18b0,bdef184d-6217-4cdf-a59f-dc37008d13fd,2026-06-30,2026-06-30 11:00:30.314+00,1,email,2026-06-30 11:01:32.724+00
47d7f429-ab0e-47f4-b466-f4a3683e5747,b0737bfd-7bea-493b-8cfc-14946fcea8cd,90bb1d12-5855-4f3e-aecb-e92f597e650c,2026-06-30,2026-06-30 11:00:30.314+00,1,in_app,2026-06-30 11:01:34.775+00
9f7acee6-3389-4aa1-9121-4d5a02a624ec,b0737bfd-7bea-493b-8cfc-14946fcea8cd,90bb1d12-5855-4f3e-aecb-e92f597e650c,2026-06-30,2026-06-30 11:00:30.314+00,1,email,2026-06-30 11:01:38.289+00
6cb08395-e87b-4c0d-bdca-9100ebb38265,9b5aa503-44ec-40de-9ceb-b1475639767e,2a266637-be4e-4088-9918-a51576912f5c,2026-06-30,2026-06-30 11:00:30.314+00,4,in_app,2026-06-30 11:01:40.033+00
397d8cc6-6a84-4814-8832-73aa344d9c8d,9b5aa503-44ec-40de-9ceb-b1475639767e,2a266637-be4e-4088-9918-a51576912f5c,2026-06-30,2026-06-30 11:00:30.314+00,4,email,2026-06-30 11:01:43.613+00
c41a10f4-15ed-4f30-8fcb-af96deb0034c,b6617c09-9b4a-4ebc-bf50-e584b67edaa3,e5efecc9-f05f-479b-b2ea-81a2ed90fba4,2026-06-30,2026-06-30 11:00:30.314+00,1,in_app,2026-06-30 11:01:45.471+00
a26a70cd-cfe0-48d8-b549-5319194f3956,b6617c09-9b4a-4ebc-bf50-e584b67edaa3,e5efecc9-f05f-479b-b2ea-81a2ed90fba4,2026-06-30,2026-06-30 11:00:30.314+00,1,email,2026-06-30 11:01:49.717+00
e0ed25de-fdd3-449a-aa4d-9214ef93f6da,fd63bafa-9a78-43fb-9311-f78b8cbfb667,d8eb23c1-2c90-4dfe-872a-aa3e3dcd6478,2026-06-30,2026-06-30 11:00:30.314+00,8,in_app,2026-06-30 11:01:51.455+00
aa76229a-af05-4fba-9351-0e9e3d371ca2,fd63bafa-9a78-43fb-9311-f78b8cbfb667,d8eb23c1-2c90-4dfe-872a-aa3e3dcd6478,2026-06-30,2026-06-30 11:00:30.314+00,8,email,2026-06-30 11:01:54.952+00
7effb304-1e63-41d5-94dd-884cd4ea16e8,62a2569e-4be2-4326-bddd-3c6116ed18b0,3258f102-8146-4986-964f-8c8f53441300,2026-06-30,2026-06-30 11:00:30.314+00,1,in_app,2026-06-30 11:01:56.809+00
e9a64cf0-acef-4924-ac3a-f33d39c5e620,62a2569e-4be2-4326-bddd-3c6116ed18b0,3258f102-8146-4986-964f-8c8f53441300,2026-06-30,2026-06-30 11:00:30.314+00,1,email,2026-06-30 11:02:00.245+00
1e618957-72e4-4388-aa01-294858ce0a3e,0c96a57e-6cc1-400f-bf3a-5740b699ac21,6237fa09-ec4a-46ca-a99b-4f8afb3bf259,2026-06-30,2026-06-30 11:00:30.314+00,1,in_app,2026-06-30 11:02:02.006+00
55293179-21d0-4829-8d52-dd6fccc7ff41,0c96a57e-6cc1-400f-bf3a-5740b699ac21,6237fa09-ec4a-46ca-a99b-4f8afb3bf259,2026-06-30,2026-06-30 11:00:30.314+00,1,email,2026-06-30 11:02:05.521+00
980fb180-eeb5-471d-869a-8b2adf90c397,b0737bfd-7bea-493b-8cfc-14946fcea8cd,32ccdbe1-627f-4fe3-a506-056b997ed89b,2026-06-30,2026-06-30 11:00:30.314+00,3,in_app,2026-06-30 11:02:07.472+00
8dcd5854-d11d-4401-a568-c2274b86d87a,b0737bfd-7bea-493b-8cfc-14946fcea8cd,32ccdbe1-627f-4fe3-a506-056b997ed89b,2026-06-30,2026-06-30 11:00:30.314+00,3,email,2026-06-30 11:02:11.04+00
d1953af8-d361-4311-b1ca-ce4ab97bdf02,0c96a57e-6cc1-400f-bf3a-5740b699ac21,9bd5cccc-e18f-432e-ae67-dc33103d5791,2026-06-30,2026-06-30 11:00:30.314+00,3,in_app,2026-06-30 11:02:12.916+00
cf56eef9-fb62-48a6-ac89-9fe5437da967,0c96a57e-6cc1-400f-bf3a-5740b699ac21,9bd5cccc-e18f-432e-ae67-dc33103d5791,2026-06-30,2026-06-30 11:00:30.314+00,3,email,2026-06-30 11:02:20.434+00
b52354df-8300-4de6-afdd-86dc784ddfe3,493aecc1-6791-4d62-bc63-f4f55c78e44e,a9c81e05-8b1a-47ad-a80d-dbc45603f068,2026-06-30,2026-06-30 11:00:30.314+00,1,in_app,2026-06-30 11:02:22.184+00
34e05ea1-f190-458d-8f9d-1b20e73ccc5f,493aecc1-6791-4d62-bc63-f4f55c78e44e,a9c81e05-8b1a-47ad-a80d-dbc45603f068,2026-06-30,2026-06-30 11:00:30.314+00,1,email,2026-06-30 11:02:26.374+00
c01078cc-f0ef-44e9-9e38-de9f7799fff6,8474aaf6-e7d1-4165-9bef-bf76bc701038,32ccdbe1-627f-4fe3-a506-056b997ed89b,2026-06-30,2026-06-30 11:00:30.314+00,3,in_app,2026-06-30 11:02:28.115+00
c61824f8-b1c3-4bf1-a178-70a3639313c9,8474aaf6-e7d1-4165-9bef-bf76bc701038,32ccdbe1-627f-4fe3-a506-056b997ed89b,2026-06-30,2026-06-30 11:00:30.314+00,3,email,2026-06-30 11:02:31.701+00
11f17233-79e7-4720-8d42-e7978f377702,1ed74e00-4a16-47cb-84fc-8021943b5fa3,760fc14a-229e-4212-9aa9-f90de968af69,2026-06-30,2026-06-30 11:00:30.314+00,1,in_app,2026-06-30 11:02:33.444+00
baca3dee-6192-43bf-9555-b6281f9d3e7e,1ed74e00-4a16-47cb-84fc-8021943b5fa3,760fc14a-229e-4212-9aa9-f90de968af69,2026-06-30,2026-06-30 11:00:30.314+00,1,email,2026-06-30 11:02:36.887+00
7376ac1a-1428-4b13-bd30-fb7afd588fe4,9066ac12-d1c6-4a15-ad74-4932bf8dd987,968fc8e6-f918-4579-b0d1-26570ce5e94b,2026-06-30,2026-06-30 11:00:30.314+00,2,in_app,2026-06-30 11:02:38.748+00
715a1e1b-bcbb-47a7-ae7e-ec99beaba2d1,9066ac12-d1c6-4a15-ad74-4932bf8dd987,968fc8e6-f918-4579-b0d1-26570ce5e94b,2026-06-30,2026-06-30 11:00:30.314+00,2,email,2026-06-30 11:02:42.448+00
7aa0278c-2182-4b51-a9b3-6ef482541e64,04b00ab5-856d-4f95-962b-e9d97b33f207,a3c5b629-15d3-48a7-b5ab-694e63dc8b63,2026-06-30,2026-06-30 11:00:30.314+00,8,in_app,2026-06-30 11:02:44.19+00
2d7dcc66-a656-444e-a9fc-0644b2122996,04b00ab5-856d-4f95-962b-e9d97b33f207,a3c5b629-15d3-48a7-b5ab-694e63dc8b63,2026-06-30,2026-06-30 11:00:30.314+00,8,email,2026-06-30 11:02:47.652+00
bc5cdf28-065e-4a4e-92a8-0a59c3b62084,2528e875-ab7b-4905-a98b-998a318b883e,13bbd043-efcc-4c8a-9edd-f34941547546,2026-06-30,2026-06-30 11:00:30.314+00,1,in_app,2026-06-30 11:02:49.395+00
1b6b5c31-987a-4703-8909-6a78f9a33e4d,2528e875-ab7b-4905-a98b-998a318b883e,13bbd043-efcc-4c8a-9edd-f34941547546,2026-06-30,2026-06-30 11:00:30.314+00,1,email,2026-06-30 11:02:52.87+00
4286d4d0-6ac7-43f8-a8db-5e615dcfe484,0c96a57e-6cc1-400f-bf3a-5740b699ac21,27edf455-e61a-48a9-a846-e2c6f42999b5,2026-06-30,2026-06-30 11:00:30.314+00,1,in_app,2026-06-30 11:02:54.609+00
5bf07748-e322-4093-9d13-d8941f5449ef,0c96a57e-6cc1-400f-bf3a-5740b699ac21,27edf455-e61a-48a9-a846-e2c6f42999b5,2026-06-30,2026-06-30 11:00:30.314+00,1,email,2026-06-30 11:02:58.176+00
6fd70d2c-55cb-4ed6-870c-ce2bde7a488c,ed586056-17ca-4287-936a-c16e642c63a6,8737f689-7c9e-414a-8391-5bf93d5ba600,2026-06-30,2026-06-30 11:00:30.314+00,1,in_app,2026-06-30 11:02:59.916+00
2fecb678-6e2d-408a-a807-d01b74f972b4,ed586056-17ca-4287-936a-c16e642c63a6,8737f689-7c9e-414a-8391-5bf93d5ba600,2026-06-30,2026-06-30 11:00:30.314+00,1,email,2026-06-30 11:03:02.915+00
f0af6228-7449-42fe-9821-e04d1d716c8a,2e6f6612-8033-42e0-b84d-b2ea8aded8ac,b3db042c-4932-4f66-8aff-3136ed50db97,2026-06-30,2026-06-30 11:00:30.314+00,7,in_app,2026-06-30 11:03:04.67+00
aa85c200-b06c-4e90-9013-2af30782cfef,2e6f6612-8033-42e0-b84d-b2ea8aded8ac,b3db042c-4932-4f66-8aff-3136ed50db97,2026-06-30,2026-06-30 11:00:30.314+00,7,email,2026-06-30 11:03:08.133+00
fcf127f4-490e-46b8-ab18-a52b4b5dbb7a,493aecc1-6791-4d62-bc63-f4f55c78e44e,642b0596-7431-4f50-acff-1eb4199fab76,2026-06-30,2026-06-30 11:00:30.314+00,1,in_app,2026-06-30 11:03:09.864+00
c4089466-a767-484b-a77e-3df51cdec173,493aecc1-6791-4d62-bc63-f4f55c78e44e,642b0596-7431-4f50-acff-1eb4199fab76,2026-06-30,2026-06-30 11:00:30.314+00,1,email,2026-06-30 11:03:13.513+00
fc7f7b57-06a3-4104-b64b-185c4de3d622,0c96a57e-6cc1-400f-bf3a-5740b699ac21,c6754833-e150-4c12-9149-45a6dfcd6eec,2026-06-30,2026-06-30 11:00:30.314+00,3,in_app,2026-06-30 11:03:15.259+00
249de3cc-afcf-4d48-aa84-f9a5c8d50d5d,0c96a57e-6cc1-400f-bf3a-5740b699ac21,c6754833-e150-4c12-9149-45a6dfcd6eec,2026-06-30,2026-06-30 11:00:30.314+00,3,email,2026-06-30 11:03:18.725+00
36ab3d64-fee7-48ef-bfda-5d14fe4b1d61,493aecc1-6791-4d62-bc63-f4f55c78e44e,7b577c22-5513-42cc-ab19-2bf867e14ebc,2026-06-30,2026-06-30 11:00:30.314+00,8,in_app,2026-06-30 11:03:20.462+00
22c7e546-91c7-4d6c-a553-9ad59dd4304f,493aecc1-6791-4d62-bc63-f4f55c78e44e,7b577c22-5513-42cc-ab19-2bf867e14ebc,2026-06-30,2026-06-30 11:00:30.314+00,8,email,2026-06-30 11:03:23.903+00
2d40c910-36f6-4dca-bff9-a9f7f6cb0fc8,0ece46cd-9571-4f7f-8043-c1f2249b6cf9,6f58e5f8-b85c-4f92-89b7-1cf3ca9f22b6,2026-06-30,2026-06-30 11:00:30.314+00,2,in_app,2026-06-30 11:03:25.756+00
e8a10212-7104-415f-9742-1f5422b47b4f,0ece46cd-9571-4f7f-8043-c1f2249b6cf9,6f58e5f8-b85c-4f92-89b7-1cf3ca9f22b6,2026-06-30,2026-06-30 11:00:30.314+00,2,email,2026-06-30 11:03:29.312+00
b2827de2-25da-4d9c-beac-e09712df0702,0ae36a43-2ef0-4a7d-b95a-edcc7d9ac3f2,7b577c22-5513-42cc-ab19-2bf867e14ebc,2026-06-30,2026-06-30 11:00:30.314+00,1,in_app,2026-06-30 11:03:31.052+00
e68f06f4-0a9a-4b19-82d1-b637cb53147a,0ae36a43-2ef0-4a7d-b95a-edcc7d9ac3f2,7b577c22-5513-42cc-ab19-2bf867e14ebc,2026-06-30,2026-06-30 11:00:30.314+00,1,email,2026-06-30 11:03:34.508+00
7d8321d8-ad42-46a3-b2e3-e32a81376d05,c1f13659-b28c-4d50-8375-5bf200294992,decc7faa-b202-42f1-9a04-fe15fe97a892,2026-06-30,2026-06-30 11:00:30.314+00,1,in_app,2026-06-30 11:03:37.191+00
b105a218-c06f-4707-b209-3f56e352a5f8,c1f13659-b28c-4d50-8375-5bf200294992,decc7faa-b202-42f1-9a04-fe15fe97a892,2026-06-30,2026-06-30 11:00:30.314+00,1,email,2026-06-30 11:03:40.69+00
7c2c237a-c0d0-4f70-b22d-4e8794c2fe8c,0c96a57e-6cc1-400f-bf3a-5740b699ac21,d8eb23c1-2c90-4dfe-872a-aa3e3dcd6478,2026-06-30,2026-06-30 11:00:30.314+00,9,in_app,2026-06-30 11:04:06.3+00
2158c40f-c923-4174-8763-9f7967debee3,0c96a57e-6cc1-400f-bf3a-5740b699ac21,2a266637-be4e-4088-9918-a51576912f5c,2026-06-30,2026-06-30 11:00:30.314+00,4,email,2026-06-30 11:04:14.944+00
a25368ee-5d41-46c9-8912-5a7cb34eca38,0c96a57e-6cc1-400f-bf3a-5740b699ac21,3258f102-8146-4986-964f-8c8f53441300,2026-06-30,2026-06-30 11:00:30.314+00,1,email,2026-06-30 11:04:21.413+00
f92cba92-241f-4f43-b613-a9a84c271215,0c96a57e-6cc1-400f-bf3a-5740b699ac21,28f7b9e8-9516-4a08-864c-9ff3e085ba87,2026-06-30,2026-06-30 11:00:30.314+00,1,in_app,2026-06-30 11:04:23.147+00
576948e8-bb48-4cc6-a467-93d59487ff62,0c96a57e-6cc1-400f-bf3a-5740b699ac21,760fc14a-229e-4212-9aa9-f90de968af69,2026-06-30,2026-06-30 11:00:30.314+00,1,in_app,2026-06-30 11:04:34.772+00
2784445c-01a4-4c75-8086-b7ce7650857c,0c96a57e-6cc1-400f-bf3a-5740b699ac21,13bbd043-efcc-4c8a-9edd-f34941547546,2026-06-30,2026-06-30 11:00:30.314+00,1,in_app,2026-06-30 11:04:45.432+00
207a029f-c11f-4f74-95cd-4ebfbb849076,0c96a57e-6cc1-400f-bf3a-5740b699ac21,13bbd043-efcc-4c8a-9edd-f34941547546,2026-06-30,2026-06-30 11:00:30.314+00,1,email,2026-06-30 11:04:48.922+00
c045b134-3595-4bed-99c0-7dfa77c3b733,0c96a57e-6cc1-400f-bf3a-5740b699ac21,642b0596-7431-4f50-acff-1eb4199fab76,2026-06-30,2026-06-30 11:00:30.314+00,1,email,2026-06-30 11:05:00.601+00
9cb908df-2113-4c94-99b6-eafa6a8dcf8f,0c96a57e-6cc1-400f-bf3a-5740b699ac21,6f58e5f8-b85c-4f92-89b7-1cf3ca9f22b6,2026-06-30,2026-06-30 11:00:30.314+00,2,in_app,2026-06-30 11:05:03.751+00
237cfe47-45b8-4d0b-b140-5955f1cdbfa0,0c96a57e-6cc1-400f-bf3a-5740b699ac21,6f58e5f8-b85c-4f92-89b7-1cf3ca9f22b6,2026-06-30,2026-06-30 11:00:30.314+00,2,email,2026-06-30 11:05:07.374+00
a4338960-6c17-45af-bec1-b672d5cc30a5,0c96a57e-6cc1-400f-bf3a-5740b699ac21,968fc8e6-f918-4579-b0d1-26570ce5e94b,2026-07-07,2026-07-07 17:00:35.339+00,1,email,2026-07-07 17:00:36.264+00
88f5e172-7701-4813-8b9b-dbd2d2af0f8f,0c96a57e-6cc1-400f-bf3a-5740b699ac21,7b577c22-5513-42cc-ab19-2bf867e14ebc,2026-07-07,2026-07-07 17:00:35.339+00,2,in_app,2026-07-07 17:00:38.655+00
82cb07d4-e10b-45ec-b3e7-87cac171fd85,0c96a57e-6cc1-400f-bf3a-5740b699ac21,7b577c22-5513-42cc-ab19-2bf867e14ebc,2026-07-07,2026-07-07 17:00:35.339+00,2,email,2026-07-07 17:00:39.046+00
75ae0ba9-f2ad-4383-aed5-4a84e33105ec,0c96a57e-6cc1-400f-bf3a-5740b699ac21,968fc8e6-f918-4579-b0d1-26570ce5e94b,2026-07-27,2026-07-27 11:00:02.405+00,1,in_app,2026-07-27 11:00:02.566+00
a363668e-16f8-44b1-8950-86723e9cc20c,62a2569e-4be2-4326-bddd-3c6116ed18b0,bdef184d-6217-4cdf-a59f-dc37008d13fd,2026-07-07,2026-07-07 17:00:35.339+00,1,in_app,2026-07-07 17:00:41.242+00
f26a1443-5d6a-4a87-bedf-ef52437e157e,62a2569e-4be2-4326-bddd-3c6116ed18b0,bdef184d-6217-4cdf-a59f-dc37008d13fd,2026-07-07,2026-07-07 17:00:35.339+00,1,email,2026-07-07 17:00:41.58+00
1fbda990-7421-4868-beea-58b7420b412c,fd63bafa-9a78-43fb-9311-f78b8cbfb667,d8eb23c1-2c90-4dfe-872a-aa3e3dcd6478,2026-07-07,2026-07-07 17:00:35.339+00,8,in_app,2026-07-07 17:00:43.202+00
f613a997-2fff-44c1-a668-e773bdab85fd,0c96a57e-6cc1-400f-bf3a-5740b699ac21,6237fa09-ec4a-46ca-a99b-4f8afb3bf259,2026-07-07,2026-07-07 17:00:35.339+00,1,email,2026-07-07 17:00:44.377+00
2510a7ea-0e61-44aa-af2e-1393f45d1b7d,9066ac12-d1c6-4a15-ad74-4932bf8dd987,968fc8e6-f918-4579-b0d1-26570ce5e94b,2026-07-07,2026-07-07 17:00:35.339+00,2,in_app,2026-07-07 17:00:46.886+00
4b5df218-e998-4ba2-9f1a-a01de0e8ef0c,04b00ab5-856d-4f95-962b-e9d97b33f207,a3c5b629-15d3-48a7-b5ab-694e63dc8b63,2026-07-07,2026-07-07 17:00:35.339+00,8,in_app,2026-07-07 17:00:47.387+00
a843ca19-fb36-4e70-bb96-619298025dee,0ece46cd-9571-4f7f-8043-c1f2249b6cf9,6f58e5f8-b85c-4f92-89b7-1cf3ca9f22b6,2026-07-07,2026-07-07 17:00:35.339+00,2,in_app,2026-07-07 17:00:50.598+00
edc0a257-ba4c-4738-8db2-70fba577cd6d,0ece46cd-9571-4f7f-8043-c1f2249b6cf9,6f58e5f8-b85c-4f92-89b7-1cf3ca9f22b6,2026-07-07,2026-07-07 17:00:35.339+00,2,email,2026-07-07 17:00:50.996+00
b71d3c59-5706-4a57-9ffb-81f2f67523c1,0c96a57e-6cc1-400f-bf3a-5740b699ac21,bdef184d-6217-4cdf-a59f-dc37008d13fd,2026-07-07,2026-07-07 17:00:35.339+00,8,in_app,2026-07-07 17:00:52.994+00
1fb13cc1-5b76-40b0-9b6c-fc13a74d9715,0c96a57e-6cc1-400f-bf3a-5740b699ac21,a3c5b629-15d3-48a7-b5ab-694e63dc8b63,2026-07-07,2026-07-07 17:00:35.339+00,8,in_app,2026-07-07 17:00:57.641+00
6418d22b-6f78-4f10-bc38-5a98174ea905,0c96a57e-6cc1-400f-bf3a-5740b699ac21,b3db042c-4932-4f66-8aff-3136ed50db97,2026-07-07,2026-07-07 17:00:35.339+00,8,email,2026-07-07 17:00:58.534+00
49cb460a-49a0-4a67-847f-1c43c915da0c,0c96a57e-6cc1-400f-bf3a-5740b699ac21,decc7faa-b202-42f1-9a04-fe15fe97a892,2026-07-07,2026-07-07 17:00:35.339+00,1,in_app,2026-07-07 17:01:00.192+00
84ddefd1-3ff3-453f-9ac0-949e0922a872,0c96a57e-6cc1-400f-bf3a-5740b699ac21,8cab859b-a1e1-4edb-af95-4e847e1c93e4,2026-07-07,2026-07-07 17:00:35.339+00,2,email,2026-07-07 17:01:01.176+00
08e4fa59-6fe4-4c5e-b2e3-e2fbfd077391,9647402f-c830-48fb-92a7-e1e0f719045f,9d005015-cf2c-4590-9c46-e55e56c7696d,2026-07-11,2026-07-11 11:00:34.494+00,1,in_app,2026-07-11 11:00:42.449+00
9c8bdd1d-4969-441e-996d-45b3c69f50a1,04b00ab5-856d-4f95-962b-e9d97b33f207,a3c5b629-15d3-48a7-b5ab-694e63dc8b63,2026-07-11,2026-07-11 11:00:34.494+00,8,in_app,2026-07-11 11:00:43.201+00
a1ef6972-3177-4a80-89c3-bbbfc15aa4f9,0c96a57e-6cc1-400f-bf3a-5740b699ac21,27edf455-e61a-48a9-a846-e2c6f42999b5,2026-07-11,2026-07-11 11:00:34.494+00,1,email,2026-07-11 11:00:43.894+00
bfa094ee-5ef6-4a30-983b-991f628d061f,ed586056-17ca-4287-936a-c16e642c63a6,8737f689-7c9e-414a-8391-5bf93d5ba600,2026-07-11,2026-07-11 11:00:34.494+00,1,email,2026-07-11 11:00:44.236+00
d89f93dd-0f48-4894-86f4-1abbaf824097,493aecc1-6791-4d62-bc63-f4f55c78e44e,642b0596-7431-4f50-acff-1eb4199fab76,2026-07-11,2026-07-11 11:00:34.494+00,1,in_app,2026-07-11 11:00:44.662+00
d45c452b-a875-48d9-a9c7-98b81d6f53ae,493aecc1-6791-4d62-bc63-f4f55c78e44e,642b0596-7431-4f50-acff-1eb4199fab76,2026-07-11,2026-07-11 11:00:34.494+00,1,email,2026-07-11 11:00:44.949+00
59768932-0afc-466b-9bca-8faad3ed409e,0c96a57e-6cc1-400f-bf3a-5740b699ac21,c6754833-e150-4c12-9149-45a6dfcd6eec,2026-07-11,2026-07-11 11:00:34.494+00,3,email,2026-07-11 11:00:45.316+00
febfa72c-36c9-4593-b7b4-546fcca9179c,0c96a57e-6cc1-400f-bf3a-5740b699ac21,3519d0a1-12b5-4a38-bbd5-a5b9d518cb53,2026-07-11,2026-07-11 11:00:34.494+00,1,email,2026-07-11 11:00:48.86+00
9fd7e7e5-f9fa-4bd1-9935-c52ec8eb53fd,0c96a57e-6cc1-400f-bf3a-5740b699ac21,6d3f8a2c-1a05-4e2a-b57e-d969b668049b,2026-07-11,2026-07-11 11:00:34.494+00,1,in_app,2026-07-11 11:00:48.914+00
ba5e5671-10f1-4e5e-ae99-258f7b9db1ff,0c96a57e-6cc1-400f-bf3a-5740b699ac21,ebe67fdd-2e23-43c0-8e9b-8abec2682d09,2026-07-11,2026-07-11 11:00:34.494+00,2,in_app,2026-07-11 11:00:49.283+00
152b4665-49dd-49d3-9e6e-79b075f9292f,0c96a57e-6cc1-400f-bf3a-5740b699ac21,ebe67fdd-2e23-43c0-8e9b-8abec2682d09,2026-07-11,2026-07-11 11:00:34.494+00,2,email,2026-07-11 11:00:49.796+00
9da75221-efbf-4071-96ff-fec418f3768c,0c96a57e-6cc1-400f-bf3a-5740b699ac21,2a266637-be4e-4088-9918-a51576912f5c,2026-07-11,2026-07-11 11:00:34.494+00,4,in_app,2026-07-11 11:00:49.852+00
b7877f04-9462-4818-a96b-27b661990336,0c96a57e-6cc1-400f-bf3a-5740b699ac21,658a0146-2d8a-4b2e-81e5-aa16fa9d0a30,2026-07-11,2026-07-11 11:00:34.494+00,1,email,2026-07-11 11:00:51.358+00
1eb85ab7-3ea1-4969-9717-ae03fae373c5,0c96a57e-6cc1-400f-bf3a-5740b699ac21,a3c5b629-15d3-48a7-b5ab-694e63dc8b63,2026-07-11,2026-07-11 11:00:34.494+00,8,in_app,2026-07-11 11:00:51.45+00
a798fb17-b7cd-4251-aaa0-c6d6de29c540,0c96a57e-6cc1-400f-bf3a-5740b699ac21,b3db042c-4932-4f66-8aff-3136ed50db97,2026-07-11,2026-07-11 11:00:34.494+00,8,in_app,2026-07-11 11:00:51.87+00
496e5b33-a0ea-46c3-b89d-c2787637b1ad,bdcaf0e7-94cb-4745-ae1d-944ab5404b4d,c30e3590-04a3-4544-bf66-43228037bfc9,2026-07-14,2026-07-14 11:01:25.445+00,1,email,2026-07-14 11:01:27.491+00
8a5fda58-ceab-4fa7-87a8-8609116a54f0,72aeb445-484f-4979-8c2a-d34ec40b22b0,bdef184d-6217-4cdf-a59f-dc37008d13fd,2026-07-14,2026-07-14 11:01:25.445+00,7,in_app,2026-07-14 11:01:27.566+00
5c9fc56d-ac54-4615-8006-b65ac047eb86,0c96a57e-6cc1-400f-bf3a-5740b699ac21,7b577c22-5513-42cc-ab19-2bf867e14ebc,2026-07-14,2026-07-14 11:01:25.445+00,2,in_app,2026-07-14 11:01:28.01+00
428f9bde-d80d-43af-963f-45dd4ed80dab,2f940451-4cf3-44e3-9040-07942e4146c1,b874694b-f463-4dbd-bb6f-b04f121a8802,2026-07-14,2026-07-14 11:01:25.445+00,1,in_app,2026-07-14 11:01:29.66+00
0f4b02bd-47e6-498c-a1de-4f965cc60033,2f940451-4cf3-44e3-9040-07942e4146c1,b874694b-f463-4dbd-bb6f-b04f121a8802,2026-07-14,2026-07-14 11:01:25.445+00,1,email,2026-07-14 11:01:30.004+00
f077c6f5-be52-4641-a06e-ffd25330376d,9b5aa503-44ec-40de-9ceb-b1475639767e,2a266637-be4e-4088-9918-a51576912f5c,2026-07-14,2026-07-14 11:01:25.445+00,4,in_app,2026-07-14 11:01:31.166+00
d54d403e-294e-435d-b84b-7cd6e90e5ad7,fd63bafa-9a78-43fb-9311-f78b8cbfb667,d8eb23c1-2c90-4dfe-872a-aa3e3dcd6478,2026-07-14,2026-07-14 11:01:25.445+00,8,in_app,2026-07-14 11:01:32.018+00
23b07a86-8537-4ea1-9ff9-1d70cc7dbf10,0c96a57e-6cc1-400f-bf3a-5740b699ac21,6237fa09-ec4a-46ca-a99b-4f8afb3bf259,2026-07-14,2026-07-14 11:01:25.445+00,1,in_app,2026-07-14 11:01:32.782+00
c3df2293-53ef-4506-828d-1b1b047a103f,0c96a57e-6cc1-400f-bf3a-5740b699ac21,6237fa09-ec4a-46ca-a99b-4f8afb3bf259,2026-07-14,2026-07-14 11:01:25.445+00,1,email,2026-07-14 11:01:33.141+00
3135497a-3c94-4ce7-8864-376daf1ee2f1,0e2a45ad-2133-4d3e-822a-b61d069d1e56,3cbe0dd1-c806-4171-8fdf-002c7fe52d74,2026-07-14,2026-07-14 11:01:25.445+00,1,email,2026-07-14 11:01:33.971+00
2392d7a0-7831-4d49-bc7d-1fc92290c1b4,04b00ab5-856d-4f95-962b-e9d97b33f207,a3c5b629-15d3-48a7-b5ab-694e63dc8b63,2026-07-14,2026-07-14 11:01:25.445+00,8,in_app,2026-07-14 11:01:34.905+00
4d8b9747-dce2-4594-9623-81ac76c3b094,8396bd66-e3ed-4593-b985-3e380cd308eb,b0faf762-848b-4737-a04d-b2b4e1e8cc5b,2026-07-14,2026-07-14 11:01:25.445+00,1,in_app,2026-07-14 11:01:35.735+00
99ec118a-3250-4a3f-987f-86c905e319f9,0c96a57e-6cc1-400f-bf3a-5740b699ac21,27edf455-e61a-48a9-a846-e2c6f42999b5,2026-07-14,2026-07-14 11:01:25.445+00,1,in_app,2026-07-14 11:01:36.396+00
0f501c0f-286e-4674-9c4b-3a776faa5933,87a43e47-33e7-4623-90d0-260dfdf5c5bf,54fd3322-4510-4b44-bfbc-52e1c44b4969,2026-07-14,2026-07-14 11:01:25.445+00,1,email,2026-07-14 11:01:38.676+00
caa1b6b6-ccbd-483a-82ea-bf3f6668e022,0c96a57e-6cc1-400f-bf3a-5740b699ac21,d8eb23c1-2c90-4dfe-872a-aa3e3dcd6478,2026-07-14,2026-07-14 11:01:25.445+00,8,in_app,2026-07-14 11:01:44.351+00
b86fc49f-ae7d-4583-8891-6b3b7fef0485,0c96a57e-6cc1-400f-bf3a-5740b699ac21,d8eb23c1-2c90-4dfe-872a-aa3e3dcd6478,2026-07-14,2026-07-14 11:01:25.445+00,8,email,2026-07-14 11:01:44.701+00
1ea91eb3-f73c-4327-a985-fd64af6ecd0e,0c96a57e-6cc1-400f-bf3a-5740b699ac21,3258f102-8146-4986-964f-8c8f53441300,2026-07-14,2026-07-14 11:01:25.445+00,2,in_app,2026-07-14 11:01:46.107+00
e99099b8-98d1-41d9-8530-43e3617af2ca,0c96a57e-6cc1-400f-bf3a-5740b699ac21,decc7faa-b202-42f1-9a04-fe15fe97a892,2026-07-14,2026-07-14 11:01:25.445+00,1,in_app,2026-07-14 11:01:47.965+00
481c8a31-3a70-4263-ba93-8b9e71a32e3b,0c96a57e-6cc1-400f-bf3a-5740b699ac21,8cab859b-a1e1-4edb-af95-4e847e1c93e4,2026-07-14,2026-07-14 11:01:25.445+00,2,in_app,2026-07-14 11:01:48.381+00
ce346a3a-3a5d-4c86-8f10-6a2a2143e91c,0c96a57e-6cc1-400f-bf3a-5740b699ac21,1c2d5668-5cd9-49a7-a138-3ccd2bea5cbb,2026-07-14,2026-07-14 11:01:25.445+00,1,in_app,2026-07-14 11:01:48.795+00
4d970466-a7b7-48e4-a3ec-be969df3caf1,8396bd66-e3ed-4593-b985-3e380cd308eb,b0faf762-848b-4737-a04d-b2b4e1e8cc5b,2026-07-16,2026-07-16 11:00:00.525+00,1,email,2026-07-16 11:00:27.121+00
df265008-2adc-4836-adde-fe880014dd92,0c96a57e-6cc1-400f-bf3a-5740b699ac21,c6754833-e150-4c12-9149-45a6dfcd6eec,2026-07-16,2026-07-16 11:00:00.525+00,3,in_app,2026-07-16 11:00:28.912+00
8dadd5be-b562-44e8-afc4-bc020eca6863,0c96a57e-6cc1-400f-bf3a-5740b699ac21,c6754833-e150-4c12-9149-45a6dfcd6eec,2026-07-16,2026-07-16 11:00:00.525+00,3,email,2026-07-16 11:00:29.239+00
e9f292bd-7613-4b73-b7f5-bb5fcf6a80e4,c1f13659-b28c-4d50-8375-5bf200294992,decc7faa-b202-42f1-9a04-fe15fe97a892,2026-07-16,2026-07-16 11:00:00.525+00,1,in_app,2026-07-16 11:00:30.102+00
b24e148d-867e-47a1-a8d7-2f5cc44ccd62,c1f13659-b28c-4d50-8375-5bf200294992,decc7faa-b202-42f1-9a04-fe15fe97a892,2026-07-16,2026-07-16 11:00:00.525+00,1,email,2026-07-16 11:00:30.433+00
1afcdfdc-2fd8-472e-8351-39244ba02db0,c1f13659-b28c-4d50-8375-5bf200294992,1c2d5668-5cd9-49a7-a138-3ccd2bea5cbb,2026-07-16,2026-07-16 11:00:00.525+00,1,in_app,2026-07-16 11:00:30.949+00
ea8734f3-38b0-4987-a5ab-ca342e726739,0c96a57e-6cc1-400f-bf3a-5740b699ac21,bdef184d-6217-4cdf-a59f-dc37008d13fd,2026-07-16,2026-07-16 11:00:00.525+00,8,email,2026-07-16 11:00:32.596+00
0be71d19-8f43-47d7-be15-8b8308c083dd,678b734f-19e2-4622-ab4e-fccd86f4877f,8cab859b-a1e1-4edb-af95-4e847e1c93e4,2026-06-30,2026-06-30 11:00:30.314+00,2,in_app,2026-06-30 11:03:42.551+00
75f091bb-3e26-4b1d-b60c-7b34689b425d,0c96a57e-6cc1-400f-bf3a-5740b699ac21,decc7faa-b202-42f1-9a04-fe15fe97a892,2026-06-30,2026-06-30 11:00:30.314+00,1,in_app,2026-06-30 11:05:09.146+00
323ae29f-f2d0-40a5-9e89-e5b910273a0c,b16b90c0-67c9-46c5-ac6f-2ccb8f3b2a08,5d7214cd-c7d1-42ac-b859-b9e84dee9fab,2026-07-07,2026-07-07 17:00:35.339+00,2,in_app,2026-07-07 17:00:36.415+00
c6ccd53a-72b6-464e-a6f9-2145bf13e193,b16b90c0-67c9-46c5-ac6f-2ccb8f3b2a08,5d7214cd-c7d1-42ac-b859-b9e84dee9fab,2026-07-07,2026-07-07 17:00:35.339+00,2,email,2026-07-07 17:00:36.804+00
53a2f21d-bde4-47cc-8c15-935b983a807e,8474aaf6-e7d1-4165-9bef-bf76bc701038,90bb1d12-5855-4f3e-aecb-e92f597e650c,2026-07-07,2026-07-07 17:00:35.339+00,1,in_app,2026-07-07 17:00:36.897+00
97e9a588-ff4a-4707-9a2c-f3afe08830de,8396bd66-e3ed-4593-b985-3e380cd308eb,b0faf762-848b-4737-a04d-b2b4e1e8cc5b,2026-07-07,2026-07-07 17:00:35.339+00,2,email,2026-07-07 17:00:38.091+00
3786d205-0e26-4af0-b135-e66c78696867,c1f13659-b28c-4d50-8375-5bf200294992,3519d0a1-12b5-4a38-bbd5-a5b9d518cb53,2026-07-07,2026-07-07 17:00:35.339+00,1,in_app,2026-07-07 17:00:39.133+00
34f447a3-42a5-47fd-bc08-7bbd6f69c6d6,b6617c09-9b4a-4ebc-bf50-e584b67edaa3,e5efecc9-f05f-479b-b2ea-81a2ed90fba4,2026-07-07,2026-07-07 17:00:35.339+00,1,in_app,2026-07-07 17:00:42.69+00
96b51fdb-268c-4a70-8531-483b212ea5dd,b0737bfd-7bea-493b-8cfc-14946fcea8cd,32ccdbe1-627f-4fe3-a506-056b997ed89b,2026-07-07,2026-07-07 17:00:35.339+00,3,in_app,2026-07-07 17:00:44.5+00
d7c20a56-e7ec-4301-90da-e2ba21b29753,3870aadb-8625-4184-ac60-c6e20be4cdc5,a94fc469-4603-487f-ab7f-e2712197d510,2026-07-07,2026-07-07 17:00:35.339+00,6,in_app,2026-07-07 17:00:44.959+00
29a7fa1e-4a99-4c9a-8d27-22851b8d102b,493aecc1-6791-4d62-bc63-f4f55c78e44e,7b577c22-5513-42cc-ab19-2bf867e14ebc,2026-07-07,2026-07-07 17:00:35.339+00,8,in_app,2026-07-07 17:00:50.19+00
3730c366-eff9-4662-8d89-4b0a9faf551e,0c96a57e-6cc1-400f-bf3a-5740b699ac21,27edf455-e61a-48a9-a846-e2c6f42999b5,2026-07-11,2026-07-11 11:00:34.494+00,1,in_app,2026-07-11 11:00:43.584+00
091e5fe9-2dbc-4b73-b54b-b646f1f271e6,0c96a57e-6cc1-400f-bf3a-5740b699ac21,6d3f8a2c-1a05-4e2a-b57e-d969b668049b,2026-07-11,2026-07-11 11:00:34.494+00,1,email,2026-07-11 11:00:49.226+00
ae443ce1-c20a-4e2d-a478-fe459241ab01,0c96a57e-6cc1-400f-bf3a-5740b699ac21,658a0146-2d8a-4b2e-81e5-aa16fa9d0a30,2026-07-11,2026-07-11 11:00:34.494+00,1,in_app,2026-07-11 11:00:51.006+00
404c5432-857f-4679-bfc4-8e59b3a5656e,0c96a57e-6cc1-400f-bf3a-5740b699ac21,decc7faa-b202-42f1-9a04-fe15fe97a892,2026-07-11,2026-07-11 11:00:34.494+00,1,in_app,2026-07-11 11:00:53.008+00
a29d43ef-03da-4f8d-ba79-a98928867325,0c96a57e-6cc1-400f-bf3a-5740b699ac21,decc7faa-b202-42f1-9a04-fe15fe97a892,2026-07-11,2026-07-11 11:00:34.494+00,1,email,2026-07-11 11:00:53.338+00
e93a732f-6258-4aa3-96c6-e49ff8dc343a,0c96a57e-6cc1-400f-bf3a-5740b699ac21,8cab859b-a1e1-4edb-af95-4e847e1c93e4,2026-07-11,2026-07-11 11:00:34.494+00,2,in_app,2026-07-11 11:00:53.392+00
822636b6-1b5f-43c1-86a3-ad246175269d,0c96a57e-6cc1-400f-bf3a-5740b699ac21,8cab859b-a1e1-4edb-af95-4e847e1c93e4,2026-07-11,2026-07-11 11:00:34.494+00,2,email,2026-07-11 11:00:53.687+00
cedf86c7-cff5-4d35-bc74-b3cf792faac6,0c96a57e-6cc1-400f-bf3a-5740b699ac21,1c2d5668-5cd9-49a7-a138-3ccd2bea5cbb,2026-07-11,2026-07-11 11:00:34.494+00,1,email,2026-07-11 11:00:54.061+00
687d7d74-bcff-4435-82bf-f3d96cf3ea30,72aeb445-484f-4979-8c2a-d34ec40b22b0,bdef184d-6217-4cdf-a59f-dc37008d13fd,2026-07-14,2026-07-14 11:01:25.445+00,7,email,2026-07-14 11:01:27.929+00
4d35d083-8312-4148-9c10-7d1078a5ddf3,0c96a57e-6cc1-400f-bf3a-5740b699ac21,7b577c22-5513-42cc-ab19-2bf867e14ebc,2026-07-14,2026-07-14 11:01:25.445+00,2,email,2026-07-14 11:01:28.369+00
eaa3da47-37a3-4db2-9aca-e7bd7245a77a,62a2569e-4be2-4326-bddd-3c6116ed18b0,bdef184d-6217-4cdf-a59f-dc37008d13fd,2026-07-14,2026-07-14 11:01:25.445+00,1,in_app,2026-07-14 11:01:30.405+00
1a546911-8085-43af-b562-fbb2889d7b27,62a2569e-4be2-4326-bddd-3c6116ed18b0,bdef184d-6217-4cdf-a59f-dc37008d13fd,2026-07-14,2026-07-14 11:01:25.445+00,1,email,2026-07-14 11:01:30.717+00
e4511a67-2773-48f0-a58a-5f084e2a117e,b0737bfd-7bea-493b-8cfc-14946fcea8cd,90bb1d12-5855-4f3e-aecb-e92f597e650c,2026-07-14,2026-07-14 11:01:25.445+00,1,in_app,2026-07-14 11:01:30.759+00
a664c99e-7219-45b7-b3de-ed8cdcd1065b,b0737bfd-7bea-493b-8cfc-14946fcea8cd,90bb1d12-5855-4f3e-aecb-e92f597e650c,2026-07-14,2026-07-14 11:01:25.445+00,1,email,2026-07-14 11:01:31.121+00
2ea9ee8a-d12c-4e1a-b485-8f94c505c4b3,b6617c09-9b4a-4ebc-bf50-e584b67edaa3,e5efecc9-f05f-479b-b2ea-81a2ed90fba4,2026-07-14,2026-07-14 11:01:25.445+00,1,in_app,2026-07-14 11:01:31.571+00
82faadb8-8f8d-459b-8894-0fcb0b809191,8474aaf6-e7d1-4165-9bef-bf76bc701038,32ccdbe1-627f-4fe3-a506-056b997ed89b,2026-07-14,2026-07-14 11:01:25.445+00,4,email,2026-07-14 11:01:32.71+00
97f41c01-2795-46b3-8355-87775956ece4,0c96a57e-6cc1-400f-bf3a-5740b699ac21,27edf455-e61a-48a9-a846-e2c6f42999b5,2026-07-16,2026-07-16 11:00:00.525+00,1,in_app,2026-07-16 11:00:27.195+00
a353286d-4d64-4f98-a310-4730b65745be,0c96a57e-6cc1-400f-bf3a-5740b699ac21,27edf455-e61a-48a9-a846-e2c6f42999b5,2026-07-16,2026-07-16 11:00:00.525+00,1,email,2026-07-16 11:00:27.543+00
41f36b8e-9bfa-43c4-b54d-a1132d986903,2e6f6612-8033-42e0-b84d-b2ea8aded8ac,b3db042c-4932-4f66-8aff-3136ed50db97,2026-07-16,2026-07-16 11:00:00.525+00,7,in_app,2026-07-16 11:00:28.027+00
8e6f1b34-44e6-4eb5-ab9d-efcd2f3c0f68,2e6f6612-8033-42e0-b84d-b2ea8aded8ac,b3db042c-4932-4f66-8aff-3136ed50db97,2026-07-16,2026-07-16 11:00:00.525+00,7,email,2026-07-16 11:00:28.438+00
e290ac0d-5fc9-4328-be91-7ecf48c9066c,678b734f-19e2-4622-ab4e-fccd86f4877f,8cab859b-a1e1-4edb-af95-4e847e1c93e4,2026-07-16,2026-07-16 11:00:00.525+00,2,in_app,2026-07-16 11:00:30.504+00
1847d53d-ac43-4ddd-8f57-ee922acc0228,0c96a57e-6cc1-400f-bf3a-5740b699ac21,b874694b-f463-4dbd-bb6f-b04f121a8802,2026-07-16,2026-07-16 11:00:00.525+00,1,in_app,2026-07-16 11:00:33.535+00
ff1f9510-bfe3-4ff2-83e1-2f340be9a4af,0c96a57e-6cc1-400f-bf3a-5740b699ac21,ebe67fdd-2e23-43c0-8e9b-8abec2682d09,2026-07-16,2026-07-16 11:00:00.525+00,2,in_app,2026-07-16 11:00:33.964+00
bbe57265-07ef-4a30-b401-8b611b69108a,0c96a57e-6cc1-400f-bf3a-5740b699ac21,28f7b9e8-9516-4a08-864c-9ff3e085ba87,2026-07-16,2026-07-16 11:00:00.525+00,1,in_app,2026-07-16 11:00:35.291+00
463044df-bf85-47c1-b445-25fcd3fe5382,0c96a57e-6cc1-400f-bf3a-5740b699ac21,28f7b9e8-9516-4a08-864c-9ff3e085ba87,2026-07-16,2026-07-16 11:00:00.525+00,1,email,2026-07-16 11:00:35.622+00
d5b11729-5f9e-4e17-bced-d146d56bd134,0c96a57e-6cc1-400f-bf3a-5740b699ac21,a3c5b629-15d3-48a7-b5ab-694e63dc8b63,2026-07-16,2026-07-16 11:00:00.525+00,8,in_app,2026-07-16 11:00:35.736+00
d2dfdb05-8c38-4c06-a700-19a67b385284,0c96a57e-6cc1-400f-bf3a-5740b699ac21,3258f102-8146-4986-964f-8c8f53441300,2026-07-16,2026-07-16 11:00:00.525+00,2,email,2026-07-16 11:00:36.412+00
967625e9-cdcc-4d49-8a0b-d7b588c165cc,0c96a57e-6cc1-400f-bf3a-5740b699ac21,642b0596-7431-4f50-acff-1eb4199fab76,2026-07-16,2026-07-16 11:00:00.525+00,1,in_app,2026-07-16 11:00:37.009+00
2937399f-6654-471e-a057-971ae42d17d1,0c96a57e-6cc1-400f-bf3a-5740b699ac21,642b0596-7431-4f50-acff-1eb4199fab76,2026-07-16,2026-07-16 11:00:00.525+00,1,email,2026-07-16 11:00:37.342+00
cfd52705-2399-4a46-b1ea-96ff5a759275,0c96a57e-6cc1-400f-bf3a-5740b699ac21,decc7faa-b202-42f1-9a04-fe15fe97a892,2026-07-16,2026-07-16 11:00:00.525+00,1,in_app,2026-07-16 11:00:37.456+00
bac6e320-4f3b-4afe-8d10-da11879152c2,0c96a57e-6cc1-400f-bf3a-5740b699ac21,1c2d5668-5cd9-49a7-a138-3ccd2bea5cbb,2026-07-16,2026-07-16 11:00:00.525+00,1,in_app,2026-07-16 11:00:38.32+00
9051e183-320f-48f4-8646-d7b76acf034c,0c96a57e-6cc1-400f-bf3a-5740b699ac21,1c2d5668-5cd9-49a7-a138-3ccd2bea5cbb,2026-07-16,2026-07-16 11:00:00.525+00,1,email,2026-07-16 11:00:38.632+00
9d069494-2d9a-4b85-bc94-c1242a4ed53d,62a2569e-4be2-4326-bddd-3c6116ed18b0,bdef184d-6217-4cdf-a59f-dc37008d13fd,2026-07-18,2026-07-18 17:00:49.245+00,1,in_app,2026-07-18 17:00:53.067+00
0858090d-2cae-49bf-a8e8-8888ef8154ce,b0737bfd-7bea-493b-8cfc-14946fcea8cd,90bb1d12-5855-4f3e-aecb-e92f597e650c,2026-07-18,2026-07-18 17:00:49.245+00,1,in_app,2026-07-18 17:00:53.428+00
085ba493-3ad7-4b24-b26e-be27826b7fc2,b0737bfd-7bea-493b-8cfc-14946fcea8cd,90bb1d12-5855-4f3e-aecb-e92f597e650c,2026-07-18,2026-07-18 17:00:49.245+00,1,email,2026-07-18 17:00:53.704+00
876e9d63-f430-41bc-92ba-92c5e69c4907,9b5aa503-44ec-40de-9ceb-b1475639767e,2a266637-be4e-4088-9918-a51576912f5c,2026-07-18,2026-07-18 17:00:49.245+00,4,in_app,2026-07-18 17:00:53.761+00
ce6cf1c1-2096-4f27-b6ab-fc90cf5cecfa,9b5aa503-44ec-40de-9ceb-b1475639767e,2a266637-be4e-4088-9918-a51576912f5c,2026-07-18,2026-07-18 17:00:49.245+00,4,email,2026-07-18 17:00:54.035+00
4755deed-387d-429a-9c0e-f455bcd7042b,8474aaf6-e7d1-4165-9bef-bf76bc701038,32ccdbe1-627f-4fe3-a506-056b997ed89b,2026-07-18,2026-07-18 17:00:49.245+00,4,email,2026-07-18 17:00:55.278+00
70c12310-8e01-499f-a5e5-bf5b32c39e16,8396bd66-e3ed-4593-b985-3e380cd308eb,b0faf762-848b-4737-a04d-b2b4e1e8cc5b,2026-07-18,2026-07-18 17:00:49.245+00,1,in_app,2026-07-18 17:00:57.799+00
20d35370-fa19-49bc-a568-6796adeb1c7c,0c96a57e-6cc1-400f-bf3a-5740b699ac21,27edf455-e61a-48a9-a846-e2c6f42999b5,2026-07-18,2026-07-18 17:00:49.245+00,1,in_app,2026-07-18 17:00:58.376+00
4a285521-6e8a-4543-afaf-bc00365a00e1,ed586056-17ca-4287-936a-c16e642c63a6,8737f689-7c9e-414a-8391-5bf93d5ba600,2026-07-18,2026-07-18 17:00:49.245+00,1,in_app,2026-07-18 17:00:58.708+00
9316b9ae-3918-45dc-bf6b-1caeea1f8967,0ece46cd-9571-4f7f-8043-c1f2249b6cf9,6f58e5f8-b85c-4f92-89b7-1cf3ca9f22b6,2026-07-18,2026-07-18 17:00:49.245+00,1,in_app,2026-07-18 17:01:00.347+00
d626c1ca-40fc-4e1b-8721-8530db8fc87b,0ece46cd-9571-4f7f-8043-c1f2249b6cf9,6f58e5f8-b85c-4f92-89b7-1cf3ca9f22b6,2026-07-18,2026-07-18 17:00:49.245+00,1,email,2026-07-18 17:01:00.669+00
a9bf89ae-95ea-44c5-9ae2-2d886e3c5557,0ae36a43-2ef0-4a7d-b95a-edcc7d9ac3f2,7b577c22-5513-42cc-ab19-2bf867e14ebc,2026-07-18,2026-07-18 17:00:49.245+00,1,in_app,2026-07-18 17:01:00.722+00
55bb8f61-7965-482d-b5f1-9810fe6a2236,c1f13659-b28c-4d50-8375-5bf200294992,1c2d5668-5cd9-49a7-a138-3ccd2bea5cbb,2026-07-18,2026-07-18 17:00:49.245+00,1,in_app,2026-07-18 17:01:01.747+00
83782670-6b4a-4cab-a37c-211b65241aad,0c96a57e-6cc1-400f-bf3a-5740b699ac21,ebe67fdd-2e23-43c0-8e9b-8abec2682d09,2026-07-18,2026-07-18 17:00:49.245+00,2,in_app,2026-07-18 17:01:04.022+00
8c529070-36f1-4324-bb2a-8aae6c4932f4,0c96a57e-6cc1-400f-bf3a-5740b699ac21,6f58e5f8-b85c-4f92-89b7-1cf3ca9f22b6,2026-07-18,2026-07-18 17:00:49.245+00,1,in_app,2026-07-18 17:01:07.141+00
a89792fe-ae21-40c3-a24d-1cabc17a5b0b,62a2569e-4be2-4326-bddd-3c6116ed18b0,6d3f8a2c-1a05-4e2a-b57e-d969b668049b,2026-07-21,2026-07-21 11:00:03.241+00,1,in_app,2026-07-21 11:00:09.277+00
928ea814-50d2-4970-bbd1-646883e211a6,62a2569e-4be2-4326-bddd-3c6116ed18b0,6d3f8a2c-1a05-4e2a-b57e-d969b668049b,2026-07-21,2026-07-21 11:00:03.241+00,1,email,2026-07-21 11:00:09.697+00
9b63d0a2-a9fb-497a-86b9-7121d34cd982,b0737bfd-7bea-493b-8cfc-14946fcea8cd,90bb1d12-5855-4f3e-aecb-e92f597e650c,2026-07-21,2026-07-21 11:00:03.241+00,1,in_app,2026-07-21 11:00:13.983+00
4a2b9d5a-066b-496d-8038-aa5b183d876b,9b5aa503-44ec-40de-9ceb-b1475639767e,2a266637-be4e-4088-9918-a51576912f5c,2026-07-21,2026-07-21 11:00:03.241+00,4,in_app,2026-07-21 11:00:14.482+00
da0ee73a-3dab-4629-b882-fe9793490cef,9b5aa503-44ec-40de-9ceb-b1475639767e,2a266637-be4e-4088-9918-a51576912f5c,2026-07-21,2026-07-21 11:00:03.241+00,4,email,2026-07-21 11:00:14.853+00
e179061c-7df4-40a8-86df-535e0fef7b26,b6617c09-9b4a-4ebc-bf50-e584b67edaa3,e5efecc9-f05f-479b-b2ea-81a2ed90fba4,2026-07-21,2026-07-21 11:00:03.241+00,1,in_app,2026-07-21 11:00:14.949+00
c3154fae-bbd7-4194-8c2a-926948a6b75e,04b00ab5-856d-4f95-962b-e9d97b33f207,a3c5b629-15d3-48a7-b5ab-694e63dc8b63,2026-07-21,2026-07-21 11:00:03.241+00,8,in_app,2026-07-21 11:00:18.909+00
864d72ef-4a72-49cd-ac57-ec98a44eb434,0c96a57e-6cc1-400f-bf3a-5740b699ac21,a94fc469-4603-487f-ab7f-e2712197d510,2026-07-21,2026-07-21 11:00:03.241+00,12,in_app,2026-07-21 11:00:28.52+00
49eb7e43-c00f-4950-ba0d-f4c3dfbfd82b,0c96a57e-6cc1-400f-bf3a-5740b699ac21,b874694b-f463-4dbd-bb6f-b04f121a8802,2026-07-21,2026-07-21 11:00:03.241+00,1,in_app,2026-07-21 11:00:30.162+00
ad091bcb-7a96-4f7d-9b0a-95ac741a6953,0c96a57e-6cc1-400f-bf3a-5740b699ac21,ebe67fdd-2e23-43c0-8e9b-8abec2682d09,2026-07-21,2026-07-21 11:00:03.241+00,2,email,2026-07-21 11:00:31.159+00
6e5fdbb0-91a3-4f13-9f91-006aac0fa357,0c96a57e-6cc1-400f-bf3a-5740b699ac21,5d7214cd-c7d1-42ac-b859-b9e84dee9fab,2026-07-21,2026-07-21 11:00:03.241+00,1,in_app,2026-07-21 11:00:33.794+00
23e4fb9b-d4a0-4380-9280-ff16ab4a7448,0c96a57e-6cc1-400f-bf3a-5740b699ac21,5d7214cd-c7d1-42ac-b859-b9e84dee9fab,2026-07-21,2026-07-21 11:00:03.241+00,1,email,2026-07-21 11:00:34.193+00
7cac084c-ec4d-47a1-9984-7700af501a44,678b734f-19e2-4622-ab4e-fccd86f4877f,8cab859b-a1e1-4edb-af95-4e847e1c93e4,2026-06-30,2026-06-30 11:00:30.314+00,2,email,2026-06-30 11:03:45.66+00
b9dd9533-85dc-4ce4-a28d-b0b78a2fa34d,0c96a57e-6cc1-400f-bf3a-5740b699ac21,bdef184d-6217-4cdf-a59f-dc37008d13fd,2026-06-30,2026-06-30 11:00:30.314+00,9,in_app,2026-06-30 11:03:54.571+00
f0adaa1d-7674-43de-8345-a149f646e368,0c96a57e-6cc1-400f-bf3a-5740b699ac21,bdef184d-6217-4cdf-a59f-dc37008d13fd,2026-06-30,2026-06-30 11:00:30.314+00,9,email,2026-06-30 11:03:58.117+00
0dec0e8a-818f-4f8f-92a6-4e189a3dcf27,0c96a57e-6cc1-400f-bf3a-5740b699ac21,6d3f8a2c-1a05-4e2a-b57e-d969b668049b,2026-06-30,2026-06-30 11:00:30.314+00,1,in_app,2026-06-30 11:04:01.012+00
8bce6432-4bb8-49e3-8e31-a353bf063e2b,0c96a57e-6cc1-400f-bf3a-5740b699ac21,6d3f8a2c-1a05-4e2a-b57e-d969b668049b,2026-06-30,2026-06-30 11:00:30.314+00,1,email,2026-06-30 11:04:04.564+00
dd965414-36f8-41e8-a208-9674d9694245,0c96a57e-6cc1-400f-bf3a-5740b699ac21,d8eb23c1-2c90-4dfe-872a-aa3e3dcd6478,2026-06-30,2026-06-30 11:00:30.314+00,9,email,2026-06-30 11:04:09.738+00
6b2d7512-64cd-4c94-be21-f5da804f8af9,0c96a57e-6cc1-400f-bf3a-5740b699ac21,2a266637-be4e-4088-9918-a51576912f5c,2026-06-30,2026-06-30 11:00:30.314+00,4,in_app,2026-06-30 11:04:11.475+00
7e066142-aea2-4a6d-bad4-145a53e201b2,0c96a57e-6cc1-400f-bf3a-5740b699ac21,28f7b9e8-9516-4a08-864c-9ff3e085ba87,2026-06-30,2026-06-30 11:00:30.314+00,1,email,2026-06-30 11:04:26.577+00
65fecc5d-f299-4b69-ac8a-ddc78764cd27,0c96a57e-6cc1-400f-bf3a-5740b699ac21,a9c81e05-8b1a-47ad-a80d-dbc45603f068,2026-06-30,2026-06-30 11:00:30.314+00,1,in_app,2026-06-30 11:04:29.474+00
d193cbbe-dcb0-4f57-a891-943e086764c0,0c96a57e-6cc1-400f-bf3a-5740b699ac21,a9c81e05-8b1a-47ad-a80d-dbc45603f068,2026-06-30,2026-06-30 11:00:30.314+00,1,email,2026-06-30 11:04:33.04+00
4762b707-b0eb-48ca-88a3-d8d5097c1bd0,0c96a57e-6cc1-400f-bf3a-5740b699ac21,760fc14a-229e-4212-9aa9-f90de968af69,2026-06-30,2026-06-30 11:00:30.314+00,1,email,2026-06-30 11:04:38.364+00
04ad9e1c-4920-43c8-b3ff-b0c7cd8793c3,0c96a57e-6cc1-400f-bf3a-5740b699ac21,b3db042c-4932-4f66-8aff-3136ed50db97,2026-06-30,2026-06-30 11:00:30.314+00,8,in_app,2026-06-30 11:04:51.929+00
02cc8c98-8c82-4092-ad0e-3106b2d9dac4,0c96a57e-6cc1-400f-bf3a-5740b699ac21,642b0596-7431-4f50-acff-1eb4199fab76,2026-06-30,2026-06-30 11:00:30.314+00,1,in_app,2026-06-30 11:04:57.12+00
89031103-cd96-4d30-9af9-42d01a9f4554,0c96a57e-6cc1-400f-bf3a-5740b699ac21,8cab859b-a1e1-4edb-af95-4e847e1c93e4,2026-06-30,2026-06-30 11:00:30.314+00,2,in_app,2026-06-30 11:05:15.385+00
0eb03a24-111a-4ec4-adbb-db9ca5750a1e,8474aaf6-e7d1-4165-9bef-bf76bc701038,90bb1d12-5855-4f3e-aecb-e92f597e650c,2026-07-07,2026-07-07 17:00:35.339+00,1,email,2026-07-07 17:00:37.313+00
65a4411e-7d79-4d66-ad77-6dab7c7e5bd0,8396bd66-e3ed-4593-b985-3e380cd308eb,b0faf762-848b-4737-a04d-b2b4e1e8cc5b,2026-07-07,2026-07-07 17:00:35.339+00,2,in_app,2026-07-07 17:00:37.407+00
3d010a9a-6da0-4294-8edf-af043471469a,72aeb445-484f-4979-8c2a-d34ec40b22b0,bdef184d-6217-4cdf-a59f-dc37008d13fd,2026-07-07,2026-07-07 17:00:35.339+00,7,in_app,2026-07-07 17:00:38.189+00
b68b8654-50d8-40b4-b483-232c88c1622e,72aeb445-484f-4979-8c2a-d34ec40b22b0,bdef184d-6217-4cdf-a59f-dc37008d13fd,2026-07-07,2026-07-07 17:00:35.339+00,7,email,2026-07-07 17:00:38.565+00
039f291b-8bf3-42b1-9122-7da5d4e6104d,9066ac12-d1c6-4a15-ad74-4932bf8dd987,968fc8e6-f918-4579-b0d1-26570ce5e94b,2026-07-07,2026-07-07 17:00:35.339+00,2,email,2026-07-07 17:00:47.267+00
f569f3f1-88da-424d-b455-44a741c16255,0c96a57e-6cc1-400f-bf3a-5740b699ac21,c6754833-e150-4c12-9149-45a6dfcd6eec,2026-07-07,2026-07-07 17:00:35.339+00,3,in_app,2026-07-07 17:00:49.723+00
94b7371a-12fb-4a62-baf2-0ab35e1fde57,c1f13659-b28c-4d50-8375-5bf200294992,decc7faa-b202-42f1-9a04-fe15fe97a892,2026-07-07,2026-07-07 17:00:35.339+00,1,in_app,2026-07-07 17:00:51.52+00
2af41391-426f-48d0-857e-fc4ce6121a67,c1f13659-b28c-4d50-8375-5bf200294992,decc7faa-b202-42f1-9a04-fe15fe97a892,2026-07-07,2026-07-07 17:00:35.339+00,1,email,2026-07-07 17:00:51.895+00
b9233bf1-2a60-4273-867b-a6afea737ab2,0c96a57e-6cc1-400f-bf3a-5740b699ac21,a94fc469-4603-487f-ab7f-e2712197d510,2026-07-07,2026-07-07 17:00:35.339+00,6,email,2026-07-07 17:00:56.046+00
ca7d70dc-58a5-43a1-8dcc-987651e8d295,0c96a57e-6cc1-400f-bf3a-5740b699ac21,a9c81e05-8b1a-47ad-a80d-dbc45603f068,2026-07-07,2026-07-07 17:00:35.339+00,1,in_app,2026-07-07 17:00:56.572+00
0e3a2e5d-d99d-44c3-b7ee-1257d68cc70a,0c96a57e-6cc1-400f-bf3a-5740b699ac21,b3db042c-4932-4f66-8aff-3136ed50db97,2026-07-07,2026-07-07 17:00:35.339+00,8,in_app,2026-07-07 17:00:58.21+00
18d8128d-fb33-46f0-bc6b-5f1a3278b4ac,0c96a57e-6cc1-400f-bf3a-5740b699ac21,968fc8e6-f918-4579-b0d1-26570ce5e94b,2026-07-11,2026-07-11 17:00:35.213+00,1,in_app,2026-07-11 17:00:35.404+00
8fb12d54-abfd-4fe2-9f4a-1b526942d582,0c96a57e-6cc1-400f-bf3a-5740b699ac21,968fc8e6-f918-4579-b0d1-26570ce5e94b,2026-07-11,2026-07-11 17:00:35.213+00,1,email,2026-07-11 17:00:35.903+00
0644a5c9-990e-493d-a093-232cb05f9fdf,bdcaf0e7-94cb-4745-ae1d-944ab5404b4d,c30e3590-04a3-4544-bf66-43228037bfc9,2026-07-11,2026-07-11 17:00:35.213+00,1,in_app,2026-07-11 17:00:37.165+00
fdd99aee-0b3e-42d8-9663-2cec4e693b28,bdcaf0e7-94cb-4745-ae1d-944ab5404b4d,c30e3590-04a3-4544-bf66-43228037bfc9,2026-07-11,2026-07-11 17:00:35.213+00,1,email,2026-07-11 17:00:37.569+00
e8d7e7f7-47da-4dbe-84cb-e67a8ee8483c,8396bd66-e3ed-4593-b985-3e380cd308eb,b0faf762-848b-4737-a04d-b2b4e1e8cc5b,2026-07-11,2026-07-11 17:00:35.213+00,2,email,2026-07-11 17:00:38.367+00
2c280ea5-7ece-479e-b50c-ba3be8d8c78b,62a2569e-4be2-4326-bddd-3c6116ed18b0,7b577c22-5513-42cc-ab19-2bf867e14ebc,2026-07-11,2026-07-11 17:00:35.213+00,1,email,2026-07-11 17:00:40.929+00
297e763b-1fc8-4f65-ab15-447033e6ccf4,0c96a57e-6cc1-400f-bf3a-5740b699ac21,968fc8e6-f918-4579-b0d1-26570ce5e94b,2026-07-27,2026-07-27 11:00:02.405+00,1,email,2026-07-27 11:00:04.613+00
cf7360e7-91ce-419e-9332-93006f058c84,0c96a57e-6cc1-400f-bf3a-5740b699ac21,7b577c22-5513-42cc-ab19-2bf867e14ebc,2026-07-27,2026-07-27 11:00:02.405+00,2,in_app,2026-07-27 11:00:06.924+00
6be9e45a-0694-423f-8b03-12cdf3490d64,b6617c09-9b4a-4ebc-bf50-e584b67edaa3,e5efecc9-f05f-479b-b2ea-81a2ed90fba4,2026-07-11,2026-07-11 17:00:35.213+00,1,email,2026-07-11 17:00:43.5+00
9944bff4-2fb1-4190-bd28-3669306aa937,8474aaf6-e7d1-4165-9bef-bf76bc701038,32ccdbe1-627f-4fe3-a506-056b997ed89b,2026-07-11,2026-07-11 17:00:35.213+00,4,in_app,2026-07-11 17:00:44.118+00
fbba18d7-7066-44d1-bf70-f386f00ad5fd,8474aaf6-e7d1-4165-9bef-bf76bc701038,32ccdbe1-627f-4fe3-a506-056b997ed89b,2026-07-11,2026-07-11 17:00:35.213+00,4,email,2026-07-11 17:00:44.527+00
d800c9c9-3634-4e62-8939-6e419e964435,0c96a57e-6cc1-400f-bf3a-5740b699ac21,6237fa09-ec4a-46ca-a99b-4f8afb3bf259,2026-07-11,2026-07-11 17:00:35.213+00,1,in_app,2026-07-11 17:00:44.65+00
5914fbb1-e3c1-46d4-8f87-09949d3eab65,0c96a57e-6cc1-400f-bf3a-5740b699ac21,6237fa09-ec4a-46ca-a99b-4f8afb3bf259,2026-07-11,2026-07-11 17:00:35.213+00,1,email,2026-07-11 17:00:45.032+00
895b9543-a0a3-4926-a2f7-caa35e0ad397,b0737bfd-7bea-493b-8cfc-14946fcea8cd,32ccdbe1-627f-4fe3-a506-056b997ed89b,2026-07-11,2026-07-11 17:00:35.213+00,3,email,2026-07-11 17:00:45.539+00
b23348cb-c05d-4e1c-b68e-a9c38855ab39,c1f13659-b28c-4d50-8375-5bf200294992,658a0146-2d8a-4b2e-81e5-aa16fa9d0a30,2026-07-11,2026-07-11 17:00:35.213+00,1,in_app,2026-07-11 17:00:45.664+00
171eca98-2be8-4853-a1e0-687f905b980f,9647402f-c830-48fb-92a7-e1e0f719045f,9d005015-cf2c-4590-9c46-e55e56c7696d,2026-07-11,2026-07-11 17:00:35.213+00,1,in_app,2026-07-11 17:00:46.098+00
90febc60-9cd2-4e75-a238-082e154b6d89,9066ac12-d1c6-4a15-ad74-4932bf8dd987,968fc8e6-f918-4579-b0d1-26570ce5e94b,2026-07-11,2026-07-11 17:00:35.213+00,2,in_app,2026-07-11 17:00:46.602+00
3f1f8d00-f3af-41cb-862c-8dbdacd51117,678c949f-b372-4aba-9d9b-26d422134531,3258f102-8146-4986-964f-8c8f53441300,2026-07-11,2026-07-11 17:00:35.213+00,1,in_app,2026-07-11 17:00:47.588+00
d3dbb21a-7cd8-41cb-a648-90fe44f3d001,0c96a57e-6cc1-400f-bf3a-5740b699ac21,27edf455-e61a-48a9-a846-e2c6f42999b5,2026-07-11,2026-07-11 17:00:35.213+00,1,email,2026-07-11 17:00:48.47+00
5a7a879e-e633-4c73-8c72-86ddc2415c65,ed586056-17ca-4287-936a-c16e642c63a6,8737f689-7c9e-414a-8391-5bf93d5ba600,2026-07-11,2026-07-11 17:00:35.213+00,1,email,2026-07-11 17:00:48.963+00
2f62e59f-ce26-40d8-bd57-7ddc252de88d,493aecc1-6791-4d62-bc63-f4f55c78e44e,642b0596-7431-4f50-acff-1eb4199fab76,2026-07-11,2026-07-11 17:00:35.213+00,1,in_app,2026-07-11 17:00:49.61+00
59258797-4f50-44bd-ac55-a63d490b8d8c,c1f13659-b28c-4d50-8375-5bf200294992,decc7faa-b202-42f1-9a04-fe15fe97a892,2026-07-11,2026-07-11 17:00:35.213+00,1,in_app,2026-07-11 17:00:52.165+00
5d155561-7b44-416e-85ef-df84c236d808,678b734f-19e2-4622-ab4e-fccd86f4877f,8cab859b-a1e1-4edb-af95-4e847e1c93e4,2026-07-11,2026-07-11 17:00:35.213+00,2,email,2026-07-11 17:00:53.121+00
0adcaebb-ae81-404e-b027-53351ecd7418,0c96a57e-6cc1-400f-bf3a-5740b699ac21,6d3f8a2c-1a05-4e2a-b57e-d969b668049b,2026-07-11,2026-07-11 17:00:35.213+00,1,email,2026-07-11 17:00:56.239+00
7ee54813-f3e8-4aee-8931-92f55fd1e12d,0c96a57e-6cc1-400f-bf3a-5740b699ac21,2a266637-be4e-4088-9918-a51576912f5c,2026-07-11,2026-07-11 17:00:35.213+00,4,in_app,2026-07-11 17:00:56.896+00
594d2604-d77f-4613-9349-0a862e768742,0c96a57e-6cc1-400f-bf3a-5740b699ac21,2a266637-be4e-4088-9918-a51576912f5c,2026-07-11,2026-07-11 17:00:35.213+00,4,email,2026-07-11 17:00:57.278+00
238b600d-24dd-4a8e-8095-4fe79e272e01,0c96a57e-6cc1-400f-bf3a-5740b699ac21,28f7b9e8-9516-4a08-864c-9ff3e085ba87,2026-07-11,2026-07-11 17:00:35.213+00,1,email,2026-07-11 17:00:58.366+00
1b0c28f5-8efe-42f1-aa9f-f0227c4e9006,0c96a57e-6cc1-400f-bf3a-5740b699ac21,658a0146-2d8a-4b2e-81e5-aa16fa9d0a30,2026-07-11,2026-07-11 17:00:35.213+00,1,email,2026-07-11 17:00:58.864+00
dd8e5d73-21a9-41df-b55c-257691a8e936,0c96a57e-6cc1-400f-bf3a-5740b699ac21,a3c5b629-15d3-48a7-b5ab-694e63dc8b63,2026-07-11,2026-07-11 17:00:35.213+00,8,in_app,2026-07-11 17:00:59.018+00
4ef22928-ba39-4096-9a44-3b8b0c57929e,0c96a57e-6cc1-400f-bf3a-5740b699ac21,decc7faa-b202-42f1-9a04-fe15fe97a892,2026-07-11,2026-07-11 17:00:35.213+00,1,email,2026-07-11 17:01:02.081+00
b13f743e-de63-464f-9526-567100c385fc,0c96a57e-6cc1-400f-bf3a-5740b699ac21,1c2d5668-5cd9-49a7-a138-3ccd2bea5cbb,2026-07-11,2026-07-11 17:00:35.213+00,1,in_app,2026-07-11 17:01:02.713+00
a45cc692-efa8-4e13-a979-98b5fe235e15,0c96a57e-6cc1-400f-bf3a-5740b699ac21,1c2d5668-5cd9-49a7-a138-3ccd2bea5cbb,2026-07-11,2026-07-11 17:00:35.213+00,1,email,2026-07-11 17:01:03.109+00
23ef0c73-6769-4226-84bd-f7e2a425cf6a,c1f13659-b28c-4d50-8375-5bf200294992,3519d0a1-12b5-4a38-bbd5-a5b9d518cb53,2026-07-14,2026-07-14 11:01:25.445+00,1,email,2026-07-14 11:01:28.726+00
c7f6e2af-9fda-482f-90a1-897817c3258d,62a2569e-4be2-4326-bddd-3c6116ed18b0,6d3f8a2c-1a05-4e2a-b57e-d969b668049b,2026-07-14,2026-07-14 11:01:25.445+00,1,email,2026-07-14 11:01:29.183+00
114496ce-c63e-4ca8-8496-1b97c0dc7522,62a2569e-4be2-4326-bddd-3c6116ed18b0,7b577c22-5513-42cc-ab19-2bf867e14ebc,2026-07-14,2026-07-14 11:01:25.445+00,1,in_app,2026-07-14 11:01:29.228+00
f70abe04-62ba-477a-8725-6371c4bbcdf1,62a2569e-4be2-4326-bddd-3c6116ed18b0,7b577c22-5513-42cc-ab19-2bf867e14ebc,2026-07-14,2026-07-14 11:01:25.445+00,1,email,2026-07-14 11:01:29.586+00
bb42255b-cc97-45c0-9539-f59b786a7d86,0c96a57e-6cc1-400f-bf3a-5740b699ac21,7b577c22-5513-42cc-ab19-2bf867e14ebc,2026-07-27,2026-07-27 11:00:02.405+00,2,email,2026-07-27 11:00:07.316+00
1d5c0899-c848-414d-a35c-0df53fea3657,62a2569e-4be2-4326-bddd-3c6116ed18b0,6d3f8a2c-1a05-4e2a-b57e-d969b668049b,2026-07-27,2026-07-27 11:00:02.405+00,1,in_app,2026-07-27 11:00:07.407+00
fce06a75-2eb3-4e34-8c79-b087d3f8f695,b6617c09-9b4a-4ebc-bf50-e584b67edaa3,e5efecc9-f05f-479b-b2ea-81a2ed90fba4,2026-07-14,2026-07-14 11:01:25.445+00,1,email,2026-07-14 11:01:31.941+00
c49e040e-38be-413d-bf8d-4ebb6a91f979,8474aaf6-e7d1-4165-9bef-bf76bc701038,32ccdbe1-627f-4fe3-a506-056b997ed89b,2026-07-14,2026-07-14 11:01:25.445+00,4,in_app,2026-07-14 11:01:32.378+00
2e873f0b-896c-4c37-acf9-91aed276df45,b0737bfd-7bea-493b-8cfc-14946fcea8cd,32ccdbe1-627f-4fe3-a506-056b997ed89b,2026-07-14,2026-07-14 11:01:25.445+00,3,in_app,2026-07-14 11:01:33.214+00
4074c11a-7987-49f2-b3d4-ca3c36c8e65c,493aecc1-6791-4d62-bc63-f4f55c78e44e,7b577c22-5513-42cc-ab19-2bf867e14ebc,2026-07-14,2026-07-14 11:01:25.445+00,7,in_app,2026-07-14 11:01:38.749+00
5d3ab01c-bedc-4d7e-91c9-4ab700ff216b,0ae36a43-2ef0-4a7d-b95a-edcc7d9ac3f2,7b577c22-5513-42cc-ab19-2bf867e14ebc,2026-07-14,2026-07-14 11:01:25.445+00,1,in_app,2026-07-14 11:01:39.135+00
bdd99a6e-6c14-4fdb-97ba-07701265af2a,0ae36a43-2ef0-4a7d-b95a-edcc7d9ac3f2,7b577c22-5513-42cc-ab19-2bf867e14ebc,2026-07-14,2026-07-14 11:01:25.445+00,1,email,2026-07-14 11:01:39.484+00
6399b064-064d-44f2-a1c1-13ab9442a993,c1f13659-b28c-4d50-8375-5bf200294992,decc7faa-b202-42f1-9a04-fe15fe97a892,2026-07-14,2026-07-14 11:01:25.445+00,1,in_app,2026-07-14 11:01:39.556+00
5b391603-a15c-48e3-a30a-a5eabedeeba9,0c96a57e-6cc1-400f-bf3a-5740b699ac21,3258f102-8146-4986-964f-8c8f53441300,2026-06-30,2026-06-30 11:00:30.314+00,1,in_app,2026-06-30 11:04:17.961+00
a95d05ac-cf7f-4f4a-b3b7-8780a48391c5,0c96a57e-6cc1-400f-bf3a-5740b699ac21,a3c5b629-15d3-48a7-b5ab-694e63dc8b63,2026-06-30,2026-06-30 11:00:30.314+00,8,in_app,2026-06-30 11:04:40.102+00
26642620-a2ae-4bb7-ae27-1024f76ad7f7,0c96a57e-6cc1-400f-bf3a-5740b699ac21,a3c5b629-15d3-48a7-b5ab-694e63dc8b63,2026-06-30,2026-06-30 11:00:30.314+00,8,email,2026-06-30 11:04:43.579+00
f3f93f44-b0e8-4eaa-a4e1-5666dd5f7f66,0c96a57e-6cc1-400f-bf3a-5740b699ac21,b3db042c-4932-4f66-8aff-3136ed50db97,2026-06-30,2026-06-30 11:00:30.314+00,8,email,2026-06-30 11:04:55.388+00
9f066772-40d0-4469-813e-934450087c8a,0c96a57e-6cc1-400f-bf3a-5740b699ac21,decc7faa-b202-42f1-9a04-fe15fe97a892,2026-06-30,2026-06-30 11:00:30.314+00,1,email,2026-06-30 11:05:13.647+00
da24b796-6893-4c97-b0cc-ed47099ffa27,0c96a57e-6cc1-400f-bf3a-5740b699ac21,8cab859b-a1e1-4edb-af95-4e847e1c93e4,2026-06-30,2026-06-30 11:00:30.314+00,2,email,2026-06-30 11:05:18.864+00
8ea8e157-d5a2-48be-bfc3-e24bc9771537,0c96a57e-6cc1-400f-bf3a-5740b699ac21,968fc8e6-f918-4579-b0d1-26570ce5e94b,2026-07-01,2026-07-01 11:00:30.534+00,1,in_app,2026-07-01 11:00:33.855+00
7c9bcfd6-c0ff-4eab-a5c1-f7af85485d21,0c96a57e-6cc1-400f-bf3a-5740b699ac21,968fc8e6-f918-4579-b0d1-26570ce5e94b,2026-07-01,2026-07-01 11:00:30.534+00,1,email,2026-07-01 11:00:38.163+00
8b20a411-b3f4-45e6-a3e6-75f42e4be7d7,2a72272f-56f2-4104-9952-5d3d8b19ff1d,27edf455-e61a-48a9-a846-e2c6f42999b5,2026-07-01,2026-07-01 11:00:30.534+00,7,in_app,2026-07-01 11:00:39.94+00
2b38c827-f20c-4437-8b1b-887a88b8965b,2a72272f-56f2-4104-9952-5d3d8b19ff1d,27edf455-e61a-48a9-a846-e2c6f42999b5,2026-07-01,2026-07-01 11:00:30.534+00,7,email,2026-07-01 11:00:45.042+00
200f44f2-da8f-4c0d-aa2b-f01ab21e6a2d,d11dca3a-5828-47a7-a993-59fe383e36ba,6237fa09-ec4a-46ca-a99b-4f8afb3bf259,2026-07-01,2026-07-01 11:00:30.534+00,5,in_app,2026-07-01 11:00:46.791+00
d6254082-ed60-4936-ac92-db8810b03412,d11dca3a-5828-47a7-a993-59fe383e36ba,6237fa09-ec4a-46ca-a99b-4f8afb3bf259,2026-07-01,2026-07-01 11:00:30.534+00,5,email,2026-07-01 11:00:49.767+00
5e497376-712d-4946-8edd-93df9ffcd33b,8474aaf6-e7d1-4165-9bef-bf76bc701038,90bb1d12-5855-4f3e-aecb-e92f597e650c,2026-07-01,2026-07-01 11:00:30.534+00,1,in_app,2026-07-01 11:00:51.521+00
847a4813-2f42-4395-b703-b0e3dff5d4e2,8474aaf6-e7d1-4165-9bef-bf76bc701038,90bb1d12-5855-4f3e-aecb-e92f597e650c,2026-07-01,2026-07-01 11:00:30.534+00,1,email,2026-07-01 11:00:54.995+00
8dd3e218-d479-4b00-aa95-cd7baf145ba8,8396bd66-e3ed-4593-b985-3e380cd308eb,b0faf762-848b-4737-a04d-b2b4e1e8cc5b,2026-07-01,2026-07-01 11:00:30.534+00,2,in_app,2026-07-01 11:00:56.844+00
94e8ebe4-9e6d-4bd6-955b-812b7b6397f3,8396bd66-e3ed-4593-b985-3e380cd308eb,b0faf762-848b-4737-a04d-b2b4e1e8cc5b,2026-07-01,2026-07-01 11:00:30.534+00,2,email,2026-07-01 11:01:01.515+00
dd29763e-2ce7-452f-9ba3-a7016fa13076,72aeb445-484f-4979-8c2a-d34ec40b22b0,bdef184d-6217-4cdf-a59f-dc37008d13fd,2026-07-01,2026-07-01 11:00:30.534+00,7,in_app,2026-07-01 11:01:03.254+00
56e54912-795f-4290-86a9-24e911334cd9,72aeb445-484f-4979-8c2a-d34ec40b22b0,bdef184d-6217-4cdf-a59f-dc37008d13fd,2026-07-01,2026-07-01 11:00:30.534+00,7,email,2026-07-01 11:01:06.773+00
c42e6dc2-bb97-4f86-a7b3-2e71563161e5,0c96a57e-6cc1-400f-bf3a-5740b699ac21,7b577c22-5513-42cc-ab19-2bf867e14ebc,2026-07-01,2026-07-01 11:00:30.534+00,2,in_app,2026-07-01 11:01:08.504+00
0179a121-0cb5-43e9-88fd-178980ad512f,0c96a57e-6cc1-400f-bf3a-5740b699ac21,7b577c22-5513-42cc-ab19-2bf867e14ebc,2026-07-01,2026-07-01 11:00:30.534+00,2,email,2026-07-01 11:01:11.925+00
79ccbf50-9374-4683-a65e-4c4c2b16ae60,62a2569e-4be2-4326-bddd-3c6116ed18b0,6d3f8a2c-1a05-4e2a-b57e-d969b668049b,2026-07-01,2026-07-01 11:00:30.534+00,1,in_app,2026-07-01 11:01:13.76+00
3f73407c-516a-4e45-bee6-ce4c87436a76,62a2569e-4be2-4326-bddd-3c6116ed18b0,6d3f8a2c-1a05-4e2a-b57e-d969b668049b,2026-07-01,2026-07-01 11:00:30.534+00,1,email,2026-07-01 11:01:17.218+00
ab6516f7-c7b9-4e0d-9da6-79f8e648297e,62a2569e-4be2-4326-bddd-3c6116ed18b0,7b577c22-5513-42cc-ab19-2bf867e14ebc,2026-07-01,2026-07-01 11:00:30.534+00,1,in_app,2026-07-01 11:01:18.954+00
6a9caa0f-a446-4c9a-90d9-b6176babdf7a,62a2569e-4be2-4326-bddd-3c6116ed18b0,7b577c22-5513-42cc-ab19-2bf867e14ebc,2026-07-01,2026-07-01 11:00:30.534+00,1,email,2026-07-01 11:01:22.375+00
f215b6b3-253e-4113-a773-dd9b9a4fd98b,1538ba43-920b-44ed-a990-062531e822ed,d8eb23c1-2c90-4dfe-872a-aa3e3dcd6478,2026-07-01,2026-07-01 11:00:30.534+00,1,in_app,2026-07-01 11:01:24.103+00
8db1dbf1-39a0-4d60-9387-d7e1d0722a2a,1538ba43-920b-44ed-a990-062531e822ed,d8eb23c1-2c90-4dfe-872a-aa3e3dcd6478,2026-07-01,2026-07-01 11:00:30.534+00,1,email,2026-07-01 11:01:27.579+00
e5cf9289-cdc9-4058-8a04-fa54e80483cc,62a2569e-4be2-4326-bddd-3c6116ed18b0,bdef184d-6217-4cdf-a59f-dc37008d13fd,2026-07-01,2026-07-01 11:00:30.534+00,1,in_app,2026-07-01 11:01:29.319+00
dcc47164-703d-40b4-9ca1-36665cfb3998,62a2569e-4be2-4326-bddd-3c6116ed18b0,bdef184d-6217-4cdf-a59f-dc37008d13fd,2026-07-01,2026-07-01 11:00:30.534+00,1,email,2026-07-01 11:01:32.97+00
e0dcc18a-7d95-4d25-abbc-2a578ea3dea5,b0737bfd-7bea-493b-8cfc-14946fcea8cd,90bb1d12-5855-4f3e-aecb-e92f597e650c,2026-07-01,2026-07-01 11:00:30.534+00,1,in_app,2026-07-01 11:01:34.727+00
6defd81c-2e65-439d-afda-add477289945,b0737bfd-7bea-493b-8cfc-14946fcea8cd,90bb1d12-5855-4f3e-aecb-e92f597e650c,2026-07-01,2026-07-01 11:00:30.534+00,1,email,2026-07-01 11:01:38.219+00
7a3b64a6-7fe0-4aba-8cfc-5a3308dda130,9b5aa503-44ec-40de-9ceb-b1475639767e,2a266637-be4e-4088-9918-a51576912f5c,2026-07-01,2026-07-01 11:00:30.534+00,4,in_app,2026-07-01 11:01:40.081+00
595849dc-cd7f-4f3a-980b-9819c5835f7d,9b5aa503-44ec-40de-9ceb-b1475639767e,2a266637-be4e-4088-9918-a51576912f5c,2026-07-01,2026-07-01 11:00:30.534+00,4,email,2026-07-01 11:01:43.516+00
4a62daf0-b4f3-4980-a3a3-58568c5bed15,b6617c09-9b4a-4ebc-bf50-e584b67edaa3,e5efecc9-f05f-479b-b2ea-81a2ed90fba4,2026-07-01,2026-07-01 11:00:30.534+00,1,in_app,2026-07-01 11:01:45.365+00
7fac2a20-8e0a-4f87-9f4d-230887eb4d2c,b6617c09-9b4a-4ebc-bf50-e584b67edaa3,e5efecc9-f05f-479b-b2ea-81a2ed90fba4,2026-07-01,2026-07-01 11:00:30.534+00,1,email,2026-07-01 11:01:48.825+00
cd76255a-3653-48c1-92fe-abd375235766,fd63bafa-9a78-43fb-9311-f78b8cbfb667,d8eb23c1-2c90-4dfe-872a-aa3e3dcd6478,2026-07-01,2026-07-01 11:00:30.534+00,8,in_app,2026-07-01 11:01:50.59+00
3f97d778-1e32-479a-8a34-b2a492a4e074,fd63bafa-9a78-43fb-9311-f78b8cbfb667,d8eb23c1-2c90-4dfe-872a-aa3e3dcd6478,2026-07-01,2026-07-01 11:00:30.534+00,8,email,2026-07-01 11:01:53.998+00
9bb7eb68-e536-46ce-aadb-eb66121744f5,0c96a57e-6cc1-400f-bf3a-5740b699ac21,6237fa09-ec4a-46ca-a99b-4f8afb3bf259,2026-07-01,2026-07-01 11:00:30.534+00,1,in_app,2026-07-01 11:01:55.74+00
19cdf978-3e7a-40ef-b266-7b4744e7a58b,0c96a57e-6cc1-400f-bf3a-5740b699ac21,6237fa09-ec4a-46ca-a99b-4f8afb3bf259,2026-07-01,2026-07-01 11:00:30.534+00,1,email,2026-07-01 11:01:59.309+00
5812c6be-7adb-4d3f-ba0e-3554ae15cacd,b0737bfd-7bea-493b-8cfc-14946fcea8cd,32ccdbe1-627f-4fe3-a506-056b997ed89b,2026-07-01,2026-07-01 11:00:30.534+00,3,in_app,2026-07-01 11:02:01.051+00
72f18b51-42d9-44d2-853c-4793893e590f,b0737bfd-7bea-493b-8cfc-14946fcea8cd,32ccdbe1-627f-4fe3-a506-056b997ed89b,2026-07-01,2026-07-01 11:00:30.534+00,3,email,2026-07-01 11:02:04.603+00
793c297b-7523-4435-8f10-3a79e9187647,0c96a57e-6cc1-400f-bf3a-5740b699ac21,9bd5cccc-e18f-432e-ae67-dc33103d5791,2026-07-01,2026-07-01 11:00:30.534+00,3,in_app,2026-07-01 11:02:06.318+00
760f321b-0fac-4f97-a9ee-7ede0c24a726,0c96a57e-6cc1-400f-bf3a-5740b699ac21,9bd5cccc-e18f-432e-ae67-dc33103d5791,2026-07-01,2026-07-01 11:00:30.534+00,3,email,2026-07-01 11:02:27.07+00
69186491-98bb-42c7-b1eb-24ecb23d7237,8474aaf6-e7d1-4165-9bef-bf76bc701038,32ccdbe1-627f-4fe3-a506-056b997ed89b,2026-07-01,2026-07-01 11:00:30.534+00,3,in_app,2026-07-01 11:02:28.805+00
d93e8785-aa32-4e41-9751-be92e2898f74,8474aaf6-e7d1-4165-9bef-bf76bc701038,32ccdbe1-627f-4fe3-a506-056b997ed89b,2026-07-01,2026-07-01 11:00:30.534+00,3,email,2026-07-01 11:02:32.359+00
106af668-ab2e-412b-8fee-2242bb3e83d8,1ed74e00-4a16-47cb-84fc-8021943b5fa3,760fc14a-229e-4212-9aa9-f90de968af69,2026-07-01,2026-07-01 11:00:30.534+00,1,in_app,2026-07-01 11:02:34.097+00
971220c8-1bb9-4d3f-9c68-7083ed78160b,1ed74e00-4a16-47cb-84fc-8021943b5fa3,760fc14a-229e-4212-9aa9-f90de968af69,2026-07-01,2026-07-01 11:00:30.534+00,1,email,2026-07-01 11:02:37.55+00
81168044-38b2-4b6d-9010-d1fc563badc3,9066ac12-d1c6-4a15-ad74-4932bf8dd987,968fc8e6-f918-4579-b0d1-26570ce5e94b,2026-07-01,2026-07-01 11:00:30.534+00,2,in_app,2026-07-01 11:02:39.288+00
e62c4d7a-3d73-4faf-bdb8-eb9ebef22b38,9066ac12-d1c6-4a15-ad74-4932bf8dd987,968fc8e6-f918-4579-b0d1-26570ce5e94b,2026-07-01,2026-07-01 11:00:30.534+00,2,email,2026-07-01 11:02:42.244+00
ffefd155-bcc4-4388-9405-3c755e3b9c8b,04b00ab5-856d-4f95-962b-e9d97b33f207,a3c5b629-15d3-48a7-b5ab-694e63dc8b63,2026-07-01,2026-07-01 11:00:30.534+00,8,in_app,2026-07-01 11:02:43.958+00
105efc53-edae-4675-8941-94080366f365,04b00ab5-856d-4f95-962b-e9d97b33f207,a3c5b629-15d3-48a7-b5ab-694e63dc8b63,2026-07-01,2026-07-01 11:00:30.534+00,8,email,2026-07-01 11:02:47.518+00
1ff0ce7f-5a3a-4c48-b33b-ee0ee2c05ea1,0c96a57e-6cc1-400f-bf3a-5740b699ac21,27edf455-e61a-48a9-a846-e2c6f42999b5,2026-07-01,2026-07-01 11:00:30.534+00,1,in_app,2026-07-01 11:02:49.254+00
4128505e-91ce-4506-b0d2-9d64274a90a6,0c96a57e-6cc1-400f-bf3a-5740b699ac21,27edf455-e61a-48a9-a846-e2c6f42999b5,2026-07-01,2026-07-01 11:00:30.534+00,1,email,2026-07-01 11:02:52.655+00
3bc55bd3-25f3-46e8-8c5e-b757e20732b3,ed586056-17ca-4287-936a-c16e642c63a6,8737f689-7c9e-414a-8391-5bf93d5ba600,2026-07-01,2026-07-01 11:00:30.534+00,1,in_app,2026-07-01 11:02:54.376+00
f1b9d426-2ce2-454a-a577-7f282466536b,ed586056-17ca-4287-936a-c16e642c63a6,8737f689-7c9e-414a-8391-5bf93d5ba600,2026-07-01,2026-07-01 11:00:30.534+00,1,email,2026-07-01 11:02:57.35+00
4d96f599-8dd0-4237-9752-8a7616abca03,2e6f6612-8033-42e0-b84d-b2ea8aded8ac,b3db042c-4932-4f66-8aff-3136ed50db97,2026-07-01,2026-07-01 11:00:30.534+00,7,in_app,2026-07-01 11:02:59.084+00
40a109b7-80ee-4492-b650-b83a650e224a,2e6f6612-8033-42e0-b84d-b2ea8aded8ac,b3db042c-4932-4f66-8aff-3136ed50db97,2026-07-01,2026-07-01 11:00:30.534+00,7,email,2026-07-01 11:03:02.654+00
7ba1770c-f6e5-4fb2-8eeb-cfc8ef9f6c14,493aecc1-6791-4d62-bc63-f4f55c78e44e,642b0596-7431-4f50-acff-1eb4199fab76,2026-07-01,2026-07-01 11:00:30.534+00,1,in_app,2026-07-01 11:03:04.392+00
0bf308a8-ce04-4419-b34b-a94c563556a9,493aecc1-6791-4d62-bc63-f4f55c78e44e,642b0596-7431-4f50-acff-1eb4199fab76,2026-07-01,2026-07-01 11:00:30.534+00,1,email,2026-07-01 11:03:07.854+00
88946b36-734a-4f5e-b599-c175ae7de95d,0c96a57e-6cc1-400f-bf3a-5740b699ac21,c6754833-e150-4c12-9149-45a6dfcd6eec,2026-07-01,2026-07-01 11:00:30.534+00,3,in_app,2026-07-01 11:03:09.592+00
a22d3593-b14f-4139-a567-ac585f94609b,0c96a57e-6cc1-400f-bf3a-5740b699ac21,c6754833-e150-4c12-9149-45a6dfcd6eec,2026-07-01,2026-07-01 11:00:30.534+00,3,email,2026-07-01 11:03:13.742+00
e772010f-410e-4561-9547-c3dcbbec9046,493aecc1-6791-4d62-bc63-f4f55c78e44e,7b577c22-5513-42cc-ab19-2bf867e14ebc,2026-07-01,2026-07-01 11:00:30.534+00,8,in_app,2026-07-01 11:03:15.594+00
a7073bb2-936c-497f-b782-a0f6cabee459,493aecc1-6791-4d62-bc63-f4f55c78e44e,7b577c22-5513-42cc-ab19-2bf867e14ebc,2026-07-01,2026-07-01 11:00:30.534+00,8,email,2026-07-01 11:03:19.185+00
0326d235-2c83-496b-adc0-9e0a9547d6a4,0ece46cd-9571-4f7f-8043-c1f2249b6cf9,6f58e5f8-b85c-4f92-89b7-1cf3ca9f22b6,2026-07-01,2026-07-01 11:00:30.534+00,2,in_app,2026-07-01 11:03:20.923+00
b4e5c355-4bfc-463a-b36f-1a99aa154079,0ece46cd-9571-4f7f-8043-c1f2249b6cf9,6f58e5f8-b85c-4f92-89b7-1cf3ca9f22b6,2026-07-01,2026-07-01 11:00:30.534+00,2,email,2026-07-01 11:03:24.374+00
7950f276-79d7-4f98-a731-f9e59043a6de,0ae36a43-2ef0-4a7d-b95a-edcc7d9ac3f2,7b577c22-5513-42cc-ab19-2bf867e14ebc,2026-07-01,2026-07-01 11:00:30.534+00,1,in_app,2026-07-01 11:03:26.104+00
deae7b4c-f53c-4d00-a8dc-d5873e7b9e92,0ae36a43-2ef0-4a7d-b95a-edcc7d9ac3f2,7b577c22-5513-42cc-ab19-2bf867e14ebc,2026-07-01,2026-07-01 11:00:30.534+00,1,email,2026-07-01 11:03:29.541+00
40fd0152-3b75-4c82-b1cf-2285e647a549,c1f13659-b28c-4d50-8375-5bf200294992,decc7faa-b202-42f1-9a04-fe15fe97a892,2026-07-01,2026-07-01 11:00:30.534+00,1,in_app,2026-07-01 11:03:31.254+00
b8754459-0d7b-4f37-9ac9-2847f9240614,c1f13659-b28c-4d50-8375-5bf200294992,decc7faa-b202-42f1-9a04-fe15fe97a892,2026-07-01,2026-07-01 11:00:30.534+00,1,email,2026-07-01 11:03:34.808+00
2458da81-3dc4-4816-a51f-6f31b455e5cb,678b734f-19e2-4622-ab4e-fccd86f4877f,8cab859b-a1e1-4edb-af95-4e847e1c93e4,2026-07-01,2026-07-01 11:00:30.534+00,2,in_app,2026-07-01 11:03:36.538+00
da22b6bc-bb41-4710-be50-eb0f7dde79f7,678b734f-19e2-4622-ab4e-fccd86f4877f,8cab859b-a1e1-4edb-af95-4e847e1c93e4,2026-07-01,2026-07-01 11:00:30.534+00,2,email,2026-07-01 11:03:39.517+00
4f93032e-6be5-4aa0-bb5f-a5dde96f505c,0c96a57e-6cc1-400f-bf3a-5740b699ac21,bdef184d-6217-4cdf-a59f-dc37008d13fd,2026-07-01,2026-07-01 11:00:30.534+00,8,in_app,2026-07-01 11:03:48.285+00
6d416482-3b1f-404c-b9d7-97b53902e25a,0c96a57e-6cc1-400f-bf3a-5740b699ac21,bdef184d-6217-4cdf-a59f-dc37008d13fd,2026-07-01,2026-07-01 11:00:30.534+00,8,email,2026-07-01 11:03:51.872+00
a1a0a1bc-5a7d-4c00-9665-e0d0a99855d0,0c96a57e-6cc1-400f-bf3a-5740b699ac21,d8eb23c1-2c90-4dfe-872a-aa3e3dcd6478,2026-07-01,2026-07-01 11:00:30.534+00,9,in_app,2026-07-01 11:03:59.914+00
f01a30a4-3d83-4f23-81cd-b32ca1556cca,0c96a57e-6cc1-400f-bf3a-5740b699ac21,d8eb23c1-2c90-4dfe-872a-aa3e3dcd6478,2026-07-01,2026-07-01 11:00:30.534+00,9,email,2026-07-01 11:04:03.365+00
174e756c-305e-419d-9ebe-7e56e0c94889,0c96a57e-6cc1-400f-bf3a-5740b699ac21,a3c5b629-15d3-48a7-b5ab-694e63dc8b63,2026-07-01,2026-07-01 11:00:30.534+00,8,email,2026-07-01 11:04:26.966+00
4569933d-1427-4089-9de7-76e796428cee,0c96a57e-6cc1-400f-bf3a-5740b699ac21,642b0596-7431-4f50-acff-1eb4199fab76,2026-07-01,2026-07-01 11:00:30.534+00,1,in_app,2026-07-01 11:04:35.029+00
189067ee-8714-48bd-8d24-c8b865491cd0,0c96a57e-6cc1-400f-bf3a-5740b699ac21,642b0596-7431-4f50-acff-1eb4199fab76,2026-07-01,2026-07-01 11:00:30.534+00,1,email,2026-07-01 11:04:38.472+00
e345ce23-c780-4f27-b661-48d2c3e025f3,0c96a57e-6cc1-400f-bf3a-5740b699ac21,6f58e5f8-b85c-4f92-89b7-1cf3ca9f22b6,2026-07-01,2026-07-01 11:00:30.534+00,2,in_app,2026-07-01 11:04:41.468+00
48ab5edd-af3e-4b86-b7bb-f78ce51741cd,62a2569e-4be2-4326-bddd-3c6116ed18b0,6d3f8a2c-1a05-4e2a-b57e-d969b668049b,2026-07-07,2026-07-07 17:00:35.339+00,1,email,2026-07-07 17:00:40.112+00
759b0109-fa9c-42ef-814d-6fa896f8fb08,ed586056-17ca-4287-936a-c16e642c63a6,8737f689-7c9e-414a-8391-5bf93d5ba600,2026-07-07,2026-07-07 17:00:35.339+00,1,in_app,2026-07-07 17:00:48.321+00
dfffccff-5125-40b7-ac56-bd5b80b7deec,ed586056-17ca-4287-936a-c16e642c63a6,8737f689-7c9e-414a-8391-5bf93d5ba600,2026-07-07,2026-07-07 17:00:35.339+00,1,email,2026-07-07 17:00:48.676+00
b7538ab5-721c-481f-b312-7658bc9c630e,2e6f6612-8033-42e0-b84d-b2ea8aded8ac,b3db042c-4932-4f66-8aff-3136ed50db97,2026-07-07,2026-07-07 17:00:35.339+00,7,in_app,2026-07-07 17:00:48.763+00
2fd1655d-b2f0-42d8-917f-31871ce8ed1e,2e6f6612-8033-42e0-b84d-b2ea8aded8ac,b3db042c-4932-4f66-8aff-3136ed50db97,2026-07-07,2026-07-07 17:00:35.339+00,7,email,2026-07-07 17:00:49.128+00
a97d4a3b-30fb-47f6-8094-3af7a5387fea,493aecc1-6791-4d62-bc63-f4f55c78e44e,642b0596-7431-4f50-acff-1eb4199fab76,2026-07-07,2026-07-07 17:00:35.339+00,1,email,2026-07-07 17:00:49.604+00
c3f737ce-3d93-4752-8a80-c6f048483f15,0c96a57e-6cc1-400f-bf3a-5740b699ac21,c6754833-e150-4c12-9149-45a6dfcd6eec,2026-07-07,2026-07-07 17:00:35.339+00,3,email,2026-07-07 17:00:50.106+00
b92ce8a2-6fac-47de-a62d-9a2dcb8430b7,0ae36a43-2ef0-4a7d-b95a-edcc7d9ac3f2,7b577c22-5513-42cc-ab19-2bf867e14ebc,2026-07-07,2026-07-07 17:00:35.339+00,1,in_app,2026-07-07 17:00:51.115+00
57bd2efa-87bf-4363-aa42-d2d9eb4c7ca1,678b734f-19e2-4622-ab4e-fccd86f4877f,8cab859b-a1e1-4edb-af95-4e847e1c93e4,2026-07-07,2026-07-07 17:00:35.339+00,2,email,2026-07-07 17:00:52.321+00
729dd3cf-7d1a-44ee-bf9b-6cabe566f370,0c96a57e-6cc1-400f-bf3a-5740b699ac21,bdef184d-6217-4cdf-a59f-dc37008d13fd,2026-07-07,2026-07-07 17:00:35.339+00,8,email,2026-07-07 17:00:53.365+00
47b9b451-b4ca-4557-8e38-b697ec429963,0c96a57e-6cc1-400f-bf3a-5740b699ac21,d8eb23c1-2c90-4dfe-872a-aa3e3dcd6478,2026-07-07,2026-07-07 17:00:35.339+00,8,in_app,2026-07-07 17:00:55.249+00
8fa35c2e-ee23-43d6-a87e-b1495dd6e026,0c96a57e-6cc1-400f-bf3a-5740b699ac21,d8eb23c1-2c90-4dfe-872a-aa3e3dcd6478,2026-07-07,2026-07-07 17:00:35.339+00,8,email,2026-07-07 17:00:55.571+00
58138e2a-4a4c-4c81-9698-76ffd94efe7e,0c96a57e-6cc1-400f-bf3a-5740b699ac21,a3c5b629-15d3-48a7-b5ab-694e63dc8b63,2026-07-07,2026-07-07 17:00:35.339+00,8,email,2026-07-07 17:00:58.032+00
440dbf0f-1662-42a8-89a7-20bb2a158bc7,3870aadb-8625-4184-ac60-c6e20be4cdc5,a94fc469-4603-487f-ab7f-e2712197d510,2026-07-11,2026-07-11 17:00:35.213+00,10,in_app,2026-07-11 17:00:35.992+00
92d56b0b-9be6-426a-bb0f-79154cce54ed,3870aadb-8625-4184-ac60-c6e20be4cdc5,a94fc469-4603-487f-ab7f-e2712197d510,2026-07-11,2026-07-11 17:00:35.213+00,10,email,2026-07-11 17:00:36.518+00
01dc04fb-700c-4a78-9899-d798bea48e90,8396bd66-e3ed-4593-b985-3e380cd308eb,b0faf762-848b-4737-a04d-b2b4e1e8cc5b,2026-07-11,2026-07-11 17:00:35.213+00,2,in_app,2026-07-11 17:00:37.699+00
0b4fe16a-61ec-459a-a9d5-3378f82bba7a,72aeb445-484f-4979-8c2a-d34ec40b22b0,bdef184d-6217-4cdf-a59f-dc37008d13fd,2026-07-11,2026-07-11 17:00:35.213+00,7,in_app,2026-07-11 17:00:38.511+00
070fcb03-3ec5-4477-b04a-431abab1da8b,b0737bfd-7bea-493b-8cfc-14946fcea8cd,90bb1d12-5855-4f3e-aecb-e92f597e650c,2026-07-11,2026-07-11 17:00:35.213+00,1,in_app,2026-07-11 17:00:42.086+00
7f54de91-a7e4-4ffb-a80f-22e72837d0aa,fd63bafa-9a78-43fb-9311-f78b8cbfb667,d8eb23c1-2c90-4dfe-872a-aa3e3dcd6478,2026-07-11,2026-07-11 17:00:35.213+00,8,in_app,2026-07-11 17:00:43.617+00
d604412f-6b43-4aa0-acca-93db4ae24124,9066ac12-d1c6-4a15-ad74-4932bf8dd987,968fc8e6-f918-4579-b0d1-26570ce5e94b,2026-07-11,2026-07-11 17:00:35.213+00,2,email,2026-07-11 17:00:46.973+00
bc407474-b0aa-4f67-b076-2930ab4f7eb4,678c949f-b372-4aba-9d9b-26d422134531,3258f102-8146-4986-964f-8c8f53441300,2026-07-11,2026-07-11 17:00:35.213+00,1,email,2026-07-11 17:00:47.976+00
7d55f131-91ce-4ac2-8de0-a70ed44597bc,0c96a57e-6cc1-400f-bf3a-5740b699ac21,27edf455-e61a-48a9-a846-e2c6f42999b5,2026-07-11,2026-07-11 17:00:35.213+00,1,in_app,2026-07-11 17:00:48.102+00
1967a994-56f9-4a3c-a114-8a5652750dba,ed586056-17ca-4287-936a-c16e642c63a6,8737f689-7c9e-414a-8391-5bf93d5ba600,2026-07-11,2026-07-11 17:00:35.213+00,1,in_app,2026-07-11 17:00:48.59+00
9ba26a92-a35a-4682-8863-e475eccd4aa6,2e6f6612-8033-42e0-b84d-b2ea8aded8ac,b3db042c-4932-4f66-8aff-3136ed50db97,2026-07-11,2026-07-11 17:00:35.213+00,7,email,2026-07-11 17:00:49.478+00
8391b7a8-9dbb-4770-a5c0-961398765480,0c96a57e-6cc1-400f-bf3a-5740b699ac21,c6754833-e150-4c12-9149-45a6dfcd6eec,2026-07-11,2026-07-11 17:00:35.213+00,3,in_app,2026-07-11 17:00:50.103+00
a1386a77-6d5e-4d11-a868-02588ce62f86,c1f13659-b28c-4d50-8375-5bf200294992,decc7faa-b202-42f1-9a04-fe15fe97a892,2026-07-11,2026-07-11 17:00:35.213+00,1,email,2026-07-11 17:00:52.542+00
35fde948-ed25-4ad3-8d87-1294b8abd807,c1f13659-b28c-4d50-8375-5bf200294992,1c2d5668-5cd9-49a7-a138-3ccd2bea5cbb,2026-07-11,2026-07-11 17:00:35.213+00,1,in_app,2026-07-11 17:00:53.24+00
f6b43e15-79a8-4ab9-88e7-b9acbf647374,c1f13659-b28c-4d50-8375-5bf200294992,1c2d5668-5cd9-49a7-a138-3ccd2bea5cbb,2026-07-11,2026-07-11 17:00:35.213+00,1,email,2026-07-11 17:00:53.595+00
e9ad9b7e-2edd-4a2e-b22c-73c977318e81,0c96a57e-6cc1-400f-bf3a-5740b699ac21,a94fc469-4603-487f-ab7f-e2712197d510,2026-07-11,2026-07-11 17:00:35.213+00,10,in_app,2026-07-11 17:00:53.777+00
b7814178-3e4a-4f08-b220-a275993c9087,0c96a57e-6cc1-400f-bf3a-5740b699ac21,bdef184d-6217-4cdf-a59f-dc37008d13fd,2026-07-11,2026-07-11 17:00:35.213+00,8,email,2026-07-11 17:00:55.201+00
f6682696-f284-4a8a-a5a4-c3070b3fbd87,0c96a57e-6cc1-400f-bf3a-5740b699ac21,3519d0a1-12b5-4a38-bbd5-a5b9d518cb53,2026-07-11,2026-07-11 17:00:35.213+00,1,email,2026-07-11 17:00:55.745+00
8575937d-03de-44be-b88c-a3e84adbfe7f,0c96a57e-6cc1-400f-bf3a-5740b699ac21,6d3f8a2c-1a05-4e2a-b57e-d969b668049b,2026-07-11,2026-07-11 17:00:35.213+00,1,in_app,2026-07-11 17:00:55.867+00
7367390d-17d9-4cfa-ad77-450909ef87d7,0c96a57e-6cc1-400f-bf3a-5740b699ac21,ebe67fdd-2e23-43c0-8e9b-8abec2682d09,2026-07-11,2026-07-11 17:00:35.213+00,2,email,2026-07-11 17:00:56.757+00
f27aacdf-24eb-46e5-a77e-bc9973b35489,0c96a57e-6cc1-400f-bf3a-5740b699ac21,d8eb23c1-2c90-4dfe-872a-aa3e3dcd6478,2026-07-11,2026-07-11 17:00:35.213+00,8,email,2026-07-11 17:00:57.817+00
7496a9a2-f29e-4d51-a560-ccb81390b519,0c96a57e-6cc1-400f-bf3a-5740b699ac21,a3c5b629-15d3-48a7-b5ab-694e63dc8b63,2026-07-11,2026-07-11 17:00:35.213+00,8,email,2026-07-11 17:00:59.47+00
042d23f9-7586-4c71-8499-90784713835f,0c96a57e-6cc1-400f-bf3a-5740b699ac21,3258f102-8146-4986-964f-8c8f53441300,2026-07-11,2026-07-11 17:00:35.213+00,1,in_app,2026-07-11 17:00:59.565+00
99dba534-ba9c-4b53-9b2b-1b35f7bf6eeb,0c96a57e-6cc1-400f-bf3a-5740b699ac21,642b0596-7431-4f50-acff-1eb4199fab76,2026-07-11,2026-07-11 17:00:35.213+00,1,email,2026-07-11 17:01:01.035+00
d96899a7-f990-4df4-ac4e-b0d3f2a4f612,0c96a57e-6cc1-400f-bf3a-5740b699ac21,decc7faa-b202-42f1-9a04-fe15fe97a892,2026-07-11,2026-07-11 17:00:35.213+00,1,in_app,2026-07-11 17:01:01.692+00
8238e679-2fd0-424c-9d20-b803956b740d,0c96a57e-6cc1-400f-bf3a-5740b699ac21,8cab859b-a1e1-4edb-af95-4e847e1c93e4,2026-07-11,2026-07-11 17:00:35.213+00,2,in_app,2026-07-11 17:01:02.198+00
954e4db8-55aa-4460-8256-fead3ec253d0,62a2569e-4be2-4326-bddd-3c6116ed18b0,6d3f8a2c-1a05-4e2a-b57e-d969b668049b,2026-07-14,2026-07-14 11:01:25.445+00,1,in_app,2026-07-14 11:01:28.778+00
668cf7e3-c715-48b7-9f12-11e8d2145b9e,9b5aa503-44ec-40de-9ceb-b1475639767e,2a266637-be4e-4088-9918-a51576912f5c,2026-07-14,2026-07-14 11:01:25.445+00,4,email,2026-07-14 11:01:31.501+00
a366a8ad-fe11-4e7f-a25f-0f8619ae4d43,fd63bafa-9a78-43fb-9311-f78b8cbfb667,d8eb23c1-2c90-4dfe-872a-aa3e3dcd6478,2026-07-14,2026-07-14 11:01:25.445+00,8,email,2026-07-14 11:01:32.317+00
5dddeff0-eff3-4bf4-b5fe-99bf3d8f4deb,ed586056-17ca-4287-936a-c16e642c63a6,8737f689-7c9e-414a-8391-5bf93d5ba600,2026-07-16,2026-07-16 11:00:00.525+00,1,in_app,2026-07-16 11:00:27.615+00
415da26b-7b4c-4715-afba-8da238e273b1,ed586056-17ca-4287-936a-c16e642c63a6,8737f689-7c9e-414a-8391-5bf93d5ba600,2026-07-16,2026-07-16 11:00:00.525+00,1,email,2026-07-16 11:00:27.954+00
914586a0-bd74-433e-a980-7d7b14ab9d2c,493aecc1-6791-4d62-bc63-f4f55c78e44e,642b0596-7431-4f50-acff-1eb4199fab76,2026-07-16,2026-07-16 11:00:00.525+00,1,in_app,2026-07-16 11:00:28.513+00
e23a21db-bc5c-4e47-b4c3-340ffdc3f0da,493aecc1-6791-4d62-bc63-f4f55c78e44e,642b0596-7431-4f50-acff-1eb4199fab76,2026-07-16,2026-07-16 11:00:00.525+00,1,email,2026-07-16 11:00:28.839+00
27e578e1-c460-453b-a933-9997dd3b7301,493aecc1-6791-4d62-bc63-f4f55c78e44e,7b577c22-5513-42cc-ab19-2bf867e14ebc,2026-07-16,2026-07-16 11:00:00.525+00,7,in_app,2026-07-16 11:00:29.309+00
a00f6462-d1cc-43e9-bd63-4f017ce7811f,493aecc1-6791-4d62-bc63-f4f55c78e44e,7b577c22-5513-42cc-ab19-2bf867e14ebc,2026-07-16,2026-07-16 11:00:00.525+00,7,email,2026-07-16 11:00:29.712+00
e5a1564e-9235-4f6c-9604-bd9beb92cb29,0ae36a43-2ef0-4a7d-b95a-edcc7d9ac3f2,7b577c22-5513-42cc-ab19-2bf867e14ebc,2026-07-16,2026-07-16 11:00:00.525+00,1,in_app,2026-07-16 11:00:29.78+00
7506aae5-8ccf-428b-8024-d325f49c0975,0ae36a43-2ef0-4a7d-b95a-edcc7d9ac3f2,7b577c22-5513-42cc-ab19-2bf867e14ebc,2026-07-16,2026-07-16 11:00:00.525+00,1,email,2026-07-16 11:00:30.061+00
be9ea50e-be74-4298-84c6-50e9c1eac16d,678b734f-19e2-4622-ab4e-fccd86f4877f,8cab859b-a1e1-4edb-af95-4e847e1c93e4,2026-07-16,2026-07-16 11:00:00.525+00,2,email,2026-07-16 11:00:30.879+00
7f579b89-236b-4180-a342-2ab43d84d2c8,c1f13659-b28c-4d50-8375-5bf200294992,1c2d5668-5cd9-49a7-a138-3ccd2bea5cbb,2026-07-16,2026-07-16 11:00:00.525+00,1,email,2026-07-16 11:00:31.266+00
b7618b9f-9eb8-44e9-a357-e735ec66cc4d,0c96a57e-6cc1-400f-bf3a-5740b699ac21,a94fc469-4603-487f-ab7f-e2712197d510,2026-07-16,2026-07-16 11:00:00.525+00,9,in_app,2026-07-16 11:00:31.435+00
1a871576-7fa1-49f5-bf95-60eaf6646806,0c96a57e-6cc1-400f-bf3a-5740b699ac21,a94fc469-4603-487f-ab7f-e2712197d510,2026-07-16,2026-07-16 11:00:00.525+00,9,email,2026-07-16 11:00:32.106+00
8a6d0fa4-4020-4669-98a1-2d3c71f9055a,0c96a57e-6cc1-400f-bf3a-5740b699ac21,3519d0a1-12b5-4a38-bbd5-a5b9d518cb53,2026-07-16,2026-07-16 11:00:00.525+00,1,email,2026-07-16 11:00:33.045+00
9db90862-7184-420f-93eb-ee06731a1c9b,0c96a57e-6cc1-400f-bf3a-5740b699ac21,b3db042c-4932-4f66-8aff-3136ed50db97,2026-07-16,2026-07-16 11:00:00.525+00,8,in_app,2026-07-16 11:00:36.613+00
97147e26-1f3b-407f-a2af-7a6132ebd986,0c96a57e-6cc1-400f-bf3a-5740b699ac21,b3db042c-4932-4f66-8aff-3136ed50db97,2026-07-16,2026-07-16 11:00:00.525+00,8,email,2026-07-16 11:00:36.939+00
47042700-559b-444c-a695-7da0dfb9f9c2,9066ac12-d1c6-4a15-ad74-4932bf8dd987,968fc8e6-f918-4579-b0d1-26570ce5e94b,2026-07-18,2026-07-18 17:00:49.245+00,2,in_app,2026-07-18 17:00:56.389+00
ae9c7a89-ff27-4016-abd6-0f79a3daa38f,b16b90c0-67c9-46c5-ac6f-2ccb8f3b2a08,5d7214cd-c7d1-42ac-b859-b9e84dee9fab,2026-07-18,2026-07-18 17:00:49.245+00,1,in_app,2026-07-18 17:00:57.117+00
290062b2-5a14-48f5-b3d0-94c9b5b9d7b2,0c96a57e-6cc1-400f-bf3a-5740b699ac21,c6754833-e150-4c12-9149-45a6dfcd6eec,2026-07-18,2026-07-18 17:00:49.245+00,3,in_app,2026-07-18 17:00:59.686+00
468bc3fc-c53a-42c0-9289-c1d54990b0a8,0c96a57e-6cc1-400f-bf3a-5740b699ac21,c6754833-e150-4c12-9149-45a6dfcd6eec,2026-07-18,2026-07-18 17:00:49.245+00,3,email,2026-07-18 17:00:59.968+00
85d1a8e1-4ea5-42aa-8245-cde8db41106a,c1f13659-b28c-4d50-8375-5bf200294992,decc7faa-b202-42f1-9a04-fe15fe97a892,2026-07-18,2026-07-18 17:00:49.245+00,1,in_app,2026-07-18 17:01:01.058+00
c5d494fe-3f8f-4a93-bdd9-8dc5f1d77977,0c96a57e-6cc1-400f-bf3a-5740b699ac21,6d3f8a2c-1a05-4e2a-b57e-d969b668049b,2026-07-01,2026-07-01 11:00:30.534+00,1,in_app,2026-07-01 11:03:54.755+00
f8de3586-6a68-413e-85d5-ed3791438397,0c96a57e-6cc1-400f-bf3a-5740b699ac21,6d3f8a2c-1a05-4e2a-b57e-d969b668049b,2026-07-01,2026-07-01 11:00:30.534+00,1,email,2026-07-01 11:03:58.185+00
017b83a3-5745-4a8c-a339-a633a9617611,0c96a57e-6cc1-400f-bf3a-5740b699ac21,2a266637-be4e-4088-9918-a51576912f5c,2026-07-01,2026-07-01 11:00:30.534+00,4,in_app,2026-07-01 11:04:05.214+00
22d0dae8-91a7-46fd-a75f-0c6705a8fbd3,0c96a57e-6cc1-400f-bf3a-5740b699ac21,2a266637-be4e-4088-9918-a51576912f5c,2026-07-01,2026-07-01 11:00:30.534+00,4,email,2026-07-01 11:04:08.947+00
75ec2fc7-ee2d-4c0d-b763-a9ebf4653283,0c96a57e-6cc1-400f-bf3a-5740b699ac21,760fc14a-229e-4212-9aa9-f90de968af69,2026-07-01,2026-07-01 11:00:30.534+00,1,email,2026-07-01 11:04:21.7+00
6434aa12-913a-4fb9-aa3e-01e353bb3db4,0c96a57e-6cc1-400f-bf3a-5740b699ac21,b3db042c-4932-4f66-8aff-3136ed50db97,2026-07-01,2026-07-01 11:00:30.534+00,8,in_app,2026-07-01 11:04:29.853+00
b9fe46cf-cef5-4d7e-a35c-378e5530d377,0c96a57e-6cc1-400f-bf3a-5740b699ac21,b3db042c-4932-4f66-8aff-3136ed50db97,2026-07-01,2026-07-01 11:00:30.534+00,8,email,2026-07-01 11:04:33.298+00
0ca47a7f-6bb3-4f84-bf3c-dadf9f525c4d,0c96a57e-6cc1-400f-bf3a-5740b699ac21,decc7faa-b202-42f1-9a04-fe15fe97a892,2026-07-01,2026-07-01 11:00:30.534+00,1,email,2026-07-01 11:04:50.207+00
d7f25c6c-6d9b-48a7-ab4e-748a638e3d65,8474aaf6-e7d1-4165-9bef-bf76bc701038,90bb1d12-5855-4f3e-aecb-e92f597e650c,2026-07-27,2026-07-27 11:00:02.405+00,1,in_app,2026-07-27 11:00:04.728+00
abc7f171-341e-49f4-b770-d792e7019036,b0737bfd-7bea-493b-8cfc-14946fcea8cd,90bb1d12-5855-4f3e-aecb-e92f597e650c,2026-07-07,2026-07-07 17:00:35.339+00,1,in_app,2026-07-07 17:00:41.665+00
e519fa25-0891-4909-9502-97a7aac199c9,b0737bfd-7bea-493b-8cfc-14946fcea8cd,90bb1d12-5855-4f3e-aecb-e92f597e650c,2026-07-07,2026-07-07 17:00:35.339+00,1,email,2026-07-07 17:00:42.148+00
c9948f3c-721d-4743-a5f8-95f1cb5b318a,9b5aa503-44ec-40de-9ceb-b1475639767e,2a266637-be4e-4088-9918-a51576912f5c,2026-07-07,2026-07-07 17:00:35.339+00,4,in_app,2026-07-07 17:00:42.267+00
19487749-984d-4675-8239-1c7b1ef7df12,9b5aa503-44ec-40de-9ceb-b1475639767e,2a266637-be4e-4088-9918-a51576912f5c,2026-07-07,2026-07-07 17:00:35.339+00,4,email,2026-07-07 17:00:42.608+00
dcca2c9c-40e4-4736-86d5-34e06e4417f9,b6617c09-9b4a-4ebc-bf50-e584b67edaa3,e5efecc9-f05f-479b-b2ea-81a2ed90fba4,2026-07-07,2026-07-07 17:00:35.339+00,1,email,2026-07-07 17:00:43.08+00
1d560118-4e45-45c0-9471-dd6c2a4cec9d,fd63bafa-9a78-43fb-9311-f78b8cbfb667,d8eb23c1-2c90-4dfe-872a-aa3e3dcd6478,2026-07-07,2026-07-07 17:00:35.339+00,8,email,2026-07-07 17:00:43.9+00
0bba2ec5-10b6-478c-b949-070c84253b1c,0c96a57e-6cc1-400f-bf3a-5740b699ac21,6237fa09-ec4a-46ca-a99b-4f8afb3bf259,2026-07-07,2026-07-07 17:00:35.339+00,1,in_app,2026-07-07 17:00:43.982+00
62579996-dc0a-4714-b316-a2917522674c,493aecc1-6791-4d62-bc63-f4f55c78e44e,a9c81e05-8b1a-47ad-a80d-dbc45603f068,2026-07-07,2026-07-07 17:00:35.339+00,1,email,2026-07-07 17:00:45.845+00
70818532-0669-41dd-ad4b-6a95a2a39717,8474aaf6-e7d1-4165-9bef-bf76bc701038,32ccdbe1-627f-4fe3-a506-056b997ed89b,2026-07-07,2026-07-07 17:00:35.339+00,3,email,2026-07-07 17:00:46.312+00
fa13c1fb-babf-4c00-9c2a-e7e8a3597362,c1f13659-b28c-4d50-8375-5bf200294992,658a0146-2d8a-4b2e-81e5-aa16fa9d0a30,2026-07-07,2026-07-07 17:00:35.339+00,1,email,2026-07-07 17:00:46.807+00
bf3eb02f-ec9e-4a52-a60d-f76558d17389,0c96a57e-6cc1-400f-bf3a-5740b699ac21,27edf455-e61a-48a9-a846-e2c6f42999b5,2026-07-07,2026-07-07 17:00:35.339+00,1,in_app,2026-07-07 17:00:47.805+00
4aac2de3-8a6b-46da-913b-52945170108f,0c96a57e-6cc1-400f-bf3a-5740b699ac21,27edf455-e61a-48a9-a846-e2c6f42999b5,2026-07-07,2026-07-07 17:00:35.339+00,1,email,2026-07-07 17:00:48.197+00
c390a3fd-9964-455a-9db9-baff25ffa701,493aecc1-6791-4d62-bc63-f4f55c78e44e,7b577c22-5513-42cc-ab19-2bf867e14ebc,2026-07-07,2026-07-07 17:00:35.339+00,8,email,2026-07-07 17:00:50.521+00
d605345a-6e96-40c7-8cba-1ec25974ea75,0c96a57e-6cc1-400f-bf3a-5740b699ac21,3519d0a1-12b5-4a38-bbd5-a5b9d518cb53,2026-07-07,2026-07-07 17:00:35.339+00,1,in_app,2026-07-07 17:00:53.483+00
6ab2f028-e256-46bc-b115-a10df42edb8f,0c96a57e-6cc1-400f-bf3a-5740b699ac21,3519d0a1-12b5-4a38-bbd5-a5b9d518cb53,2026-07-07,2026-07-07 17:00:35.339+00,1,email,2026-07-07 17:00:53.903+00
cbcbd2f8-8645-4bf2-8a27-98f741bde96d,0c96a57e-6cc1-400f-bf3a-5740b699ac21,6d3f8a2c-1a05-4e2a-b57e-d969b668049b,2026-07-07,2026-07-07 17:00:35.339+00,1,in_app,2026-07-07 17:00:54.021+00
fef98979-dc5f-4bb1-aefd-41f6107b78d6,0c96a57e-6cc1-400f-bf3a-5740b699ac21,6d3f8a2c-1a05-4e2a-b57e-d969b668049b,2026-07-07,2026-07-07 17:00:35.339+00,1,email,2026-07-07 17:00:54.363+00
cd40341b-15c3-4a6f-a4dc-b932ddb4dbf4,0c96a57e-6cc1-400f-bf3a-5740b699ac21,ebe67fdd-2e23-43c0-8e9b-8abec2682d09,2026-07-07,2026-07-07 17:00:35.339+00,2,in_app,2026-07-07 17:00:54.442+00
e4d7424d-d72f-4a15-a411-588c3aab9213,0c96a57e-6cc1-400f-bf3a-5740b699ac21,ebe67fdd-2e23-43c0-8e9b-8abec2682d09,2026-07-07,2026-07-07 17:00:35.339+00,2,email,2026-07-07 17:00:54.754+00
35f77204-9d53-4521-9839-3914c7361bff,0c96a57e-6cc1-400f-bf3a-5740b699ac21,2a266637-be4e-4088-9918-a51576912f5c,2026-07-07,2026-07-07 17:00:35.339+00,4,in_app,2026-07-07 17:00:54.831+00
3ee76946-0122-4143-a642-055266830b08,0c96a57e-6cc1-400f-bf3a-5740b699ac21,2a266637-be4e-4088-9918-a51576912f5c,2026-07-07,2026-07-07 17:00:35.339+00,4,email,2026-07-07 17:00:55.155+00
3c0c3af7-f881-4219-8e8f-788003ea9779,0c96a57e-6cc1-400f-bf3a-5740b699ac21,a94fc469-4603-487f-ab7f-e2712197d510,2026-07-07,2026-07-07 17:00:35.339+00,6,in_app,2026-07-07 17:00:55.666+00
8e0021b5-a3db-4f01-bdbd-c217f60ad9ed,0c96a57e-6cc1-400f-bf3a-5740b699ac21,28f7b9e8-9516-4a08-864c-9ff3e085ba87,2026-07-07,2026-07-07 17:00:35.339+00,1,in_app,2026-07-07 17:00:56.16+00
b6dc8cec-4b39-494d-979f-7d078fb9e7e2,0c96a57e-6cc1-400f-bf3a-5740b699ac21,28f7b9e8-9516-4a08-864c-9ff3e085ba87,2026-07-07,2026-07-07 17:00:35.339+00,1,email,2026-07-07 17:00:56.492+00
cfc45dff-258a-4569-859b-d5432884408d,0c96a57e-6cc1-400f-bf3a-5740b699ac21,642b0596-7431-4f50-acff-1eb4199fab76,2026-07-07,2026-07-07 17:00:35.339+00,1,email,2026-07-07 17:00:59.626+00
10eca744-fc07-4132-8071-aaec8ffa023b,0c96a57e-6cc1-400f-bf3a-5740b699ac21,6f58e5f8-b85c-4f92-89b7-1cf3ca9f22b6,2026-07-07,2026-07-07 17:00:35.339+00,2,in_app,2026-07-07 17:00:59.776+00
2d2cd4f0-faa1-4c22-b609-bd90ffaf0a87,8474aaf6-e7d1-4165-9bef-bf76bc701038,90bb1d12-5855-4f3e-aecb-e92f597e650c,2026-07-11,2026-07-11 17:00:35.213+00,1,in_app,2026-07-11 17:00:36.656+00
81ed1ff8-203b-430e-b40f-82a7536e2662,8474aaf6-e7d1-4165-9bef-bf76bc701038,90bb1d12-5855-4f3e-aecb-e92f597e650c,2026-07-11,2026-07-11 17:00:35.213+00,1,email,2026-07-11 17:00:37.055+00
5fe61b86-27de-4f2c-8824-1c7578de5af0,72aeb445-484f-4979-8c2a-d34ec40b22b0,bdef184d-6217-4cdf-a59f-dc37008d13fd,2026-07-11,2026-07-11 17:00:35.213+00,7,email,2026-07-11 17:00:38.872+00
1f9e18ff-0643-452a-b41e-8cb4dde4dfb8,c1f13659-b28c-4d50-8375-5bf200294992,3519d0a1-12b5-4a38-bbd5-a5b9d518cb53,2026-07-11,2026-07-11 17:00:35.213+00,1,in_app,2026-07-11 17:00:39.535+00
83b42e45-9835-43d4-841b-db9af6e4b260,c1f13659-b28c-4d50-8375-5bf200294992,3519d0a1-12b5-4a38-bbd5-a5b9d518cb53,2026-07-11,2026-07-11 17:00:35.213+00,1,email,2026-07-11 17:00:39.923+00
cd9f140c-a55c-4db7-b417-c76b562ddb97,62a2569e-4be2-4326-bddd-3c6116ed18b0,6d3f8a2c-1a05-4e2a-b57e-d969b668049b,2026-07-11,2026-07-11 17:00:35.213+00,1,in_app,2026-07-11 17:00:40.018+00
b6b1fd89-d960-4821-9b05-50d62278ab87,62a2569e-4be2-4326-bddd-3c6116ed18b0,6d3f8a2c-1a05-4e2a-b57e-d969b668049b,2026-07-11,2026-07-11 17:00:35.213+00,1,email,2026-07-11 17:00:40.422+00
b82b2f19-d2e1-4939-a98a-0e0308209b5a,62a2569e-4be2-4326-bddd-3c6116ed18b0,7b577c22-5513-42cc-ab19-2bf867e14ebc,2026-07-11,2026-07-11 17:00:35.213+00,1,in_app,2026-07-11 17:00:40.545+00
7320dfab-ccd2-4048-8d64-3a40255db3ba,9647402f-c830-48fb-92a7-e1e0f719045f,9d005015-cf2c-4590-9c46-e55e56c7696d,2026-07-11,2026-07-11 17:00:35.213+00,1,email,2026-07-11 17:00:46.475+00
964a5e61-1ebd-4976-96c9-9225013df289,0e2a45ad-2133-4d3e-822a-b61d069d1e56,3cbe0dd1-c806-4171-8fdf-002c7fe52d74,2026-07-14,2026-07-14 11:01:25.445+00,1,in_app,2026-07-14 11:01:33.635+00
9d4d5295-03cb-474c-a014-82a4b5424d78,9647402f-c830-48fb-92a7-e1e0f719045f,9d005015-cf2c-4590-9c46-e55e56c7696d,2026-07-14,2026-07-14 11:01:25.445+00,1,in_app,2026-07-14 11:01:34.043+00
28ad8bde-6525-479b-86d4-e6153c267e8f,04b00ab5-856d-4f95-962b-e9d97b33f207,a3c5b629-15d3-48a7-b5ab-694e63dc8b63,2026-07-14,2026-07-14 11:01:25.445+00,8,email,2026-07-14 11:01:35.245+00
43201c43-db6c-4156-a7d2-2f661cec15e6,ed586056-17ca-4287-936a-c16e642c63a6,8737f689-7c9e-414a-8391-5bf93d5ba600,2026-07-14,2026-07-14 11:01:25.445+00,1,email,2026-07-14 11:01:37.133+00
8ce7d060-e061-4233-bfa3-de19efb3872b,2e6f6612-8033-42e0-b84d-b2ea8aded8ac,b3db042c-4932-4f66-8aff-3136ed50db97,2026-07-14,2026-07-14 11:01:25.445+00,7,in_app,2026-07-14 11:01:37.204+00
c7488663-312b-45ff-86e9-5b1b65be851f,2e6f6612-8033-42e0-b84d-b2ea8aded8ac,b3db042c-4932-4f66-8aff-3136ed50db97,2026-07-14,2026-07-14 11:01:25.445+00,7,email,2026-07-14 11:01:37.492+00
b7f3f0c4-347f-4a92-9b13-574ba9e01688,0c96a57e-6cc1-400f-bf3a-5740b699ac21,c6754833-e150-4c12-9149-45a6dfcd6eec,2026-07-14,2026-07-14 11:01:25.445+00,3,in_app,2026-07-14 11:01:37.92+00
49e0aafd-3051-4789-8ffd-13e8e15dd6df,87a43e47-33e7-4623-90d0-260dfdf5c5bf,54fd3322-4510-4b44-bfbc-52e1c44b4969,2026-07-14,2026-07-14 11:01:25.445+00,1,in_app,2026-07-14 11:01:38.357+00
a3cc0d41-56ad-4f81-a563-f877ae12a935,678b734f-19e2-4622-ab4e-fccd86f4877f,8cab859b-a1e1-4edb-af95-4e847e1c93e4,2026-07-14,2026-07-14 11:01:25.445+00,2,in_app,2026-07-14 11:01:39.874+00
63028a6e-15f8-454e-9446-b01f527d1105,c1f13659-b28c-4d50-8375-5bf200294992,1c2d5668-5cd9-49a7-a138-3ccd2bea5cbb,2026-07-14,2026-07-14 11:01:25.445+00,1,in_app,2026-07-14 11:01:40.22+00
230fa287-9508-442e-a359-9c49212caa45,0c96a57e-6cc1-400f-bf3a-5740b699ac21,bdef184d-6217-4cdf-a59f-dc37008d13fd,2026-07-14,2026-07-14 11:01:25.445+00,8,in_app,2026-07-14 11:01:41.712+00
d09f5038-ed21-4672-9ed1-1e887684cfcf,0c96a57e-6cc1-400f-bf3a-5740b699ac21,b874694b-f463-4dbd-bb6f-b04f121a8802,2026-07-14,2026-07-14 11:01:25.445+00,1,email,2026-07-14 11:01:43.392+00
bf563502-3dbc-43dc-bfb3-e0716e245e6f,0c96a57e-6cc1-400f-bf3a-5740b699ac21,2a266637-be4e-4088-9918-a51576912f5c,2026-07-14,2026-07-14 11:01:25.445+00,4,email,2026-07-14 11:01:44.236+00
4fc7fe60-ae69-4cee-86ef-0b2cc5438f4a,0c96a57e-6cc1-400f-bf3a-5740b699ac21,28f7b9e8-9516-4a08-864c-9ff3e085ba87,2026-07-14,2026-07-14 11:01:25.445+00,1,in_app,2026-07-14 11:01:44.824+00
ff756f7f-c39c-4519-b3ce-2dda74978079,0c96a57e-6cc1-400f-bf3a-5740b699ac21,a3c5b629-15d3-48a7-b5ab-694e63dc8b63,2026-07-14,2026-07-14 11:01:25.445+00,8,email,2026-07-14 11:01:46.036+00
d3d78e4d-797f-4e22-8bce-030d1fe0f227,0c96a57e-6cc1-400f-bf3a-5740b699ac21,642b0596-7431-4f50-acff-1eb4199fab76,2026-07-14,2026-07-14 11:01:25.445+00,1,in_app,2026-07-14 11:01:47.093+00
1295461d-cbbf-4b0d-99bc-299b43c171c7,0c96a57e-6cc1-400f-bf3a-5740b699ac21,decc7faa-b202-42f1-9a04-fe15fe97a892,2026-07-14,2026-07-14 11:01:25.445+00,1,email,2026-07-14 11:01:48.308+00
aee4d198-0faf-4dbe-aa77-6b57885a84c6,0c96a57e-6cc1-400f-bf3a-5740b699ac21,8cab859b-a1e1-4edb-af95-4e847e1c93e4,2026-07-14,2026-07-14 11:01:25.445+00,2,email,2026-07-14 11:01:48.725+00
7f93a068-d4c0-464f-9542-ff6e43be543e,0c96a57e-6cc1-400f-bf3a-5740b699ac21,1c2d5668-5cd9-49a7-a138-3ccd2bea5cbb,2026-07-14,2026-07-14 11:01:25.445+00,1,email,2026-07-14 11:01:49.135+00
1fda054c-c53b-47da-931c-a4e612ff8a79,0c96a57e-6cc1-400f-bf3a-5740b699ac21,bdef184d-6217-4cdf-a59f-dc37008d13fd,2026-07-16,2026-07-16 11:00:00.525+00,8,in_app,2026-07-16 11:00:32.221+00
9560d646-5f16-448d-8bbe-32a0863dab95,0c96a57e-6cc1-400f-bf3a-5740b699ac21,3519d0a1-12b5-4a38-bbd5-a5b9d518cb53,2026-07-16,2026-07-16 11:00:00.525+00,1,in_app,2026-07-16 11:00:32.716+00
41955158-e897-4cba-a6c6-c5ce3f4602c9,0c96a57e-6cc1-400f-bf3a-5740b699ac21,ebe67fdd-2e23-43c0-8e9b-8abec2682d09,2026-07-16,2026-07-16 11:00:00.525+00,2,email,2026-07-16 11:00:34.308+00
489cb2a4-d42b-4f85-a5a0-4c321b78aea0,0c96a57e-6cc1-400f-bf3a-5740b699ac21,d8eb23c1-2c90-4dfe-872a-aa3e3dcd6478,2026-07-16,2026-07-16 11:00:00.525+00,8,in_app,2026-07-16 11:00:34.829+00
ad6062ae-55fa-4954-8e75-f157f2d9d45c,0c96a57e-6cc1-400f-bf3a-5740b699ac21,a3c5b629-15d3-48a7-b5ab-694e63dc8b63,2026-07-16,2026-07-16 11:00:00.525+00,8,email,2026-07-16 11:00:36.035+00
00767fdb-b395-4505-9a54-786f168ddb02,0c96a57e-6cc1-400f-bf3a-5740b699ac21,3258f102-8146-4986-964f-8c8f53441300,2026-07-16,2026-07-16 11:00:00.525+00,2,in_app,2026-07-16 11:00:36.079+00
f6287bcf-c057-4035-b388-79c808da0f33,2e6f6612-8033-42e0-b84d-b2ea8aded8ac,b3db042c-4932-4f66-8aff-3136ed50db97,2026-07-18,2026-07-18 17:00:49.245+00,7,email,2026-07-18 17:00:59.3+00
291babb5-505f-4e1c-84d8-4bc209e29a21,0c96a57e-6cc1-400f-bf3a-5740b699ac21,28f7b9e8-9516-4a08-864c-9ff3e085ba87,2026-07-01,2026-07-01 11:00:30.534+00,1,in_app,2026-07-01 11:04:11.853+00
3b82d8c5-4323-4a8e-99a1-df27da6bb58d,0c96a57e-6cc1-400f-bf3a-5740b699ac21,28f7b9e8-9516-4a08-864c-9ff3e085ba87,2026-07-01,2026-07-01 11:00:30.534+00,1,email,2026-07-01 11:04:15.292+00
65367b76-6889-4c65-916e-fca710567fa9,0c96a57e-6cc1-400f-bf3a-5740b699ac21,760fc14a-229e-4212-9aa9-f90de968af69,2026-07-01,2026-07-01 11:00:30.534+00,1,in_app,2026-07-01 11:04:18.192+00
b1a8ac26-ed81-4d8b-9300-ef894ea38e12,0c96a57e-6cc1-400f-bf3a-5740b699ac21,a3c5b629-15d3-48a7-b5ab-694e63dc8b63,2026-07-01,2026-07-01 11:00:30.534+00,8,in_app,2026-07-01 11:04:23.413+00
2e241f71-a2b0-4e3a-bbe7-e189d741ff59,0c96a57e-6cc1-400f-bf3a-5740b699ac21,6f58e5f8-b85c-4f92-89b7-1cf3ca9f22b6,2026-07-01,2026-07-01 11:00:30.534+00,2,email,2026-07-01 11:04:45.011+00
ef9f8f58-bba4-486c-8e78-b451136fdf40,0c96a57e-6cc1-400f-bf3a-5740b699ac21,decc7faa-b202-42f1-9a04-fe15fe97a892,2026-07-01,2026-07-01 11:00:30.534+00,1,in_app,2026-07-01 11:04:46.744+00
ff359645-0fd7-43aa-851d-2dea25594004,0c96a57e-6cc1-400f-bf3a-5740b699ac21,8cab859b-a1e1-4edb-af95-4e847e1c93e4,2026-07-01,2026-07-01 11:00:30.534+00,2,in_app,2026-07-01 11:04:51.939+00
d8857450-c3e0-4ce2-b6f6-2a763c8d6a05,0c96a57e-6cc1-400f-bf3a-5740b699ac21,8cab859b-a1e1-4edb-af95-4e847e1c93e4,2026-07-01,2026-07-01 11:00:30.534+00,2,email,2026-07-01 11:04:55.388+00
fe2fff7a-be26-499f-bce8-63149f3e6177,0c96a57e-6cc1-400f-bf3a-5740b699ac21,968fc8e6-f918-4579-b0d1-26570ce5e94b,2026-07-02,2026-07-02 11:00:05.615+00,1,in_app,2026-07-02 11:00:08.893+00
251f2288-47ea-418b-ba69-179fc48045e9,0c96a57e-6cc1-400f-bf3a-5740b699ac21,968fc8e6-f918-4579-b0d1-26570ce5e94b,2026-07-02,2026-07-02 11:00:05.615+00,1,email,2026-07-02 11:00:12.58+00
70129fde-4e60-4b7e-ac48-2eb43205438d,2a72272f-56f2-4104-9952-5d3d8b19ff1d,27edf455-e61a-48a9-a846-e2c6f42999b5,2026-07-02,2026-07-02 11:00:05.615+00,7,in_app,2026-07-02 11:00:14.315+00
9c5e48f4-756b-411c-bd8f-b6d6a65de749,2a72272f-56f2-4104-9952-5d3d8b19ff1d,27edf455-e61a-48a9-a846-e2c6f42999b5,2026-07-02,2026-07-02 11:00:05.615+00,7,email,2026-07-02 11:00:19.172+00
da260184-a17c-4776-9f6c-440bb95f061c,d11dca3a-5828-47a7-a993-59fe383e36ba,6237fa09-ec4a-46ca-a99b-4f8afb3bf259,2026-07-02,2026-07-02 11:00:05.615+00,2,in_app,2026-07-02 11:00:20.903+00
d7c25ae4-e630-4b56-a433-f55b27ef161f,d11dca3a-5828-47a7-a993-59fe383e36ba,6237fa09-ec4a-46ca-a99b-4f8afb3bf259,2026-07-02,2026-07-02 11:00:05.615+00,2,email,2026-07-02 11:00:24.053+00
be29c0a4-11a5-4a5a-ab25-3ecc2a9dc16f,8474aaf6-e7d1-4165-9bef-bf76bc701038,90bb1d12-5855-4f3e-aecb-e92f597e650c,2026-07-02,2026-07-02 11:00:05.615+00,1,in_app,2026-07-02 11:00:25.79+00
625eac78-3166-4b9f-a59c-20654d38853d,8474aaf6-e7d1-4165-9bef-bf76bc701038,90bb1d12-5855-4f3e-aecb-e92f597e650c,2026-07-02,2026-07-02 11:00:05.615+00,1,email,2026-07-02 11:00:29.322+00
19a1d6e1-8c75-4ce3-bb34-231b055f24f1,8396bd66-e3ed-4593-b985-3e380cd308eb,b0faf762-848b-4737-a04d-b2b4e1e8cc5b,2026-07-02,2026-07-02 11:00:05.615+00,2,in_app,2026-07-02 11:00:31.054+00
20969cef-7b2c-4533-b480-c47b9f0759c2,8396bd66-e3ed-4593-b985-3e380cd308eb,b0faf762-848b-4737-a04d-b2b4e1e8cc5b,2026-07-02,2026-07-02 11:00:05.615+00,2,email,2026-07-02 11:00:35.741+00
6523bf3e-2e77-4281-8915-29a66bd0ef29,72aeb445-484f-4979-8c2a-d34ec40b22b0,bdef184d-6217-4cdf-a59f-dc37008d13fd,2026-07-02,2026-07-02 11:00:05.615+00,7,in_app,2026-07-02 11:00:37.581+00
a1aa4806-5bf2-4a07-8c06-7bf7c0021a93,72aeb445-484f-4979-8c2a-d34ec40b22b0,bdef184d-6217-4cdf-a59f-dc37008d13fd,2026-07-02,2026-07-02 11:00:05.615+00,7,email,2026-07-02 11:00:40.995+00
3385b243-c46b-46ca-8406-b4001f40804f,0c96a57e-6cc1-400f-bf3a-5740b699ac21,7b577c22-5513-42cc-ab19-2bf867e14ebc,2026-07-02,2026-07-02 11:00:05.615+00,2,in_app,2026-07-02 11:00:42.848+00
d50b0c3b-3a53-4ccd-a36e-f7e2fbc6edf9,0c96a57e-6cc1-400f-bf3a-5740b699ac21,7b577c22-5513-42cc-ab19-2bf867e14ebc,2026-07-02,2026-07-02 11:00:05.615+00,2,email,2026-07-02 11:00:46.263+00
8cffb10b-5127-4da5-b505-7c3383f751ff,62a2569e-4be2-4326-bddd-3c6116ed18b0,6d3f8a2c-1a05-4e2a-b57e-d969b668049b,2026-07-02,2026-07-02 11:00:05.615+00,1,in_app,2026-07-02 11:00:48.289+00
b76260e2-e219-4ded-8431-fcb899cd0273,62a2569e-4be2-4326-bddd-3c6116ed18b0,6d3f8a2c-1a05-4e2a-b57e-d969b668049b,2026-07-02,2026-07-02 11:00:05.615+00,1,email,2026-07-02 11:00:52.049+00
781b1df3-1461-489d-82de-326335f41f78,62a2569e-4be2-4326-bddd-3c6116ed18b0,7b577c22-5513-42cc-ab19-2bf867e14ebc,2026-07-02,2026-07-02 11:00:05.615+00,1,in_app,2026-07-02 11:00:53.891+00
0abaa7c3-97f5-4f19-8bf3-2895577aee64,62a2569e-4be2-4326-bddd-3c6116ed18b0,7b577c22-5513-42cc-ab19-2bf867e14ebc,2026-07-02,2026-07-02 11:00:05.615+00,1,email,2026-07-02 11:00:57.426+00
41dd7de7-241f-4b9a-910f-c253440d13f5,62a2569e-4be2-4326-bddd-3c6116ed18b0,bdef184d-6217-4cdf-a59f-dc37008d13fd,2026-07-02,2026-07-02 11:00:05.615+00,1,in_app,2026-07-02 11:00:59.153+00
927e6aa0-56a0-465d-9e59-3b9da5cc46e9,62a2569e-4be2-4326-bddd-3c6116ed18b0,bdef184d-6217-4cdf-a59f-dc37008d13fd,2026-07-02,2026-07-02 11:00:05.615+00,1,email,2026-07-02 11:01:02.571+00
f690554f-cd91-4b4c-8ebe-fbcef879da4c,b0737bfd-7bea-493b-8cfc-14946fcea8cd,90bb1d12-5855-4f3e-aecb-e92f597e650c,2026-07-02,2026-07-02 11:00:05.615+00,1,in_app,2026-07-02 11:01:04.297+00
7aef1b0b-7552-4398-bc9a-0a2e4e375f30,b0737bfd-7bea-493b-8cfc-14946fcea8cd,90bb1d12-5855-4f3e-aecb-e92f597e650c,2026-07-02,2026-07-02 11:00:05.615+00,1,email,2026-07-02 11:01:07.74+00
9ad07df5-f2e8-4011-9ca3-bdae5988d348,9b5aa503-44ec-40de-9ceb-b1475639767e,2a266637-be4e-4088-9918-a51576912f5c,2026-07-02,2026-07-02 11:00:05.615+00,4,in_app,2026-07-02 11:01:09.592+00
25dde332-aa67-4ccd-884d-9a30f06824c5,9b5aa503-44ec-40de-9ceb-b1475639767e,2a266637-be4e-4088-9918-a51576912f5c,2026-07-02,2026-07-02 11:00:05.615+00,4,email,2026-07-02 11:01:13.279+00
f091e8a7-da4d-40fe-986d-855a792580c6,b6617c09-9b4a-4ebc-bf50-e584b67edaa3,e5efecc9-f05f-479b-b2ea-81a2ed90fba4,2026-07-02,2026-07-02 11:00:05.615+00,1,in_app,2026-07-02 11:01:15.009+00
306ed040-8180-4e90-9303-a013e0751b12,b6617c09-9b4a-4ebc-bf50-e584b67edaa3,e5efecc9-f05f-479b-b2ea-81a2ed90fba4,2026-07-02,2026-07-02 11:00:05.615+00,1,email,2026-07-02 11:01:19.453+00
20531b12-0ba9-408e-8fb7-ed6cb26af381,fd63bafa-9a78-43fb-9311-f78b8cbfb667,d8eb23c1-2c90-4dfe-872a-aa3e3dcd6478,2026-07-02,2026-07-02 11:00:05.615+00,8,in_app,2026-07-02 11:01:21.192+00
cebd2c2f-3d8c-4856-ba80-4e6fa1802abf,fd63bafa-9a78-43fb-9311-f78b8cbfb667,d8eb23c1-2c90-4dfe-872a-aa3e3dcd6478,2026-07-02,2026-07-02 11:00:05.615+00,8,email,2026-07-02 11:01:24.722+00
4de78c69-0136-4c49-99ce-e60e3ea2d18e,0c96a57e-6cc1-400f-bf3a-5740b699ac21,6237fa09-ec4a-46ca-a99b-4f8afb3bf259,2026-07-02,2026-07-02 11:00:05.615+00,1,in_app,2026-07-02 11:01:26.462+00
92174867-b89e-4d47-86cc-c0a93eabe638,0c96a57e-6cc1-400f-bf3a-5740b699ac21,6237fa09-ec4a-46ca-a99b-4f8afb3bf259,2026-07-02,2026-07-02 11:00:05.615+00,1,email,2026-07-02 11:01:29.907+00
e0112346-a265-48d5-8186-de2b970aa00c,b0737bfd-7bea-493b-8cfc-14946fcea8cd,32ccdbe1-627f-4fe3-a506-056b997ed89b,2026-07-02,2026-07-02 11:00:05.615+00,3,in_app,2026-07-02 11:01:31.641+00
dc41c171-b378-4ba6-a1ae-ab439ab84b77,b0737bfd-7bea-493b-8cfc-14946fcea8cd,32ccdbe1-627f-4fe3-a506-056b997ed89b,2026-07-02,2026-07-02 11:00:05.615+00,3,email,2026-07-02 11:01:35.057+00
3c2c6b2d-a355-4ac7-ad6e-365178dac806,8474aaf6-e7d1-4165-9bef-bf76bc701038,32ccdbe1-627f-4fe3-a506-056b997ed89b,2026-07-02,2026-07-02 11:00:05.615+00,3,in_app,2026-07-02 11:01:36.791+00
41412232-fb1b-456c-9d0b-1cf98498019b,8474aaf6-e7d1-4165-9bef-bf76bc701038,32ccdbe1-627f-4fe3-a506-056b997ed89b,2026-07-02,2026-07-02 11:00:05.615+00,3,email,2026-07-02 11:01:40.536+00
9ee0dcee-bf88-4ea1-bd01-78ff4d27a53d,9066ac12-d1c6-4a15-ad74-4932bf8dd987,968fc8e6-f918-4579-b0d1-26570ce5e94b,2026-07-02,2026-07-02 11:00:05.615+00,2,in_app,2026-07-02 11:01:42.266+00
6301dc18-2a6f-4e73-8de6-d3da9dc166e3,9066ac12-d1c6-4a15-ad74-4932bf8dd987,968fc8e6-f918-4579-b0d1-26570ce5e94b,2026-07-02,2026-07-02 11:00:05.615+00,2,email,2026-07-02 11:01:45.227+00
506a7248-2575-4719-ac81-514f33fc9d58,04b00ab5-856d-4f95-962b-e9d97b33f207,a3c5b629-15d3-48a7-b5ab-694e63dc8b63,2026-07-02,2026-07-02 11:00:05.615+00,8,in_app,2026-07-02 11:01:46.959+00
59bc5da9-cc44-4a99-9a32-d73524fa98cf,04b00ab5-856d-4f95-962b-e9d97b33f207,a3c5b629-15d3-48a7-b5ab-694e63dc8b63,2026-07-02,2026-07-02 11:00:05.615+00,8,email,2026-07-02 11:01:50.481+00
231750e1-9073-4e51-9157-ecc0466549e9,0c96a57e-6cc1-400f-bf3a-5740b699ac21,27edf455-e61a-48a9-a846-e2c6f42999b5,2026-07-02,2026-07-02 11:00:05.615+00,1,in_app,2026-07-02 11:01:52.206+00
6d32c417-eb1d-4d7b-a7eb-a66c6134e232,0c96a57e-6cc1-400f-bf3a-5740b699ac21,27edf455-e61a-48a9-a846-e2c6f42999b5,2026-07-02,2026-07-02 11:00:05.615+00,1,email,2026-07-02 11:01:55.641+00
6ec41dcd-fef0-4c4a-9337-b1c61634ecc9,ed586056-17ca-4287-936a-c16e642c63a6,8737f689-7c9e-414a-8391-5bf93d5ba600,2026-07-02,2026-07-02 11:00:05.615+00,1,in_app,2026-07-02 11:01:57.36+00
2a7fd967-e9aa-41f1-ad3c-d4b8cbdea18a,ed586056-17ca-4287-936a-c16e642c63a6,8737f689-7c9e-414a-8391-5bf93d5ba600,2026-07-02,2026-07-02 11:00:05.615+00,1,email,2026-07-02 11:02:00.459+00
a52d9d49-0711-4168-b55e-ec2f0150d159,2e6f6612-8033-42e0-b84d-b2ea8aded8ac,b3db042c-4932-4f66-8aff-3136ed50db97,2026-07-02,2026-07-02 11:00:05.615+00,7,in_app,2026-07-02 11:02:02.181+00
952a051b-967f-433b-b0f0-515f4fa74422,2e6f6612-8033-42e0-b84d-b2ea8aded8ac,b3db042c-4932-4f66-8aff-3136ed50db97,2026-07-02,2026-07-02 11:00:05.615+00,7,email,2026-07-02 11:02:05.599+00
2c2952c9-13f4-40ff-8260-da597658e24a,493aecc1-6791-4d62-bc63-f4f55c78e44e,642b0596-7431-4f50-acff-1eb4199fab76,2026-07-02,2026-07-02 11:00:05.615+00,1,in_app,2026-07-02 11:02:07.325+00
a2bed06f-af9b-43e4-8b0e-992dc98fb428,493aecc1-6791-4d62-bc63-f4f55c78e44e,642b0596-7431-4f50-acff-1eb4199fab76,2026-07-02,2026-07-02 11:00:05.615+00,1,email,2026-07-02 11:02:10.717+00
3a735e91-e0d3-42dc-b5a2-6af3f12ce26f,0c96a57e-6cc1-400f-bf3a-5740b699ac21,c6754833-e150-4c12-9149-45a6dfcd6eec,2026-07-02,2026-07-02 11:00:05.615+00,3,in_app,2026-07-02 11:02:12.44+00
ba10012f-0cba-4d29-a385-ecd6c0e6049a,0c96a57e-6cc1-400f-bf3a-5740b699ac21,c6754833-e150-4c12-9149-45a6dfcd6eec,2026-07-02,2026-07-02 11:00:05.615+00,3,email,2026-07-02 11:02:15.992+00
d431179c-1340-4f4c-a5c5-f616044df0b9,493aecc1-6791-4d62-bc63-f4f55c78e44e,7b577c22-5513-42cc-ab19-2bf867e14ebc,2026-07-02,2026-07-02 11:00:05.615+00,8,in_app,2026-07-02 11:02:17.722+00
34f55d79-4e07-453f-a46e-d7ff385109e1,493aecc1-6791-4d62-bc63-f4f55c78e44e,7b577c22-5513-42cc-ab19-2bf867e14ebc,2026-07-02,2026-07-02 11:00:05.615+00,8,email,2026-07-02 11:02:21.161+00
d801872c-f2d7-4609-9297-b4d88683abf4,0ece46cd-9571-4f7f-8043-c1f2249b6cf9,6f58e5f8-b85c-4f92-89b7-1cf3ca9f22b6,2026-07-02,2026-07-02 11:00:05.615+00,2,in_app,2026-07-02 11:02:22.893+00
b13495be-633a-4996-94cb-75d03d043a80,0ece46cd-9571-4f7f-8043-c1f2249b6cf9,6f58e5f8-b85c-4f92-89b7-1cf3ca9f22b6,2026-07-02,2026-07-02 11:00:05.615+00,2,email,2026-07-02 11:02:26.404+00
07976b5a-9f17-43c3-ae13-85e7bdedaaea,0ae36a43-2ef0-4a7d-b95a-edcc7d9ac3f2,7b577c22-5513-42cc-ab19-2bf867e14ebc,2026-07-02,2026-07-02 11:00:05.615+00,1,in_app,2026-07-02 11:02:28.125+00
a961031c-b889-441e-8dad-bd411854b80f,0ae36a43-2ef0-4a7d-b95a-edcc7d9ac3f2,7b577c22-5513-42cc-ab19-2bf867e14ebc,2026-07-02,2026-07-02 11:00:05.615+00,1,email,2026-07-02 11:02:31.531+00
ea209b7f-068b-45cc-b0eb-da8b6a51d4f8,c1f13659-b28c-4d50-8375-5bf200294992,decc7faa-b202-42f1-9a04-fe15fe97a892,2026-07-02,2026-07-02 11:00:05.615+00,1,in_app,2026-07-02 11:02:33.251+00
20a071ea-657a-4f25-adbe-c62fcd54256c,c1f13659-b28c-4d50-8375-5bf200294992,decc7faa-b202-42f1-9a04-fe15fe97a892,2026-07-02,2026-07-02 11:00:05.615+00,1,email,2026-07-02 11:02:36.691+00
e763c412-8988-4944-a406-fbc7c750506c,678b734f-19e2-4622-ab4e-fccd86f4877f,8cab859b-a1e1-4edb-af95-4e847e1c93e4,2026-07-02,2026-07-02 11:00:05.615+00,2,in_app,2026-07-02 11:02:38.411+00
7ea3d60a-9519-4eff-9611-091b13642f6f,678b734f-19e2-4622-ab4e-fccd86f4877f,8cab859b-a1e1-4edb-af95-4e847e1c93e4,2026-07-02,2026-07-02 11:00:05.615+00,2,email,2026-07-02 11:02:41.374+00
7dc9b0f7-96e2-4c73-962f-63041bf5eba9,0c96a57e-6cc1-400f-bf3a-5740b699ac21,bdef184d-6217-4cdf-a59f-dc37008d13fd,2026-07-02,2026-07-02 11:00:05.615+00,8,in_app,2026-07-02 11:02:49.99+00
1e1499ef-af52-405d-8931-0c3a4b762242,0c96a57e-6cc1-400f-bf3a-5740b699ac21,bdef184d-6217-4cdf-a59f-dc37008d13fd,2026-07-02,2026-07-02 11:00:05.615+00,8,email,2026-07-02 11:02:53.551+00
50f85b50-c78a-4e2a-9ab5-f7db2405127f,0c96a57e-6cc1-400f-bf3a-5740b699ac21,6d3f8a2c-1a05-4e2a-b57e-d969b668049b,2026-07-02,2026-07-02 11:00:05.615+00,1,in_app,2026-07-02 11:02:56.427+00
d25a95df-8770-48e8-9f53-f75a11eeceb4,0c96a57e-6cc1-400f-bf3a-5740b699ac21,6d3f8a2c-1a05-4e2a-b57e-d969b668049b,2026-07-02,2026-07-02 11:00:05.615+00,1,email,2026-07-02 11:02:59.846+00
f67552d2-5c7a-4acd-85ea-536368bd4068,0c96a57e-6cc1-400f-bf3a-5740b699ac21,2a266637-be4e-4088-9918-a51576912f5c,2026-07-02,2026-07-02 11:00:05.615+00,4,in_app,2026-07-02 11:03:01.572+00
6c0473e8-938b-4100-96c3-d1c228afebbf,0c96a57e-6cc1-400f-bf3a-5740b699ac21,b3db042c-4932-4f66-8aff-3136ed50db97,2026-07-02,2026-07-02 11:00:05.615+00,8,email,2026-07-02 11:03:29.264+00
2cb5c473-7abe-4e24-b117-6f9fdf303cda,0c96a57e-6cc1-400f-bf3a-5740b699ac21,decc7faa-b202-42f1-9a04-fe15fe97a892,2026-07-02,2026-07-02 11:00:05.615+00,1,email,2026-07-02 11:03:45.981+00
86e0d3c7-3c74-4f44-9d15-625ca9f64776,0c96a57e-6cc1-400f-bf3a-5740b699ac21,968fc8e6-f918-4579-b0d1-26570ce5e94b,2026-07-08,2026-07-08 11:01:28.883+00,1,in_app,2026-07-08 11:01:29.097+00
b64c6fa2-1684-4995-a31f-1be9fcfa8509,0c96a57e-6cc1-400f-bf3a-5740b699ac21,968fc8e6-f918-4579-b0d1-26570ce5e94b,2026-07-08,2026-07-08 11:01:28.883+00,1,email,2026-07-08 11:01:29.523+00
b87a07c9-b661-41d1-8225-15a2408cf5ba,0c96a57e-6cc1-400f-bf3a-5740b699ac21,7b577c22-5513-42cc-ab19-2bf867e14ebc,2026-07-08,2026-07-08 11:01:28.883+00,2,email,2026-07-08 11:01:31.835+00
1d333e85-2bb9-4b98-b9e5-03490cd57fc3,c1f13659-b28c-4d50-8375-5bf200294992,3519d0a1-12b5-4a38-bbd5-a5b9d518cb53,2026-07-08,2026-07-08 11:01:28.883+00,1,in_app,2026-07-08 11:01:31.895+00
285ba92b-e450-4d79-bea2-bd2daa6632b4,62a2569e-4be2-4326-bddd-3c6116ed18b0,6d3f8a2c-1a05-4e2a-b57e-d969b668049b,2026-07-08,2026-07-08 11:01:28.883+00,1,in_app,2026-07-08 11:01:32.29+00
f30e14af-dc25-46bb-a77d-9366313495de,8474aaf6-e7d1-4165-9bef-bf76bc701038,90bb1d12-5855-4f3e-aecb-e92f597e650c,2026-07-27,2026-07-27 11:00:02.405+00,1,email,2026-07-27 11:00:05.496+00
ed2251dc-0340-49a0-a055-75455e6aa80d,62a2569e-4be2-4326-bddd-3c6116ed18b0,bdef184d-6217-4cdf-a59f-dc37008d13fd,2026-07-08,2026-07-08 11:01:28.883+00,1,email,2026-07-08 11:01:33.916+00
d6757c63-d827-4960-a74c-6c72a2d5a94b,b6617c09-9b4a-4ebc-bf50-e584b67edaa3,e5efecc9-f05f-479b-b2ea-81a2ed90fba4,2026-07-08,2026-07-08 11:01:28.883+00,1,email,2026-07-08 11:01:35.048+00
4e40d526-c899-48ce-86f5-6ea1175ebb72,b0737bfd-7bea-493b-8cfc-14946fcea8cd,32ccdbe1-627f-4fe3-a506-056b997ed89b,2026-07-08,2026-07-08 11:01:28.883+00,3,email,2026-07-08 11:01:36.149+00
8601b337-9acf-43cb-a52b-1d2acc69249e,3870aadb-8625-4184-ac60-c6e20be4cdc5,a94fc469-4603-487f-ab7f-e2712197d510,2026-07-08,2026-07-08 11:01:28.883+00,6,email,2026-07-08 11:01:36.623+00
233fbc9e-b682-4e4d-9541-e36545b4babe,c1f13659-b28c-4d50-8375-5bf200294992,658a0146-2d8a-4b2e-81e5-aa16fa9d0a30,2026-07-08,2026-07-08 11:01:28.883+00,1,in_app,2026-07-08 11:01:37.059+00
184cc5bc-9018-46b1-b4ff-18b06541ff13,c1f13659-b28c-4d50-8375-5bf200294992,658a0146-2d8a-4b2e-81e5-aa16fa9d0a30,2026-07-08,2026-07-08 11:01:28.883+00,1,email,2026-07-08 11:01:37.526+00
13a3c858-b4c6-419c-bcc2-b952ca3aa49c,0c96a57e-6cc1-400f-bf3a-5740b699ac21,27edf455-e61a-48a9-a846-e2c6f42999b5,2026-07-08,2026-07-08 11:01:28.883+00,1,email,2026-07-08 11:01:38.665+00
f069efd9-b5f7-4a2c-8a33-d9995e04f744,0c96a57e-6cc1-400f-bf3a-5740b699ac21,c6754833-e150-4c12-9149-45a6dfcd6eec,2026-07-08,2026-07-08 11:01:28.883+00,3,in_app,2026-07-08 11:01:39.847+00
ff830e0d-c4ec-4dae-a63d-e5493041af15,0ece46cd-9571-4f7f-8043-c1f2249b6cf9,6f58e5f8-b85c-4f92-89b7-1cf3ca9f22b6,2026-07-08,2026-07-08 11:01:28.883+00,2,email,2026-07-08 11:01:40.934+00
21b0c76f-1168-46fd-bd1e-d37d947b4fa9,c1f13659-b28c-4d50-8375-5bf200294992,decc7faa-b202-42f1-9a04-fe15fe97a892,2026-07-08,2026-07-08 11:01:28.883+00,1,in_app,2026-07-08 11:01:41.388+00
d6a51506-37ea-4ff2-b081-a55843a57899,0c96a57e-6cc1-400f-bf3a-5740b699ac21,5d7214cd-c7d1-42ac-b859-b9e84dee9fab,2026-07-08,2026-07-08 11:01:28.883+00,1,in_app,2026-07-08 11:01:42.17+00
a4e5d807-c58f-4fcc-85b4-8096717d829a,0c96a57e-6cc1-400f-bf3a-5740b699ac21,5d7214cd-c7d1-42ac-b859-b9e84dee9fab,2026-07-08,2026-07-08 11:01:28.883+00,1,email,2026-07-08 11:01:42.529+00
5aec4867-ba64-4ebd-821a-7ce2ea5b4b3e,0c96a57e-6cc1-400f-bf3a-5740b699ac21,bdef184d-6217-4cdf-a59f-dc37008d13fd,2026-07-08,2026-07-08 11:01:28.883+00,8,email,2026-07-08 11:01:43.063+00
27fff509-64c8-4966-ac81-ab8e6981d2e9,0c96a57e-6cc1-400f-bf3a-5740b699ac21,6d3f8a2c-1a05-4e2a-b57e-d969b668049b,2026-07-08,2026-07-08 11:01:28.883+00,1,in_app,2026-07-08 11:01:43.57+00
fe4d3165-f688-4929-aeff-91deb2747f25,0c96a57e-6cc1-400f-bf3a-5740b699ac21,2a266637-be4e-4088-9918-a51576912f5c,2026-07-08,2026-07-08 11:01:28.883+00,4,email,2026-07-08 11:01:44.608+00
5e2256cd-6f27-426b-b216-2d0d62ef0b2b,0c96a57e-6cc1-400f-bf3a-5740b699ac21,a94fc469-4603-487f-ab7f-e2712197d510,2026-07-08,2026-07-08 11:01:28.883+00,6,email,2026-07-08 11:01:45.533+00
9d757c4a-3e6a-4f50-993e-c4f52f545c5e,0c96a57e-6cc1-400f-bf3a-5740b699ac21,28f7b9e8-9516-4a08-864c-9ff3e085ba87,2026-07-08,2026-07-08 11:01:28.883+00,1,in_app,2026-07-08 11:01:45.59+00
7c56f07a-42fa-42d7-a5b7-8d5a608cfbe7,0c96a57e-6cc1-400f-bf3a-5740b699ac21,28f7b9e8-9516-4a08-864c-9ff3e085ba87,2026-07-08,2026-07-08 11:01:28.883+00,1,email,2026-07-08 11:01:45.891+00
c1477c64-b646-4292-b482-b6b17017f55d,0c96a57e-6cc1-400f-bf3a-5740b699ac21,658a0146-2d8a-4b2e-81e5-aa16fa9d0a30,2026-07-08,2026-07-08 11:01:28.883+00,1,in_app,2026-07-08 11:01:45.946+00
cd41876c-969a-4937-9bad-3faa4ccbd054,0c96a57e-6cc1-400f-bf3a-5740b699ac21,a3c5b629-15d3-48a7-b5ab-694e63dc8b63,2026-07-08,2026-07-08 11:01:28.883+00,8,in_app,2026-07-08 11:01:46.354+00
306c736f-9d09-4d80-b1ef-7987259473e0,0c96a57e-6cc1-400f-bf3a-5740b699ac21,7b577c22-5513-42cc-ab19-2bf867e14ebc,2026-07-11,2026-07-11 17:00:35.213+00,2,in_app,2026-07-11 17:00:39.002+00
6ecc5949-5606-4df9-8088-1e3b1b1f79af,0c96a57e-6cc1-400f-bf3a-5740b699ac21,7b577c22-5513-42cc-ab19-2bf867e14ebc,2026-07-11,2026-07-11 17:00:35.213+00,2,email,2026-07-11 17:00:39.405+00
ebe0e841-8c6f-4fd9-8253-9369eb9d6560,62a2569e-4be2-4326-bddd-3c6116ed18b0,bdef184d-6217-4cdf-a59f-dc37008d13fd,2026-07-11,2026-07-11 17:00:35.213+00,1,in_app,2026-07-11 17:00:41.558+00
621807e6-dfee-4058-8923-33a7bd585809,62a2569e-4be2-4326-bddd-3c6116ed18b0,bdef184d-6217-4cdf-a59f-dc37008d13fd,2026-07-11,2026-07-11 17:00:35.213+00,1,email,2026-07-11 17:00:41.964+00
06edbc1d-cc37-4b21-91b4-4580e80e1139,b0737bfd-7bea-493b-8cfc-14946fcea8cd,90bb1d12-5855-4f3e-aecb-e92f597e650c,2026-07-11,2026-07-11 17:00:35.213+00,1,email,2026-07-11 17:00:42.504+00
83eb28bc-5a19-4543-8db7-5a865db2240c,9b5aa503-44ec-40de-9ceb-b1475639767e,2a266637-be4e-4088-9918-a51576912f5c,2026-07-11,2026-07-11 17:00:35.213+00,4,in_app,2026-07-11 17:00:42.634+00
ceaeadce-b79f-4f5d-ae00-6e0ab351bfeb,9b5aa503-44ec-40de-9ceb-b1475639767e,2a266637-be4e-4088-9918-a51576912f5c,2026-07-11,2026-07-11 17:00:35.213+00,4,email,2026-07-11 17:00:43.004+00
43ab03a7-b05b-493c-8038-d44fec96732e,b6617c09-9b4a-4ebc-bf50-e584b67edaa3,e5efecc9-f05f-479b-b2ea-81a2ed90fba4,2026-07-11,2026-07-11 17:00:35.213+00,1,in_app,2026-07-11 17:00:43.126+00
a1874e72-eb55-46a5-b25a-1c25e895b646,fd63bafa-9a78-43fb-9311-f78b8cbfb667,d8eb23c1-2c90-4dfe-872a-aa3e3dcd6478,2026-07-11,2026-07-11 17:00:35.213+00,8,email,2026-07-11 17:00:43.992+00
149c199c-39db-498d-bdbf-5ae1bb402767,04b00ab5-856d-4f95-962b-e9d97b33f207,a3c5b629-15d3-48a7-b5ab-694e63dc8b63,2026-07-11,2026-07-11 17:00:35.213+00,8,in_app,2026-07-11 17:00:47.097+00
dc11d90a-3ac6-4d59-9155-8376c1a5c0f8,0c96a57e-6cc1-400f-bf3a-5740b699ac21,c6754833-e150-4c12-9149-45a6dfcd6eec,2026-07-11,2026-07-11 17:00:35.213+00,3,email,2026-07-11 17:00:50.494+00
574ea61d-df86-41c9-8769-25af465e7b4b,df71451b-bcd2-4602-9b7b-230b32f08b65,c30e3590-04a3-4544-bf66-43228037bfc9,2026-07-11,2026-07-11 17:00:35.213+00,1,email,2026-07-11 17:00:54.693+00
78af0494-ac29-4c58-b3b9-289cf78e8226,0c96a57e-6cc1-400f-bf3a-5740b699ac21,ebe67fdd-2e23-43c0-8e9b-8abec2682d09,2026-07-11,2026-07-11 17:00:35.213+00,2,in_app,2026-07-11 17:00:56.355+00
db774fa8-d8f0-45dd-9ff1-ab21e00584c9,0c96a57e-6cc1-400f-bf3a-5740b699ac21,d8eb23c1-2c90-4dfe-872a-aa3e3dcd6478,2026-07-11,2026-07-11 17:00:35.213+00,8,in_app,2026-07-11 17:00:57.429+00
36cb598a-0b1f-42c5-9821-fec9c540dd82,0c96a57e-6cc1-400f-bf3a-5740b699ac21,28f7b9e8-9516-4a08-864c-9ff3e085ba87,2026-07-11,2026-07-11 17:00:35.213+00,1,in_app,2026-07-11 17:00:57.967+00
4cf02223-a65e-46a6-8c37-f86aa86d3181,0c96a57e-6cc1-400f-bf3a-5740b699ac21,658a0146-2d8a-4b2e-81e5-aa16fa9d0a30,2026-07-11,2026-07-11 17:00:35.213+00,1,in_app,2026-07-11 17:00:58.487+00
ba8944ec-064d-4230-9328-7145584d7ca0,0c96a57e-6cc1-400f-bf3a-5740b699ac21,3258f102-8146-4986-964f-8c8f53441300,2026-07-11,2026-07-11 17:00:35.213+00,1,email,2026-07-11 17:00:59.934+00
69e671f1-d5b3-4b49-aa9d-d8d895f7db33,0c96a57e-6cc1-400f-bf3a-5740b699ac21,b3db042c-4932-4f66-8aff-3136ed50db97,2026-07-11,2026-07-11 17:00:35.213+00,8,in_app,2026-07-11 17:01:00.12+00
8f26af43-016f-4a73-bb33-a9ea7ccea33b,0c96a57e-6cc1-400f-bf3a-5740b699ac21,b3db042c-4932-4f66-8aff-3136ed50db97,2026-07-11,2026-07-11 17:00:35.213+00,8,email,2026-07-11 17:01:00.525+00
1b79fc9b-e49e-4e08-a36b-66277caa1259,0c96a57e-6cc1-400f-bf3a-5740b699ac21,6f58e5f8-b85c-4f92-89b7-1cf3ca9f22b6,2026-07-11,2026-07-11 17:00:35.213+00,2,in_app,2026-07-11 17:01:01.178+00
d8f2cdb6-d447-4327-8237-393351b11c3b,0c96a57e-6cc1-400f-bf3a-5740b699ac21,6f58e5f8-b85c-4f92-89b7-1cf3ca9f22b6,2026-07-11,2026-07-11 17:00:35.213+00,2,email,2026-07-11 17:01:01.57+00
a7e0b0f5-55d8-4e06-a8a9-9358bee7de2a,0c96a57e-6cc1-400f-bf3a-5740b699ac21,8cab859b-a1e1-4edb-af95-4e847e1c93e4,2026-07-11,2026-07-11 17:00:35.213+00,2,email,2026-07-11 17:01:02.59+00
196895e0-281c-419d-af18-65001b3fd602,9066ac12-d1c6-4a15-ad74-4932bf8dd987,968fc8e6-f918-4579-b0d1-26570ce5e94b,2026-07-14,2026-07-14 11:01:25.445+00,2,in_app,2026-07-14 11:01:34.466+00
d26ecf54-770a-4486-abeb-4404d729b9b2,9066ac12-d1c6-4a15-ad74-4932bf8dd987,968fc8e6-f918-4579-b0d1-26570ce5e94b,2026-07-14,2026-07-14 11:01:25.445+00,2,email,2026-07-14 11:01:34.818+00
668fb535-b458-43cc-ab78-f2926e32d36c,678c949f-b372-4aba-9d9b-26d422134531,3258f102-8146-4986-964f-8c8f53441300,2026-07-14,2026-07-14 11:01:25.445+00,2,in_app,2026-07-14 11:01:35.327+00
4314c876-a0bc-4915-9547-f883d9a21f41,ed586056-17ca-4287-936a-c16e642c63a6,8737f689-7c9e-414a-8391-5bf93d5ba600,2026-07-14,2026-07-14 11:01:25.445+00,1,in_app,2026-07-14 11:01:36.8+00
b0f75126-fe95-45a9-b66c-0f3fe9d50c2b,493aecc1-6791-4d62-bc63-f4f55c78e44e,7b577c22-5513-42cc-ab19-2bf867e14ebc,2026-07-14,2026-07-14 11:01:25.445+00,7,email,2026-07-14 11:01:39.064+00
9984c586-a560-4432-8555-a8967db07044,0c96a57e-6cc1-400f-bf3a-5740b699ac21,a94fc469-4603-487f-ab7f-e2712197d510,2026-07-14,2026-07-14 11:01:25.445+00,11,in_app,2026-07-14 11:01:40.722+00
c2b6f798-e1e9-439d-aa7a-69a1e2cfb68e,0c96a57e-6cc1-400f-bf3a-5740b699ac21,6d3f8a2c-1a05-4e2a-b57e-d969b668049b,2026-07-14,2026-07-14 11:01:25.445+00,1,in_app,2026-07-14 11:01:42.604+00
d263d58c-3f10-4286-b5a3-8b782c481b98,0c96a57e-6cc1-400f-bf3a-5740b699ac21,ebe67fdd-2e23-43c0-8e9b-8abec2682d09,2026-07-14,2026-07-14 11:01:25.445+00,2,email,2026-07-14 11:01:43.801+00
f46687a6-6c7f-47a0-b57d-202c57aa7598,0c96a57e-6cc1-400f-bf3a-5740b699ac21,3cbe0dd1-c806-4171-8fdf-002c7fe52d74,2026-07-14,2026-07-14 11:01:25.445+00,1,in_app,2026-07-14 11:01:45.239+00
c5762586-6db9-471a-9665-ccd3b53913a4,0c96a57e-6cc1-400f-bf3a-5740b699ac21,a3c5b629-15d3-48a7-b5ab-694e63dc8b63,2026-07-14,2026-07-14 11:01:25.445+00,8,in_app,2026-07-14 11:01:45.707+00
99bb298f-4537-4c6b-8698-4398fbe42fa1,0c96a57e-6cc1-400f-bf3a-5740b699ac21,b3db042c-4932-4f66-8aff-3136ed50db97,2026-07-14,2026-07-14 11:01:25.445+00,8,in_app,2026-07-14 11:01:46.653+00
8e08276a-1221-4d5d-a03d-b215d39d65a7,0c96a57e-6cc1-400f-bf3a-5740b699ac21,b3db042c-4932-4f66-8aff-3136ed50db97,2026-07-14,2026-07-14 11:01:25.445+00,8,email,2026-07-14 11:01:47.018+00
c843892f-0fc2-4c5a-a6b0-e7a4639243ec,0c96a57e-6cc1-400f-bf3a-5740b699ac21,6d3f8a2c-1a05-4e2a-b57e-d969b668049b,2026-07-16,2026-07-16 11:00:00.525+00,1,in_app,2026-07-16 11:00:33.113+00
6cf09398-cbbc-4ec7-8920-76ab95293d05,0c96a57e-6cc1-400f-bf3a-5740b699ac21,6d3f8a2c-1a05-4e2a-b57e-d969b668049b,2026-07-16,2026-07-16 11:00:00.525+00,1,email,2026-07-16 11:00:33.466+00
42253247-b83c-46ce-86d3-49aff56a6ec5,0c96a57e-6cc1-400f-bf3a-5740b699ac21,2a266637-be4e-4088-9918-a51576912f5c,2026-07-16,2026-07-16 11:00:00.525+00,4,in_app,2026-07-16 11:00:34.379+00
dd011dce-f9fb-4459-8b0d-87d325d42896,0c96a57e-6cc1-400f-bf3a-5740b699ac21,decc7faa-b202-42f1-9a04-fe15fe97a892,2026-07-16,2026-07-16 11:00:00.525+00,1,email,2026-07-16 11:00:37.827+00
285b7e44-4411-4eb4-af70-e8f938432bc4,493aecc1-6791-4d62-bc63-f4f55c78e44e,642b0596-7431-4f50-acff-1eb4199fab76,2026-07-18,2026-07-18 17:00:49.245+00,1,in_app,2026-07-18 17:00:59.357+00
c2e16e11-8c72-45e0-b892-906d35d72e73,493aecc1-6791-4d62-bc63-f4f55c78e44e,642b0596-7431-4f50-acff-1eb4199fab76,2026-07-18,2026-07-18 17:00:49.245+00,1,email,2026-07-18 17:00:59.627+00
7eb3d710-6be9-4a1c-b8c5-c4f8abf2dfc9,493aecc1-6791-4d62-bc63-f4f55c78e44e,7b577c22-5513-42cc-ab19-2bf867e14ebc,2026-07-18,2026-07-18 17:00:49.245+00,7,in_app,2026-07-18 17:01:00.023+00
2daa492e-aaae-47da-8f20-eae258a6bb13,0c96a57e-6cc1-400f-bf3a-5740b699ac21,2a266637-be4e-4088-9918-a51576912f5c,2026-07-02,2026-07-02 11:00:05.615+00,4,email,2026-07-02 11:03:04.971+00
ef11bb6f-302b-466a-879b-f6eb3175f521,0c96a57e-6cc1-400f-bf3a-5740b699ac21,d8eb23c1-2c90-4dfe-872a-aa3e3dcd6478,2026-07-02,2026-07-02 11:00:05.615+00,8,in_app,2026-07-02 11:03:07.839+00
68d36718-e216-44c3-963b-9395ecc1e66a,b16b90c0-67c9-46c5-ac6f-2ccb8f3b2a08,5d7214cd-c7d1-42ac-b859-b9e84dee9fab,2026-07-08,2026-07-08 11:01:28.883+00,1,in_app,2026-07-08 11:01:29.593+00
d9c7a5d5-a5ce-453a-bd48-919f8b7cb96f,b16b90c0-67c9-46c5-ac6f-2ccb8f3b2a08,5d7214cd-c7d1-42ac-b859-b9e84dee9fab,2026-07-08,2026-07-08 11:01:28.883+00,1,email,2026-07-08 11:01:29.914+00
c400ce7c-a165-485b-a3f6-2bfb4bf3268c,8396bd66-e3ed-4593-b985-3e380cd308eb,b0faf762-848b-4737-a04d-b2b4e1e8cc5b,2026-07-08,2026-07-08 11:01:28.883+00,2,in_app,2026-07-08 11:01:30.415+00
aa84b322-91a2-4220-8337-4a77625e506e,8396bd66-e3ed-4593-b985-3e380cd308eb,b0faf762-848b-4737-a04d-b2b4e1e8cc5b,2026-07-08,2026-07-08 11:01:28.883+00,2,email,2026-07-08 11:01:30.976+00
bfbc8e6e-b6a2-44f7-a930-60cdd17b005a,72aeb445-484f-4979-8c2a-d34ec40b22b0,bdef184d-6217-4cdf-a59f-dc37008d13fd,2026-07-08,2026-07-08 11:01:28.883+00,7,in_app,2026-07-08 11:01:31.05+00
b87eeeb8-5318-48a2-a207-dcc86027328a,72aeb445-484f-4979-8c2a-d34ec40b22b0,bdef184d-6217-4cdf-a59f-dc37008d13fd,2026-07-08,2026-07-08 11:01:28.883+00,7,email,2026-07-08 11:01:31.412+00
560d8e91-776a-4380-8e6b-9a457a685169,62a2569e-4be2-4326-bddd-3c6116ed18b0,6d3f8a2c-1a05-4e2a-b57e-d969b668049b,2026-07-08,2026-07-08 11:01:28.883+00,1,email,2026-07-08 11:01:32.614+00
60ca2ddc-be21-44bd-ba1b-f284fea4f811,62a2569e-4be2-4326-bddd-3c6116ed18b0,7b577c22-5513-42cc-ab19-2bf867e14ebc,2026-07-08,2026-07-08 11:01:28.883+00,1,in_app,2026-07-08 11:01:32.674+00
262e5db3-f6c7-41ca-ba20-0ddded415de6,62a2569e-4be2-4326-bddd-3c6116ed18b0,7b577c22-5513-42cc-ab19-2bf867e14ebc,2026-07-08,2026-07-08 11:01:28.883+00,1,email,2026-07-08 11:01:32.982+00
735ac11a-1ce5-4f2b-8fef-18698088a74a,72aeb445-484f-4979-8c2a-d34ec40b22b0,bdef184d-6217-4cdf-a59f-dc37008d13fd,2026-07-27,2026-07-27 11:00:02.405+00,6,in_app,2026-07-27 11:00:05.609+00
f5b495a6-9bb5-4fc3-831f-98561e2d6bc1,fd63bafa-9a78-43fb-9311-f78b8cbfb667,d8eb23c1-2c90-4dfe-872a-aa3e3dcd6478,2026-07-08,2026-07-08 11:01:28.883+00,8,in_app,2026-07-08 11:01:35.11+00
ff2372b3-79ad-41d7-912c-3d372535b8ab,3870aadb-8625-4184-ac60-c6e20be4cdc5,a94fc469-4603-487f-ab7f-e2712197d510,2026-07-08,2026-07-08 11:01:28.883+00,6,in_app,2026-07-08 11:01:36.213+00
3456bebc-6056-4f07-ae45-68f8f52afbf4,04b00ab5-856d-4f95-962b-e9d97b33f207,a3c5b629-15d3-48a7-b5ab-694e63dc8b63,2026-07-08,2026-07-08 11:01:28.883+00,8,email,2026-07-08 11:01:38.287+00
11021476-2c0d-42c8-b7e9-ca05dc4791e0,2e6f6612-8033-42e0-b84d-b2ea8aded8ac,b3db042c-4932-4f66-8aff-3136ed50db97,2026-07-08,2026-07-08 11:01:28.883+00,7,email,2026-07-08 11:01:39.405+00
b853818c-e0d6-4c72-975a-16c96a3cce16,493aecc1-6791-4d62-bc63-f4f55c78e44e,642b0596-7431-4f50-acff-1eb4199fab76,2026-07-08,2026-07-08 11:01:28.883+00,1,in_app,2026-07-08 11:01:39.464+00
f5c67c55-2052-4024-b93b-6f48af83ae26,0ae36a43-2ef0-4a7d-b95a-edcc7d9ac3f2,7b577c22-5513-42cc-ab19-2bf867e14ebc,2026-07-08,2026-07-08 11:01:28.883+00,1,in_app,2026-07-08 11:01:40.994+00
787a7dad-8792-4b47-bb2a-0cb9ffb92554,0ae36a43-2ef0-4a7d-b95a-edcc7d9ac3f2,7b577c22-5513-42cc-ab19-2bf867e14ebc,2026-07-08,2026-07-08 11:01:28.883+00,1,email,2026-07-08 11:01:41.33+00
7a636e10-2a73-4304-b065-4d1eddfdd015,678b734f-19e2-4622-ab4e-fccd86f4877f,8cab859b-a1e1-4edb-af95-4e847e1c93e4,2026-07-08,2026-07-08 11:01:28.883+00,2,in_app,2026-07-08 11:01:41.75+00
9d6c1573-268a-4f9f-b646-d9d6e60ce691,678b734f-19e2-4622-ab4e-fccd86f4877f,8cab859b-a1e1-4edb-af95-4e847e1c93e4,2026-07-08,2026-07-08 11:01:28.883+00,2,email,2026-07-08 11:01:42.05+00
7d5e930e-b11a-48d5-a24f-1a410ac24bd9,0c96a57e-6cc1-400f-bf3a-5740b699ac21,3519d0a1-12b5-4a38-bbd5-a5b9d518cb53,2026-07-08,2026-07-08 11:01:28.883+00,1,email,2026-07-08 11:01:43.511+00
e03e7765-7d8d-4566-a87e-fd366bbe2887,0c96a57e-6cc1-400f-bf3a-5740b699ac21,ebe67fdd-2e23-43c0-8e9b-8abec2682d09,2026-07-08,2026-07-08 11:01:28.883+00,2,in_app,2026-07-08 11:01:43.936+00
90852454-68a1-48fd-a476-e449c3601491,0c96a57e-6cc1-400f-bf3a-5740b699ac21,a3c5b629-15d3-48a7-b5ab-694e63dc8b63,2026-07-08,2026-07-08 11:01:28.883+00,8,email,2026-07-08 11:01:46.697+00
24fe5932-3911-49e0-a49a-c92f92785cd7,0c96a57e-6cc1-400f-bf3a-5740b699ac21,b3db042c-4932-4f66-8aff-3136ed50db97,2026-07-08,2026-07-08 11:01:28.883+00,8,email,2026-07-08 11:01:47.14+00
659c2cb5-fccf-454a-b357-1803213b7ab7,0c96a57e-6cc1-400f-bf3a-5740b699ac21,642b0596-7431-4f50-acff-1eb4199fab76,2026-07-08,2026-07-08 11:01:28.883+00,1,in_app,2026-07-08 11:01:47.197+00
7e53afdd-7f78-4ad5-8087-44f48e9c4d67,0c96a57e-6cc1-400f-bf3a-5740b699ac21,6f58e5f8-b85c-4f92-89b7-1cf3ca9f22b6,2026-07-08,2026-07-08 11:01:28.883+00,2,in_app,2026-07-08 11:01:47.589+00
039fc2ed-1c5f-4079-924c-bb71de35b348,0c96a57e-6cc1-400f-bf3a-5740b699ac21,6f58e5f8-b85c-4f92-89b7-1cf3ca9f22b6,2026-07-08,2026-07-08 11:01:28.883+00,2,email,2026-07-08 11:01:47.917+00
886823f4-33c4-4316-b944-22f5bec00cc3,b0737bfd-7bea-493b-8cfc-14946fcea8cd,32ccdbe1-627f-4fe3-a506-056b997ed89b,2026-07-11,2026-07-11 17:00:35.213+00,3,in_app,2026-07-11 17:00:45.16+00
836356ac-c9eb-49e4-859f-8397e3f69ae2,c1f13659-b28c-4d50-8375-5bf200294992,658a0146-2d8a-4b2e-81e5-aa16fa9d0a30,2026-07-11,2026-07-11 17:00:35.213+00,1,email,2026-07-11 17:00:46.016+00
7486afec-410c-43b7-b7c8-0b97e2d1b499,04b00ab5-856d-4f95-962b-e9d97b33f207,a3c5b629-15d3-48a7-b5ab-694e63dc8b63,2026-07-11,2026-07-11 17:00:35.213+00,8,email,2026-07-11 17:00:47.492+00
a8842405-5e63-4e35-b07d-c1929d87b034,2e6f6612-8033-42e0-b84d-b2ea8aded8ac,b3db042c-4932-4f66-8aff-3136ed50db97,2026-07-11,2026-07-11 17:00:35.213+00,7,in_app,2026-07-11 17:00:49.085+00
12cec634-f1c8-4675-b2f5-e6b2f0edcae4,493aecc1-6791-4d62-bc63-f4f55c78e44e,7b577c22-5513-42cc-ab19-2bf867e14ebc,2026-07-11,2026-07-11 17:00:35.213+00,7,in_app,2026-07-11 17:00:50.621+00
881e07d1-79ab-490b-86c9-b652689e133b,0ece46cd-9571-4f7f-8043-c1f2249b6cf9,6f58e5f8-b85c-4f92-89b7-1cf3ca9f22b6,2026-07-11,2026-07-11 17:00:35.213+00,2,in_app,2026-07-11 17:00:51.08+00
c086789d-7e6d-4254-b037-3016bf7f8f41,0ece46cd-9571-4f7f-8043-c1f2249b6cf9,6f58e5f8-b85c-4f92-89b7-1cf3ca9f22b6,2026-07-11,2026-07-11 17:00:35.213+00,2,email,2026-07-11 17:00:51.463+00
61d9b895-d091-4781-b7a3-774952f21be3,0ae36a43-2ef0-4a7d-b95a-edcc7d9ac3f2,7b577c22-5513-42cc-ab19-2bf867e14ebc,2026-07-11,2026-07-11 17:00:35.213+00,1,in_app,2026-07-11 17:00:51.583+00
385ddcc8-c3f4-4932-80d0-3815e83c3f2f,0ae36a43-2ef0-4a7d-b95a-edcc7d9ac3f2,7b577c22-5513-42cc-ab19-2bf867e14ebc,2026-07-11,2026-07-11 17:00:35.213+00,1,email,2026-07-11 17:00:52.045+00
feec96e1-008a-4855-8e23-a8bef0f368dd,678b734f-19e2-4622-ab4e-fccd86f4877f,8cab859b-a1e1-4edb-af95-4e847e1c93e4,2026-07-11,2026-07-11 17:00:35.213+00,2,in_app,2026-07-11 17:00:52.665+00
2eea39be-93ce-42f8-b75c-157760dabaa7,c1f13659-b28c-4d50-8375-5bf200294992,decc7faa-b202-42f1-9a04-fe15fe97a892,2026-07-14,2026-07-14 11:01:25.445+00,1,email,2026-07-14 11:01:39.831+00
0438fb9d-4d62-439d-b954-24177de1b7d5,678b734f-19e2-4622-ab4e-fccd86f4877f,8cab859b-a1e1-4edb-af95-4e847e1c93e4,2026-07-14,2026-07-14 11:01:25.445+00,2,email,2026-07-14 11:01:40.178+00
ed881952-d4c2-4a6c-9916-ca56a9f485b1,c1f13659-b28c-4d50-8375-5bf200294992,1c2d5668-5cd9-49a7-a138-3ccd2bea5cbb,2026-07-14,2026-07-14 11:01:25.445+00,1,email,2026-07-14 11:01:40.555+00
c5eb3196-6976-407c-bcc8-d713e23d8b9b,0c96a57e-6cc1-400f-bf3a-5740b699ac21,a94fc469-4603-487f-ab7f-e2712197d510,2026-07-14,2026-07-14 11:01:25.445+00,11,email,2026-07-14 11:01:41.079+00
e3c23cf2-62df-474d-8a62-a2ea6d151045,0c96a57e-6cc1-400f-bf3a-5740b699ac21,bdef184d-6217-4cdf-a59f-dc37008d13fd,2026-07-14,2026-07-14 11:01:25.445+00,8,email,2026-07-14 11:01:42.053+00
29ca60c3-4186-4b59-9e4b-f01bae24d16c,0c96a57e-6cc1-400f-bf3a-5740b699ac21,b874694b-f463-4dbd-bb6f-b04f121a8802,2026-07-14,2026-07-14 11:01:25.445+00,1,in_app,2026-07-14 11:01:43.053+00
55f55af4-1290-4d97-a161-4e8244f823e9,0c96a57e-6cc1-400f-bf3a-5740b699ac21,ebe67fdd-2e23-43c0-8e9b-8abec2682d09,2026-07-14,2026-07-14 11:01:25.445+00,2,in_app,2026-07-14 11:01:43.46+00
42c9664a-e273-4963-ba04-f557c49ffb96,0c96a57e-6cc1-400f-bf3a-5740b699ac21,3258f102-8146-4986-964f-8c8f53441300,2026-07-14,2026-07-14 11:01:25.445+00,2,email,2026-07-14 11:01:46.447+00
ad5d2808-e5f0-4a58-aae2-aa9fbfaeb10f,0c96a57e-6cc1-400f-bf3a-5740b699ac21,642b0596-7431-4f50-acff-1eb4199fab76,2026-07-14,2026-07-14 11:01:25.445+00,1,email,2026-07-14 11:01:47.446+00
59ebd355-e806-41b6-ab94-85f9926beece,0c96a57e-6cc1-400f-bf3a-5740b699ac21,54fd3322-4510-4b44-bfbc-52e1c44b4969,2026-07-14,2026-07-14 11:01:25.445+00,1,in_app,2026-07-14 11:01:47.566+00
dcbe5071-e97f-4b7a-bea7-63b6cb927772,0c96a57e-6cc1-400f-bf3a-5740b699ac21,54fd3322-4510-4b44-bfbc-52e1c44b4969,2026-07-14,2026-07-14 11:01:25.445+00,1,email,2026-07-14 11:01:47.894+00
fb7628dc-be4e-4cbc-a897-fc1f41bd7c01,0c96a57e-6cc1-400f-bf3a-5740b699ac21,b874694b-f463-4dbd-bb6f-b04f121a8802,2026-07-16,2026-07-16 11:00:00.525+00,1,email,2026-07-16 11:00:33.896+00
738376c7-ee07-4886-ac5d-22e5c19e2ba3,0c96a57e-6cc1-400f-bf3a-5740b699ac21,2a266637-be4e-4088-9918-a51576912f5c,2026-07-16,2026-07-16 11:00:00.525+00,4,email,2026-07-16 11:00:34.717+00
a2f2c9df-d176-4932-98fb-afed3d1788bd,0c96a57e-6cc1-400f-bf3a-5740b699ac21,d8eb23c1-2c90-4dfe-872a-aa3e3dcd6478,2026-07-16,2026-07-16 11:00:00.525+00,8,email,2026-07-16 11:00:35.173+00
4444c425-be0d-4925-8f25-3b2bbb4f26f4,0c96a57e-6cc1-400f-bf3a-5740b699ac21,8cab859b-a1e1-4edb-af95-4e847e1c93e4,2026-07-16,2026-07-16 11:00:00.525+00,2,in_app,2026-07-16 11:00:37.894+00
545e2e25-3f69-4fef-851c-f9f446fc1b84,0c96a57e-6cc1-400f-bf3a-5740b699ac21,8cab859b-a1e1-4edb-af95-4e847e1c93e4,2026-07-16,2026-07-16 11:00:00.525+00,2,email,2026-07-16 11:00:38.253+00
e0d7b243-cfd7-4f3d-b48c-5aa9c4bf68bf,493aecc1-6791-4d62-bc63-f4f55c78e44e,7b577c22-5513-42cc-ab19-2bf867e14ebc,2026-07-18,2026-07-18 17:00:49.245+00,7,email,2026-07-18 17:01:00.288+00
29ccbb16-f3e4-48dc-9fef-eadc78dfb132,0ae36a43-2ef0-4a7d-b95a-edcc7d9ac3f2,7b577c22-5513-42cc-ab19-2bf867e14ebc,2026-07-18,2026-07-18 17:00:49.245+00,1,email,2026-07-18 17:01:01.001+00
0c5397fb-3427-4829-ba73-6bc25bdc5661,c1f13659-b28c-4d50-8375-5bf200294992,decc7faa-b202-42f1-9a04-fe15fe97a892,2026-07-18,2026-07-18 17:00:49.245+00,1,email,2026-07-18 17:01:01.36+00
7c7b84f0-baab-4a72-84f3-0738e834aa0a,0c96a57e-6cc1-400f-bf3a-5740b699ac21,bdef184d-6217-4cdf-a59f-dc37008d13fd,2026-07-18,2026-07-18 17:00:49.245+00,8,in_app,2026-07-18 17:01:02.999+00
95d06d76-970e-46e3-88ea-e8e4da574166,0c96a57e-6cc1-400f-bf3a-5740b699ac21,6d3f8a2c-1a05-4e2a-b57e-d969b668049b,2026-07-18,2026-07-18 17:00:49.245+00,1,in_app,2026-07-18 17:01:03.339+00
29218610-7e2c-455c-8e3c-0b134e635a6f,b6617c09-9b4a-4ebc-bf50-e584b67edaa3,e5efecc9-f05f-479b-b2ea-81a2ed90fba4,2026-07-21,2026-07-21 11:00:03.241+00,1,email,2026-07-21 11:00:15.782+00
3799baec-8349-4358-9937-ebca9be9891c,fd63bafa-9a78-43fb-9311-f78b8cbfb667,d8eb23c1-2c90-4dfe-872a-aa3e3dcd6478,2026-07-21,2026-07-21 11:00:03.241+00,8,in_app,2026-07-21 11:00:15.892+00
f7825437-2308-42d7-baed-7fbf0b0be2da,fd63bafa-9a78-43fb-9311-f78b8cbfb667,d8eb23c1-2c90-4dfe-872a-aa3e3dcd6478,2026-07-21,2026-07-21 11:00:03.241+00,8,email,2026-07-21 11:00:16.262+00
8f6ec2fc-aa37-4033-859f-da6b7897e48e,0c96a57e-6cc1-400f-bf3a-5740b699ac21,6237fa09-ec4a-46ca-a99b-4f8afb3bf259,2026-07-21,2026-07-21 11:00:03.241+00,1,in_app,2026-07-21 11:00:16.358+00
39be15e8-8290-4723-a21d-6cd41c0a97c1,9066ac12-d1c6-4a15-ad74-4932bf8dd987,968fc8e6-f918-4579-b0d1-26570ce5e94b,2026-07-21,2026-07-21 11:00:03.241+00,2,email,2026-07-21 11:00:18.813+00
446a6a1f-3f1c-47d6-aa9d-b7b5dfec7e6d,b16b90c0-67c9-46c5-ac6f-2ccb8f3b2a08,5d7214cd-c7d1-42ac-b859-b9e84dee9fab,2026-07-21,2026-07-21 11:00:03.241+00,1,in_app,2026-07-21 11:00:19.874+00
48a3fb4a-baec-413a-9d6f-cab50c2a8fb3,b16b90c0-67c9-46c5-ac6f-2ccb8f3b2a08,5d7214cd-c7d1-42ac-b859-b9e84dee9fab,2026-07-21,2026-07-21 11:00:03.241+00,1,email,2026-07-21 11:00:20.247+00
827a0acc-523a-4459-bf66-85d9d11d92af,678c949f-b372-4aba-9d9b-26d422134531,3258f102-8146-4986-964f-8c8f53441300,2026-07-21,2026-07-21 11:00:03.241+00,2,in_app,2026-07-21 11:00:20.346+00
1b30eb71-42b5-4f4a-b20d-cf3d87574fb4,678c949f-b372-4aba-9d9b-26d422134531,3258f102-8146-4986-964f-8c8f53441300,2026-07-21,2026-07-21 11:00:03.241+00,2,email,2026-07-21 11:00:20.979+00
dcb5e788-6f84-4198-a084-776c16594531,8396bd66-e3ed-4593-b985-3e380cd308eb,b0faf762-848b-4737-a04d-b2b4e1e8cc5b,2026-07-21,2026-07-21 11:00:03.241+00,1,email,2026-07-21 11:00:21.771+00
671f10fa-68eb-4ece-a140-74d720167588,2a72272f-56f2-4104-9952-5d3d8b19ff1d,27edf455-e61a-48a9-a846-e2c6f42999b5,2026-07-21,2026-07-21 11:00:03.241+00,2,in_app,2026-07-21 11:00:21.868+00
4ea36586-4624-43af-8513-edcd5c4f518d,0c96a57e-6cc1-400f-bf3a-5740b699ac21,d8eb23c1-2c90-4dfe-872a-aa3e3dcd6478,2026-07-02,2026-07-02 11:00:05.615+00,8,email,2026-07-02 11:03:11.365+00
4a890d2c-4335-4b19-95f6-50aefe8a71c1,0c96a57e-6cc1-400f-bf3a-5740b699ac21,b3db042c-4932-4f66-8aff-3136ed50db97,2026-07-02,2026-07-02 11:00:05.615+00,8,in_app,2026-07-02 11:03:25.746+00
96da113b-0f7d-4b47-9537-510cd07a1b9f,0c96a57e-6cc1-400f-bf3a-5740b699ac21,642b0596-7431-4f50-acff-1eb4199fab76,2026-07-02,2026-07-02 11:00:05.615+00,1,in_app,2026-07-02 11:03:30.989+00
c2d24721-d51d-4332-aa55-bffe2ad2719e,0c96a57e-6cc1-400f-bf3a-5740b699ac21,642b0596-7431-4f50-acff-1eb4199fab76,2026-07-02,2026-07-02 11:00:05.615+00,1,email,2026-07-02 11:03:34.405+00
3fed1102-7e14-4f19-8873-e0a3f0f95010,0c96a57e-6cc1-400f-bf3a-5740b699ac21,6f58e5f8-b85c-4f92-89b7-1cf3ca9f22b6,2026-07-02,2026-07-02 11:00:05.615+00,2,in_app,2026-07-02 11:03:37.284+00
82cc5e5e-156d-4918-a133-696596eb327d,0c96a57e-6cc1-400f-bf3a-5740b699ac21,6f58e5f8-b85c-4f92-89b7-1cf3ca9f22b6,2026-07-02,2026-07-02 11:00:05.615+00,2,email,2026-07-02 11:03:40.831+00
2c130c42-c550-45de-a210-d9e2c4e671bc,0c96a57e-6cc1-400f-bf3a-5740b699ac21,decc7faa-b202-42f1-9a04-fe15fe97a892,2026-07-02,2026-07-02 11:00:05.615+00,1,in_app,2026-07-02 11:03:42.568+00
2bd52eef-ee72-4f3e-96fe-fc03f1361e5a,8474aaf6-e7d1-4165-9bef-bf76bc701038,90bb1d12-5855-4f3e-aecb-e92f597e650c,2026-07-08,2026-07-08 11:01:28.883+00,1,in_app,2026-07-08 11:01:29.981+00
4d98295a-b973-4c0d-9d8f-0b1be0fb3b38,8474aaf6-e7d1-4165-9bef-bf76bc701038,90bb1d12-5855-4f3e-aecb-e92f597e650c,2026-07-08,2026-07-08 11:01:28.883+00,1,email,2026-07-08 11:01:30.339+00
c7ebcd02-9c8e-4e33-b265-92dba612c61f,0c96a57e-6cc1-400f-bf3a-5740b699ac21,6237fa09-ec4a-46ca-a99b-4f8afb3bf259,2026-07-08,2026-07-08 11:01:28.883+00,1,in_app,2026-07-08 11:01:35.473+00
b51690c9-4729-416e-8963-57429c48c206,0c96a57e-6cc1-400f-bf3a-5740b699ac21,6237fa09-ec4a-46ca-a99b-4f8afb3bf259,2026-07-08,2026-07-08 11:01:28.883+00,1,email,2026-07-08 11:01:35.789+00
916613a8-4d30-42ab-91cc-6c189a857cd6,9066ac12-d1c6-4a15-ad74-4932bf8dd987,968fc8e6-f918-4579-b0d1-26570ce5e94b,2026-07-08,2026-07-08 11:01:28.883+00,2,in_app,2026-07-08 11:01:37.587+00
4b07f462-cf8b-4e6e-8959-d571431ab1a9,04b00ab5-856d-4f95-962b-e9d97b33f207,a3c5b629-15d3-48a7-b5ab-694e63dc8b63,2026-07-08,2026-07-08 11:01:28.883+00,8,in_app,2026-07-08 11:01:37.944+00
99e035d0-0907-4ea2-9c2b-44f2500b4e5e,0c96a57e-6cc1-400f-bf3a-5740b699ac21,c6754833-e150-4c12-9149-45a6dfcd6eec,2026-07-08,2026-07-08 11:01:28.883+00,3,email,2026-07-08 11:01:40.189+00
cff67eaf-1759-446d-b165-ea8dc45a63d5,0ece46cd-9571-4f7f-8043-c1f2249b6cf9,6f58e5f8-b85c-4f92-89b7-1cf3ca9f22b6,2026-07-08,2026-07-08 11:01:28.883+00,2,in_app,2026-07-08 11:01:40.599+00
f34f1639-7f02-485a-9bc0-930131aabf65,0c96a57e-6cc1-400f-bf3a-5740b699ac21,ebe67fdd-2e23-43c0-8e9b-8abec2682d09,2026-07-08,2026-07-08 11:01:28.883+00,2,email,2026-07-08 11:01:44.24+00
3edfd04a-7491-4bbb-9edd-1398e02574c2,0c96a57e-6cc1-400f-bf3a-5740b699ac21,2a266637-be4e-4088-9918-a51576912f5c,2026-07-08,2026-07-08 11:01:28.883+00,4,in_app,2026-07-08 11:01:44.296+00
1fe49199-0ed3-41a3-967c-6fc1ac271077,0c96a57e-6cc1-400f-bf3a-5740b699ac21,658a0146-2d8a-4b2e-81e5-aa16fa9d0a30,2026-07-08,2026-07-08 11:01:28.883+00,1,email,2026-07-08 11:01:46.299+00
36194c77-6077-43d1-b4f3-1e99e0a5d084,0c96a57e-6cc1-400f-bf3a-5740b699ac21,decc7faa-b202-42f1-9a04-fe15fe97a892,2026-07-08,2026-07-08 11:01:28.883+00,1,in_app,2026-07-08 11:01:47.974+00
d0568f41-2682-4f1b-8108-3b68c8eafd2e,493aecc1-6791-4d62-bc63-f4f55c78e44e,642b0596-7431-4f50-acff-1eb4199fab76,2026-07-11,2026-07-11 17:00:35.213+00,1,email,2026-07-11 17:00:49.97+00
43c71cdb-bed8-4f00-b581-f825298b018c,493aecc1-6791-4d62-bc63-f4f55c78e44e,7b577c22-5513-42cc-ab19-2bf867e14ebc,2026-07-11,2026-07-11 17:00:35.213+00,7,email,2026-07-11 17:00:50.956+00
f0c5d5fe-d88e-48f0-935f-1e13cd235e8c,0c96a57e-6cc1-400f-bf3a-5740b699ac21,a94fc469-4603-487f-ab7f-e2712197d510,2026-07-11,2026-07-11 17:00:35.213+00,10,email,2026-07-11 17:00:54.162+00
81ef15df-1929-4aa0-b611-c2e344a82537,df71451b-bcd2-4602-9b7b-230b32f08b65,c30e3590-04a3-4544-bf66-43228037bfc9,2026-07-11,2026-07-11 17:00:35.213+00,1,in_app,2026-07-11 17:00:54.287+00
2295c066-7abf-4760-bd41-92e537e2f878,0c96a57e-6cc1-400f-bf3a-5740b699ac21,bdef184d-6217-4cdf-a59f-dc37008d13fd,2026-07-11,2026-07-11 17:00:35.213+00,8,in_app,2026-07-11 17:00:54.835+00
81e5c0f7-d267-43d9-a697-eee3df12b645,0c96a57e-6cc1-400f-bf3a-5740b699ac21,3519d0a1-12b5-4a38-bbd5-a5b9d518cb53,2026-07-11,2026-07-11 17:00:35.213+00,1,in_app,2026-07-11 17:00:55.353+00
2aa0e088-7e42-4449-afd6-e9a715320a74,0c96a57e-6cc1-400f-bf3a-5740b699ac21,642b0596-7431-4f50-acff-1eb4199fab76,2026-07-11,2026-07-11 17:00:35.213+00,1,in_app,2026-07-11 17:01:00.654+00
77022c6c-358c-4e61-bb40-8b62f5759a04,df71451b-bcd2-4602-9b7b-230b32f08b65,c30e3590-04a3-4544-bf66-43228037bfc9,2026-07-14,2026-07-14 11:01:25.445+00,1,in_app,2026-07-14 11:01:41.194+00
40dfaef9-4c88-4ad5-8b80-acb5e0cdc8e6,df71451b-bcd2-4602-9b7b-230b32f08b65,c30e3590-04a3-4544-bf66-43228037bfc9,2026-07-14,2026-07-14 11:01:25.445+00,1,email,2026-07-14 11:01:41.634+00
1539e3a6-97b3-45ea-8dc2-0dea499f3770,0c96a57e-6cc1-400f-bf3a-5740b699ac21,3519d0a1-12b5-4a38-bbd5-a5b9d518cb53,2026-07-14,2026-07-14 11:01:25.445+00,1,in_app,2026-07-14 11:01:42.165+00
9e66c90d-ee29-44ac-9723-12bc43fdedea,0c96a57e-6cc1-400f-bf3a-5740b699ac21,3519d0a1-12b5-4a38-bbd5-a5b9d518cb53,2026-07-14,2026-07-14 11:01:25.445+00,1,email,2026-07-14 11:01:42.513+00
00093b73-478f-4685-bb16-f4d3a902e1ec,0c96a57e-6cc1-400f-bf3a-5740b699ac21,6d3f8a2c-1a05-4e2a-b57e-d969b668049b,2026-07-14,2026-07-14 11:01:25.445+00,1,email,2026-07-14 11:01:42.983+00
2f7e1c97-eaf2-443e-bd7b-868b2e4d0af1,0c96a57e-6cc1-400f-bf3a-5740b699ac21,2a266637-be4e-4088-9918-a51576912f5c,2026-07-14,2026-07-14 11:01:25.445+00,4,in_app,2026-07-14 11:01:43.876+00
ded6fe81-1152-45ca-955e-f42f1555e697,0c96a57e-6cc1-400f-bf3a-5740b699ac21,28f7b9e8-9516-4a08-864c-9ff3e085ba87,2026-07-14,2026-07-14 11:01:25.445+00,1,email,2026-07-14 11:01:45.167+00
e98127ce-7d97-4fab-9141-099bef1ee8e5,0c96a57e-6cc1-400f-bf3a-5740b699ac21,3cbe0dd1-c806-4171-8fdf-002c7fe52d74,2026-07-14,2026-07-14 11:01:25.445+00,1,email,2026-07-14 11:01:45.592+00
5a75d6f5-06c0-4565-a745-0fdf95a7fd73,0c96a57e-6cc1-400f-bf3a-5740b699ac21,968fc8e6-f918-4579-b0d1-26570ce5e94b,2026-07-16,2026-07-16 17:00:20.192+00,1,in_app,2026-07-16 17:00:20.593+00
6692fca9-4a8e-407a-85ef-47c8a4085660,0c96a57e-6cc1-400f-bf3a-5740b699ac21,968fc8e6-f918-4579-b0d1-26570ce5e94b,2026-07-16,2026-07-16 17:00:20.192+00,1,email,2026-07-16 17:00:21.374+00
53cdb217-683e-4af7-93a1-5b6421f7e82d,3870aadb-8625-4184-ac60-c6e20be4cdc5,a94fc469-4603-487f-ab7f-e2712197d510,2026-07-16,2026-07-16 17:00:20.192+00,9,email,2026-07-16 17:00:22.001+00
81f7cd65-9d91-4e5b-8895-e3159cf7eded,8474aaf6-e7d1-4165-9bef-bf76bc701038,90bb1d12-5855-4f3e-aecb-e92f597e650c,2026-07-16,2026-07-16 17:00:20.192+00,1,email,2026-07-16 17:00:22.621+00
c3fbb1fd-6e9d-4dcd-83e3-9e8e5a147475,c1f13659-b28c-4d50-8375-5bf200294992,3519d0a1-12b5-4a38-bbd5-a5b9d518cb53,2026-07-16,2026-07-16 17:00:20.192+00,1,email,2026-07-16 17:00:24.541+00
cc0a7c79-95a2-4b62-8141-db35cd9f33d2,62a2569e-4be2-4326-bddd-3c6116ed18b0,6d3f8a2c-1a05-4e2a-b57e-d969b668049b,2026-07-16,2026-07-16 17:00:20.192+00,1,email,2026-07-16 17:00:25.089+00
f12de422-3640-4d4a-9f56-b53356cc33e7,62a2569e-4be2-4326-bddd-3c6116ed18b0,bdef184d-6217-4cdf-a59f-dc37008d13fd,2026-07-16,2026-07-16 17:00:20.192+00,1,in_app,2026-07-16 17:00:26.926+00
2617e523-a8fc-4d29-bb7c-c8c223d4a0a8,b0737bfd-7bea-493b-8cfc-14946fcea8cd,90bb1d12-5855-4f3e-aecb-e92f597e650c,2026-07-16,2026-07-16 17:00:20.192+00,1,email,2026-07-16 17:00:27.986+00
5cf16afb-bab5-4b18-a060-899dcb745abc,9b5aa503-44ec-40de-9ceb-b1475639767e,2a266637-be4e-4088-9918-a51576912f5c,2026-07-16,2026-07-16 17:00:20.192+00,4,email,2026-07-16 17:00:28.588+00
05ec5aa4-044e-4140-ba61-f0493782132c,678c949f-b372-4aba-9d9b-26d422134531,3258f102-8146-4986-964f-8c8f53441300,2026-07-16,2026-07-16 17:00:20.192+00,2,email,2026-07-16 17:00:35.527+00
a736596f-de51-428d-bf18-cf24f229fadf,c1f13659-b28c-4d50-8375-5bf200294992,1c2d5668-5cd9-49a7-a138-3ccd2bea5cbb,2026-07-16,2026-07-16 17:00:20.192+00,1,email,2026-07-16 17:00:42.17+00
34811dcc-3a49-44cc-b6aa-43288ccba4c6,0c96a57e-6cc1-400f-bf3a-5740b699ac21,3519d0a1-12b5-4a38-bbd5-a5b9d518cb53,2026-07-16,2026-07-16 17:00:20.192+00,1,email,2026-07-16 17:00:44.2+00
4e6ef7eb-10ae-44b6-a294-c6cd6cb55700,0c96a57e-6cc1-400f-bf3a-5740b699ac21,6d3f8a2c-1a05-4e2a-b57e-d969b668049b,2026-07-16,2026-07-16 17:00:20.192+00,1,in_app,2026-07-16 17:00:44.336+00
91964119-f50e-42b9-bae7-37aaa6f75c9d,0c96a57e-6cc1-400f-bf3a-5740b699ac21,b874694b-f463-4dbd-bb6f-b04f121a8802,2026-07-16,2026-07-16 17:00:20.192+00,1,in_app,2026-07-16 17:00:44.882+00
db0dba88-6cfe-42e0-a6fc-1b3cbbbd754f,0c96a57e-6cc1-400f-bf3a-5740b699ac21,a3c5b629-15d3-48a7-b5ab-694e63dc8b63,2026-07-16,2026-07-16 17:00:20.192+00,8,in_app,2026-07-16 17:00:47.947+00
4e5930af-55fa-4c53-a391-d7d18f9093e7,0c96a57e-6cc1-400f-bf3a-5740b699ac21,642b0596-7431-4f50-acff-1eb4199fab76,2026-07-16,2026-07-16 17:00:20.192+00,1,email,2026-07-16 17:00:50.041+00
d27b9454-75b1-437f-b127-bd6681ad9b2c,0c96a57e-6cc1-400f-bf3a-5740b699ac21,decc7faa-b202-42f1-9a04-fe15fe97a892,2026-07-16,2026-07-16 17:00:20.192+00,1,in_app,2026-07-16 17:00:50.21+00
13ae7a7f-70b6-419f-98fd-3ca6e996d72a,678b734f-19e2-4622-ab4e-fccd86f4877f,8cab859b-a1e1-4edb-af95-4e847e1c93e4,2026-07-18,2026-07-18 17:00:49.245+00,2,in_app,2026-07-18 17:01:01.414+00
d52d6b62-6b8a-42ed-9399-fa91d21952d3,0c96a57e-6cc1-400f-bf3a-5740b699ac21,a94fc469-4603-487f-ab7f-e2712197d510,2026-07-18,2026-07-18 17:00:49.245+00,11,in_app,2026-07-18 17:01:02.656+00
592c4764-d368-410e-85f9-4f5cc017273e,0c96a57e-6cc1-400f-bf3a-5740b699ac21,b874694b-f463-4dbd-bb6f-b04f121a8802,2026-07-18,2026-07-18 17:00:49.245+00,1,in_app,2026-07-18 17:01:03.671+00
3b5e6747-c32a-42e3-b98d-493251da5824,0c96a57e-6cc1-400f-bf3a-5740b699ac21,b874694b-f463-4dbd-bb6f-b04f121a8802,2026-07-18,2026-07-18 17:00:49.245+00,1,email,2026-07-18 17:01:03.968+00
23a9ea42-0a98-443d-96a6-ddb77ece6fbd,0c96a57e-6cc1-400f-bf3a-5740b699ac21,ebe67fdd-2e23-43c0-8e9b-8abec2682d09,2026-07-18,2026-07-18 17:00:49.245+00,2,email,2026-07-18 17:01:04.288+00
7ede089f-8f3f-4cf8-ba2d-8d25240da48c,0c96a57e-6cc1-400f-bf3a-5740b699ac21,2a266637-be4e-4088-9918-a51576912f5c,2026-07-18,2026-07-18 17:00:49.245+00,4,in_app,2026-07-18 17:01:04.343+00
98f8202d-bca1-460b-b014-83755ccfd6ff,0c96a57e-6cc1-400f-bf3a-5740b699ac21,2a266637-be4e-4088-9918-a51576912f5c,2026-07-18,2026-07-18 17:00:49.245+00,4,email,2026-07-18 17:01:04.626+00
a4f1297a-4c5f-47f5-a5d3-898af03a80b5,0c96a57e-6cc1-400f-bf3a-5740b699ac21,d8eb23c1-2c90-4dfe-872a-aa3e3dcd6478,2026-07-18,2026-07-18 17:00:49.245+00,8,email,2026-07-18 17:01:04.985+00
c00974b1-b8a8-4d4a-8f73-fb24c8159366,0c96a57e-6cc1-400f-bf3a-5740b699ac21,28f7b9e8-9516-4a08-864c-9ff3e085ba87,2026-07-18,2026-07-18 17:00:49.245+00,1,email,2026-07-18 17:01:05.352+00
8e8991f4-131b-4689-b8fb-7a79eb316a44,0c96a57e-6cc1-400f-bf3a-5740b699ac21,decc7faa-b202-42f1-9a04-fe15fe97a892,2026-07-18,2026-07-18 17:00:49.245+00,1,in_app,2026-07-18 17:01:07.486+00
552177db-fada-4bf6-8c77-08de2dc7874a,4c1d6869-b323-4864-80a4-fe459ed57fe7,9bd5cccc-e18f-432e-ae67-dc33103d5791,2026-07-21,2026-07-21 11:00:03.241+00,1,email,2026-07-21 11:00:19.773+00
2dc2371f-b958-40d3-a63f-a71558d083f2,493aecc1-6791-4d62-bc63-f4f55c78e44e,642b0596-7431-4f50-acff-1eb4199fab76,2026-07-21,2026-07-21 11:00:03.241+00,1,email,2026-07-21 11:00:24.976+00
4f3e53f4-d6e5-47a1-ae93-40a88570ab01,0c96a57e-6cc1-400f-bf3a-5740b699ac21,c6754833-e150-4c12-9149-45a6dfcd6eec,2026-07-21,2026-07-21 11:00:03.241+00,3,in_app,2026-07-21 11:00:25.071+00
3f37414f-ff50-4ede-8c21-01c59c38fdea,0c96a57e-6cc1-400f-bf3a-5740b699ac21,c6754833-e150-4c12-9149-45a6dfcd6eec,2026-07-21,2026-07-21 11:00:03.241+00,3,email,2026-07-21 11:00:25.471+00
1309c4a7-eb77-4f75-8dd4-ffe91e70f26f,c1f13659-b28c-4d50-8375-5bf200294992,1c2d5668-5cd9-49a7-a138-3ccd2bea5cbb,2026-07-21,2026-07-21 11:00:03.241+00,1,in_app,2026-07-21 11:00:27.956+00
0053453c-f9f6-4bf8-add7-a0372137d43b,0c96a57e-6cc1-400f-bf3a-5740b699ac21,bdef184d-6217-4cdf-a59f-dc37008d13fd,2026-07-21,2026-07-21 11:00:03.241+00,8,in_app,2026-07-21 11:00:29.042+00
bba82547-0d14-443b-bcf4-b657d69c41f6,0c96a57e-6cc1-400f-bf3a-5740b699ac21,bdef184d-6217-4cdf-a59f-dc37008d13fd,2026-07-21,2026-07-21 11:00:03.241+00,8,email,2026-07-21 11:00:29.472+00
84298f1c-39bf-4b66-b7fb-23ff9b96e681,0c96a57e-6cc1-400f-bf3a-5740b699ac21,9bd5cccc-e18f-432e-ae67-dc33103d5791,2026-07-21,2026-07-21 11:00:03.241+00,1,email,2026-07-21 11:00:33.703+00
82afd5bf-0c69-4a8d-bf49-cb3337b1b975,0c96a57e-6cc1-400f-bf3a-5740b699ac21,3258f102-8146-4986-964f-8c8f53441300,2026-07-21,2026-07-21 11:00:03.241+00,2,in_app,2026-07-21 11:00:34.281+00
045c3bc5-1d43-4abe-825f-dd1fdac53f61,0c96a57e-6cc1-400f-bf3a-5740b699ac21,28f7b9e8-9516-4a08-864c-9ff3e085ba87,2026-07-02,2026-07-02 11:00:05.615+00,1,in_app,2026-07-02 11:03:13.091+00
45797fa2-0bf3-4c93-9e8f-706ed4f6040f,0c96a57e-6cc1-400f-bf3a-5740b699ac21,a3c5b629-15d3-48a7-b5ab-694e63dc8b63,2026-07-02,2026-07-02 11:00:05.615+00,8,email,2026-07-02 11:03:22.875+00
ea61580e-bcee-40a3-ba56-78114c0337ff,0c96a57e-6cc1-400f-bf3a-5740b699ac21,8cab859b-a1e1-4edb-af95-4e847e1c93e4,2026-07-02,2026-07-02 11:00:05.615+00,2,email,2026-07-02 11:03:51.224+00
75d7b2ea-5ab4-47f7-9aa3-388a891f4316,0c96a57e-6cc1-400f-bf3a-5740b699ac21,7b577c22-5513-42cc-ab19-2bf867e14ebc,2026-07-08,2026-07-08 11:01:28.883+00,2,in_app,2026-07-08 11:01:31.473+00
5ec0c0a3-f382-4584-982e-80dd0f24f959,c1f13659-b28c-4d50-8375-5bf200294992,3519d0a1-12b5-4a38-bbd5-a5b9d518cb53,2026-07-08,2026-07-08 11:01:28.883+00,1,email,2026-07-08 11:01:32.222+00
4c5350d2-32fd-423f-9a04-210f2e47ff47,62a2569e-4be2-4326-bddd-3c6116ed18b0,bdef184d-6217-4cdf-a59f-dc37008d13fd,2026-07-08,2026-07-08 11:01:28.883+00,1,in_app,2026-07-08 11:01:33.42+00
8163b77a-3c49-4d3d-8a10-bf7e4f56e28a,b0737bfd-7bea-493b-8cfc-14946fcea8cd,90bb1d12-5855-4f3e-aecb-e92f597e650c,2026-07-08,2026-07-08 11:01:28.883+00,1,in_app,2026-07-08 11:01:33.978+00
a1d0b034-2c42-467c-ba71-437d2374af21,b0737bfd-7bea-493b-8cfc-14946fcea8cd,90bb1d12-5855-4f3e-aecb-e92f597e650c,2026-07-08,2026-07-08 11:01:28.883+00,1,email,2026-07-08 11:01:34.324+00
acaf9f5a-98a4-4d32-bdbc-f2b21af994d4,9b5aa503-44ec-40de-9ceb-b1475639767e,2a266637-be4e-4088-9918-a51576912f5c,2026-07-08,2026-07-08 11:01:28.883+00,4,in_app,2026-07-08 11:01:34.383+00
6b160997-2599-4fa1-b73b-b762063d11cf,9b5aa503-44ec-40de-9ceb-b1475639767e,2a266637-be4e-4088-9918-a51576912f5c,2026-07-08,2026-07-08 11:01:28.883+00,4,email,2026-07-08 11:01:34.692+00
5eacef75-779b-46e6-8521-67c33a4e81a1,b6617c09-9b4a-4ebc-bf50-e584b67edaa3,e5efecc9-f05f-479b-b2ea-81a2ed90fba4,2026-07-08,2026-07-08 11:01:28.883+00,1,in_app,2026-07-08 11:01:34.756+00
58c0fc46-0733-4409-8f9b-9b2a93c00c22,fd63bafa-9a78-43fb-9311-f78b8cbfb667,d8eb23c1-2c90-4dfe-872a-aa3e3dcd6478,2026-07-08,2026-07-08 11:01:28.883+00,8,email,2026-07-08 11:01:35.415+00
f329dc64-dd5a-4452-89e7-51d375bb7b2f,b0737bfd-7bea-493b-8cfc-14946fcea8cd,32ccdbe1-627f-4fe3-a506-056b997ed89b,2026-07-08,2026-07-08 11:01:28.883+00,3,in_app,2026-07-08 11:01:35.845+00
e87e4fee-ed39-4c93-a5b7-35cf7cdbcb97,8474aaf6-e7d1-4165-9bef-bf76bc701038,32ccdbe1-627f-4fe3-a506-056b997ed89b,2026-07-08,2026-07-08 11:01:28.883+00,3,in_app,2026-07-08 11:01:36.676+00
1e03fae9-57d1-408e-84dc-c7ab97dff6d9,8474aaf6-e7d1-4165-9bef-bf76bc701038,32ccdbe1-627f-4fe3-a506-056b997ed89b,2026-07-08,2026-07-08 11:01:28.883+00,3,email,2026-07-08 11:01:37+00
acbd1929-bbf2-42b2-957d-d4596fa15104,9066ac12-d1c6-4a15-ad74-4932bf8dd987,968fc8e6-f918-4579-b0d1-26570ce5e94b,2026-07-08,2026-07-08 11:01:28.883+00,2,email,2026-07-08 11:01:37.88+00
1c7b5048-60f3-4af1-8e4f-d4c209d624bd,0c96a57e-6cc1-400f-bf3a-5740b699ac21,27edf455-e61a-48a9-a846-e2c6f42999b5,2026-07-08,2026-07-08 11:01:28.883+00,1,in_app,2026-07-08 11:01:38.351+00
4b027eb7-7913-4d9f-8b7b-d2728a01dfb4,ed586056-17ca-4287-936a-c16e642c63a6,8737f689-7c9e-414a-8391-5bf93d5ba600,2026-07-08,2026-07-08 11:01:28.883+00,1,in_app,2026-07-08 11:01:38.722+00
90de7c18-3810-4338-8396-d79ffe63bfd0,ed586056-17ca-4287-936a-c16e642c63a6,8737f689-7c9e-414a-8391-5bf93d5ba600,2026-07-08,2026-07-08 11:01:28.883+00,1,email,2026-07-08 11:01:39.033+00
7e1c8152-bd01-46c4-86ac-ae9bb97f90f6,2e6f6612-8033-42e0-b84d-b2ea8aded8ac,b3db042c-4932-4f66-8aff-3136ed50db97,2026-07-08,2026-07-08 11:01:28.883+00,7,in_app,2026-07-08 11:01:39.094+00
65197b0d-5ee8-48ee-919f-36eee16de898,c1f13659-b28c-4d50-8375-5bf200294992,decc7faa-b202-42f1-9a04-fe15fe97a892,2026-07-08,2026-07-08 11:01:28.883+00,1,email,2026-07-08 11:01:41.694+00
816a85ab-066d-4019-8bd1-61a2027d4ca3,0c96a57e-6cc1-400f-bf3a-5740b699ac21,bdef184d-6217-4cdf-a59f-dc37008d13fd,2026-07-08,2026-07-08 11:01:28.883+00,8,in_app,2026-07-08 11:01:42.664+00
7fcff77f-f570-4001-a2b8-b452db46e17d,0c96a57e-6cc1-400f-bf3a-5740b699ac21,3519d0a1-12b5-4a38-bbd5-a5b9d518cb53,2026-07-08,2026-07-08 11:01:28.883+00,1,in_app,2026-07-08 11:01:43.154+00
145839a6-2b76-4555-8623-1fb8ae9b789c,0c96a57e-6cc1-400f-bf3a-5740b699ac21,6d3f8a2c-1a05-4e2a-b57e-d969b668049b,2026-07-08,2026-07-08 11:01:28.883+00,1,email,2026-07-08 11:01:43.883+00
c4b8adf1-f205-427b-b00c-71f1b3566c9f,0c96a57e-6cc1-400f-bf3a-5740b699ac21,b3db042c-4932-4f66-8aff-3136ed50db97,2026-07-08,2026-07-08 11:01:28.883+00,8,in_app,2026-07-08 11:01:46.828+00
7a2e6717-dd8c-4cab-825f-c7f236836699,0c96a57e-6cc1-400f-bf3a-5740b699ac21,968fc8e6-f918-4579-b0d1-26570ce5e94b,2026-07-12,2026-07-12 11:00:34.482+00,1,in_app,2026-07-12 11:00:34.872+00
1c76fd11-ef5a-47e2-86a2-82763e871df9,0c96a57e-6cc1-400f-bf3a-5740b699ac21,968fc8e6-f918-4579-b0d1-26570ce5e94b,2026-07-12,2026-07-12 11:00:34.482+00,1,email,2026-07-12 11:00:35.381+00
53846c1d-33b9-4829-83fb-e2b7c1027378,3870aadb-8625-4184-ac60-c6e20be4cdc5,a94fc469-4603-487f-ab7f-e2712197d510,2026-07-12,2026-07-12 11:00:34.482+00,11,in_app,2026-07-12 11:00:35.437+00
a2ba8c0c-3a66-49c9-a261-dd289e9290d3,3870aadb-8625-4184-ac60-c6e20be4cdc5,a94fc469-4603-487f-ab7f-e2712197d510,2026-07-12,2026-07-12 11:00:34.482+00,11,email,2026-07-12 11:00:35.706+00
fd294cb2-8ea6-43c4-9586-3ed41618ae5b,72aeb445-484f-4979-8c2a-d34ec40b22b0,bdef184d-6217-4cdf-a59f-dc37008d13fd,2026-07-12,2026-07-12 11:00:34.482+00,7,in_app,2026-07-12 11:00:37.042+00
30b49ca9-3da5-44e4-9983-6975ba22bac0,72aeb445-484f-4979-8c2a-d34ec40b22b0,bdef184d-6217-4cdf-a59f-dc37008d13fd,2026-07-12,2026-07-12 11:00:34.482+00,7,email,2026-07-12 11:00:37.32+00
22337f7d-1cbf-4294-a73b-d16827692106,b0737bfd-7bea-493b-8cfc-14946fcea8cd,32ccdbe1-627f-4fe3-a506-056b997ed89b,2026-07-12,2026-07-12 11:00:34.482+00,3,in_app,2026-07-12 11:00:41.638+00
849403ce-8d27-4dd6-bc83-1af21648e29a,c1f13659-b28c-4d50-8375-5bf200294992,658a0146-2d8a-4b2e-81e5-aa16fa9d0a30,2026-07-12,2026-07-12 11:00:34.482+00,1,email,2026-07-12 11:00:42.273+00
8ef1e8af-14c0-4a71-9d26-f55b13f0212d,9647402f-c830-48fb-92a7-e1e0f719045f,9d005015-cf2c-4590-9c46-e55e56c7696d,2026-07-12,2026-07-12 11:00:34.482+00,1,email,2026-07-12 11:00:42.638+00
17770db4-a396-4254-bb37-c0644bed6247,9066ac12-d1c6-4a15-ad74-4932bf8dd987,968fc8e6-f918-4579-b0d1-26570ce5e94b,2026-07-12,2026-07-12 11:00:34.482+00,2,in_app,2026-07-12 11:00:42.703+00
4ef9afbc-003b-4408-908f-729b8e8c3cca,9066ac12-d1c6-4a15-ad74-4932bf8dd987,968fc8e6-f918-4579-b0d1-26570ce5e94b,2026-07-12,2026-07-12 11:00:34.482+00,2,email,2026-07-12 11:00:42.965+00
dff1d8bc-918a-4756-85c9-afc3e39b5af8,04b00ab5-856d-4f95-962b-e9d97b33f207,a3c5b629-15d3-48a7-b5ab-694e63dc8b63,2026-07-12,2026-07-12 11:00:34.482+00,8,in_app,2026-07-12 11:00:43.029+00
6dcddfa5-1975-4980-b347-b11cce291ac4,678c949f-b372-4aba-9d9b-26d422134531,3258f102-8146-4986-964f-8c8f53441300,2026-07-12,2026-07-12 11:00:34.482+00,2,in_app,2026-07-12 11:00:43.356+00
e174c261-6a77-4e1d-882d-70c12dd51855,0c96a57e-6cc1-400f-bf3a-5740b699ac21,c6754833-e150-4c12-9149-45a6dfcd6eec,2026-07-12,2026-07-12 11:00:34.482+00,3,email,2026-07-12 11:00:45.393+00
185436eb-b9fb-4bad-b0a6-1754ed6e2f51,493aecc1-6791-4d62-bc63-f4f55c78e44e,7b577c22-5513-42cc-ab19-2bf867e14ebc,2026-07-12,2026-07-12 11:00:34.482+00,7,in_app,2026-07-12 11:00:45.459+00
7b6343ef-fff9-48c7-a260-eb065d0e6626,0ece46cd-9571-4f7f-8043-c1f2249b6cf9,6f58e5f8-b85c-4f92-89b7-1cf3ca9f22b6,2026-07-12,2026-07-12 11:00:34.482+00,2,in_app,2026-07-12 11:00:45.762+00
5cf74e8a-61fa-4162-8c70-183e5deb9fd0,df71451b-bcd2-4602-9b7b-230b32f08b65,c30e3590-04a3-4544-bf66-43228037bfc9,2026-07-12,2026-07-12 11:00:34.482+00,1,in_app,2026-07-12 11:00:47.959+00
63857a5f-a2e3-43c2-8349-666e04db9456,df71451b-bcd2-4602-9b7b-230b32f08b65,c30e3590-04a3-4544-bf66-43228037bfc9,2026-07-12,2026-07-12 11:00:34.482+00,1,email,2026-07-12 11:00:48.281+00
96e87fe2-1e81-4ca0-8948-486a40e3f5e1,0c96a57e-6cc1-400f-bf3a-5740b699ac21,bdef184d-6217-4cdf-a59f-dc37008d13fd,2026-07-12,2026-07-12 11:00:34.482+00,8,email,2026-07-12 11:00:48.655+00
40d979d4-9adc-4aae-b411-73c8daa104a6,0c96a57e-6cc1-400f-bf3a-5740b699ac21,ebe67fdd-2e23-43c0-8e9b-8abec2682d09,2026-07-12,2026-07-12 11:00:34.482+00,2,in_app,2026-07-12 11:00:49.447+00
13eeb13f-1496-4a7b-a2a9-fa10225d3e62,0c96a57e-6cc1-400f-bf3a-5740b699ac21,3258f102-8146-4986-964f-8c8f53441300,2026-07-12,2026-07-12 11:00:34.482+00,2,in_app,2026-07-12 11:00:51.687+00
e19ed88a-ba96-4d1e-b6cf-2c89ffa67706,0c96a57e-6cc1-400f-bf3a-5740b699ac21,3258f102-8146-4986-964f-8c8f53441300,2026-07-12,2026-07-12 11:00:34.482+00,2,email,2026-07-12 11:00:52.047+00
5c083004-972a-46e7-8cf3-da2d01db0753,b16b90c0-67c9-46c5-ac6f-2ccb8f3b2a08,5d7214cd-c7d1-42ac-b859-b9e84dee9fab,2026-07-14,2026-07-14 17:00:12.193+00,1,in_app,2026-07-14 17:00:13.014+00
6b966b3d-9844-4744-be94-d0898d415a32,3870aadb-8625-4184-ac60-c6e20be4cdc5,a94fc469-4603-487f-ab7f-e2712197d510,2026-07-16,2026-07-16 17:00:20.192+00,9,in_app,2026-07-16 17:00:21.586+00
e12761aa-e934-4b2c-8829-143a3db7d091,72aeb445-484f-4979-8c2a-d34ec40b22b0,bdef184d-6217-4cdf-a59f-dc37008d13fd,2026-07-16,2026-07-16 17:00:20.192+00,7,in_app,2026-07-16 17:00:22.771+00
4de3dca2-66cb-4804-8233-dcbc9a696376,72aeb445-484f-4979-8c2a-d34ec40b22b0,bdef184d-6217-4cdf-a59f-dc37008d13fd,2026-07-16,2026-07-16 17:00:20.192+00,7,email,2026-07-16 17:00:23.235+00
76071f38-7b35-4fe3-9e7c-ba5799d7a5bc,62a2569e-4be2-4326-bddd-3c6116ed18b0,6d3f8a2c-1a05-4e2a-b57e-d969b668049b,2026-07-16,2026-07-16 17:00:20.192+00,1,in_app,2026-07-16 17:00:24.668+00
3195f997-1a6b-46d3-9f37-d782ed682725,72aeb445-484f-4979-8c2a-d34ec40b22b0,bdef184d-6217-4cdf-a59f-dc37008d13fd,2026-07-27,2026-07-27 11:00:02.405+00,6,email,2026-07-27 11:00:06.141+00
d128fadd-308e-4a8e-babd-6281307df320,04b00ab5-856d-4f95-962b-e9d97b33f207,a3c5b629-15d3-48a7-b5ab-694e63dc8b63,2026-07-16,2026-07-16 17:00:20.192+00,8,email,2026-07-16 17:00:34.935+00
17e96177-da89-4a66-9034-510634a37172,ed586056-17ca-4287-936a-c16e642c63a6,8737f689-7c9e-414a-8391-5bf93d5ba600,2026-07-16,2026-07-16 17:00:20.192+00,1,in_app,2026-07-16 17:00:37.112+00
273083c6-1a87-4894-b1e9-ad284de345a5,ed586056-17ca-4287-936a-c16e642c63a6,8737f689-7c9e-414a-8391-5bf93d5ba600,2026-07-16,2026-07-16 17:00:20.192+00,1,email,2026-07-16 17:00:37.719+00
f55f54f1-72c7-417a-8730-93d4f563487c,2e6f6612-8033-42e0-b84d-b2ea8aded8ac,b3db042c-4932-4f66-8aff-3136ed50db97,2026-07-16,2026-07-16 17:00:20.192+00,7,email,2026-07-16 17:00:38.338+00
9af7e3b6-0cb0-4b97-a7e0-ea5691adf6f4,493aecc1-6791-4d62-bc63-f4f55c78e44e,642b0596-7431-4f50-acff-1eb4199fab76,2026-07-16,2026-07-16 17:00:20.192+00,1,in_app,2026-07-16 17:00:38.475+00
3de0402c-217e-4b86-9311-87f93f21e556,493aecc1-6791-4d62-bc63-f4f55c78e44e,642b0596-7431-4f50-acff-1eb4199fab76,2026-07-16,2026-07-16 17:00:20.192+00,1,email,2026-07-16 17:00:38.843+00
e06daa7b-1dc2-4ccd-a091-440f51932cbd,493aecc1-6791-4d62-bc63-f4f55c78e44e,7b577c22-5513-42cc-ab19-2bf867e14ebc,2026-07-16,2026-07-16 17:00:20.192+00,7,email,2026-07-16 17:00:39.89+00
f74eb79e-e6ca-44af-9959-9b47f3074ce0,0c96a57e-6cc1-400f-bf3a-5740b699ac21,a94fc469-4603-487f-ab7f-e2712197d510,2026-07-16,2026-07-16 17:00:20.192+00,9,email,2026-07-16 17:00:43.062+00
caa898c1-c423-4f91-9b1e-f544321d73b2,0c96a57e-6cc1-400f-bf3a-5740b699ac21,ebe67fdd-2e23-43c0-8e9b-8abec2682d09,2026-07-16,2026-07-16 17:00:20.192+00,2,in_app,2026-07-16 17:00:45.604+00
959c88e8-7637-41e8-ac08-93d6c3681625,0c96a57e-6cc1-400f-bf3a-5740b699ac21,3258f102-8146-4986-964f-8c8f53441300,2026-07-16,2026-07-16 17:00:20.192+00,2,in_app,2026-07-16 17:00:48.476+00
6d97662c-283f-4b1f-8844-ef2e91470945,0c96a57e-6cc1-400f-bf3a-5740b699ac21,642b0596-7431-4f50-acff-1eb4199fab76,2026-07-16,2026-07-16 17:00:20.192+00,1,in_app,2026-07-16 17:00:49.628+00
d12baf87-6709-455f-9d18-ba504472b923,0c96a57e-6cc1-400f-bf3a-5740b699ac21,8cab859b-a1e1-4edb-af95-4e847e1c93e4,2026-07-16,2026-07-16 17:00:20.192+00,2,in_app,2026-07-16 17:00:50.754+00
007500c8-bcc9-4e6b-9cb8-d10ec3758b29,0c96a57e-6cc1-400f-bf3a-5740b699ac21,8cab859b-a1e1-4edb-af95-4e847e1c93e4,2026-07-16,2026-07-16 17:00:20.192+00,2,email,2026-07-16 17:00:51.163+00
f2a1ad5d-c32f-41ab-8a4e-2641afb3973b,0c96a57e-6cc1-400f-bf3a-5740b699ac21,968fc8e6-f918-4579-b0d1-26570ce5e94b,2026-07-19,2026-07-19 11:01:02.32+00,1,in_app,2026-07-19 11:01:02.758+00
92c860b6-6d38-46f3-a9c2-908267b3026b,0c96a57e-6cc1-400f-bf3a-5740b699ac21,968fc8e6-f918-4579-b0d1-26570ce5e94b,2026-07-19,2026-07-19 11:01:02.32+00,1,email,2026-07-19 11:01:03.279+00
ca8a2620-6caa-4062-a48d-59823293f58e,62a2569e-4be2-4326-bddd-3c6116ed18b0,6d3f8a2c-1a05-4e2a-b57e-d969b668049b,2026-07-19,2026-07-19 11:01:02.32+00,1,in_app,2026-07-19 11:01:05.181+00
f7bd3817-0dee-4bc5-bfc8-54a5a7e57564,0c96a57e-6cc1-400f-bf3a-5740b699ac21,6237fa09-ec4a-46ca-a99b-4f8afb3bf259,2026-07-19,2026-07-19 11:01:02.32+00,1,email,2026-07-19 11:01:09.439+00
f0a37c1b-6e5a-48bb-a6b1-83e04f1910fa,0c96a57e-6cc1-400f-bf3a-5740b699ac21,28f7b9e8-9516-4a08-864c-9ff3e085ba87,2026-07-02,2026-07-02 11:00:05.615+00,1,email,2026-07-02 11:03:17.117+00
0c574103-5189-4d16-a546-64f54d98783a,0c96a57e-6cc1-400f-bf3a-5740b699ac21,a3c5b629-15d3-48a7-b5ab-694e63dc8b63,2026-07-02,2026-07-02 11:00:05.615+00,8,in_app,2026-07-02 11:03:18.842+00
4fd91171-a6ff-43a2-945d-237ce5b8540b,0c96a57e-6cc1-400f-bf3a-5740b699ac21,8cab859b-a1e1-4edb-af95-4e847e1c93e4,2026-07-02,2026-07-02 11:00:05.615+00,2,in_app,2026-07-02 11:03:47.708+00
3a5a666d-81ed-43ec-a318-296abaae24d7,0c96a57e-6cc1-400f-bf3a-5740b699ac21,968fc8e6-f918-4579-b0d1-26570ce5e94b,2026-07-02,2026-07-02 17:00:42.59+00,1,in_app,2026-07-02 17:00:43.01+00
86659a16-d211-455c-82a1-7873e5dcabd1,0c96a57e-6cc1-400f-bf3a-5740b699ac21,968fc8e6-f918-4579-b0d1-26570ce5e94b,2026-07-02,2026-07-02 17:00:42.59+00,1,email,2026-07-02 17:00:43.596+00
add3357c-d7a1-404f-8d28-dfa23baca557,2a72272f-56f2-4104-9952-5d3d8b19ff1d,27edf455-e61a-48a9-a846-e2c6f42999b5,2026-07-02,2026-07-02 17:00:42.59+00,8,in_app,2026-07-02 17:00:43.751+00
3410be0d-acf8-4214-bf3b-839d14f1eff9,2a72272f-56f2-4104-9952-5d3d8b19ff1d,27edf455-e61a-48a9-a846-e2c6f42999b5,2026-07-02,2026-07-02 17:00:42.59+00,8,email,2026-07-02 17:00:44.387+00
504eb7ef-6497-4fe6-b015-5e857c65260d,d11dca3a-5828-47a7-a993-59fe383e36ba,6237fa09-ec4a-46ca-a99b-4f8afb3bf259,2026-07-02,2026-07-02 17:00:42.59+00,2,in_app,2026-07-02 17:00:44.531+00
e4712b8f-7974-4e3c-aad4-e44339b2d418,d11dca3a-5828-47a7-a993-59fe383e36ba,6237fa09-ec4a-46ca-a99b-4f8afb3bf259,2026-07-02,2026-07-02 17:00:42.59+00,2,email,2026-07-02 17:00:44.885+00
431a01e3-8460-4237-8f3d-6e7cb5965695,8474aaf6-e7d1-4165-9bef-bf76bc701038,90bb1d12-5855-4f3e-aecb-e92f597e650c,2026-07-02,2026-07-02 17:00:42.59+00,1,in_app,2026-07-02 17:00:44.967+00
6d3bf263-e93b-47fd-8571-70f2ce9f64b9,8474aaf6-e7d1-4165-9bef-bf76bc701038,90bb1d12-5855-4f3e-aecb-e92f597e650c,2026-07-02,2026-07-02 17:00:42.59+00,1,email,2026-07-02 17:00:45.372+00
7fca2160-8920-4317-9fb8-6122bd0d7553,8396bd66-e3ed-4593-b985-3e380cd308eb,b0faf762-848b-4737-a04d-b2b4e1e8cc5b,2026-07-02,2026-07-02 17:00:42.59+00,2,in_app,2026-07-02 17:00:45.475+00
c15f1361-e672-4f9e-92df-d6edb11a8abd,8396bd66-e3ed-4593-b985-3e380cd308eb,b0faf762-848b-4737-a04d-b2b4e1e8cc5b,2026-07-02,2026-07-02 17:00:42.59+00,2,email,2026-07-02 17:00:46.19+00
fa25a206-68b9-451e-b825-d3ab5ad7ff03,72aeb445-484f-4979-8c2a-d34ec40b22b0,bdef184d-6217-4cdf-a59f-dc37008d13fd,2026-07-02,2026-07-02 17:00:42.59+00,7,in_app,2026-07-02 17:00:46.314+00
9e2796f1-a9ee-44e4-ba9a-ecfca36b7dc5,72aeb445-484f-4979-8c2a-d34ec40b22b0,bdef184d-6217-4cdf-a59f-dc37008d13fd,2026-07-02,2026-07-02 17:00:42.59+00,7,email,2026-07-02 17:00:46.726+00
de2b2f4f-1107-46c7-9c25-f3f353ac2bb6,0c96a57e-6cc1-400f-bf3a-5740b699ac21,7b577c22-5513-42cc-ab19-2bf867e14ebc,2026-07-02,2026-07-02 17:00:42.59+00,2,in_app,2026-07-02 17:00:46.843+00
df002f43-5dee-4762-8ce4-ba53948ea5a6,0c96a57e-6cc1-400f-bf3a-5740b699ac21,7b577c22-5513-42cc-ab19-2bf867e14ebc,2026-07-02,2026-07-02 17:00:42.59+00,2,email,2026-07-02 17:00:47.282+00
e245044f-0c3b-4155-9a7f-560dfa939461,62a2569e-4be2-4326-bddd-3c6116ed18b0,6d3f8a2c-1a05-4e2a-b57e-d969b668049b,2026-07-02,2026-07-02 17:00:42.59+00,1,in_app,2026-07-02 17:00:47.408+00
bd8e5e1d-480d-4ece-9ade-cf9437518faf,62a2569e-4be2-4326-bddd-3c6116ed18b0,6d3f8a2c-1a05-4e2a-b57e-d969b668049b,2026-07-02,2026-07-02 17:00:42.59+00,1,email,2026-07-02 17:00:47.741+00
552f3286-7d39-4902-89ef-7385114d6127,62a2569e-4be2-4326-bddd-3c6116ed18b0,7b577c22-5513-42cc-ab19-2bf867e14ebc,2026-07-02,2026-07-02 17:00:42.59+00,1,in_app,2026-07-02 17:00:47.843+00
c3e52022-b8ef-4a8d-a61a-e3bae6de950f,62a2569e-4be2-4326-bddd-3c6116ed18b0,7b577c22-5513-42cc-ab19-2bf867e14ebc,2026-07-02,2026-07-02 17:00:42.59+00,1,email,2026-07-02 17:00:48.155+00
f9a191e7-5651-4f69-afc9-b11783e85457,62a2569e-4be2-4326-bddd-3c6116ed18b0,bdef184d-6217-4cdf-a59f-dc37008d13fd,2026-07-02,2026-07-02 17:00:42.59+00,1,in_app,2026-07-02 17:00:48.271+00
106a42e2-ac79-4828-91c7-99c76c118968,62a2569e-4be2-4326-bddd-3c6116ed18b0,bdef184d-6217-4cdf-a59f-dc37008d13fd,2026-07-02,2026-07-02 17:00:42.59+00,1,email,2026-07-02 17:00:48.651+00
042d02cf-51cd-439d-b7ad-3069f754f29e,b0737bfd-7bea-493b-8cfc-14946fcea8cd,90bb1d12-5855-4f3e-aecb-e92f597e650c,2026-07-02,2026-07-02 17:00:42.59+00,1,in_app,2026-07-02 17:00:48.78+00
8783d99a-9e0e-42d0-94fe-1a86cd0d658c,b0737bfd-7bea-493b-8cfc-14946fcea8cd,90bb1d12-5855-4f3e-aecb-e92f597e650c,2026-07-02,2026-07-02 17:00:42.59+00,1,email,2026-07-02 17:00:49.175+00
003876d6-9825-4aa9-9bfc-5276dbf0b55b,9b5aa503-44ec-40de-9ceb-b1475639767e,2a266637-be4e-4088-9918-a51576912f5c,2026-07-02,2026-07-02 17:00:42.59+00,4,in_app,2026-07-02 17:00:49.291+00
d5c2ac05-772d-4248-9f01-b770598af557,9b5aa503-44ec-40de-9ceb-b1475639767e,2a266637-be4e-4088-9918-a51576912f5c,2026-07-02,2026-07-02 17:00:42.59+00,4,email,2026-07-02 17:00:49.729+00
01055ca3-3db7-4de2-8518-272a88309cf9,b6617c09-9b4a-4ebc-bf50-e584b67edaa3,e5efecc9-f05f-479b-b2ea-81a2ed90fba4,2026-07-02,2026-07-02 17:00:42.59+00,1,in_app,2026-07-02 17:00:49.884+00
0177cdf4-ead9-4091-93b0-beab02f02219,b6617c09-9b4a-4ebc-bf50-e584b67edaa3,e5efecc9-f05f-479b-b2ea-81a2ed90fba4,2026-07-02,2026-07-02 17:00:42.59+00,1,email,2026-07-02 17:00:50.47+00
2db79bb3-03c5-4ba7-913f-ba56807d4e76,fd63bafa-9a78-43fb-9311-f78b8cbfb667,d8eb23c1-2c90-4dfe-872a-aa3e3dcd6478,2026-07-02,2026-07-02 17:00:42.59+00,8,in_app,2026-07-02 17:00:50.65+00
6bbdf279-2f78-4ede-94f1-8577ebba0b57,fd63bafa-9a78-43fb-9311-f78b8cbfb667,d8eb23c1-2c90-4dfe-872a-aa3e3dcd6478,2026-07-02,2026-07-02 17:00:42.59+00,8,email,2026-07-02 17:00:51.054+00
eff2b27b-6538-42c5-ae27-5aeaa742558e,0c96a57e-6cc1-400f-bf3a-5740b699ac21,6237fa09-ec4a-46ca-a99b-4f8afb3bf259,2026-07-02,2026-07-02 17:00:42.59+00,1,in_app,2026-07-02 17:00:51.18+00
8513247a-1471-4706-be0f-4118ad4e6ac0,0c96a57e-6cc1-400f-bf3a-5740b699ac21,6237fa09-ec4a-46ca-a99b-4f8afb3bf259,2026-07-02,2026-07-02 17:00:42.59+00,1,email,2026-07-02 17:00:51.641+00
2167c419-7524-4db6-9549-39154b19baa1,b0737bfd-7bea-493b-8cfc-14946fcea8cd,32ccdbe1-627f-4fe3-a506-056b997ed89b,2026-07-02,2026-07-02 17:00:42.59+00,3,in_app,2026-07-02 17:00:51.758+00
b8a3940c-7c37-476e-beb0-24e272a55223,b0737bfd-7bea-493b-8cfc-14946fcea8cd,32ccdbe1-627f-4fe3-a506-056b997ed89b,2026-07-02,2026-07-02 17:00:42.59+00,3,email,2026-07-02 17:00:52.156+00
159b9e5c-0272-4269-92ef-6b11f2a1a4f3,493aecc1-6791-4d62-bc63-f4f55c78e44e,a9c81e05-8b1a-47ad-a80d-dbc45603f068,2026-07-02,2026-07-02 17:00:42.59+00,1,in_app,2026-07-02 17:00:52.247+00
412ed2db-e6db-42c9-999a-8898741a096b,493aecc1-6791-4d62-bc63-f4f55c78e44e,a9c81e05-8b1a-47ad-a80d-dbc45603f068,2026-07-02,2026-07-02 17:00:42.59+00,1,email,2026-07-02 17:00:52.558+00
3b861d82-d5d3-4236-b151-fa5c150742b0,8474aaf6-e7d1-4165-9bef-bf76bc701038,32ccdbe1-627f-4fe3-a506-056b997ed89b,2026-07-02,2026-07-02 17:00:42.59+00,3,in_app,2026-07-02 17:00:52.662+00
0d7d64b8-0bbd-4550-b375-56bc2c1ec966,8474aaf6-e7d1-4165-9bef-bf76bc701038,32ccdbe1-627f-4fe3-a506-056b997ed89b,2026-07-02,2026-07-02 17:00:42.59+00,3,email,2026-07-02 17:00:53.081+00
81e685aa-164a-498b-a8d6-1246bf62d5c5,9066ac12-d1c6-4a15-ad74-4932bf8dd987,968fc8e6-f918-4579-b0d1-26570ce5e94b,2026-07-02,2026-07-02 17:00:42.59+00,2,in_app,2026-07-02 17:00:53.174+00
6337bd94-5b95-4f3e-b377-2785091ef1ea,9066ac12-d1c6-4a15-ad74-4932bf8dd987,968fc8e6-f918-4579-b0d1-26570ce5e94b,2026-07-02,2026-07-02 17:00:42.59+00,2,email,2026-07-02 17:00:53.553+00
3f26b980-61f6-4f63-8d43-5a4c999b85ec,04b00ab5-856d-4f95-962b-e9d97b33f207,a3c5b629-15d3-48a7-b5ab-694e63dc8b63,2026-07-02,2026-07-02 17:00:42.59+00,8,in_app,2026-07-02 17:00:53.688+00
c02bb5d6-aead-4526-9c57-d75dd0e775ca,04b00ab5-856d-4f95-962b-e9d97b33f207,a3c5b629-15d3-48a7-b5ab-694e63dc8b63,2026-07-02,2026-07-02 17:00:42.59+00,8,email,2026-07-02 17:00:54.058+00
e16879a7-ee4c-4934-81f1-8d8a781a1a66,3870aadb-8625-4184-ac60-c6e20be4cdc5,a94fc469-4603-487f-ab7f-e2712197d510,2026-07-02,2026-07-02 17:00:42.59+00,2,in_app,2026-07-02 17:00:54.151+00
10e22136-abc4-46a8-b80b-86bfcf50f4a6,3870aadb-8625-4184-ac60-c6e20be4cdc5,a94fc469-4603-487f-ab7f-e2712197d510,2026-07-02,2026-07-02 17:00:42.59+00,2,email,2026-07-02 17:00:55.003+00
dda381a7-80b5-4a44-a96f-f7db5c0abbc0,0c96a57e-6cc1-400f-bf3a-5740b699ac21,27edf455-e61a-48a9-a846-e2c6f42999b5,2026-07-02,2026-07-02 17:00:42.59+00,1,in_app,2026-07-02 17:00:55.139+00
3e8abec8-86f1-48bb-a557-08aeb7494a0f,0c96a57e-6cc1-400f-bf3a-5740b699ac21,27edf455-e61a-48a9-a846-e2c6f42999b5,2026-07-02,2026-07-02 17:00:42.59+00,1,email,2026-07-02 17:00:55.902+00
a21c4681-a88d-4b27-bcff-4fd65e962814,ed586056-17ca-4287-936a-c16e642c63a6,8737f689-7c9e-414a-8391-5bf93d5ba600,2026-07-02,2026-07-02 17:00:42.59+00,1,in_app,2026-07-02 17:00:56.028+00
d9219eef-1b64-4a99-bc0f-837386800572,ed586056-17ca-4287-936a-c16e642c63a6,8737f689-7c9e-414a-8391-5bf93d5ba600,2026-07-02,2026-07-02 17:00:42.59+00,1,email,2026-07-02 17:00:56.389+00
504a0323-11de-4843-95c4-34adabd0f3f8,2e6f6612-8033-42e0-b84d-b2ea8aded8ac,b3db042c-4932-4f66-8aff-3136ed50db97,2026-07-02,2026-07-02 17:00:42.59+00,7,in_app,2026-07-02 17:00:56.512+00
55d4f239-6dfe-4801-8c5f-fe0753f287d7,2e6f6612-8033-42e0-b84d-b2ea8aded8ac,b3db042c-4932-4f66-8aff-3136ed50db97,2026-07-02,2026-07-02 17:00:42.59+00,7,email,2026-07-02 17:00:56.905+00
7e06530e-34e1-4160-853c-99a5aaa6a4b0,493aecc1-6791-4d62-bc63-f4f55c78e44e,642b0596-7431-4f50-acff-1eb4199fab76,2026-07-02,2026-07-02 17:00:42.59+00,1,in_app,2026-07-02 17:00:57.029+00
3c45f14c-9321-4755-9bc1-5e1b9a8657ca,493aecc1-6791-4d62-bc63-f4f55c78e44e,642b0596-7431-4f50-acff-1eb4199fab76,2026-07-02,2026-07-02 17:00:42.59+00,1,email,2026-07-02 17:00:57.467+00
a400fc38-3cfc-4bb3-b7bd-aed35bac258b,0c96a57e-6cc1-400f-bf3a-5740b699ac21,c6754833-e150-4c12-9149-45a6dfcd6eec,2026-07-02,2026-07-02 17:00:42.59+00,3,in_app,2026-07-02 17:00:57.61+00
40ee7485-e0f6-49e1-afae-cee5931d5aec,0c96a57e-6cc1-400f-bf3a-5740b699ac21,c6754833-e150-4c12-9149-45a6dfcd6eec,2026-07-02,2026-07-02 17:00:42.59+00,3,email,2026-07-02 17:00:57.919+00
7780ea23-32b5-4618-a37a-b1f51f76bbeb,493aecc1-6791-4d62-bc63-f4f55c78e44e,7b577c22-5513-42cc-ab19-2bf867e14ebc,2026-07-02,2026-07-02 17:00:42.59+00,8,in_app,2026-07-02 17:00:57.993+00
86f19f65-2dee-4e35-b61f-def2ed07acb2,493aecc1-6791-4d62-bc63-f4f55c78e44e,7b577c22-5513-42cc-ab19-2bf867e14ebc,2026-07-02,2026-07-02 17:00:42.59+00,8,email,2026-07-02 17:00:58.575+00
d308fbe6-fcef-46c2-8e9d-34f32fa4c80e,0ece46cd-9571-4f7f-8043-c1f2249b6cf9,6f58e5f8-b85c-4f92-89b7-1cf3ca9f22b6,2026-07-02,2026-07-02 17:00:42.59+00,2,in_app,2026-07-02 17:00:58.69+00
f924337c-8692-43ab-9d76-26a59f721d5a,0ece46cd-9571-4f7f-8043-c1f2249b6cf9,6f58e5f8-b85c-4f92-89b7-1cf3ca9f22b6,2026-07-02,2026-07-02 17:00:42.59+00,2,email,2026-07-02 17:00:59.067+00
081747da-83fb-4b74-bef1-252e673ddcc9,0ae36a43-2ef0-4a7d-b95a-edcc7d9ac3f2,7b577c22-5513-42cc-ab19-2bf867e14ebc,2026-07-02,2026-07-02 17:00:42.59+00,1,in_app,2026-07-02 17:00:59.183+00
35437ad1-1316-41db-9330-a078ca3c1969,0ae36a43-2ef0-4a7d-b95a-edcc7d9ac3f2,7b577c22-5513-42cc-ab19-2bf867e14ebc,2026-07-02,2026-07-02 17:00:42.59+00,1,email,2026-07-02 17:00:59.562+00
9da13cdf-d6f9-49bb-aa26-a846c03cd1d9,c1f13659-b28c-4d50-8375-5bf200294992,decc7faa-b202-42f1-9a04-fe15fe97a892,2026-07-02,2026-07-02 17:00:42.59+00,1,in_app,2026-07-02 17:00:59.688+00
9b5423dd-f4ed-49b5-900e-f4c7506ca2d3,c1f13659-b28c-4d50-8375-5bf200294992,decc7faa-b202-42f1-9a04-fe15fe97a892,2026-07-02,2026-07-02 17:00:42.59+00,1,email,2026-07-02 17:01:00.067+00
c82eeef8-d6f4-46a8-b3c2-3cf2e2cad882,678b734f-19e2-4622-ab4e-fccd86f4877f,8cab859b-a1e1-4edb-af95-4e847e1c93e4,2026-07-02,2026-07-02 17:00:42.59+00,2,in_app,2026-07-02 17:01:00.191+00
90af5c96-f1c8-4eb3-b1b4-4b7f264f6c98,678b734f-19e2-4622-ab4e-fccd86f4877f,8cab859b-a1e1-4edb-af95-4e847e1c93e4,2026-07-02,2026-07-02 17:00:42.59+00,2,email,2026-07-02 17:01:00.539+00
836cb78c-225c-4f86-a807-ebaf4bdcbb76,0c96a57e-6cc1-400f-bf3a-5740b699ac21,bdef184d-6217-4cdf-a59f-dc37008d13fd,2026-07-02,2026-07-02 17:00:42.59+00,8,in_app,2026-07-02 17:01:00.817+00
e6bb1b7a-3083-4a50-8d93-53dbab81853c,0c96a57e-6cc1-400f-bf3a-5740b699ac21,bdef184d-6217-4cdf-a59f-dc37008d13fd,2026-07-02,2026-07-02 17:00:42.59+00,8,email,2026-07-02 17:01:01.224+00
38b1a838-36a0-43f5-add9-476036a3e294,0c96a57e-6cc1-400f-bf3a-5740b699ac21,6d3f8a2c-1a05-4e2a-b57e-d969b668049b,2026-07-02,2026-07-02 17:00:42.59+00,1,in_app,2026-07-02 17:01:01.38+00
78d1dbe2-d70f-4d84-86e2-5eeeb429ac88,0c96a57e-6cc1-400f-bf3a-5740b699ac21,6d3f8a2c-1a05-4e2a-b57e-d969b668049b,2026-07-02,2026-07-02 17:00:42.59+00,1,email,2026-07-02 17:01:01.716+00
4124b7a2-e057-4e9f-adb0-8fdad48a192b,0c96a57e-6cc1-400f-bf3a-5740b699ac21,2a266637-be4e-4088-9918-a51576912f5c,2026-07-02,2026-07-02 17:00:42.59+00,4,in_app,2026-07-02 17:01:01.799+00
9bd7eb74-8083-403f-980f-a0d97a294c2e,0c96a57e-6cc1-400f-bf3a-5740b699ac21,2a266637-be4e-4088-9918-a51576912f5c,2026-07-02,2026-07-02 17:00:42.59+00,4,email,2026-07-02 17:01:02.423+00
6a3ebc48-302e-4564-b31b-5d591b369f75,0c96a57e-6cc1-400f-bf3a-5740b699ac21,d8eb23c1-2c90-4dfe-872a-aa3e3dcd6478,2026-07-02,2026-07-02 17:00:42.59+00,8,in_app,2026-07-02 17:01:02.579+00
c8023b24-4e2f-47a4-957f-8019a3558231,0c96a57e-6cc1-400f-bf3a-5740b699ac21,d8eb23c1-2c90-4dfe-872a-aa3e3dcd6478,2026-07-02,2026-07-02 17:00:42.59+00,8,email,2026-07-02 17:01:02.883+00
b59f647a-e34a-4606-a79c-26273a3b64f8,0c96a57e-6cc1-400f-bf3a-5740b699ac21,28f7b9e8-9516-4a08-864c-9ff3e085ba87,2026-07-02,2026-07-02 17:00:42.59+00,1,in_app,2026-07-02 17:01:02.966+00
804f9b4d-c847-41e0-a0b6-91ce83be6bcf,0c96a57e-6cc1-400f-bf3a-5740b699ac21,28f7b9e8-9516-4a08-864c-9ff3e085ba87,2026-07-02,2026-07-02 17:00:42.59+00,1,email,2026-07-02 17:01:03.517+00
aa2792e2-49d5-46bb-bc6b-d7d5ab92236c,0c96a57e-6cc1-400f-bf3a-5740b699ac21,a9c81e05-8b1a-47ad-a80d-dbc45603f068,2026-07-02,2026-07-02 17:00:42.59+00,1,in_app,2026-07-02 17:01:03.611+00
3df6cac5-5684-489a-9ad5-e4a1ed301e1a,0c96a57e-6cc1-400f-bf3a-5740b699ac21,a9c81e05-8b1a-47ad-a80d-dbc45603f068,2026-07-02,2026-07-02 17:00:42.59+00,1,email,2026-07-02 17:01:03.989+00
0e4ce05c-8e7e-4fa8-bddc-eb724d56dd2f,0c96a57e-6cc1-400f-bf3a-5740b699ac21,a3c5b629-15d3-48a7-b5ab-694e63dc8b63,2026-07-02,2026-07-02 17:00:42.59+00,8,in_app,2026-07-02 17:01:04.117+00
2e2ee774-fc66-4e99-95c5-0efdbc8537c2,0c96a57e-6cc1-400f-bf3a-5740b699ac21,a3c5b629-15d3-48a7-b5ab-694e63dc8b63,2026-07-02,2026-07-02 17:00:42.59+00,8,email,2026-07-02 17:01:04.498+00
5df308f8-5ff8-422f-b08a-e32295d7eb1c,0c96a57e-6cc1-400f-bf3a-5740b699ac21,a94fc469-4603-487f-ab7f-e2712197d510,2026-07-02,2026-07-02 17:00:42.59+00,2,in_app,2026-07-02 17:01:04.591+00
e86c0466-50ff-4ea8-a63b-b5942906563b,0c96a57e-6cc1-400f-bf3a-5740b699ac21,a94fc469-4603-487f-ab7f-e2712197d510,2026-07-02,2026-07-02 17:00:42.59+00,2,email,2026-07-02 17:01:04.973+00
7138776a-8c0e-48b2-b6df-6cfc3aa633b8,0c96a57e-6cc1-400f-bf3a-5740b699ac21,b3db042c-4932-4f66-8aff-3136ed50db97,2026-07-02,2026-07-02 17:00:42.59+00,8,in_app,2026-07-02 17:01:05.129+00
e2cbac06-a57e-467d-a5f3-5282083d5e3b,0c96a57e-6cc1-400f-bf3a-5740b699ac21,b3db042c-4932-4f66-8aff-3136ed50db97,2026-07-02,2026-07-02 17:00:42.59+00,8,email,2026-07-02 17:01:05.543+00
5349a644-539a-4118-855f-b02c0d1e398c,0c96a57e-6cc1-400f-bf3a-5740b699ac21,642b0596-7431-4f50-acff-1eb4199fab76,2026-07-02,2026-07-02 17:00:42.59+00,1,in_app,2026-07-02 17:01:05.677+00
bf417539-dae5-41ce-a239-9da1b78011f1,0c96a57e-6cc1-400f-bf3a-5740b699ac21,642b0596-7431-4f50-acff-1eb4199fab76,2026-07-02,2026-07-02 17:00:42.59+00,1,email,2026-07-02 17:01:06.076+00
dce2844b-d636-4bba-b4ad-5c77c663a6a4,0c96a57e-6cc1-400f-bf3a-5740b699ac21,6f58e5f8-b85c-4f92-89b7-1cf3ca9f22b6,2026-07-02,2026-07-02 17:00:42.59+00,2,in_app,2026-07-02 17:01:06.235+00
6a4670a8-b7d1-41c7-9e54-38426da18652,0c96a57e-6cc1-400f-bf3a-5740b699ac21,6f58e5f8-b85c-4f92-89b7-1cf3ca9f22b6,2026-07-02,2026-07-02 17:00:42.59+00,2,email,2026-07-02 17:01:06.616+00
42f6724b-c976-4e77-835f-0b25e11b153d,0c96a57e-6cc1-400f-bf3a-5740b699ac21,decc7faa-b202-42f1-9a04-fe15fe97a892,2026-07-02,2026-07-02 17:00:42.59+00,1,in_app,2026-07-02 17:01:06.753+00
7cd438ec-d65b-47e2-b5da-83c3d8b9aab9,0c96a57e-6cc1-400f-bf3a-5740b699ac21,decc7faa-b202-42f1-9a04-fe15fe97a892,2026-07-02,2026-07-02 17:00:42.59+00,1,email,2026-07-02 17:01:07.142+00
f47e6683-a65b-455a-89eb-56bd114fa17e,0c96a57e-6cc1-400f-bf3a-5740b699ac21,8cab859b-a1e1-4edb-af95-4e847e1c93e4,2026-07-02,2026-07-02 17:00:42.59+00,2,in_app,2026-07-02 17:01:07.269+00
08755e0d-3c0b-447b-ae0d-f7573160b758,0c96a57e-6cc1-400f-bf3a-5740b699ac21,8cab859b-a1e1-4edb-af95-4e847e1c93e4,2026-07-02,2026-07-02 17:00:42.59+00,2,email,2026-07-02 17:01:07.653+00
1f7a7273-58a3-4344-b1c6-ef99b06d29ef,0c96a57e-6cc1-400f-bf3a-5740b699ac21,968fc8e6-f918-4579-b0d1-26570ce5e94b,2026-07-03,2026-07-03 11:00:03.257+00,1,in_app,2026-07-03 11:00:03.513+00
f0c13113-ea21-456a-932d-1726511e90a3,0c96a57e-6cc1-400f-bf3a-5740b699ac21,968fc8e6-f918-4579-b0d1-26570ce5e94b,2026-07-03,2026-07-03 11:00:03.257+00,1,email,2026-07-03 11:00:04.006+00
7fc95614-39a8-47be-b4af-8f9eac5bf16a,2a72272f-56f2-4104-9952-5d3d8b19ff1d,27edf455-e61a-48a9-a846-e2c6f42999b5,2026-07-03,2026-07-03 11:00:03.257+00,8,in_app,2026-07-03 11:00:04.084+00
8dd85d68-08ee-486f-8e44-097b8045dc8f,2a72272f-56f2-4104-9952-5d3d8b19ff1d,27edf455-e61a-48a9-a846-e2c6f42999b5,2026-07-03,2026-07-03 11:00:03.257+00,8,email,2026-07-03 11:00:04.834+00
21a86bd7-3814-4871-bb34-cabdd4475ef3,d11dca3a-5828-47a7-a993-59fe383e36ba,6237fa09-ec4a-46ca-a99b-4f8afb3bf259,2026-07-03,2026-07-03 11:00:03.257+00,2,in_app,2026-07-03 11:00:04.912+00
d4ff0b09-539c-4f17-bd5a-7ff7411dba03,d11dca3a-5828-47a7-a993-59fe383e36ba,6237fa09-ec4a-46ca-a99b-4f8afb3bf259,2026-07-03,2026-07-03 11:00:03.257+00,2,email,2026-07-03 11:00:05.606+00
0041c911-3aab-44ad-9603-be16998c66f6,8474aaf6-e7d1-4165-9bef-bf76bc701038,90bb1d12-5855-4f3e-aecb-e92f597e650c,2026-07-03,2026-07-03 11:00:03.257+00,1,in_app,2026-07-03 11:00:05.679+00
fcf089de-b396-4a2f-a551-4fd611a0bf26,8474aaf6-e7d1-4165-9bef-bf76bc701038,90bb1d12-5855-4f3e-aecb-e92f597e650c,2026-07-03,2026-07-03 11:00:03.257+00,1,email,2026-07-03 11:00:06.21+00
2184db58-383f-4791-ab21-509527b8bfc0,8396bd66-e3ed-4593-b985-3e380cd308eb,b0faf762-848b-4737-a04d-b2b4e1e8cc5b,2026-07-03,2026-07-03 11:00:03.257+00,2,in_app,2026-07-03 11:00:06.279+00
6bf59ace-af71-4821-9ea8-70cba351f265,8396bd66-e3ed-4593-b985-3e380cd308eb,b0faf762-848b-4737-a04d-b2b4e1e8cc5b,2026-07-03,2026-07-03 11:00:03.257+00,2,email,2026-07-03 11:00:07.742+00
50166d32-7725-44b8-9b79-fe8e00b07d8c,72aeb445-484f-4979-8c2a-d34ec40b22b0,bdef184d-6217-4cdf-a59f-dc37008d13fd,2026-07-03,2026-07-03 11:00:03.257+00,7,in_app,2026-07-03 11:00:07.815+00
070a47c2-70f3-467d-a8ab-3b82d072a1ce,72aeb445-484f-4979-8c2a-d34ec40b22b0,bdef184d-6217-4cdf-a59f-dc37008d13fd,2026-07-03,2026-07-03 11:00:03.257+00,7,email,2026-07-03 11:00:08.157+00
a9a62bee-3bc2-45d6-84bb-1796a8e88603,0c96a57e-6cc1-400f-bf3a-5740b699ac21,7b577c22-5513-42cc-ab19-2bf867e14ebc,2026-07-03,2026-07-03 11:00:03.257+00,2,in_app,2026-07-03 11:00:08.23+00
ec7cd95a-cb83-435f-8cb0-370a3c54a711,0c96a57e-6cc1-400f-bf3a-5740b699ac21,7b577c22-5513-42cc-ab19-2bf867e14ebc,2026-07-03,2026-07-03 11:00:03.257+00,2,email,2026-07-03 11:00:08.576+00
58169605-6a6a-4f42-85b2-d78b9decc8aa,62a2569e-4be2-4326-bddd-3c6116ed18b0,6d3f8a2c-1a05-4e2a-b57e-d969b668049b,2026-07-03,2026-07-03 11:00:03.257+00,1,in_app,2026-07-03 11:00:08.646+00
42f729f2-1911-4322-ae4c-5cff376f0a1c,62a2569e-4be2-4326-bddd-3c6116ed18b0,6d3f8a2c-1a05-4e2a-b57e-d969b668049b,2026-07-03,2026-07-03 11:00:03.257+00,1,email,2026-07-03 11:00:09.279+00
0fba3c58-aaa0-4f31-9234-fbc9f722307b,62a2569e-4be2-4326-bddd-3c6116ed18b0,7b577c22-5513-42cc-ab19-2bf867e14ebc,2026-07-03,2026-07-03 11:00:03.257+00,1,in_app,2026-07-03 11:00:09.351+00
1182f088-5493-424b-9973-ec6aff6ad120,62a2569e-4be2-4326-bddd-3c6116ed18b0,7b577c22-5513-42cc-ab19-2bf867e14ebc,2026-07-03,2026-07-03 11:00:03.257+00,1,email,2026-07-03 11:00:09.724+00
d23b8401-b960-4c46-b3f7-61e6acab2b8e,62a2569e-4be2-4326-bddd-3c6116ed18b0,bdef184d-6217-4cdf-a59f-dc37008d13fd,2026-07-03,2026-07-03 11:00:03.257+00,1,in_app,2026-07-03 11:00:09.795+00
e57374e6-1fe1-4106-9a86-f2eea24bbb98,62a2569e-4be2-4326-bddd-3c6116ed18b0,bdef184d-6217-4cdf-a59f-dc37008d13fd,2026-07-03,2026-07-03 11:00:03.257+00,1,email,2026-07-03 11:00:10.155+00
55b1a964-46be-407a-acf8-5f419c4f1a8c,b0737bfd-7bea-493b-8cfc-14946fcea8cd,90bb1d12-5855-4f3e-aecb-e92f597e650c,2026-07-03,2026-07-03 11:00:03.257+00,1,in_app,2026-07-03 11:00:10.227+00
eb10317d-9216-402f-a0eb-972f93d16090,b0737bfd-7bea-493b-8cfc-14946fcea8cd,90bb1d12-5855-4f3e-aecb-e92f597e650c,2026-07-03,2026-07-03 11:00:03.257+00,1,email,2026-07-03 11:00:10.647+00
1b3d2f78-b860-4dde-a1fb-1979f97df748,9b5aa503-44ec-40de-9ceb-b1475639767e,2a266637-be4e-4088-9918-a51576912f5c,2026-07-03,2026-07-03 11:00:03.257+00,4,in_app,2026-07-03 11:00:10.694+00
9c38e13a-96eb-4c5f-9936-7ed71895886f,9b5aa503-44ec-40de-9ceb-b1475639767e,2a266637-be4e-4088-9918-a51576912f5c,2026-07-03,2026-07-03 11:00:03.257+00,4,email,2026-07-03 11:00:11.176+00
4a1b9707-856f-409c-8661-78d0a7022033,b6617c09-9b4a-4ebc-bf50-e584b67edaa3,e5efecc9-f05f-479b-b2ea-81a2ed90fba4,2026-07-03,2026-07-03 11:00:03.257+00,1,in_app,2026-07-03 11:00:11.249+00
de09dcd0-1d62-424d-ae20-e984f08e0b17,b6617c09-9b4a-4ebc-bf50-e584b67edaa3,e5efecc9-f05f-479b-b2ea-81a2ed90fba4,2026-07-03,2026-07-03 11:00:03.257+00,1,email,2026-07-03 11:00:11.592+00
ece030f0-834d-4196-b17c-af3d15fa7a4b,fd63bafa-9a78-43fb-9311-f78b8cbfb667,d8eb23c1-2c90-4dfe-872a-aa3e3dcd6478,2026-07-03,2026-07-03 11:00:03.257+00,8,in_app,2026-07-03 11:00:11.636+00
a3fba823-d24e-4b14-97b7-41bf6f526159,fd63bafa-9a78-43fb-9311-f78b8cbfb667,d8eb23c1-2c90-4dfe-872a-aa3e3dcd6478,2026-07-03,2026-07-03 11:00:03.257+00,8,email,2026-07-03 11:00:12.007+00
6e38f389-8346-49cf-8480-854f74d6fd05,0c96a57e-6cc1-400f-bf3a-5740b699ac21,6237fa09-ec4a-46ca-a99b-4f8afb3bf259,2026-07-03,2026-07-03 11:00:03.257+00,1,in_app,2026-07-03 11:00:12.08+00
f8ec53b5-b59b-4ece-a2c2-593db786600c,0c96a57e-6cc1-400f-bf3a-5740b699ac21,6237fa09-ec4a-46ca-a99b-4f8afb3bf259,2026-07-03,2026-07-03 11:00:03.257+00,1,email,2026-07-03 11:00:12.467+00
dd6f0a57-2d97-4bc8-98dc-fb8d5efb9c8b,b0737bfd-7bea-493b-8cfc-14946fcea8cd,32ccdbe1-627f-4fe3-a506-056b997ed89b,2026-07-03,2026-07-03 11:00:03.257+00,3,in_app,2026-07-03 11:00:12.539+00
dcec93b9-a029-4ba1-b108-2fb8caf05666,b0737bfd-7bea-493b-8cfc-14946fcea8cd,32ccdbe1-627f-4fe3-a506-056b997ed89b,2026-07-03,2026-07-03 11:00:03.257+00,3,email,2026-07-03 11:00:12.895+00
080d4125-1fd1-474f-857f-6694d0f032b0,493aecc1-6791-4d62-bc63-f4f55c78e44e,a9c81e05-8b1a-47ad-a80d-dbc45603f068,2026-07-03,2026-07-03 11:00:03.257+00,1,in_app,2026-07-03 11:00:12.967+00
61f88494-38eb-4ffd-99dd-89b35bd70104,493aecc1-6791-4d62-bc63-f4f55c78e44e,a9c81e05-8b1a-47ad-a80d-dbc45603f068,2026-07-03,2026-07-03 11:00:03.257+00,1,email,2026-07-03 11:00:13.302+00
71db758a-89f3-4cc2-ba74-b49359f75213,8474aaf6-e7d1-4165-9bef-bf76bc701038,32ccdbe1-627f-4fe3-a506-056b997ed89b,2026-07-03,2026-07-03 11:00:03.257+00,3,in_app,2026-07-03 11:00:13.372+00
f0a87142-497b-49ce-bcdb-da6b7cfc8ee6,8474aaf6-e7d1-4165-9bef-bf76bc701038,32ccdbe1-627f-4fe3-a506-056b997ed89b,2026-07-03,2026-07-03 11:00:03.257+00,3,email,2026-07-03 11:00:13.714+00
6fad8fdb-6ef7-4763-aa7e-0bf722ff6029,9066ac12-d1c6-4a15-ad74-4932bf8dd987,968fc8e6-f918-4579-b0d1-26570ce5e94b,2026-07-03,2026-07-03 11:00:03.257+00,2,in_app,2026-07-03 11:00:13.782+00
9a667a36-1241-4baf-b806-b517101fa917,9066ac12-d1c6-4a15-ad74-4932bf8dd987,968fc8e6-f918-4579-b0d1-26570ce5e94b,2026-07-03,2026-07-03 11:00:03.257+00,2,email,2026-07-03 11:00:14.113+00
c7984fa9-7849-4f2c-bdcd-5d34274d327a,04b00ab5-856d-4f95-962b-e9d97b33f207,a3c5b629-15d3-48a7-b5ab-694e63dc8b63,2026-07-03,2026-07-03 11:00:03.257+00,8,in_app,2026-07-03 11:00:14.179+00
cb8cd9ae-22e0-4e3d-915c-3e596a3c0e4e,04b00ab5-856d-4f95-962b-e9d97b33f207,a3c5b629-15d3-48a7-b5ab-694e63dc8b63,2026-07-03,2026-07-03 11:00:03.257+00,8,email,2026-07-03 11:00:14.92+00
a98ed026-3792-4616-9476-78f976dd00fd,3870aadb-8625-4184-ac60-c6e20be4cdc5,a94fc469-4603-487f-ab7f-e2712197d510,2026-07-03,2026-07-03 11:00:03.257+00,2,in_app,2026-07-03 11:00:14.992+00
1b92a920-e663-4a36-abdc-d8bf443364eb,3870aadb-8625-4184-ac60-c6e20be4cdc5,a94fc469-4603-487f-ab7f-e2712197d510,2026-07-03,2026-07-03 11:00:03.257+00,2,email,2026-07-03 11:00:15.343+00
0ca3d437-f460-49b6-b7da-fee94a6f90f1,0c96a57e-6cc1-400f-bf3a-5740b699ac21,27edf455-e61a-48a9-a846-e2c6f42999b5,2026-07-03,2026-07-03 11:00:03.257+00,1,in_app,2026-07-03 11:00:15.412+00
84bfa579-3709-4151-b127-0c2111723470,0c96a57e-6cc1-400f-bf3a-5740b699ac21,27edf455-e61a-48a9-a846-e2c6f42999b5,2026-07-03,2026-07-03 11:00:03.257+00,1,email,2026-07-03 11:00:15.75+00
c0b75266-eac9-4c04-91ba-b05599889198,ed586056-17ca-4287-936a-c16e642c63a6,8737f689-7c9e-414a-8391-5bf93d5ba600,2026-07-03,2026-07-03 11:00:03.257+00,1,in_app,2026-07-03 11:00:15.819+00
25e37f2a-7ea9-4ce7-aac7-cbfb266d775c,ed586056-17ca-4287-936a-c16e642c63a6,8737f689-7c9e-414a-8391-5bf93d5ba600,2026-07-03,2026-07-03 11:00:03.257+00,1,email,2026-07-03 11:00:16.101+00
ff810bc1-e951-4142-a0e0-ee5e4fa49c21,2e6f6612-8033-42e0-b84d-b2ea8aded8ac,b3db042c-4932-4f66-8aff-3136ed50db97,2026-07-03,2026-07-03 11:00:03.257+00,7,in_app,2026-07-03 11:00:16.14+00
53ea65e9-8fdc-499d-b932-1754cd11feb7,2e6f6612-8033-42e0-b84d-b2ea8aded8ac,b3db042c-4932-4f66-8aff-3136ed50db97,2026-07-03,2026-07-03 11:00:03.257+00,7,email,2026-07-03 11:00:16.434+00
546e3b66-7abb-4f26-b28e-fb2090ec6ad4,493aecc1-6791-4d62-bc63-f4f55c78e44e,642b0596-7431-4f50-acff-1eb4199fab76,2026-07-03,2026-07-03 11:00:03.257+00,1,in_app,2026-07-03 11:00:16.474+00
d3a2f9ef-bbce-4b27-9b1a-6011c8caa0df,493aecc1-6791-4d62-bc63-f4f55c78e44e,642b0596-7431-4f50-acff-1eb4199fab76,2026-07-03,2026-07-03 11:00:03.257+00,1,email,2026-07-03 11:00:16.838+00
2219dee6-05ba-497f-ae2c-0746b4280298,493aecc1-6791-4d62-bc63-f4f55c78e44e,7b577c22-5513-42cc-ab19-2bf867e14ebc,2026-07-03,2026-07-03 11:00:03.257+00,8,in_app,2026-07-03 11:00:17.404+00
872a442a-be61-4fee-ade5-0d9f547b79ac,c1f13659-b28c-4d50-8375-5bf200294992,decc7faa-b202-42f1-9a04-fe15fe97a892,2026-07-03,2026-07-03 11:00:03.257+00,1,email,2026-07-03 11:00:18.8+00
f910eacb-bf6a-4e45-8528-246fba29bb7f,678b734f-19e2-4622-ab4e-fccd86f4877f,8cab859b-a1e1-4edb-af95-4e847e1c93e4,2026-07-03,2026-07-03 11:00:03.257+00,2,in_app,2026-07-03 11:00:18.841+00
b8b99ad9-3106-4d6c-96ad-c35350f36628,678b734f-19e2-4622-ab4e-fccd86f4877f,8cab859b-a1e1-4edb-af95-4e847e1c93e4,2026-07-03,2026-07-03 11:00:03.257+00,2,email,2026-07-03 11:00:19.11+00
e5ea21d5-4b5f-4bcc-bc47-bbcbcff94663,0c96a57e-6cc1-400f-bf3a-5740b699ac21,d8eb23c1-2c90-4dfe-872a-aa3e3dcd6478,2026-07-03,2026-07-03 11:00:03.257+00,8,email,2026-07-03 11:00:21.08+00
0edbbb79-e9c5-44f6-813b-28b926894651,0c96a57e-6cc1-400f-bf3a-5740b699ac21,a9c81e05-8b1a-47ad-a80d-dbc45603f068,2026-07-03,2026-07-03 11:00:03.257+00,1,in_app,2026-07-03 11:00:21.557+00
4e11d1a5-bbac-4720-a642-08a81e8f8eb0,0c96a57e-6cc1-400f-bf3a-5740b699ac21,b3db042c-4932-4f66-8aff-3136ed50db97,2026-07-03,2026-07-03 11:00:03.257+00,8,email,2026-07-03 11:00:23.212+00
526d2965-104d-4ef8-9f60-0ee0a2d9b9cb,493aecc1-6791-4d62-bc63-f4f55c78e44e,642b0596-7431-4f50-acff-1eb4199fab76,2026-07-08,2026-07-08 11:01:28.883+00,1,email,2026-07-08 11:01:39.787+00
5e7e43d4-aa63-4270-b0ea-802fe2543f2a,493aecc1-6791-4d62-bc63-f4f55c78e44e,7b577c22-5513-42cc-ab19-2bf867e14ebc,2026-07-08,2026-07-08 11:01:28.883+00,8,in_app,2026-07-08 11:01:40.246+00
65fb5ea3-8828-4b3e-a918-daa1df3089d3,493aecc1-6791-4d62-bc63-f4f55c78e44e,7b577c22-5513-42cc-ab19-2bf867e14ebc,2026-07-08,2026-07-08 11:01:28.883+00,8,email,2026-07-08 11:01:40.542+00
d9761cdb-62be-4d98-8e98-26f1fdd24474,0c96a57e-6cc1-400f-bf3a-5740b699ac21,d8eb23c1-2c90-4dfe-872a-aa3e3dcd6478,2026-07-08,2026-07-08 11:01:28.883+00,8,in_app,2026-07-08 11:01:44.709+00
986cf90a-a0e7-4f3a-8895-d7fff48cf571,0c96a57e-6cc1-400f-bf3a-5740b699ac21,d8eb23c1-2c90-4dfe-872a-aa3e3dcd6478,2026-07-08,2026-07-08 11:01:28.883+00,8,email,2026-07-08 11:01:45.091+00
8bf1c9ec-b9aa-4433-ae77-d8683074a0f3,0c96a57e-6cc1-400f-bf3a-5740b699ac21,a94fc469-4603-487f-ab7f-e2712197d510,2026-07-08,2026-07-08 11:01:28.883+00,6,in_app,2026-07-08 11:01:45.188+00
c6129f9d-8d71-4769-8b4d-f33e1edb6aec,0c96a57e-6cc1-400f-bf3a-5740b699ac21,642b0596-7431-4f50-acff-1eb4199fab76,2026-07-08,2026-07-08 11:01:28.883+00,1,email,2026-07-08 11:01:47.499+00
8894cb67-cf4d-417e-b884-b1e4f935cecb,0c96a57e-6cc1-400f-bf3a-5740b699ac21,decc7faa-b202-42f1-9a04-fe15fe97a892,2026-07-08,2026-07-08 11:01:28.883+00,1,email,2026-07-08 11:01:48.297+00
4f5c8ffe-f46e-43a9-91ce-21181ffed024,8474aaf6-e7d1-4165-9bef-bf76bc701038,90bb1d12-5855-4f3e-aecb-e92f597e650c,2026-07-12,2026-07-12 11:00:34.482+00,1,in_app,2026-07-12 11:00:35.756+00
1d729d98-01e7-4e80-97ec-920eec45c2d6,8474aaf6-e7d1-4165-9bef-bf76bc701038,90bb1d12-5855-4f3e-aecb-e92f597e650c,2026-07-12,2026-07-12 11:00:34.482+00,1,email,2026-07-12 11:00:36.057+00
f37dd650-16fb-4394-bffa-658ef553cd52,bdcaf0e7-94cb-4745-ae1d-944ab5404b4d,c30e3590-04a3-4544-bf66-43228037bfc9,2026-07-12,2026-07-12 11:00:34.482+00,1,in_app,2026-07-12 11:00:36.113+00
57c7a230-f372-4e65-81da-2c08cbfb540c,bdcaf0e7-94cb-4745-ae1d-944ab5404b4d,c30e3590-04a3-4544-bf66-43228037bfc9,2026-07-12,2026-07-12 11:00:34.482+00,1,email,2026-07-12 11:00:36.404+00
9bb9a11c-1bcb-4f41-b455-9264c8b0fe62,8396bd66-e3ed-4593-b985-3e380cd308eb,b0faf762-848b-4737-a04d-b2b4e1e8cc5b,2026-07-12,2026-07-12 11:00:34.482+00,2,in_app,2026-07-12 11:00:36.449+00
f85dd55c-b0e7-4b1d-b111-e31fba42e90f,8396bd66-e3ed-4593-b985-3e380cd308eb,b0faf762-848b-4737-a04d-b2b4e1e8cc5b,2026-07-12,2026-07-12 11:00:34.482+00,2,email,2026-07-12 11:00:36.994+00
91ff4518-18f5-4ca9-8422-b843c6e3513d,c1f13659-b28c-4d50-8375-5bf200294992,3519d0a1-12b5-4a38-bbd5-a5b9d518cb53,2026-07-12,2026-07-12 11:00:34.482+00,1,in_app,2026-07-12 11:00:37.774+00
230eea6b-7bca-4c9b-97a3-7f82edfb4c46,c1f13659-b28c-4d50-8375-5bf200294992,3519d0a1-12b5-4a38-bbd5-a5b9d518cb53,2026-07-12,2026-07-12 11:00:34.482+00,1,email,2026-07-12 11:00:38.08+00
c9a3ec8b-17f3-42bf-a323-9a8f8204141a,3870aadb-8625-4184-ac60-c6e20be4cdc5,a94fc469-4603-487f-ab7f-e2712197d510,2026-07-27,2026-07-27 11:00:02.405+00,20,in_app,2026-07-27 11:00:06.209+00
4851ea98-aece-48ac-9555-934f6ecbc208,8474aaf6-e7d1-4165-9bef-bf76bc701038,32ccdbe1-627f-4fe3-a506-056b997ed89b,2026-07-12,2026-07-12 11:00:34.482+00,4,email,2026-07-12 11:00:41.261+00
0e5f7914-f267-48d0-9d0c-502e3edd0e8d,0c96a57e-6cc1-400f-bf3a-5740b699ac21,6237fa09-ec4a-46ca-a99b-4f8afb3bf259,2026-07-12,2026-07-12 11:00:34.482+00,1,in_app,2026-07-12 11:00:41.307+00
1acb783d-891c-4fb8-9a6b-7884bdff44b6,0c96a57e-6cc1-400f-bf3a-5740b699ac21,6237fa09-ec4a-46ca-a99b-4f8afb3bf259,2026-07-12,2026-07-12 11:00:34.482+00,1,email,2026-07-12 11:00:41.595+00
fe3477c2-e4a6-472d-9249-1e256e6553e5,b0737bfd-7bea-493b-8cfc-14946fcea8cd,32ccdbe1-627f-4fe3-a506-056b997ed89b,2026-07-12,2026-07-12 11:00:34.482+00,3,email,2026-07-12 11:00:41.918+00
cde56aa1-0be9-4719-afc1-16472a739add,c1f13659-b28c-4d50-8375-5bf200294992,658a0146-2d8a-4b2e-81e5-aa16fa9d0a30,2026-07-12,2026-07-12 11:00:34.482+00,1,in_app,2026-07-12 11:00:41.964+00
3ea77ec5-be2f-44eb-b487-b9403d226529,04b00ab5-856d-4f95-962b-e9d97b33f207,a3c5b629-15d3-48a7-b5ab-694e63dc8b63,2026-07-12,2026-07-12 11:00:34.482+00,8,email,2026-07-12 11:00:43.314+00
0211587d-8fca-492a-8ebf-1b799ed2aa8b,678c949f-b372-4aba-9d9b-26d422134531,3258f102-8146-4986-964f-8c8f53441300,2026-07-12,2026-07-12 11:00:34.482+00,2,email,2026-07-12 11:00:43.656+00
9c39e798-a82f-4fdb-8de0-270f652606e0,0c96a57e-6cc1-400f-bf3a-5740b699ac21,27edf455-e61a-48a9-a846-e2c6f42999b5,2026-07-12,2026-07-12 11:00:34.482+00,1,in_app,2026-07-12 11:00:43.724+00
f96a05b4-cb2f-434e-9f27-0a7e66a8f816,0c96a57e-6cc1-400f-bf3a-5740b699ac21,27edf455-e61a-48a9-a846-e2c6f42999b5,2026-07-12,2026-07-12 11:00:34.482+00,1,email,2026-07-12 11:00:44.015+00
0287b9b5-0ec5-4e4b-84c3-654ac956c0d2,ed586056-17ca-4287-936a-c16e642c63a6,8737f689-7c9e-414a-8391-5bf93d5ba600,2026-07-12,2026-07-12 11:00:34.482+00,1,in_app,2026-07-12 11:00:44.083+00
7ce7cb23-10bc-4a5d-a9cb-ae5c74c58b4d,ed586056-17ca-4287-936a-c16e642c63a6,8737f689-7c9e-414a-8391-5bf93d5ba600,2026-07-12,2026-07-12 11:00:34.482+00,1,email,2026-07-12 11:00:44.369+00
41bb4599-947f-428a-b81a-383166d53764,2e6f6612-8033-42e0-b84d-b2ea8aded8ac,b3db042c-4932-4f66-8aff-3136ed50db97,2026-07-12,2026-07-12 11:00:34.482+00,7,email,2026-07-12 11:00:44.732+00
5b234047-bb13-4bba-8a96-0298def628a7,493aecc1-6791-4d62-bc63-f4f55c78e44e,642b0596-7431-4f50-acff-1eb4199fab76,2026-07-12,2026-07-12 11:00:34.482+00,1,in_app,2026-07-12 11:00:44.774+00
a8fc9725-3e96-4660-bed7-93da94d2a2ce,493aecc1-6791-4d62-bc63-f4f55c78e44e,7b577c22-5513-42cc-ab19-2bf867e14ebc,2026-07-12,2026-07-12 11:00:34.482+00,7,email,2026-07-12 11:00:45.722+00
7e1ed4ec-08c7-497c-8b80-af8b2a2f5528,0ae36a43-2ef0-4a7d-b95a-edcc7d9ac3f2,7b577c22-5513-42cc-ab19-2bf867e14ebc,2026-07-12,2026-07-12 11:00:34.482+00,1,email,2026-07-12 11:00:46.422+00
75829714-4782-4462-808c-9b1df08b1921,0c96a57e-6cc1-400f-bf3a-5740b699ac21,658a0146-2d8a-4b2e-81e5-aa16fa9d0a30,2026-07-12,2026-07-12 11:00:34.482+00,1,in_app,2026-07-12 11:00:50.917+00
d9b33a8b-b491-45bc-9e74-1918264aaf49,0c96a57e-6cc1-400f-bf3a-5740b699ac21,658a0146-2d8a-4b2e-81e5-aa16fa9d0a30,2026-07-12,2026-07-12 11:00:34.482+00,1,email,2026-07-12 11:00:51.263+00
9232d772-5a33-4cd5-9476-d4e2927fa4e6,0c96a57e-6cc1-400f-bf3a-5740b699ac21,a3c5b629-15d3-48a7-b5ab-694e63dc8b63,2026-07-12,2026-07-12 11:00:34.482+00,8,in_app,2026-07-12 11:00:51.37+00
1c2daf6d-5c40-4e27-8ede-624fddad00b7,0c96a57e-6cc1-400f-bf3a-5740b699ac21,642b0596-7431-4f50-acff-1eb4199fab76,2026-07-12,2026-07-12 11:00:34.482+00,1,email,2026-07-12 11:00:52.833+00
ed736478-995a-4c9e-bd96-720b1c160b29,0c96a57e-6cc1-400f-bf3a-5740b699ac21,6f58e5f8-b85c-4f92-89b7-1cf3ca9f22b6,2026-07-12,2026-07-12 11:00:34.482+00,2,in_app,2026-07-12 11:00:52.941+00
18d091cc-02cf-4830-af68-02efef7ab7d4,0c96a57e-6cc1-400f-bf3a-5740b699ac21,decc7faa-b202-42f1-9a04-fe15fe97a892,2026-07-12,2026-07-12 11:00:34.482+00,1,in_app,2026-07-12 11:00:53.27+00
6a443243-b6b9-414f-85f1-fcc6646a0faa,b16b90c0-67c9-46c5-ac6f-2ccb8f3b2a08,5d7214cd-c7d1-42ac-b859-b9e84dee9fab,2026-07-14,2026-07-14 17:00:12.193+00,1,email,2026-07-14 17:00:13.633+00
25793fa2-8c75-43d4-ad03-bb7d34f72a0c,8474aaf6-e7d1-4165-9bef-bf76bc701038,90bb1d12-5855-4f3e-aecb-e92f597e650c,2026-07-16,2026-07-16 17:00:20.192+00,1,in_app,2026-07-16 17:00:22.159+00
481ae171-49ef-411f-9d71-e8d1afbe9b3d,0c96a57e-6cc1-400f-bf3a-5740b699ac21,7b577c22-5513-42cc-ab19-2bf867e14ebc,2026-07-16,2026-07-16 17:00:20.192+00,2,in_app,2026-07-16 17:00:23.379+00
6de14e20-2786-4023-9016-bb2ee283e352,c1f13659-b28c-4d50-8375-5bf200294992,3519d0a1-12b5-4a38-bbd5-a5b9d518cb53,2026-07-16,2026-07-16 17:00:20.192+00,1,in_app,2026-07-16 17:00:24.057+00
5b9ab649-776b-4213-9624-8a478fe872c7,62a2569e-4be2-4326-bddd-3c6116ed18b0,7b577c22-5513-42cc-ab19-2bf867e14ebc,2026-07-16,2026-07-16 17:00:20.192+00,1,email,2026-07-16 17:00:25.668+00
2d693de9-8ef6-4f9f-91d2-9765bbfcbed7,2f940451-4cf3-44e3-9040-07942e4146c1,b874694b-f463-4dbd-bb6f-b04f121a8802,2026-07-16,2026-07-16 17:00:20.192+00,1,email,2026-07-16 17:00:26.226+00
cc7aff2a-98fa-4d54-be8c-5813dc40b84b,3870aadb-8625-4184-ac60-c6e20be4cdc5,a94fc469-4603-487f-ab7f-e2712197d510,2026-07-27,2026-07-27 11:00:02.405+00,20,email,2026-07-27 11:00:06.836+00
7a0f2af0-a73e-4484-adba-302c18489af1,62a2569e-4be2-4326-bddd-3c6116ed18b0,bdef184d-6217-4cdf-a59f-dc37008d13fd,2026-07-16,2026-07-16 17:00:20.192+00,1,email,2026-07-16 17:00:27.344+00
3683a617-34c5-4347-9660-357a43662568,8474aaf6-e7d1-4165-9bef-bf76bc701038,32ccdbe1-627f-4fe3-a506-056b997ed89b,2026-07-16,2026-07-16 17:00:20.192+00,4,email,2026-07-16 17:00:30.465+00
a918a790-b00d-40db-900b-d8d7ab8dc22e,0c96a57e-6cc1-400f-bf3a-5740b699ac21,6237fa09-ec4a-46ca-a99b-4f8afb3bf259,2026-07-16,2026-07-16 17:00:20.192+00,1,in_app,2026-07-16 17:00:30.611+00
ddffbd1d-03a9-4e70-9a00-bf38627f3d21,b0737bfd-7bea-493b-8cfc-14946fcea8cd,32ccdbe1-627f-4fe3-a506-056b997ed89b,2026-07-16,2026-07-16 17:00:20.192+00,3,in_app,2026-07-16 17:00:31.174+00
36ce38d4-70b5-4937-bee0-090c904d0b37,9066ac12-d1c6-4a15-ad74-4932bf8dd987,968fc8e6-f918-4579-b0d1-26570ce5e94b,2026-07-16,2026-07-16 17:00:20.192+00,2,email,2026-07-16 17:00:34.377+00
0efa1cbe-ef64-4e96-8e92-ae600736bbe7,0c96a57e-6cc1-400f-bf3a-5740b699ac21,27edf455-e61a-48a9-a846-e2c6f42999b5,2026-07-16,2026-07-16 17:00:20.192+00,1,email,2026-07-16 17:00:36.964+00
94dd7607-495a-459d-b52d-c03234b9df06,0c96a57e-6cc1-400f-bf3a-5740b699ac21,c6754833-e150-4c12-9149-45a6dfcd6eec,2026-07-16,2026-07-16 17:00:20.192+00,3,in_app,2026-07-16 17:00:38.965+00
738c3052-8c95-4fdb-aa3d-e7eb40008b3f,493aecc1-6791-4d62-bc63-f4f55c78e44e,7b577c22-5513-42cc-ab19-2bf867e14ebc,2026-07-16,2026-07-16 17:00:20.192+00,7,in_app,2026-07-16 17:00:39.522+00
c7e93f68-2811-448b-9be4-d704ae2a51f0,0ae36a43-2ef0-4a7d-b95a-edcc7d9ac3f2,7b577c22-5513-42cc-ab19-2bf867e14ebc,2026-07-16,2026-07-16 17:00:20.192+00,1,email,2026-07-16 17:00:40.439+00
93555fff-2b59-42bf-a809-ee7b2358f16d,678b734f-19e2-4622-ab4e-fccd86f4877f,8cab859b-a1e1-4edb-af95-4e847e1c93e4,2026-07-16,2026-07-16 17:00:20.192+00,2,email,2026-07-16 17:00:41.499+00
74dd6d6d-60a9-4be4-9485-d593f555f99b,c1f13659-b28c-4d50-8375-5bf200294992,1c2d5668-5cd9-49a7-a138-3ccd2bea5cbb,2026-07-16,2026-07-16 17:00:20.192+00,1,in_app,2026-07-16 17:00:41.637+00
c356c854-47df-409a-8c3e-7dd7d096d2f1,0c96a57e-6cc1-400f-bf3a-5740b699ac21,bdef184d-6217-4cdf-a59f-dc37008d13fd,2026-07-16,2026-07-16 17:00:20.192+00,8,email,2026-07-16 17:00:43.631+00
6adb0639-cc94-4856-b16c-e2fadb2bb7b7,0c96a57e-6cc1-400f-bf3a-5740b699ac21,6d3f8a2c-1a05-4e2a-b57e-d969b668049b,2026-07-16,2026-07-16 17:00:20.192+00,1,email,2026-07-16 17:00:44.744+00
6e43a6ff-520b-4de0-995b-5d761d46035c,0c96a57e-6cc1-400f-bf3a-5740b699ac21,1c2d5668-5cd9-49a7-a138-3ccd2bea5cbb,2026-07-16,2026-07-16 17:00:20.192+00,1,email,2026-07-16 17:00:51.981+00
95513fbf-18dc-4264-a9a8-1bf0c89c146e,3870aadb-8625-4184-ac60-c6e20be4cdc5,a94fc469-4603-487f-ab7f-e2712197d510,2026-07-19,2026-07-19 11:01:02.32+00,11,in_app,2026-07-19 11:01:03.4+00
a095f7b7-4e91-4ad9-b4c3-f85d685bec89,3870aadb-8625-4184-ac60-c6e20be4cdc5,a94fc469-4603-487f-ab7f-e2712197d510,2026-07-19,2026-07-19 11:01:02.32+00,11,email,2026-07-19 11:01:03.85+00
a4bf6d80-7a81-4430-882c-8fbe768391b6,8474aaf6-e7d1-4165-9bef-bf76bc701038,90bb1d12-5855-4f3e-aecb-e92f597e650c,2026-07-19,2026-07-19 11:01:02.32+00,1,in_app,2026-07-19 11:01:03.963+00
eca7719e-7462-4105-8c68-a6cc8cf69440,0c96a57e-6cc1-400f-bf3a-5740b699ac21,c6754833-e150-4c12-9149-45a6dfcd6eec,2026-07-03,2026-07-03 11:00:03.257+00,3,in_app,2026-07-03 11:00:16.88+00
d39bc113-52e9-4ba3-a10b-98a8a3e80e5f,0ece46cd-9571-4f7f-8043-c1f2249b6cf9,6f58e5f8-b85c-4f92-89b7-1cf3ca9f22b6,2026-07-03,2026-07-03 11:00:03.257+00,2,in_app,2026-07-03 11:00:17.77+00
43241ffb-982f-4445-86c3-f3c18cc03e6c,0ae36a43-2ef0-4a7d-b95a-edcc7d9ac3f2,7b577c22-5513-42cc-ab19-2bf867e14ebc,2026-07-03,2026-07-03 11:00:03.257+00,1,in_app,2026-07-03 11:00:18.134+00
f1c59964-20c9-46e4-a800-514719e26cd0,0ae36a43-2ef0-4a7d-b95a-edcc7d9ac3f2,7b577c22-5513-42cc-ab19-2bf867e14ebc,2026-07-03,2026-07-03 11:00:03.257+00,1,email,2026-07-03 11:00:18.451+00
f0fd5a10-c190-4c20-bf2a-039b2658a421,0c96a57e-6cc1-400f-bf3a-5740b699ac21,bdef184d-6217-4cdf-a59f-dc37008d13fd,2026-07-03,2026-07-03 11:00:03.257+00,8,in_app,2026-07-03 11:00:19.299+00
d83d4ed5-4695-4da8-b90e-5caac9c5a06c,0c96a57e-6cc1-400f-bf3a-5740b699ac21,bdef184d-6217-4cdf-a59f-dc37008d13fd,2026-07-03,2026-07-03 11:00:03.257+00,8,email,2026-07-03 11:00:19.642+00
15e0e9a9-9f3c-4f43-b7ad-982a0e6ffd33,0c96a57e-6cc1-400f-bf3a-5740b699ac21,6d3f8a2c-1a05-4e2a-b57e-d969b668049b,2026-07-03,2026-07-03 11:00:03.257+00,1,in_app,2026-07-03 11:00:19.752+00
dfffc7ba-bbd5-42b0-aafa-34592b9b2b5c,0c96a57e-6cc1-400f-bf3a-5740b699ac21,6d3f8a2c-1a05-4e2a-b57e-d969b668049b,2026-07-03,2026-07-03 11:00:03.257+00,1,email,2026-07-03 11:00:20.04+00
13dcd854-3e92-47f0-b28a-94dc4c101e32,0c96a57e-6cc1-400f-bf3a-5740b699ac21,28f7b9e8-9516-4a08-864c-9ff3e085ba87,2026-07-03,2026-07-03 11:00:03.257+00,1,in_app,2026-07-03 11:00:21.147+00
8a4364a5-a75e-4b74-a9c0-2ab8d3e7d1de,0c96a57e-6cc1-400f-bf3a-5740b699ac21,a9c81e05-8b1a-47ad-a80d-dbc45603f068,2026-07-03,2026-07-03 11:00:03.257+00,1,email,2026-07-03 11:00:21.978+00
11c3b9d9-1515-4acd-97ff-8a32c056deac,0c96a57e-6cc1-400f-bf3a-5740b699ac21,a94fc469-4603-487f-ab7f-e2712197d510,2026-07-03,2026-07-03 11:00:03.257+00,2,in_app,2026-07-03 11:00:22.405+00
67ec5224-7c82-47a9-a092-95db67e69e35,0c96a57e-6cc1-400f-bf3a-5740b699ac21,a94fc469-4603-487f-ab7f-e2712197d510,2026-07-03,2026-07-03 11:00:03.257+00,2,email,2026-07-03 11:00:22.767+00
0b429e90-8d4e-4b01-8950-6b5b41eb5824,0c96a57e-6cc1-400f-bf3a-5740b699ac21,642b0596-7431-4f50-acff-1eb4199fab76,2026-07-03,2026-07-03 11:00:03.257+00,1,in_app,2026-07-03 11:00:23.282+00
c4bef568-8626-4041-b10e-1d32044f68a3,0c96a57e-6cc1-400f-bf3a-5740b699ac21,6f58e5f8-b85c-4f92-89b7-1cf3ca9f22b6,2026-07-03,2026-07-03 11:00:03.257+00,2,in_app,2026-07-03 11:00:23.746+00
61c538fb-ae64-40b4-b03e-deee71720b80,0c96a57e-6cc1-400f-bf3a-5740b699ac21,6f58e5f8-b85c-4f92-89b7-1cf3ca9f22b6,2026-07-03,2026-07-03 11:00:03.257+00,2,email,2026-07-03 11:00:24.119+00
09e01e0c-c8aa-44a1-bc91-b185d421d73f,0c96a57e-6cc1-400f-bf3a-5740b699ac21,8cab859b-a1e1-4edb-af95-4e847e1c93e4,2026-07-03,2026-07-03 11:00:03.257+00,2,in_app,2026-07-03 11:00:24.574+00
65621437-05f3-4581-a7fc-1ae36cf00a1b,0c96a57e-6cc1-400f-bf3a-5740b699ac21,8cab859b-a1e1-4edb-af95-4e847e1c93e4,2026-07-08,2026-07-08 11:01:28.883+00,2,in_app,2026-07-08 11:01:48.352+00
4fe433fb-bf61-4fb6-be13-1b679e5b4d4a,0c96a57e-6cc1-400f-bf3a-5740b699ac21,7b577c22-5513-42cc-ab19-2bf867e14ebc,2026-07-12,2026-07-12 11:00:34.482+00,2,in_app,2026-07-12 11:00:37.369+00
3da0bca0-c4f9-42dc-b37d-916b0b6bda69,0c96a57e-6cc1-400f-bf3a-5740b699ac21,7b577c22-5513-42cc-ab19-2bf867e14ebc,2026-07-12,2026-07-12 11:00:34.482+00,2,email,2026-07-12 11:00:37.729+00
33377707-c32b-4519-8e1b-c92d3f389493,62a2569e-4be2-4326-bddd-3c6116ed18b0,6d3f8a2c-1a05-4e2a-b57e-d969b668049b,2026-07-12,2026-07-12 11:00:34.482+00,1,in_app,2026-07-12 11:00:38.143+00
87776401-acbd-47a2-8601-47852e441717,62a2569e-4be2-4326-bddd-3c6116ed18b0,6d3f8a2c-1a05-4e2a-b57e-d969b668049b,2026-07-12,2026-07-12 11:00:34.482+00,1,email,2026-07-12 11:00:38.435+00
211e34ba-0db4-49ba-a3b0-a245bb5bd2bb,9b5aa503-44ec-40de-9ceb-b1475639767e,2a266637-be4e-4088-9918-a51576912f5c,2026-07-12,2026-07-12 11:00:34.482+00,4,email,2026-07-12 11:00:40.205+00
3de38c82-b630-42bb-a997-7307d9a76b5a,8474aaf6-e7d1-4165-9bef-bf76bc701038,32ccdbe1-627f-4fe3-a506-056b997ed89b,2026-07-12,2026-07-12 11:00:34.482+00,4,in_app,2026-07-12 11:00:40.972+00
049bfe0b-d27f-4a1b-bb8c-16860e855cc9,0c96a57e-6cc1-400f-bf3a-5740b699ac21,a94fc469-4603-487f-ab7f-e2712197d510,2026-07-12,2026-07-12 11:00:34.482+00,11,email,2026-07-12 11:00:47.896+00
ab5464aa-66ce-47d5-b8d7-8902d9c0c927,0c96a57e-6cc1-400f-bf3a-5740b699ac21,3519d0a1-12b5-4a38-bbd5-a5b9d518cb53,2026-07-12,2026-07-12 11:00:34.482+00,1,in_app,2026-07-12 11:00:48.719+00
d8dc6d5a-90a7-48c9-aac8-9d9483d66dfd,0c96a57e-6cc1-400f-bf3a-5740b699ac21,3519d0a1-12b5-4a38-bbd5-a5b9d518cb53,2026-07-12,2026-07-12 11:00:34.482+00,1,email,2026-07-12 11:00:49.052+00
78d808b4-4ed3-48b9-ae72-d9d48a77bbad,0c96a57e-6cc1-400f-bf3a-5740b699ac21,6d3f8a2c-1a05-4e2a-b57e-d969b668049b,2026-07-12,2026-07-12 11:00:34.482+00,1,in_app,2026-07-12 11:00:49.118+00
23540fa2-c16e-444f-a098-fb5874e2800a,0c96a57e-6cc1-400f-bf3a-5740b699ac21,2a266637-be4e-4088-9918-a51576912f5c,2026-07-12,2026-07-12 11:00:34.482+00,4,email,2026-07-12 11:00:50.12+00
fb1376e7-9755-4a6a-856b-10259b88939b,0c96a57e-6cc1-400f-bf3a-5740b699ac21,28f7b9e8-9516-4a08-864c-9ff3e085ba87,2026-07-12,2026-07-12 11:00:34.482+00,1,email,2026-07-12 11:00:50.876+00
2a77adf8-c4c3-4543-aceb-4758ff29f5f1,0c96a57e-6cc1-400f-bf3a-5740b699ac21,b3db042c-4932-4f66-8aff-3136ed50db97,2026-07-12,2026-07-12 11:00:34.482+00,8,in_app,2026-07-12 11:00:52.195+00
43aa815a-810a-4703-a8ac-858f8e9d8090,0c96a57e-6cc1-400f-bf3a-5740b699ac21,b3db042c-4932-4f66-8aff-3136ed50db97,2026-07-12,2026-07-12 11:00:34.482+00,8,email,2026-07-12 11:00:52.482+00
45144640-38b8-4428-8de0-85f8653e3a60,0c96a57e-6cc1-400f-bf3a-5740b699ac21,6f58e5f8-b85c-4f92-89b7-1cf3ca9f22b6,2026-07-12,2026-07-12 11:00:34.482+00,2,email,2026-07-12 11:00:53.23+00
58542d9f-4dc8-48ca-8475-7655b10dd019,0c96a57e-6cc1-400f-bf3a-5740b699ac21,8cab859b-a1e1-4edb-af95-4e847e1c93e4,2026-07-12,2026-07-12 11:00:34.482+00,2,email,2026-07-12 11:00:53.943+00
21ead3ce-f266-4828-8d79-84a31254aa3b,0c96a57e-6cc1-400f-bf3a-5740b699ac21,5d7214cd-c7d1-42ac-b859-b9e84dee9fab,2026-07-14,2026-07-14 17:00:12.193+00,1,in_app,2026-07-14 17:00:15.891+00
f7576df9-aca9-4e5b-9dba-45bec201f0be,0c96a57e-6cc1-400f-bf3a-5740b699ac21,5d7214cd-c7d1-42ac-b859-b9e84dee9fab,2026-07-14,2026-07-14 17:00:12.193+00,1,email,2026-07-14 17:00:16.332+00
696e430a-cdd5-40f4-b8c7-142b2e6ff924,0c96a57e-6cc1-400f-bf3a-5740b699ac21,7b577c22-5513-42cc-ab19-2bf867e14ebc,2026-07-16,2026-07-16 17:00:20.192+00,2,email,2026-07-16 17:00:23.862+00
b8e31135-710d-4904-af35-2a43632e48a1,62a2569e-4be2-4326-bddd-3c6116ed18b0,7b577c22-5513-42cc-ab19-2bf867e14ebc,2026-07-16,2026-07-16 17:00:20.192+00,1,in_app,2026-07-16 17:00:25.228+00
b7cd0ee9-fa3f-43a0-9c6d-ae8f1a633561,2f940451-4cf3-44e3-9040-07942e4146c1,b874694b-f463-4dbd-bb6f-b04f121a8802,2026-07-16,2026-07-16 17:00:20.192+00,1,in_app,2026-07-16 17:00:25.809+00
d47c4e41-bf20-4915-9d23-535e4040dfcc,b0737bfd-7bea-493b-8cfc-14946fcea8cd,90bb1d12-5855-4f3e-aecb-e92f597e650c,2026-07-16,2026-07-16 17:00:20.192+00,1,in_app,2026-07-16 17:00:27.474+00
f2ec1c52-fa1b-4e34-bdd8-c08b4eeafe25,9b5aa503-44ec-40de-9ceb-b1475639767e,2a266637-be4e-4088-9918-a51576912f5c,2026-07-16,2026-07-16 17:00:20.192+00,4,in_app,2026-07-16 17:00:28.183+00
190e39c4-ee06-45fb-8c55-e5b254506e61,b6617c09-9b4a-4ebc-bf50-e584b67edaa3,e5efecc9-f05f-479b-b2ea-81a2ed90fba4,2026-07-16,2026-07-16 17:00:20.192+00,1,in_app,2026-07-16 17:00:28.73+00
21bfe6de-0349-40a6-a0bf-aa3705119672,fd63bafa-9a78-43fb-9311-f78b8cbfb667,d8eb23c1-2c90-4dfe-872a-aa3e3dcd6478,2026-07-16,2026-07-16 17:00:20.192+00,8,email,2026-07-16 17:00:29.824+00
1ce5b776-57d4-4864-9617-3cd4be1967f3,0c96a57e-6cc1-400f-bf3a-5740b699ac21,6237fa09-ec4a-46ca-a99b-4f8afb3bf259,2026-07-16,2026-07-16 17:00:20.192+00,1,email,2026-07-16 17:00:31.03+00
cc595e49-7a39-43cb-bbe7-c253e4c6abb8,b0737bfd-7bea-493b-8cfc-14946fcea8cd,32ccdbe1-627f-4fe3-a506-056b997ed89b,2026-07-16,2026-07-16 17:00:20.192+00,3,email,2026-07-16 17:00:31.732+00
65e53652-ccb0-4153-8792-75a23ebebab6,9647402f-c830-48fb-92a7-e1e0f719045f,9d005015-cf2c-4590-9c46-e55e56c7696d,2026-07-16,2026-07-16 17:00:20.192+00,1,email,2026-07-16 17:00:33.82+00
3d70611e-bc1e-43eb-a9b3-5dc055550876,8474aaf6-e7d1-4165-9bef-bf76bc701038,90bb1d12-5855-4f3e-aecb-e92f597e650c,2026-07-19,2026-07-19 11:01:02.32+00,1,email,2026-07-19 11:01:04.274+00
cbc7339a-2f05-4ba4-a4b8-7d4abbe334a4,0c96a57e-6cc1-400f-bf3a-5740b699ac21,7b577c22-5513-42cc-ab19-2bf867e14ebc,2026-07-19,2026-07-19 11:01:02.32+00,2,in_app,2026-07-19 11:01:04.784+00
53e2bac9-e1ed-4cf7-83dd-7176d9b3f896,0c96a57e-6cc1-400f-bf3a-5740b699ac21,7b577c22-5513-42cc-ab19-2bf867e14ebc,2026-07-19,2026-07-19 11:01:02.32+00,2,email,2026-07-19 11:01:05.091+00
af085a2c-15e0-476a-a9e2-725a38b790b9,62a2569e-4be2-4326-bddd-3c6116ed18b0,7b577c22-5513-42cc-ab19-2bf867e14ebc,2026-07-19,2026-07-19 11:01:02.32+00,1,in_app,2026-07-19 11:01:05.577+00
6ed66e0f-7860-4cfe-b7d2-1a63fab3ac0c,62a2569e-4be2-4326-bddd-3c6116ed18b0,7b577c22-5513-42cc-ab19-2bf867e14ebc,2026-07-19,2026-07-19 11:01:02.32+00,1,email,2026-07-19 11:01:05.881+00
a1786827-d9b7-4c98-bc01-61d9f7df63a9,62a2569e-4be2-4326-bddd-3c6116ed18b0,bdef184d-6217-4cdf-a59f-dc37008d13fd,2026-07-19,2026-07-19 11:01:02.32+00,1,in_app,2026-07-19 11:01:06.77+00
ad312cac-e94d-4511-affb-d1f582a84700,62a2569e-4be2-4326-bddd-3c6116ed18b0,bdef184d-6217-4cdf-a59f-dc37008d13fd,2026-07-19,2026-07-19 11:01:02.32+00,1,email,2026-07-19 11:01:07.067+00
f9692f95-49ea-49ee-a89b-4868c853bdd2,b0737bfd-7bea-493b-8cfc-14946fcea8cd,90bb1d12-5855-4f3e-aecb-e92f597e650c,2026-07-19,2026-07-19 11:01:02.32+00,1,in_app,2026-07-19 11:01:07.15+00
3dc2aade-e0ec-495a-aac2-59ef38a691f5,b0737bfd-7bea-493b-8cfc-14946fcea8cd,90bb1d12-5855-4f3e-aecb-e92f597e650c,2026-07-19,2026-07-19 11:01:02.32+00,1,email,2026-07-19 11:01:07.465+00
ff4ff494-1537-4af3-a80b-e75b0e102f69,9b5aa503-44ec-40de-9ceb-b1475639767e,2a266637-be4e-4088-9918-a51576912f5c,2026-07-19,2026-07-19 11:01:02.32+00,4,in_app,2026-07-19 11:01:07.551+00
80c0505d-f6c2-419f-a15d-03045bfe92e7,9b5aa503-44ec-40de-9ceb-b1475639767e,2a266637-be4e-4088-9918-a51576912f5c,2026-07-19,2026-07-19 11:01:02.32+00,4,email,2026-07-19 11:01:07.859+00
09d153c1-e6a1-4470-83d1-4ab77bd738a4,b6617c09-9b4a-4ebc-bf50-e584b67edaa3,e5efecc9-f05f-479b-b2ea-81a2ed90fba4,2026-07-19,2026-07-19 11:01:02.32+00,1,in_app,2026-07-19 11:01:07.951+00
500a805f-c6d1-463d-bce0-b902a7a8e963,b6617c09-9b4a-4ebc-bf50-e584b67edaa3,e5efecc9-f05f-479b-b2ea-81a2ed90fba4,2026-07-19,2026-07-19 11:01:02.32+00,1,email,2026-07-19 11:01:08.271+00
a755c547-fb51-4e6b-99de-ead942c9c2cd,fd63bafa-9a78-43fb-9311-f78b8cbfb667,d8eb23c1-2c90-4dfe-872a-aa3e3dcd6478,2026-07-19,2026-07-19 11:01:02.32+00,8,in_app,2026-07-19 11:01:08.358+00
45b55811-e73d-4e9d-b8b3-c40bf1556089,fd63bafa-9a78-43fb-9311-f78b8cbfb667,d8eb23c1-2c90-4dfe-872a-aa3e3dcd6478,2026-07-19,2026-07-19 11:01:02.32+00,8,email,2026-07-19 11:01:08.666+00
ccfdfb9e-e652-4c1b-8a68-43befc5ebd31,8474aaf6-e7d1-4165-9bef-bf76bc701038,32ccdbe1-627f-4fe3-a506-056b997ed89b,2026-07-19,2026-07-19 11:01:02.32+00,4,in_app,2026-07-19 11:01:08.746+00
ea7960ba-80cb-4e93-b218-bdd222f490e4,8474aaf6-e7d1-4165-9bef-bf76bc701038,32ccdbe1-627f-4fe3-a506-056b997ed89b,2026-07-19,2026-07-19 11:01:02.32+00,4,email,2026-07-19 11:01:09.051+00
6782adba-457d-4388-a868-a6234dc380c4,0c96a57e-6cc1-400f-bf3a-5740b699ac21,6237fa09-ec4a-46ca-a99b-4f8afb3bf259,2026-07-19,2026-07-19 11:01:02.32+00,1,in_app,2026-07-19 11:01:09.137+00
dfc11ea4-a2fd-482e-8e52-35081f97fadc,9066ac12-d1c6-4a15-ad74-4932bf8dd987,968fc8e6-f918-4579-b0d1-26570ce5e94b,2026-07-19,2026-07-19 11:01:02.32+00,2,in_app,2026-07-19 11:01:10.288+00
13898b39-c788-488a-b413-63b64d77bcf7,9066ac12-d1c6-4a15-ad74-4932bf8dd987,968fc8e6-f918-4579-b0d1-26570ce5e94b,2026-07-19,2026-07-19 11:01:02.32+00,2,email,2026-07-19 11:01:10.571+00
1fe13133-6a6d-47c5-b868-9ba48819d1a8,04b00ab5-856d-4f95-962b-e9d97b33f207,a3c5b629-15d3-48a7-b5ab-694e63dc8b63,2026-07-19,2026-07-19 11:01:02.32+00,8,in_app,2026-07-19 11:01:10.672+00
3d10ad8c-0ce7-4e14-89eb-0c61189cddce,04b00ab5-856d-4f95-962b-e9d97b33f207,a3c5b629-15d3-48a7-b5ab-694e63dc8b63,2026-07-19,2026-07-19 11:01:02.32+00,8,email,2026-07-19 11:01:10.992+00
0543d127-ee5a-45fc-a728-e99a2642940b,678c949f-b372-4aba-9d9b-26d422134531,3258f102-8146-4986-964f-8c8f53441300,2026-07-19,2026-07-19 11:01:02.32+00,2,in_app,2026-07-19 11:01:11.473+00
da4ad255-2220-4394-a66b-e16496ea8f83,678c949f-b372-4aba-9d9b-26d422134531,3258f102-8146-4986-964f-8c8f53441300,2026-07-19,2026-07-19 11:01:02.32+00,2,email,2026-07-19 11:01:11.781+00
fba17918-d487-4d31-adfb-e4750eb9b05c,2a72272f-56f2-4104-9952-5d3d8b19ff1d,27edf455-e61a-48a9-a846-e2c6f42999b5,2026-07-19,2026-07-19 11:01:02.32+00,1,in_app,2026-07-19 11:01:12.467+00
de03e626-9793-4cd7-bbe6-73b2ded2c062,0c96a57e-6cc1-400f-bf3a-5740b699ac21,c6754833-e150-4c12-9149-45a6dfcd6eec,2026-07-03,2026-07-03 11:00:03.257+00,3,email,2026-07-03 11:00:17.36+00
2feba376-73d0-4eaf-a68e-bc1262cc5624,493aecc1-6791-4d62-bc63-f4f55c78e44e,7b577c22-5513-42cc-ab19-2bf867e14ebc,2026-07-03,2026-07-03 11:00:03.257+00,8,email,2026-07-03 11:00:17.729+00
4b01de48-5a7c-47f1-bbc5-7fe0603d04d9,0ece46cd-9571-4f7f-8043-c1f2249b6cf9,6f58e5f8-b85c-4f92-89b7-1cf3ca9f22b6,2026-07-03,2026-07-03 11:00:03.257+00,2,email,2026-07-03 11:00:18.067+00
1c68d55d-0368-4fb9-8055-ca5ef787c8ae,c1f13659-b28c-4d50-8375-5bf200294992,decc7faa-b202-42f1-9a04-fe15fe97a892,2026-07-03,2026-07-03 11:00:03.257+00,1,in_app,2026-07-03 11:00:18.502+00
4cdd3df3-ebb4-46e9-a9bd-0dc19a55fc41,0c96a57e-6cc1-400f-bf3a-5740b699ac21,28f7b9e8-9516-4a08-864c-9ff3e085ba87,2026-07-03,2026-07-03 11:00:03.257+00,1,email,2026-07-03 11:00:21.49+00
4d46384f-24fe-4ebf-8974-62c46934f0a6,0c96a57e-6cc1-400f-bf3a-5740b699ac21,decc7faa-b202-42f1-9a04-fe15fe97a892,2026-07-03,2026-07-03 11:00:03.257+00,1,in_app,2026-07-03 11:00:24.187+00
3e64dfc1-9b03-4035-bcb2-7abcf497f6d9,0c96a57e-6cc1-400f-bf3a-5740b699ac21,decc7faa-b202-42f1-9a04-fe15fe97a892,2026-07-03,2026-07-03 11:00:03.257+00,1,email,2026-07-03 11:00:24.531+00
e7ddf680-2179-458b-afb3-fc078acc5bb0,0c96a57e-6cc1-400f-bf3a-5740b699ac21,8cab859b-a1e1-4edb-af95-4e847e1c93e4,2026-07-03,2026-07-03 11:00:03.257+00,2,email,2026-07-03 11:00:24.92+00
fa43c377-fb55-4627-a886-18e4d126e5b2,0c96a57e-6cc1-400f-bf3a-5740b699ac21,8cab859b-a1e1-4edb-af95-4e847e1c93e4,2026-07-08,2026-07-08 11:01:28.883+00,2,email,2026-07-08 11:01:48.661+00
caccd446-8593-4d78-a745-11eb39c58df2,62a2569e-4be2-4326-bddd-3c6116ed18b0,7b577c22-5513-42cc-ab19-2bf867e14ebc,2026-07-12,2026-07-12 11:00:34.482+00,1,in_app,2026-07-12 11:00:38.476+00
6bea441e-dcb2-406f-bffd-2f3b6fdbf5f6,62a2569e-4be2-4326-bddd-3c6116ed18b0,7b577c22-5513-42cc-ab19-2bf867e14ebc,2026-07-12,2026-07-12 11:00:34.482+00,1,email,2026-07-12 11:00:38.822+00
822fd678-2101-4bd2-b3ac-4ebae860bea5,62a2569e-4be2-4326-bddd-3c6116ed18b0,6d3f8a2c-1a05-4e2a-b57e-d969b668049b,2026-07-27,2026-07-27 11:00:02.405+00,1,email,2026-07-27 11:00:08.418+00
038820d6-c01d-46da-99af-6d1c03a2ffbc,62a2569e-4be2-4326-bddd-3c6116ed18b0,bdef184d-6217-4cdf-a59f-dc37008d13fd,2026-07-12,2026-07-12 11:00:34.482+00,1,in_app,2026-07-12 11:00:39.236+00
2abd24c4-8e95-4c31-9719-61096a725aab,62a2569e-4be2-4326-bddd-3c6116ed18b0,bdef184d-6217-4cdf-a59f-dc37008d13fd,2026-07-12,2026-07-12 11:00:34.482+00,1,email,2026-07-12 11:00:39.538+00
1e249795-7add-4312-b7d4-fa4003ca71d3,b0737bfd-7bea-493b-8cfc-14946fcea8cd,90bb1d12-5855-4f3e-aecb-e92f597e650c,2026-07-12,2026-07-12 11:00:34.482+00,1,in_app,2026-07-12 11:00:39.583+00
d9679fc5-59af-40e5-92dd-4b909fdb6fde,b0737bfd-7bea-493b-8cfc-14946fcea8cd,90bb1d12-5855-4f3e-aecb-e92f597e650c,2026-07-12,2026-07-12 11:00:34.482+00,1,email,2026-07-12 11:00:39.867+00
5989d311-e511-4065-8042-2b60000a0bdb,b6617c09-9b4a-4ebc-bf50-e584b67edaa3,e5efecc9-f05f-479b-b2ea-81a2ed90fba4,2026-07-12,2026-07-12 11:00:34.482+00,1,in_app,2026-07-12 11:00:40.247+00
08ecb01f-918d-401d-89e1-f04599574a5c,b6617c09-9b4a-4ebc-bf50-e584b67edaa3,e5efecc9-f05f-479b-b2ea-81a2ed90fba4,2026-07-12,2026-07-12 11:00:34.482+00,1,email,2026-07-12 11:00:40.526+00
e991cf35-b71f-40ad-b75f-7a5e6b9d76d8,fd63bafa-9a78-43fb-9311-f78b8cbfb667,d8eb23c1-2c90-4dfe-872a-aa3e3dcd6478,2026-07-12,2026-07-12 11:00:34.482+00,8,in_app,2026-07-12 11:00:40.584+00
ddfe62fb-4f73-45a0-a3e4-93a3da2e241a,fd63bafa-9a78-43fb-9311-f78b8cbfb667,d8eb23c1-2c90-4dfe-872a-aa3e3dcd6478,2026-07-12,2026-07-12 11:00:34.482+00,8,email,2026-07-12 11:00:40.904+00
7e7a6e9b-d2fc-44c8-a23c-c72e04945720,9647402f-c830-48fb-92a7-e1e0f719045f,9d005015-cf2c-4590-9c46-e55e56c7696d,2026-07-12,2026-07-12 11:00:34.482+00,1,in_app,2026-07-12 11:00:42.34+00
6c991a86-2f1d-4271-82b8-f59261acfadb,2e6f6612-8033-42e0-b84d-b2ea8aded8ac,b3db042c-4932-4f66-8aff-3136ed50db97,2026-07-12,2026-07-12 11:00:34.482+00,7,in_app,2026-07-12 11:00:44.412+00
49698625-a80d-4cdb-b4fb-5f8501e816ba,0ae36a43-2ef0-4a7d-b95a-edcc7d9ac3f2,7b577c22-5513-42cc-ab19-2bf867e14ebc,2026-07-12,2026-07-12 11:00:34.482+00,1,in_app,2026-07-12 11:00:46.136+00
7fa3e579-6357-49d2-98ca-4bb20519c4bf,c1f13659-b28c-4d50-8375-5bf200294992,decc7faa-b202-42f1-9a04-fe15fe97a892,2026-07-12,2026-07-12 11:00:34.482+00,1,in_app,2026-07-12 11:00:46.46+00
bbf290f6-8ad1-479c-b509-9c383e81ed7b,c1f13659-b28c-4d50-8375-5bf200294992,1c2d5668-5cd9-49a7-a138-3ccd2bea5cbb,2026-07-12,2026-07-12 11:00:34.482+00,1,in_app,2026-07-12 11:00:47.122+00
844684ab-02f9-4c4d-bc1c-ab536cce27aa,c1f13659-b28c-4d50-8375-5bf200294992,1c2d5668-5cd9-49a7-a138-3ccd2bea5cbb,2026-07-12,2026-07-12 11:00:34.482+00,1,email,2026-07-12 11:00:47.474+00
dc3abd85-1b59-4361-9c30-177e96e28e80,0c96a57e-6cc1-400f-bf3a-5740b699ac21,a94fc469-4603-487f-ab7f-e2712197d510,2026-07-12,2026-07-12 11:00:34.482+00,11,in_app,2026-07-12 11:00:47.631+00
9068183d-f755-4c72-8bd4-e8dab7d22769,0c96a57e-6cc1-400f-bf3a-5740b699ac21,bdef184d-6217-4cdf-a59f-dc37008d13fd,2026-07-12,2026-07-12 11:00:34.482+00,8,in_app,2026-07-12 11:00:48.39+00
0799ae72-a352-4cc7-b794-91d4aef7f9d8,0c96a57e-6cc1-400f-bf3a-5740b699ac21,6d3f8a2c-1a05-4e2a-b57e-d969b668049b,2026-07-12,2026-07-12 11:00:34.482+00,1,email,2026-07-12 11:00:49.406+00
f046f817-30b6-4ed3-b03f-a5a5ab5a75de,0c96a57e-6cc1-400f-bf3a-5740b699ac21,a3c5b629-15d3-48a7-b5ab-694e63dc8b63,2026-07-12,2026-07-12 11:00:34.482+00,8,email,2026-07-12 11:00:51.643+00
5ae96cda-a8b1-4a94-bcff-baa1e34155c5,0c96a57e-6cc1-400f-bf3a-5740b699ac21,642b0596-7431-4f50-acff-1eb4199fab76,2026-07-12,2026-07-12 11:00:34.482+00,1,in_app,2026-07-12 11:00:52.521+00
66bf705f-9e37-4d22-8328-87a9ba03d141,0c96a57e-6cc1-400f-bf3a-5740b699ac21,decc7faa-b202-42f1-9a04-fe15fe97a892,2026-07-12,2026-07-12 11:00:34.482+00,1,email,2026-07-12 11:00:53.593+00
f393a28f-5067-44de-afaf-808fbaa005a8,0c96a57e-6cc1-400f-bf3a-5740b699ac21,1c2d5668-5cd9-49a7-a138-3ccd2bea5cbb,2026-07-12,2026-07-12 11:00:34.482+00,1,in_app,2026-07-12 11:00:53.982+00
70a05522-3a13-41c6-a77f-37e6e605b40d,0c96a57e-6cc1-400f-bf3a-5740b699ac21,968fc8e6-f918-4579-b0d1-26570ce5e94b,2026-07-15,2026-07-15 11:00:00.354+00,1,in_app,2026-07-15 11:00:00.64+00
0e396a96-bbe6-4a6c-a81a-1d15736328f5,0c96a57e-6cc1-400f-bf3a-5740b699ac21,968fc8e6-f918-4579-b0d1-26570ce5e94b,2026-07-15,2026-07-15 11:00:00.354+00,1,email,2026-07-15 11:00:02.086+00
86deb0c1-96f1-4194-a5f7-04ac3dc83cbe,bdcaf0e7-94cb-4745-ae1d-944ab5404b4d,c30e3590-04a3-4544-bf66-43228037bfc9,2026-07-15,2026-07-15 11:00:00.354+00,1,in_app,2026-07-15 11:00:04.309+00
098e696a-c353-452c-b95c-c7e9b1ec2fd3,bdcaf0e7-94cb-4745-ae1d-944ab5404b4d,c30e3590-04a3-4544-bf66-43228037bfc9,2026-07-15,2026-07-15 11:00:00.354+00,1,email,2026-07-15 11:00:04.944+00
15d86ad2-84e5-41ff-b936-22523be953b4,72aeb445-484f-4979-8c2a-d34ec40b22b0,bdef184d-6217-4cdf-a59f-dc37008d13fd,2026-07-15,2026-07-15 11:00:00.354+00,7,in_app,2026-07-15 11:00:05.022+00
f7f33a6b-6c76-46d0-898d-4da365fa608f,0c96a57e-6cc1-400f-bf3a-5740b699ac21,7b577c22-5513-42cc-ab19-2bf867e14ebc,2026-07-15,2026-07-15 11:00:00.354+00,2,email,2026-07-15 11:00:06.579+00
8a6c7df6-d37d-460d-ada5-a0efaa2beb09,fd63bafa-9a78-43fb-9311-f78b8cbfb667,d8eb23c1-2c90-4dfe-872a-aa3e3dcd6478,2026-07-15,2026-07-15 11:00:00.354+00,8,in_app,2026-07-15 11:00:14.765+00
8aa978bd-69ad-4bb7-abc0-77c18353907a,fd63bafa-9a78-43fb-9311-f78b8cbfb667,d8eb23c1-2c90-4dfe-872a-aa3e3dcd6478,2026-07-15,2026-07-15 11:00:00.354+00,8,email,2026-07-15 11:00:15.108+00
9e928d0a-aede-4884-9195-d7448ff7fcd6,0c96a57e-6cc1-400f-bf3a-5740b699ac21,6237fa09-ec4a-46ca-a99b-4f8afb3bf259,2026-07-15,2026-07-15 11:00:00.354+00,1,in_app,2026-07-15 11:00:15.547+00
047361c3-258d-45aa-8c98-d0387268b134,0c96a57e-6cc1-400f-bf3a-5740b699ac21,6237fa09-ec4a-46ca-a99b-4f8afb3bf259,2026-07-15,2026-07-15 11:00:00.354+00,1,email,2026-07-15 11:00:15.934+00
050ba002-6898-4349-a848-90db22634c59,9647402f-c830-48fb-92a7-e1e0f719045f,9d005015-cf2c-4590-9c46-e55e56c7696d,2026-07-15,2026-07-15 11:00:00.354+00,1,in_app,2026-07-15 11:00:16.924+00
f13f1903-6672-473b-b283-abb8af6cf97b,9647402f-c830-48fb-92a7-e1e0f719045f,9d005015-cf2c-4590-9c46-e55e56c7696d,2026-07-15,2026-07-15 11:00:00.354+00,1,email,2026-07-15 11:00:17.292+00
baf4ee3e-ac1e-47ae-a581-8a7e557d7cbb,9066ac12-d1c6-4a15-ad74-4932bf8dd987,968fc8e6-f918-4579-b0d1-26570ce5e94b,2026-07-15,2026-07-15 11:00:00.354+00,2,in_app,2026-07-15 11:00:17.361+00
ea87375f-6afc-4b0b-bac0-0770996b5e3a,9066ac12-d1c6-4a15-ad74-4932bf8dd987,968fc8e6-f918-4579-b0d1-26570ce5e94b,2026-07-15,2026-07-15 11:00:00.354+00,2,email,2026-07-15 11:00:17.629+00
1b64a6aa-7dec-4641-9991-99607fad530b,678c949f-b372-4aba-9d9b-26d422134531,3258f102-8146-4986-964f-8c8f53441300,2026-07-15,2026-07-15 11:00:00.354+00,2,in_app,2026-07-15 11:00:18.08+00
cf2147a8-14de-429e-a528-b244baabbe20,678c949f-b372-4aba-9d9b-26d422134531,3258f102-8146-4986-964f-8c8f53441300,2026-07-15,2026-07-15 11:00:00.354+00,2,email,2026-07-15 11:00:18.434+00
c4d18808-c747-4eb1-9d5b-846ca39f662a,0c96a57e-6cc1-400f-bf3a-5740b699ac21,27edf455-e61a-48a9-a846-e2c6f42999b5,2026-07-15,2026-07-15 11:00:00.354+00,1,in_app,2026-07-15 11:00:19.291+00
57a3150b-018c-4a09-a2ac-1a92daa093de,493aecc1-6791-4d62-bc63-f4f55c78e44e,7b577c22-5513-42cc-ab19-2bf867e14ebc,2026-07-15,2026-07-15 11:00:00.354+00,7,email,2026-07-15 11:00:21.547+00
bc3a9d9b-7bbf-48bd-89de-5651fb60c461,c1f13659-b28c-4d50-8375-5bf200294992,decc7faa-b202-42f1-9a04-fe15fe97a892,2026-07-15,2026-07-15 11:00:00.354+00,1,in_app,2026-07-15 11:00:21.958+00
faced7e4-a40d-47c6-bcc9-e05a9868ba0e,c1f13659-b28c-4d50-8375-5bf200294992,decc7faa-b202-42f1-9a04-fe15fe97a892,2026-07-15,2026-07-15 11:00:00.354+00,1,email,2026-07-15 11:00:22.253+00
f6c1a0bf-93fe-4383-9eb9-6b7aeeaa0a81,0c96a57e-6cc1-400f-bf3a-5740b699ac21,3519d0a1-12b5-4a38-bbd5-a5b9d518cb53,2026-07-15,2026-07-15 11:00:00.354+00,1,in_app,2026-07-15 11:00:24.482+00
a1ee3405-276f-4ed6-8012-3a802a7a218c,0c96a57e-6cc1-400f-bf3a-5740b699ac21,d8eb23c1-2c90-4dfe-872a-aa3e3dcd6478,2026-07-15,2026-07-15 11:00:00.354+00,8,in_app,2026-07-15 11:00:27.041+00
914980f7-538a-491a-99bf-45174a4efcf3,0c96a57e-6cc1-400f-bf3a-5740b699ac21,28f7b9e8-9516-4a08-864c-9ff3e085ba87,2026-07-15,2026-07-15 11:00:00.354+00,1,email,2026-07-15 11:00:27.788+00
fa934617-251c-452f-9728-0d35acd65600,0c96a57e-6cc1-400f-bf3a-5740b699ac21,b3db042c-4932-4f66-8aff-3136ed50db97,2026-07-15,2026-07-15 11:00:00.354+00,8,email,2026-07-15 11:00:29.321+00
63b5bbcd-df53-43c0-849b-18d58bd713a6,0c96a57e-6cc1-400f-bf3a-5740b699ac21,642b0596-7431-4f50-acff-1eb4199fab76,2026-07-15,2026-07-15 11:00:00.354+00,1,in_app,2026-07-15 11:00:29.393+00
ec1bada1-a6c5-40f6-b10c-209b98757501,0c96a57e-6cc1-400f-bf3a-5740b699ac21,642b0596-7431-4f50-acff-1eb4199fab76,2026-07-15,2026-07-15 11:00:00.354+00,1,email,2026-07-15 11:00:29.686+00
3ae6d4ab-6753-4bc7-ad08-7d4f4f1d302e,0c96a57e-6cc1-400f-bf3a-5740b699ac21,8cab859b-a1e1-4edb-af95-4e847e1c93e4,2026-07-15,2026-07-15 11:00:00.354+00,2,in_app,2026-07-15 11:00:30.122+00
c0945dcc-fcad-46a5-b668-fb7d9a3d3f60,0c96a57e-6cc1-400f-bf3a-5740b699ac21,8cab859b-a1e1-4edb-af95-4e847e1c93e4,2026-07-15,2026-07-15 11:00:00.354+00,2,email,2026-07-15 11:00:30.465+00
2c972e34-b14f-44b1-8b35-994a6cd275a3,0c96a57e-6cc1-400f-bf3a-5740b699ac21,1c2d5668-5cd9-49a7-a138-3ccd2bea5cbb,2026-07-15,2026-07-15 11:00:00.354+00,1,in_app,2026-07-15 11:00:30.534+00
db91e8af-f466-4f8c-b061-223e8fdde40e,b6617c09-9b4a-4ebc-bf50-e584b67edaa3,e5efecc9-f05f-479b-b2ea-81a2ed90fba4,2026-07-16,2026-07-16 17:00:20.192+00,1,email,2026-07-16 17:00:29.171+00
3486e915-4240-45a8-9636-a7730489014e,fd63bafa-9a78-43fb-9311-f78b8cbfb667,d8eb23c1-2c90-4dfe-872a-aa3e3dcd6478,2026-07-16,2026-07-16 17:00:20.192+00,8,in_app,2026-07-16 17:00:29.394+00
9f2223e2-e4b7-4e7f-af3c-486c3c58b7a9,8474aaf6-e7d1-4165-9bef-bf76bc701038,32ccdbe1-627f-4fe3-a506-056b997ed89b,2026-07-16,2026-07-16 17:00:20.192+00,4,in_app,2026-07-16 17:00:30.005+00
fc4d41f1-2416-4a84-97a3-cac30b949da9,e50fcb28-10bf-4ad0-809a-1785d438b3c1,f43d5087-6603-494b-b5c0-bbf3b68f4d55,2026-07-16,2026-07-16 17:00:20.192+00,1,in_app,2026-07-16 17:00:31.845+00
ecf22d5d-e083-442e-ae74-457be5a3d415,9066ac12-d1c6-4a15-ad74-4932bf8dd987,968fc8e6-f918-4579-b0d1-26570ce5e94b,2026-07-16,2026-07-16 17:00:20.192+00,2,in_app,2026-07-16 17:00:33.98+00
68c5e841-56e2-48d7-9a1f-2c625ac66185,678c949f-b372-4aba-9d9b-26d422134531,3258f102-8146-4986-964f-8c8f53441300,2026-07-16,2026-07-16 17:00:20.192+00,2,in_app,2026-07-16 17:00:35.072+00
d6d35e87-4a72-4611-886a-b9bedca7856c,8396bd66-e3ed-4593-b985-3e380cd308eb,b0faf762-848b-4737-a04d-b2b4e1e8cc5b,2026-07-16,2026-07-16 17:00:20.192+00,1,in_app,2026-07-16 17:00:35.678+00
f906b6b9-cd0b-4566-881d-a56f85a4c538,8396bd66-e3ed-4593-b985-3e380cd308eb,b0faf762-848b-4737-a04d-b2b4e1e8cc5b,2026-07-16,2026-07-16 17:00:20.192+00,1,email,2026-07-16 17:00:36.395+00
8ad31d32-e82f-47ed-b633-c53af206704d,0c96a57e-6cc1-400f-bf3a-5740b699ac21,2a266637-be4e-4088-9918-a51576912f5c,2026-07-03,2026-07-03 11:00:03.257+00,4,in_app,2026-07-03 11:00:20.079+00
33add84c-dae4-4657-8aaf-44753ac9de85,0c96a57e-6cc1-400f-bf3a-5740b699ac21,2a266637-be4e-4088-9918-a51576912f5c,2026-07-03,2026-07-03 11:00:03.257+00,4,email,2026-07-03 11:00:20.511+00
7cda608b-b65b-4ca2-ba48-472ea10b9292,0c96a57e-6cc1-400f-bf3a-5740b699ac21,d8eb23c1-2c90-4dfe-872a-aa3e3dcd6478,2026-07-03,2026-07-03 11:00:03.257+00,8,in_app,2026-07-03 11:00:20.624+00
b61c6844-4b59-43d2-a7f9-cba1f986395c,0c96a57e-6cc1-400f-bf3a-5740b699ac21,a3c5b629-15d3-48a7-b5ab-694e63dc8b63,2026-07-03,2026-07-03 11:00:03.257+00,8,in_app,2026-07-03 11:00:22.023+00
7caa2ecf-6952-4e78-bbe1-52d0eb81136b,0c96a57e-6cc1-400f-bf3a-5740b699ac21,a3c5b629-15d3-48a7-b5ab-694e63dc8b63,2026-07-03,2026-07-03 11:00:03.257+00,8,email,2026-07-03 11:00:22.335+00
0520ca68-c8dc-4cd2-93c8-82880e319cc2,0c96a57e-6cc1-400f-bf3a-5740b699ac21,b3db042c-4932-4f66-8aff-3136ed50db97,2026-07-03,2026-07-03 11:00:03.257+00,8,in_app,2026-07-03 11:00:22.88+00
3ac66ed4-ecf4-4128-b38b-64ec3ef25183,0c96a57e-6cc1-400f-bf3a-5740b699ac21,642b0596-7431-4f50-acff-1eb4199fab76,2026-07-03,2026-07-03 11:00:03.257+00,1,email,2026-07-03 11:00:23.636+00
4841f645-10b9-4fa2-a2fc-746f491e886e,0c96a57e-6cc1-400f-bf3a-5740b699ac21,968fc8e6-f918-4579-b0d1-26570ce5e94b,2026-07-03,2026-07-03 17:00:24.177+00,1,in_app,2026-07-03 17:00:24.456+00
ae98747e-de94-408d-8146-99b5dc824b64,0c96a57e-6cc1-400f-bf3a-5740b699ac21,968fc8e6-f918-4579-b0d1-26570ce5e94b,2026-07-03,2026-07-03 17:00:24.177+00,1,email,2026-07-03 17:00:25.035+00
438cee78-df3d-4675-ad11-78a81057444f,b16b90c0-67c9-46c5-ac6f-2ccb8f3b2a08,5d7214cd-c7d1-42ac-b859-b9e84dee9fab,2026-07-03,2026-07-03 17:00:24.177+00,1,in_app,2026-07-03 17:00:25.121+00
ea9e7e9f-5391-4f87-be0a-c79affc8eada,b16b90c0-67c9-46c5-ac6f-2ccb8f3b2a08,5d7214cd-c7d1-42ac-b859-b9e84dee9fab,2026-07-03,2026-07-03 17:00:24.177+00,1,email,2026-07-03 17:00:25.529+00
ceee3d03-e618-4491-b6e6-ac15213fd7bd,2a72272f-56f2-4104-9952-5d3d8b19ff1d,27edf455-e61a-48a9-a846-e2c6f42999b5,2026-07-03,2026-07-03 17:00:24.177+00,7,in_app,2026-07-03 17:00:25.674+00
07838817-301a-438d-a8bf-15cc67f526fb,2a72272f-56f2-4104-9952-5d3d8b19ff1d,27edf455-e61a-48a9-a846-e2c6f42999b5,2026-07-03,2026-07-03 17:00:24.177+00,7,email,2026-07-03 17:00:26.253+00
3c2c16cf-a58b-4898-8567-99461565f8c1,d11dca3a-5828-47a7-a993-59fe383e36ba,6237fa09-ec4a-46ca-a99b-4f8afb3bf259,2026-07-03,2026-07-03 17:00:24.177+00,1,in_app,2026-07-03 17:00:26.366+00
af9f32e5-7125-45bb-ae28-0dd04e94b8f3,d11dca3a-5828-47a7-a993-59fe383e36ba,6237fa09-ec4a-46ca-a99b-4f8afb3bf259,2026-07-03,2026-07-03 17:00:24.177+00,1,email,2026-07-03 17:00:26.665+00
bc6bc418-9131-479c-9caa-6a026cb4c6c2,8474aaf6-e7d1-4165-9bef-bf76bc701038,90bb1d12-5855-4f3e-aecb-e92f597e650c,2026-07-03,2026-07-03 17:00:24.177+00,1,in_app,2026-07-03 17:00:26.745+00
bfb5077d-ca51-4777-b002-900ed18c08ac,8474aaf6-e7d1-4165-9bef-bf76bc701038,90bb1d12-5855-4f3e-aecb-e92f597e650c,2026-07-03,2026-07-03 17:00:24.177+00,1,email,2026-07-03 17:00:27.106+00
f9daee0d-0a0d-4e57-8d89-e52afa17772a,8396bd66-e3ed-4593-b985-3e380cd308eb,b0faf762-848b-4737-a04d-b2b4e1e8cc5b,2026-07-03,2026-07-03 17:00:24.177+00,2,in_app,2026-07-03 17:00:27.22+00
624f90a8-8a00-4113-b03a-5e354dcccdd6,8396bd66-e3ed-4593-b985-3e380cd308eb,b0faf762-848b-4737-a04d-b2b4e1e8cc5b,2026-07-03,2026-07-03 17:00:24.177+00,2,email,2026-07-03 17:00:28.157+00
9960eb0e-07e7-4b16-ba70-53b04bca1937,72aeb445-484f-4979-8c2a-d34ec40b22b0,bdef184d-6217-4cdf-a59f-dc37008d13fd,2026-07-03,2026-07-03 17:00:24.177+00,7,in_app,2026-07-03 17:00:28.286+00
63d75ffd-cedc-4b93-be6d-008c009bcc85,72aeb445-484f-4979-8c2a-d34ec40b22b0,bdef184d-6217-4cdf-a59f-dc37008d13fd,2026-07-03,2026-07-03 17:00:24.177+00,7,email,2026-07-03 17:00:28.687+00
735489eb-8fba-46c0-a563-3e9198be07e5,0c96a57e-6cc1-400f-bf3a-5740b699ac21,7b577c22-5513-42cc-ab19-2bf867e14ebc,2026-07-03,2026-07-03 17:00:24.177+00,2,in_app,2026-07-03 17:00:28.811+00
49874c4f-6a04-4a1a-8067-3afaeb9f14f9,0c96a57e-6cc1-400f-bf3a-5740b699ac21,7b577c22-5513-42cc-ab19-2bf867e14ebc,2026-07-03,2026-07-03 17:00:24.177+00,2,email,2026-07-03 17:00:29.203+00
f3350aa9-6175-4d12-8a6f-5be5ba7df162,62a2569e-4be2-4326-bddd-3c6116ed18b0,6d3f8a2c-1a05-4e2a-b57e-d969b668049b,2026-07-03,2026-07-03 17:00:24.177+00,1,in_app,2026-07-03 17:00:29.465+00
0c8eafd4-0a1e-45b8-bd27-91d405abf65f,62a2569e-4be2-4326-bddd-3c6116ed18b0,6d3f8a2c-1a05-4e2a-b57e-d969b668049b,2026-07-03,2026-07-03 17:00:24.177+00,1,email,2026-07-03 17:00:29.869+00
226399fe-1c64-4116-86e8-2ae790170bd9,62a2569e-4be2-4326-bddd-3c6116ed18b0,7b577c22-5513-42cc-ab19-2bf867e14ebc,2026-07-03,2026-07-03 17:00:24.177+00,1,in_app,2026-07-03 17:00:30.033+00
9d7ea38c-4d98-466a-baa8-19805e35d49e,62a2569e-4be2-4326-bddd-3c6116ed18b0,7b577c22-5513-42cc-ab19-2bf867e14ebc,2026-07-03,2026-07-03 17:00:24.177+00,1,email,2026-07-03 17:00:30.762+00
66ea6d4f-c057-49ce-832a-8ed971d879f2,62a2569e-4be2-4326-bddd-3c6116ed18b0,bdef184d-6217-4cdf-a59f-dc37008d13fd,2026-07-03,2026-07-03 17:00:24.177+00,1,in_app,2026-07-03 17:00:31.004+00
6ff9a501-5758-4d48-9c1f-0961953164e4,62a2569e-4be2-4326-bddd-3c6116ed18b0,bdef184d-6217-4cdf-a59f-dc37008d13fd,2026-07-03,2026-07-03 17:00:24.177+00,1,email,2026-07-03 17:00:31.448+00
1dc47091-8af8-4458-95f3-16270c32cad1,b0737bfd-7bea-493b-8cfc-14946fcea8cd,90bb1d12-5855-4f3e-aecb-e92f597e650c,2026-07-03,2026-07-03 17:00:24.177+00,1,in_app,2026-07-03 17:00:31.59+00
7a09c169-7c3d-4519-b972-c813cfd5ed95,b0737bfd-7bea-493b-8cfc-14946fcea8cd,90bb1d12-5855-4f3e-aecb-e92f597e650c,2026-07-03,2026-07-03 17:00:24.177+00,1,email,2026-07-03 17:00:32.051+00
c179da40-b874-46e9-b521-a1b07e4bc1d7,9b5aa503-44ec-40de-9ceb-b1475639767e,2a266637-be4e-4088-9918-a51576912f5c,2026-07-03,2026-07-03 17:00:24.177+00,4,in_app,2026-07-03 17:00:32.181+00
966bc618-fa68-4291-a634-390d5cc57578,9b5aa503-44ec-40de-9ceb-b1475639767e,2a266637-be4e-4088-9918-a51576912f5c,2026-07-03,2026-07-03 17:00:24.177+00,4,email,2026-07-03 17:00:32.548+00
f5eed783-8d83-4c27-bc11-c81665060f56,b6617c09-9b4a-4ebc-bf50-e584b67edaa3,e5efecc9-f05f-479b-b2ea-81a2ed90fba4,2026-07-03,2026-07-03 17:00:24.177+00,1,in_app,2026-07-03 17:00:32.644+00
eb2eabc5-ec87-4d89-9e77-fbf501d20991,b6617c09-9b4a-4ebc-bf50-e584b67edaa3,e5efecc9-f05f-479b-b2ea-81a2ed90fba4,2026-07-03,2026-07-03 17:00:24.177+00,1,email,2026-07-03 17:00:33.115+00
a45b471b-08bf-4e21-ba99-7b5cf5a084be,fd63bafa-9a78-43fb-9311-f78b8cbfb667,d8eb23c1-2c90-4dfe-872a-aa3e3dcd6478,2026-07-03,2026-07-03 17:00:24.177+00,8,in_app,2026-07-03 17:00:33.251+00
2cbc0291-2665-498f-af66-f79c679435c7,fd63bafa-9a78-43fb-9311-f78b8cbfb667,d8eb23c1-2c90-4dfe-872a-aa3e3dcd6478,2026-07-03,2026-07-03 17:00:24.177+00,8,email,2026-07-03 17:00:33.591+00
d39accf0-dba7-4092-9f53-6d63f3ec7a49,0c96a57e-6cc1-400f-bf3a-5740b699ac21,6237fa09-ec4a-46ca-a99b-4f8afb3bf259,2026-07-03,2026-07-03 17:00:24.177+00,1,in_app,2026-07-03 17:00:33.669+00
92ab3eed-4f1e-42b2-9d2c-b44e290aaacd,0c96a57e-6cc1-400f-bf3a-5740b699ac21,6237fa09-ec4a-46ca-a99b-4f8afb3bf259,2026-07-03,2026-07-03 17:00:24.177+00,1,email,2026-07-03 17:00:34.084+00
1d9e2434-4302-4589-8d43-bb4c2af0da55,b0737bfd-7bea-493b-8cfc-14946fcea8cd,32ccdbe1-627f-4fe3-a506-056b997ed89b,2026-07-03,2026-07-03 17:00:24.177+00,3,in_app,2026-07-03 17:00:34.198+00
4c1aff4d-1a0f-4419-8e5a-819c00addb90,b0737bfd-7bea-493b-8cfc-14946fcea8cd,32ccdbe1-627f-4fe3-a506-056b997ed89b,2026-07-03,2026-07-03 17:00:24.177+00,3,email,2026-07-03 17:00:34.494+00
ca66df2c-4726-49b1-8ec3-4f2bca0d379a,493aecc1-6791-4d62-bc63-f4f55c78e44e,a9c81e05-8b1a-47ad-a80d-dbc45603f068,2026-07-03,2026-07-03 17:00:24.177+00,1,in_app,2026-07-03 17:00:34.574+00
2a8a4898-d0ce-4168-be34-488ab9a6209d,493aecc1-6791-4d62-bc63-f4f55c78e44e,a9c81e05-8b1a-47ad-a80d-dbc45603f068,2026-07-03,2026-07-03 17:00:24.177+00,1,email,2026-07-03 17:00:34.92+00
f619438d-4d34-4878-8efd-6dd7c964ddac,8474aaf6-e7d1-4165-9bef-bf76bc701038,32ccdbe1-627f-4fe3-a506-056b997ed89b,2026-07-03,2026-07-03 17:00:24.177+00,3,in_app,2026-07-03 17:00:35.063+00
0c348bfa-521d-4f1c-8ef0-851f359e790d,8474aaf6-e7d1-4165-9bef-bf76bc701038,32ccdbe1-627f-4fe3-a506-056b997ed89b,2026-07-03,2026-07-03 17:00:24.177+00,3,email,2026-07-03 17:00:35.384+00
428660f1-acf3-44b6-9b83-725178156120,9066ac12-d1c6-4a15-ad74-4932bf8dd987,968fc8e6-f918-4579-b0d1-26570ce5e94b,2026-07-03,2026-07-03 17:00:24.177+00,2,in_app,2026-07-03 17:00:35.505+00
23a7d7bd-72bd-4659-8f20-ad90a9303af8,9066ac12-d1c6-4a15-ad74-4932bf8dd987,968fc8e6-f918-4579-b0d1-26570ce5e94b,2026-07-03,2026-07-03 17:00:24.177+00,2,email,2026-07-03 17:00:35.876+00
1dc15d12-ee78-45bb-a533-22c818b8f471,04b00ab5-856d-4f95-962b-e9d97b33f207,a3c5b629-15d3-48a7-b5ab-694e63dc8b63,2026-07-03,2026-07-03 17:00:24.177+00,8,in_app,2026-07-03 17:00:35.989+00
a82943b1-8707-492b-86f8-b59af723ca17,04b00ab5-856d-4f95-962b-e9d97b33f207,a3c5b629-15d3-48a7-b5ab-694e63dc8b63,2026-07-03,2026-07-03 17:00:24.177+00,8,email,2026-07-03 17:00:36.36+00
0a5887c4-ff29-4d63-9cb5-9b37bbe777b9,3870aadb-8625-4184-ac60-c6e20be4cdc5,a94fc469-4603-487f-ab7f-e2712197d510,2026-07-03,2026-07-03 17:00:24.177+00,2,in_app,2026-07-03 17:00:36.474+00
5f48120e-ac86-4e36-aff6-2c2cb73b65df,3870aadb-8625-4184-ac60-c6e20be4cdc5,a94fc469-4603-487f-ab7f-e2712197d510,2026-07-03,2026-07-03 17:00:24.177+00,2,email,2026-07-03 17:00:36.808+00
e0c326c9-2a5c-46d3-8025-c7fa5cd51b2c,0c96a57e-6cc1-400f-bf3a-5740b699ac21,27edf455-e61a-48a9-a846-e2c6f42999b5,2026-07-03,2026-07-03 17:00:24.177+00,1,in_app,2026-07-03 17:00:36.887+00
58311e7f-ca15-4363-8010-946fb06d3c91,0c96a57e-6cc1-400f-bf3a-5740b699ac21,27edf455-e61a-48a9-a846-e2c6f42999b5,2026-07-03,2026-07-03 17:00:24.177+00,1,email,2026-07-03 17:00:37.255+00
ee2df63c-9ec9-4a25-b1fd-672f0b3cba9d,ed586056-17ca-4287-936a-c16e642c63a6,8737f689-7c9e-414a-8391-5bf93d5ba600,2026-07-03,2026-07-03 17:00:24.177+00,1,in_app,2026-07-03 17:00:37.37+00
67604e41-6d10-4994-bb70-b3e7dab54f95,ed586056-17ca-4287-936a-c16e642c63a6,8737f689-7c9e-414a-8391-5bf93d5ba600,2026-07-03,2026-07-03 17:00:24.177+00,1,email,2026-07-03 17:00:37.691+00
85af03f4-c59a-459c-97c1-541c40b08620,2e6f6612-8033-42e0-b84d-b2ea8aded8ac,b3db042c-4932-4f66-8aff-3136ed50db97,2026-07-03,2026-07-03 17:00:24.177+00,7,in_app,2026-07-03 17:00:37.828+00
79a482a8-bcec-4846-82ec-12b80bfe89f5,2e6f6612-8033-42e0-b84d-b2ea8aded8ac,b3db042c-4932-4f66-8aff-3136ed50db97,2026-07-03,2026-07-03 17:00:24.177+00,7,email,2026-07-03 17:00:38.152+00
3f675f24-6fd9-47cd-9821-96e6c33e70f7,493aecc1-6791-4d62-bc63-f4f55c78e44e,642b0596-7431-4f50-acff-1eb4199fab76,2026-07-03,2026-07-03 17:00:24.177+00,1,in_app,2026-07-03 17:00:38.261+00
ca470811-dbeb-455c-9a8b-403d6db9346e,493aecc1-6791-4d62-bc63-f4f55c78e44e,642b0596-7431-4f50-acff-1eb4199fab76,2026-07-03,2026-07-03 17:00:24.177+00,1,email,2026-07-03 17:00:38.594+00
1d3326a5-dd88-4b32-a874-b5c4008c76cd,0c96a57e-6cc1-400f-bf3a-5740b699ac21,c6754833-e150-4c12-9149-45a6dfcd6eec,2026-07-03,2026-07-03 17:00:24.177+00,3,in_app,2026-07-03 17:00:38.681+00
d44d4be9-4ccf-4640-becb-ee3067ee59ad,0c96a57e-6cc1-400f-bf3a-5740b699ac21,c6754833-e150-4c12-9149-45a6dfcd6eec,2026-07-03,2026-07-03 17:00:24.177+00,3,email,2026-07-03 17:00:39.065+00
b8c56710-3c34-41eb-9943-9cb5437ab823,493aecc1-6791-4d62-bc63-f4f55c78e44e,7b577c22-5513-42cc-ab19-2bf867e14ebc,2026-07-03,2026-07-03 17:00:24.177+00,8,in_app,2026-07-03 17:00:39.187+00
f1c8b714-c4e1-4211-bb1b-84bac870822d,493aecc1-6791-4d62-bc63-f4f55c78e44e,7b577c22-5513-42cc-ab19-2bf867e14ebc,2026-07-03,2026-07-03 17:00:24.177+00,8,email,2026-07-03 17:00:39.56+00
1727a563-c554-448a-aebd-a27c0097be69,0ece46cd-9571-4f7f-8043-c1f2249b6cf9,6f58e5f8-b85c-4f92-89b7-1cf3ca9f22b6,2026-07-03,2026-07-03 17:00:24.177+00,2,in_app,2026-07-03 17:00:39.693+00
41b01c29-8f12-4076-8c82-9a94e69f370e,0ece46cd-9571-4f7f-8043-c1f2249b6cf9,6f58e5f8-b85c-4f92-89b7-1cf3ca9f22b6,2026-07-03,2026-07-03 17:00:24.177+00,2,email,2026-07-03 17:00:40.071+00
c1b43df2-0932-4e43-a8bd-afe9ba0aafc6,0ae36a43-2ef0-4a7d-b95a-edcc7d9ac3f2,7b577c22-5513-42cc-ab19-2bf867e14ebc,2026-07-03,2026-07-03 17:00:24.177+00,1,in_app,2026-07-03 17:00:40.189+00
a58b16d6-36ab-43f0-bd9d-45b353fd69b6,0ae36a43-2ef0-4a7d-b95a-edcc7d9ac3f2,7b577c22-5513-42cc-ab19-2bf867e14ebc,2026-07-03,2026-07-03 17:00:24.177+00,1,email,2026-07-03 17:00:40.599+00
b7c9c1c3-4107-4f91-a349-d389ed29626f,c1f13659-b28c-4d50-8375-5bf200294992,decc7faa-b202-42f1-9a04-fe15fe97a892,2026-07-03,2026-07-03 17:00:24.177+00,1,in_app,2026-07-03 17:00:40.721+00
633cb6fa-0f72-4941-a612-19efde369e60,c1f13659-b28c-4d50-8375-5bf200294992,decc7faa-b202-42f1-9a04-fe15fe97a892,2026-07-03,2026-07-03 17:00:24.177+00,1,email,2026-07-03 17:00:41.458+00
63cfcfc1-604b-46e2-8f0b-355435163d62,678b734f-19e2-4622-ab4e-fccd86f4877f,8cab859b-a1e1-4edb-af95-4e847e1c93e4,2026-07-03,2026-07-03 17:00:24.177+00,2,in_app,2026-07-03 17:00:41.578+00
f33501d7-0feb-48f4-96f4-3eca8f09e9bf,678b734f-19e2-4622-ab4e-fccd86f4877f,8cab859b-a1e1-4edb-af95-4e847e1c93e4,2026-07-03,2026-07-03 17:00:24.177+00,2,email,2026-07-03 17:00:41.939+00
62e8b787-7a0b-4b36-9f8e-ada30b26ba7b,0c96a57e-6cc1-400f-bf3a-5740b699ac21,5d7214cd-c7d1-42ac-b859-b9e84dee9fab,2026-07-03,2026-07-03 17:00:24.177+00,1,in_app,2026-07-03 17:00:42.036+00
f420aaa0-01a1-4817-936d-06302c9065fb,0c96a57e-6cc1-400f-bf3a-5740b699ac21,bdef184d-6217-4cdf-a59f-dc37008d13fd,2026-07-03,2026-07-03 17:00:24.177+00,8,in_app,2026-07-03 17:00:42.56+00
2e52411a-3a89-467a-8d9d-1e7df6bfd699,0c96a57e-6cc1-400f-bf3a-5740b699ac21,a9c81e05-8b1a-47ad-a80d-dbc45603f068,2026-07-03,2026-07-03 17:00:24.177+00,1,email,2026-07-03 17:00:45.521+00
9b553456-f93b-4c04-b921-20e7af1f3b74,0c96a57e-6cc1-400f-bf3a-5740b699ac21,a3c5b629-15d3-48a7-b5ab-694e63dc8b63,2026-07-03,2026-07-03 17:00:24.177+00,8,email,2026-07-03 17:00:46.069+00
e8c994fb-27f7-49dc-ba5e-7a3e66c8eff7,0c96a57e-6cc1-400f-bf3a-5740b699ac21,968fc8e6-f918-4579-b0d1-26570ce5e94b,2026-07-09,2026-07-09 11:00:34.593+00,1,in_app,2026-07-09 11:00:34.905+00
47bb98f1-7840-42ba-a8e0-89300127ae84,0c96a57e-6cc1-400f-bf3a-5740b699ac21,968fc8e6-f918-4579-b0d1-26570ce5e94b,2026-07-09,2026-07-09 11:00:34.593+00,1,email,2026-07-09 11:00:35.58+00
a13ef45d-946a-43c2-bd9d-74784be46097,b16b90c0-67c9-46c5-ac6f-2ccb8f3b2a08,5d7214cd-c7d1-42ac-b859-b9e84dee9fab,2026-07-09,2026-07-09 11:00:34.593+00,1,email,2026-07-09 11:00:35.968+00
4b1e2c4b-fbba-4460-8004-7f7b869d8b3d,8474aaf6-e7d1-4165-9bef-bf76bc701038,90bb1d12-5855-4f3e-aecb-e92f597e650c,2026-07-09,2026-07-09 11:00:34.593+00,1,email,2026-07-09 11:00:36.635+00
341b0b92-bfd6-493f-83d7-036e34b4ebe2,8396bd66-e3ed-4593-b985-3e380cd308eb,b0faf762-848b-4737-a04d-b2b4e1e8cc5b,2026-07-09,2026-07-09 11:00:34.593+00,2,in_app,2026-07-09 11:00:36.697+00
0740eaef-8c71-4593-b00b-b813e2de4c96,8396bd66-e3ed-4593-b985-3e380cd308eb,b0faf762-848b-4737-a04d-b2b4e1e8cc5b,2026-07-09,2026-07-09 11:00:34.593+00,2,email,2026-07-09 11:00:37.279+00
2f2d45b9-fed8-49e1-96b1-4285f5c3285d,72aeb445-484f-4979-8c2a-d34ec40b22b0,bdef184d-6217-4cdf-a59f-dc37008d13fd,2026-07-09,2026-07-09 11:00:34.593+00,7,in_app,2026-07-09 11:00:37.342+00
a5336271-2468-4c2f-8268-4b43912c1022,0c96a57e-6cc1-400f-bf3a-5740b699ac21,7b577c22-5513-42cc-ab19-2bf867e14ebc,2026-07-09,2026-07-09 11:00:34.593+00,2,in_app,2026-07-09 11:00:37.767+00
554a1ed7-eb88-4deb-bda1-e99b489fb5dc,0c96a57e-6cc1-400f-bf3a-5740b699ac21,7b577c22-5513-42cc-ab19-2bf867e14ebc,2026-07-09,2026-07-09 11:00:34.593+00,2,email,2026-07-09 11:00:38.086+00
7bcf8091-5091-4200-a547-747e9db2c087,9b5aa503-44ec-40de-9ceb-b1475639767e,2a266637-be4e-4088-9918-a51576912f5c,2026-07-09,2026-07-09 11:00:34.593+00,4,in_app,2026-07-09 11:00:40.44+00
67a0d8ed-1587-4926-85c5-7c8e76d6e13f,9b5aa503-44ec-40de-9ceb-b1475639767e,2a266637-be4e-4088-9918-a51576912f5c,2026-07-12,2026-07-12 11:00:34.482+00,4,in_app,2026-07-12 11:00:39.914+00
27887797-37d3-4d72-b57a-c40a078c6d83,493aecc1-6791-4d62-bc63-f4f55c78e44e,642b0596-7431-4f50-acff-1eb4199fab76,2026-07-12,2026-07-12 11:00:34.482+00,1,email,2026-07-12 11:00:45.032+00
5eacf0f0-ccf2-497d-ac38-1fe429335a25,0c96a57e-6cc1-400f-bf3a-5740b699ac21,c6754833-e150-4c12-9149-45a6dfcd6eec,2026-07-12,2026-07-12 11:00:34.482+00,3,in_app,2026-07-12 11:00:45.099+00
adb24a6a-c4f6-470b-9a81-423a6c3950ab,0ece46cd-9571-4f7f-8043-c1f2249b6cf9,6f58e5f8-b85c-4f92-89b7-1cf3ca9f22b6,2026-07-12,2026-07-12 11:00:34.482+00,2,email,2026-07-12 11:00:46.095+00
d165538d-dd9e-44c9-8bed-18d045ab0cb2,c1f13659-b28c-4d50-8375-5bf200294992,decc7faa-b202-42f1-9a04-fe15fe97a892,2026-07-12,2026-07-12 11:00:34.482+00,1,email,2026-07-12 11:00:46.777+00
83f467eb-d161-4651-a168-38cd1feab243,678b734f-19e2-4622-ab4e-fccd86f4877f,8cab859b-a1e1-4edb-af95-4e847e1c93e4,2026-07-12,2026-07-12 11:00:34.482+00,2,in_app,2026-07-12 11:00:46.817+00
ffd64d49-7b26-407d-bc34-962e630c20a3,678b734f-19e2-4622-ab4e-fccd86f4877f,8cab859b-a1e1-4edb-af95-4e847e1c93e4,2026-07-12,2026-07-12 11:00:34.482+00,2,email,2026-07-12 11:00:47.081+00
40b35892-ed13-4cb5-a2bd-3afd09edd791,0c96a57e-6cc1-400f-bf3a-5740b699ac21,d8eb23c1-2c90-4dfe-872a-aa3e3dcd6478,2026-07-12,2026-07-12 11:00:34.482+00,8,in_app,2026-07-12 11:00:50.183+00
a9bd5a66-7cf8-4e58-9452-7365a5edc6ae,0c96a57e-6cc1-400f-bf3a-5740b699ac21,d8eb23c1-2c90-4dfe-872a-aa3e3dcd6478,2026-07-12,2026-07-12 11:00:34.482+00,8,email,2026-07-12 11:00:50.496+00
025bd54a-50a9-47b9-86fa-5d85de860672,0c96a57e-6cc1-400f-bf3a-5740b699ac21,28f7b9e8-9516-4a08-864c-9ff3e085ba87,2026-07-12,2026-07-12 11:00:34.482+00,1,in_app,2026-07-12 11:00:50.604+00
d54abf63-2b44-40df-8898-939ec27a6b18,0c96a57e-6cc1-400f-bf3a-5740b699ac21,8cab859b-a1e1-4edb-af95-4e847e1c93e4,2026-07-12,2026-07-12 11:00:34.482+00,2,in_app,2026-07-12 11:00:53.658+00
1ef5488d-d649-47cb-b155-cb703298535a,3870aadb-8625-4184-ac60-c6e20be4cdc5,a94fc469-4603-487f-ab7f-e2712197d510,2026-07-15,2026-07-15 11:00:00.354+00,9,in_app,2026-07-15 11:00:02.175+00
366e4dec-b2a6-4128-9cfb-d5b50b67f830,3870aadb-8625-4184-ac60-c6e20be4cdc5,a94fc469-4603-487f-ab7f-e2712197d510,2026-07-15,2026-07-15 11:00:00.354+00,9,email,2026-07-15 11:00:02.693+00
6e9a24fb-685f-40f5-a4ad-eda9c4f6e33c,72aeb445-484f-4979-8c2a-d34ec40b22b0,bdef184d-6217-4cdf-a59f-dc37008d13fd,2026-07-15,2026-07-15 11:00:00.354+00,7,email,2026-07-15 11:00:05.486+00
d38b9daa-0756-4eac-bbf8-da1251bd93db,c1f13659-b28c-4d50-8375-5bf200294992,3519d0a1-12b5-4a38-bbd5-a5b9d518cb53,2026-07-15,2026-07-15 11:00:00.354+00,1,in_app,2026-07-15 11:00:06.665+00
21ab1815-fc45-4415-89b7-00630c0f8c49,c1f13659-b28c-4d50-8375-5bf200294992,3519d0a1-12b5-4a38-bbd5-a5b9d518cb53,2026-07-15,2026-07-15 11:00:00.354+00,1,email,2026-07-15 11:00:07.436+00
92101704-80a7-4a20-a9bc-7d7475691d05,62a2569e-4be2-4326-bddd-3c6116ed18b0,7b577c22-5513-42cc-ab19-2bf867e14ebc,2026-07-15,2026-07-15 11:00:00.354+00,1,in_app,2026-07-15 11:00:08.018+00
bd1962fc-669c-4894-a76a-65cc68e822cf,62a2569e-4be2-4326-bddd-3c6116ed18b0,7b577c22-5513-42cc-ab19-2bf867e14ebc,2026-07-15,2026-07-15 11:00:00.354+00,1,email,2026-07-15 11:00:08.544+00
dcbe129c-c5a0-461b-91bf-98461334a9d6,b16b90c0-67c9-46c5-ac6f-2ccb8f3b2a08,5d7214cd-c7d1-42ac-b859-b9e84dee9fab,2026-07-15,2026-07-15 11:00:00.354+00,1,in_app,2026-07-15 11:00:08.618+00
6ec9c02a-2b15-42f3-a068-f33aae8b79e6,b16b90c0-67c9-46c5-ac6f-2ccb8f3b2a08,5d7214cd-c7d1-42ac-b859-b9e84dee9fab,2026-07-15,2026-07-15 11:00:00.354+00,1,email,2026-07-15 11:00:08.924+00
368976e1-49b3-486a-99c4-14d882369e40,b0737bfd-7bea-493b-8cfc-14946fcea8cd,90bb1d12-5855-4f3e-aecb-e92f597e650c,2026-07-15,2026-07-15 11:00:00.354+00,1,in_app,2026-07-15 11:00:13.507+00
fcacdb13-c4c7-4ecc-8f00-d61c223b73ef,b0737bfd-7bea-493b-8cfc-14946fcea8cd,90bb1d12-5855-4f3e-aecb-e92f597e650c,2026-07-15,2026-07-15 11:00:00.354+00,1,email,2026-07-15 11:00:13.803+00
193e038d-5322-4697-9bc3-d22405b55280,8474aaf6-e7d1-4165-9bef-bf76bc701038,32ccdbe1-627f-4fe3-a506-056b997ed89b,2026-07-15,2026-07-15 11:00:00.354+00,4,email,2026-07-15 11:00:15.5+00
07aee94b-8566-4818-83bc-b1ac16ca6faa,0c96a57e-6cc1-400f-bf3a-5740b699ac21,27edf455-e61a-48a9-a846-e2c6f42999b5,2026-07-15,2026-07-15 11:00:00.354+00,1,email,2026-07-15 11:00:19.662+00
742d8055-fd0c-4c4c-a30d-bc620630a045,ed586056-17ca-4287-936a-c16e642c63a6,8737f689-7c9e-414a-8391-5bf93d5ba600,2026-07-15,2026-07-15 11:00:00.354+00,1,email,2026-07-15 11:00:20.09+00
3396eec7-b4b0-4bb7-a4df-8ae3d68b4a1e,2e6f6612-8033-42e0-b84d-b2ea8aded8ac,b3db042c-4932-4f66-8aff-3136ed50db97,2026-07-15,2026-07-15 11:00:00.354+00,7,in_app,2026-07-15 11:00:20.155+00
8951da34-b98a-4a4c-bc89-2c71a882f706,2e6f6612-8033-42e0-b84d-b2ea8aded8ac,b3db042c-4932-4f66-8aff-3136ed50db97,2026-07-15,2026-07-15 11:00:00.354+00,7,email,2026-07-15 11:00:20.456+00
141ddef8-a2e4-44b5-b454-1320d385179f,493aecc1-6791-4d62-bc63-f4f55c78e44e,642b0596-7431-4f50-acff-1eb4199fab76,2026-07-15,2026-07-15 11:00:00.354+00,1,in_app,2026-07-15 11:00:20.503+00
0e73ae8f-bf3d-49a4-8605-d14feb0f2bc0,493aecc1-6791-4d62-bc63-f4f55c78e44e,642b0596-7431-4f50-acff-1eb4199fab76,2026-07-15,2026-07-15 11:00:00.354+00,1,email,2026-07-15 11:00:20.799+00
1dbbd363-dd1b-4a4f-a364-10321b6a73e2,678b734f-19e2-4622-ab4e-fccd86f4877f,8cab859b-a1e1-4edb-af95-4e847e1c93e4,2026-07-15,2026-07-15 11:00:00.354+00,2,in_app,2026-07-15 11:00:22.324+00
d79a81e7-fe49-4d85-a1c3-891f299615c2,678b734f-19e2-4622-ab4e-fccd86f4877f,8cab859b-a1e1-4edb-af95-4e847e1c93e4,2026-07-15,2026-07-15 11:00:00.354+00,2,email,2026-07-15 11:00:22.673+00
a717db79-94bb-4431-a7da-25882e30f599,c1f13659-b28c-4d50-8375-5bf200294992,1c2d5668-5cd9-49a7-a138-3ccd2bea5cbb,2026-07-15,2026-07-15 11:00:00.354+00,1,in_app,2026-07-15 11:00:22.742+00
f84db7c0-c39d-4a43-affd-87a0fc8863de,c1f13659-b28c-4d50-8375-5bf200294992,1c2d5668-5cd9-49a7-a138-3ccd2bea5cbb,2026-07-15,2026-07-15 11:00:00.354+00,1,email,2026-07-15 11:00:23.027+00
6e798a04-c19b-457f-af91-0a021d5aabb8,0c96a57e-6cc1-400f-bf3a-5740b699ac21,bdef184d-6217-4cdf-a59f-dc37008d13fd,2026-07-15,2026-07-15 11:00:00.354+00,8,in_app,2026-07-15 11:00:23.999+00
41bf03d1-d095-40d2-9468-a4fba67d1665,0c96a57e-6cc1-400f-bf3a-5740b699ac21,bdef184d-6217-4cdf-a59f-dc37008d13fd,2026-07-15,2026-07-15 11:00:00.354+00,8,email,2026-07-15 11:00:24.366+00
6919ede4-ba21-46b9-b2d2-f542a97c2250,0c96a57e-6cc1-400f-bf3a-5740b699ac21,6d3f8a2c-1a05-4e2a-b57e-d969b668049b,2026-07-15,2026-07-15 11:00:00.354+00,1,email,2026-07-15 11:00:25.197+00
d332ab1d-8aaf-4805-9736-a30679f5bd0f,0c96a57e-6cc1-400f-bf3a-5740b699ac21,ebe67fdd-2e23-43c0-8e9b-8abec2682d09,2026-07-15,2026-07-15 11:00:00.354+00,2,in_app,2026-07-15 11:00:26.123+00
78bd339a-d405-45ce-97ef-60d1a192d849,0c96a57e-6cc1-400f-bf3a-5740b699ac21,3258f102-8146-4986-964f-8c8f53441300,2026-07-15,2026-07-15 11:00:00.354+00,2,in_app,2026-07-15 11:00:28.42+00
71f67c50-78e3-4fb2-928b-0fc60e86c06f,0c96a57e-6cc1-400f-bf3a-5740b699ac21,3258f102-8146-4986-964f-8c8f53441300,2026-07-15,2026-07-15 11:00:00.354+00,2,email,2026-07-15 11:00:28.786+00
9399f0aa-328d-4232-9e69-35c4d28f1b3d,0c96a57e-6cc1-400f-bf3a-5740b699ac21,b3db042c-4932-4f66-8aff-3136ed50db97,2026-07-15,2026-07-15 11:00:00.354+00,8,in_app,2026-07-15 11:00:28.987+00
ccd2d75a-bff8-4f65-aae5-ee2cd284f6b3,0c96a57e-6cc1-400f-bf3a-5740b699ac21,decc7faa-b202-42f1-9a04-fe15fe97a892,2026-07-15,2026-07-15 11:00:00.354+00,1,in_app,2026-07-15 11:00:29.783+00
d2e8b7b4-cce5-42eb-9ebe-7db394db4d88,0c96a57e-6cc1-400f-bf3a-5740b699ac21,decc7faa-b202-42f1-9a04-fe15fe97a892,2026-07-15,2026-07-15 11:00:00.354+00,1,email,2026-07-15 11:00:30.081+00
6f2393d5-b9ca-46a6-a2a3-7bf72dab569d,e50fcb28-10bf-4ad0-809a-1785d438b3c1,f43d5087-6603-494b-b5c0-bbf3b68f4d55,2026-07-16,2026-07-16 17:00:20.192+00,1,email,2026-07-16 17:00:32.249+00
81393525-e5df-4e80-af4d-afa48453bf2e,9647402f-c830-48fb-92a7-e1e0f719045f,9d005015-cf2c-4590-9c46-e55e56c7696d,2026-07-16,2026-07-16 17:00:20.192+00,1,in_app,2026-07-16 17:00:32.395+00
9bb49fcc-d678-463b-9392-c877033b3c9f,04b00ab5-856d-4f95-962b-e9d97b33f207,a3c5b629-15d3-48a7-b5ab-694e63dc8b63,2026-07-16,2026-07-16 17:00:20.192+00,8,in_app,2026-07-16 17:00:34.536+00
2af833d1-110f-4b4a-aa18-235c7b0ddc95,0c96a57e-6cc1-400f-bf3a-5740b699ac21,a94fc469-4603-487f-ab7f-e2712197d510,2026-07-16,2026-07-16 17:00:20.192+00,9,in_app,2026-07-16 17:00:42.397+00
a42877e1-fda7-494d-a992-231e9cfb5eb6,72aeb445-484f-4979-8c2a-d34ec40b22b0,bdef184d-6217-4cdf-a59f-dc37008d13fd,2026-07-19,2026-07-19 11:01:02.32+00,7,in_app,2026-07-19 11:01:04.366+00
65a24193-7bbc-4664-b402-0dcc08b1ab9a,72aeb445-484f-4979-8c2a-d34ec40b22b0,bdef184d-6217-4cdf-a59f-dc37008d13fd,2026-07-19,2026-07-19 11:01:02.32+00,7,email,2026-07-19 11:01:04.69+00
4d89daf0-a65c-46ce-a184-0e806ee621dd,62a2569e-4be2-4326-bddd-3c6116ed18b0,6d3f8a2c-1a05-4e2a-b57e-d969b668049b,2026-07-19,2026-07-19 11:01:02.32+00,1,email,2026-07-19 11:01:05.493+00
d2ff8f88-71bf-4988-8fc1-7f0406e066b0,2f940451-4cf3-44e3-9040-07942e4146c1,b874694b-f463-4dbd-bb6f-b04f121a8802,2026-07-19,2026-07-19 11:01:02.32+00,1,in_app,2026-07-19 11:01:05.965+00
b35f2989-ca69-41e1-b6ce-b2c6b0f034c0,2f940451-4cf3-44e3-9040-07942e4146c1,b874694b-f463-4dbd-bb6f-b04f121a8802,2026-07-19,2026-07-19 11:01:02.32+00,1,email,2026-07-19 11:01:06.295+00
17ffd8f2-0d22-429c-a410-e339a47e363c,62a2569e-4be2-4326-bddd-3c6116ed18b0,7b577c22-5513-42cc-ab19-2bf867e14ebc,2026-07-27,2026-07-27 11:00:02.405+00,1,in_app,2026-07-27 11:00:08.482+00
3f560f50-9fec-4e94-9505-e9962e9f1bbb,c1f13659-b28c-4d50-8375-5bf200294992,658a0146-2d8a-4b2e-81e5-aa16fa9d0a30,2026-07-27,2026-07-27 11:00:02.405+00,3,in_app,2026-07-27 11:00:09.31+00
0411aedd-6719-4a44-b306-f015940fb912,9647402f-c830-48fb-92a7-e1e0f719045f,9d005015-cf2c-4590-9c46-e55e56c7696d,2026-07-19,2026-07-19 11:01:02.32+00,1,in_app,2026-07-19 11:01:09.9+00
0f26d2d0-05ac-4f44-8125-cf91ee6295e7,9647402f-c830-48fb-92a7-e1e0f719045f,9d005015-cf2c-4590-9c46-e55e56c7696d,2026-07-19,2026-07-19 11:01:02.32+00,1,email,2026-07-19 11:01:10.206+00
2ee19f3b-1eb9-4bf7-84e0-f83b5575c39c,0c96a57e-6cc1-400f-bf3a-5740b699ac21,5d7214cd-c7d1-42ac-b859-b9e84dee9fab,2026-07-03,2026-07-03 17:00:24.177+00,1,email,2026-07-03 17:00:42.377+00
e23ce2e2-875c-4886-b325-32bc49f1146d,0c96a57e-6cc1-400f-bf3a-5740b699ac21,6d3f8a2c-1a05-4e2a-b57e-d969b668049b,2026-07-03,2026-07-03 17:00:24.177+00,1,in_app,2026-07-03 17:00:43.094+00
d0a57307-797e-4f75-ae0c-ef7ba51c8ecc,0c96a57e-6cc1-400f-bf3a-5740b699ac21,d8eb23c1-2c90-4dfe-872a-aa3e3dcd6478,2026-07-03,2026-07-03 17:00:24.177+00,8,in_app,2026-07-03 17:00:44.136+00
126e4168-0197-4829-8820-a4215fa7dba3,0c96a57e-6cc1-400f-bf3a-5740b699ac21,d8eb23c1-2c90-4dfe-872a-aa3e3dcd6478,2026-07-03,2026-07-03 17:00:24.177+00,8,email,2026-07-03 17:00:44.517+00
bee8c5aa-b989-4390-bb50-5568e82eca01,0c96a57e-6cc1-400f-bf3a-5740b699ac21,a3c5b629-15d3-48a7-b5ab-694e63dc8b63,2026-07-03,2026-07-03 17:00:24.177+00,8,in_app,2026-07-03 17:00:45.637+00
51aa3446-3812-476d-a685-f81a359a61b3,0c96a57e-6cc1-400f-bf3a-5740b699ac21,642b0596-7431-4f50-acff-1eb4199fab76,2026-07-03,2026-07-03 17:00:24.177+00,1,email,2026-07-03 17:00:47.614+00
4a68ab19-17be-41e1-a329-d1af236ea86c,0c96a57e-6cc1-400f-bf3a-5740b699ac21,6f58e5f8-b85c-4f92-89b7-1cf3ca9f22b6,2026-07-03,2026-07-03 17:00:24.177+00,2,email,2026-07-03 17:00:48.134+00
b0347708-ac89-4363-af23-d7e0a7db2d44,0c96a57e-6cc1-400f-bf3a-5740b699ac21,decc7faa-b202-42f1-9a04-fe15fe97a892,2026-07-03,2026-07-03 17:00:24.177+00,1,email,2026-07-03 17:00:48.541+00
2d969bdd-8eed-4884-92eb-3134617763d0,0c96a57e-6cc1-400f-bf3a-5740b699ac21,8cab859b-a1e1-4edb-af95-4e847e1c93e4,2026-07-03,2026-07-03 17:00:24.177+00,2,email,2026-07-03 17:00:48.942+00
b15fa771-4bfe-43a5-8b1f-f3718c8502ed,b16b90c0-67c9-46c5-ac6f-2ccb8f3b2a08,5d7214cd-c7d1-42ac-b859-b9e84dee9fab,2026-07-09,2026-07-09 11:00:34.593+00,1,in_app,2026-07-09 11:00:35.664+00
bb732e16-3de2-40bf-98c5-c9fb7ad0c4dd,8474aaf6-e7d1-4165-9bef-bf76bc701038,90bb1d12-5855-4f3e-aecb-e92f597e650c,2026-07-09,2026-07-09 11:00:34.593+00,1,in_app,2026-07-09 11:00:36.036+00
320700b7-eb6d-4379-891d-f0f252a234e5,72aeb445-484f-4979-8c2a-d34ec40b22b0,bdef184d-6217-4cdf-a59f-dc37008d13fd,2026-07-09,2026-07-09 11:00:34.593+00,7,email,2026-07-09 11:00:37.706+00
243e904e-e6d5-47d0-8110-a6ed16bccaa8,62a2569e-4be2-4326-bddd-3c6116ed18b0,6d3f8a2c-1a05-4e2a-b57e-d969b668049b,2026-07-09,2026-07-09 11:00:34.593+00,1,in_app,2026-07-09 11:00:38.531+00
87893a89-b4cf-4e64-adca-39091911dcbc,62a2569e-4be2-4326-bddd-3c6116ed18b0,7b577c22-5513-42cc-ab19-2bf867e14ebc,2026-07-09,2026-07-09 11:00:34.593+00,1,email,2026-07-09 11:00:39.228+00
baf85579-1d45-4cd8-96e5-53fc36a36e1f,b0737bfd-7bea-493b-8cfc-14946fcea8cd,90bb1d12-5855-4f3e-aecb-e92f597e650c,2026-07-09,2026-07-09 11:00:34.593+00,1,in_app,2026-07-09 11:00:40.072+00
1021cb31-379c-44b3-98c0-956bd858efed,b0737bfd-7bea-493b-8cfc-14946fcea8cd,90bb1d12-5855-4f3e-aecb-e92f597e650c,2026-07-09,2026-07-09 11:00:34.593+00,1,email,2026-07-09 11:00:40.377+00
41e97a49-1ca4-4550-8bd2-b14cf971586d,9066ac12-d1c6-4a15-ad74-4932bf8dd987,968fc8e6-f918-4579-b0d1-26570ce5e94b,2026-07-09,2026-07-09 11:00:34.593+00,2,in_app,2026-07-09 11:00:43.866+00
d74362a7-63d5-4bfe-8f42-d5a56dada760,9066ac12-d1c6-4a15-ad74-4932bf8dd987,968fc8e6-f918-4579-b0d1-26570ce5e94b,2026-07-09,2026-07-09 11:00:34.593+00,2,email,2026-07-09 11:00:44.155+00
deda1599-2d4e-4994-8996-add7210a58cb,0ae36a43-2ef0-4a7d-b95a-edcc7d9ac3f2,7b577c22-5513-42cc-ab19-2bf867e14ebc,2026-07-09,2026-07-09 11:00:34.593+00,1,email,2026-07-09 11:00:47.896+00
6cde01d0-12ec-4d79-b0d0-4be1eb1fbbd6,c1f13659-b28c-4d50-8375-5bf200294992,decc7faa-b202-42f1-9a04-fe15fe97a892,2026-07-09,2026-07-09 11:00:34.593+00,1,in_app,2026-07-09 11:00:47.953+00
55a7c407-c669-4147-bcc6-4b58bfdcfa6e,c1f13659-b28c-4d50-8375-5bf200294992,decc7faa-b202-42f1-9a04-fe15fe97a892,2026-07-09,2026-07-09 11:00:34.593+00,1,email,2026-07-09 11:00:48.287+00
ffd8630a-192a-4944-8c7a-5e293ecc02d8,678b734f-19e2-4622-ab4e-fccd86f4877f,8cab859b-a1e1-4edb-af95-4e847e1c93e4,2026-07-09,2026-07-09 11:00:34.593+00,2,in_app,2026-07-09 11:00:48.348+00
ee0add61-7acd-4c10-931b-af9784776ee3,0c96a57e-6cc1-400f-bf3a-5740b699ac21,3519d0a1-12b5-4a38-bbd5-a5b9d518cb53,2026-07-09,2026-07-09 11:00:34.593+00,1,email,2026-07-09 11:00:49.886+00
e5fe9f94-94ea-47b1-a459-93b034267bd3,0c96a57e-6cc1-400f-bf3a-5740b699ac21,ebe67fdd-2e23-43c0-8e9b-8abec2682d09,2026-07-12,2026-07-12 11:00:34.482+00,2,email,2026-07-12 11:00:49.782+00
71d0622e-d0f9-4f01-a12e-f318be49997f,0c96a57e-6cc1-400f-bf3a-5740b699ac21,2a266637-be4e-4088-9918-a51576912f5c,2026-07-12,2026-07-12 11:00:34.482+00,4,in_app,2026-07-12 11:00:49.855+00
66c2012c-4929-4127-af46-38aa89293c2a,0c96a57e-6cc1-400f-bf3a-5740b699ac21,1c2d5668-5cd9-49a7-a138-3ccd2bea5cbb,2026-07-12,2026-07-12 11:00:34.482+00,1,email,2026-07-12 11:00:54.32+00
03daeceb-eed6-41fd-bede-98805da35b4d,8474aaf6-e7d1-4165-9bef-bf76bc701038,90bb1d12-5855-4f3e-aecb-e92f597e650c,2026-07-15,2026-07-15 11:00:00.354+00,1,in_app,2026-07-15 11:00:02.777+00
f4b48183-7b14-4c1b-b284-3e02d912dfb1,8474aaf6-e7d1-4165-9bef-bf76bc701038,90bb1d12-5855-4f3e-aecb-e92f597e650c,2026-07-15,2026-07-15 11:00:00.354+00,1,email,2026-07-15 11:00:04.221+00
3e7700dd-1a6c-4997-b4d5-beab8ff2bdd9,0c96a57e-6cc1-400f-bf3a-5740b699ac21,7b577c22-5513-42cc-ab19-2bf867e14ebc,2026-07-15,2026-07-15 11:00:00.354+00,2,in_app,2026-07-15 11:00:05.535+00
7f2fe48d-6c5b-442b-9e4d-9312466b29b8,62a2569e-4be2-4326-bddd-3c6116ed18b0,6d3f8a2c-1a05-4e2a-b57e-d969b668049b,2026-07-15,2026-07-15 11:00:00.354+00,1,in_app,2026-07-15 11:00:07.51+00
d4cf31e7-8e31-4acf-9131-eab2a862fa5f,62a2569e-4be2-4326-bddd-3c6116ed18b0,6d3f8a2c-1a05-4e2a-b57e-d969b668049b,2026-07-15,2026-07-15 11:00:00.354+00,1,email,2026-07-15 11:00:07.946+00
9ef60461-fc58-4090-99fe-60d2f8a75548,2f940451-4cf3-44e3-9040-07942e4146c1,b874694b-f463-4dbd-bb6f-b04f121a8802,2026-07-15,2026-07-15 11:00:00.354+00,1,in_app,2026-07-15 11:00:08.97+00
d6c47dc3-7501-4197-8f34-8b9a157cad22,2f940451-4cf3-44e3-9040-07942e4146c1,b874694b-f463-4dbd-bb6f-b04f121a8802,2026-07-15,2026-07-15 11:00:00.354+00,1,email,2026-07-15 11:00:09.409+00
14f87182-11c4-4e18-afa4-9038a7096f23,62a2569e-4be2-4326-bddd-3c6116ed18b0,7b577c22-5513-42cc-ab19-2bf867e14ebc,2026-07-27,2026-07-27 11:00:02.405+00,1,email,2026-07-27 11:00:09.215+00
07fa7aaf-b9c2-44b6-a4de-8b1e00a7ab21,b0737bfd-7bea-493b-8cfc-14946fcea8cd,90bb1d12-5855-4f3e-aecb-e92f597e650c,2026-07-27,2026-07-27 11:00:02.405+00,1,in_app,2026-07-27 11:00:11.108+00
6f6620f5-f089-4679-b514-4d2138d1bbb6,62a2569e-4be2-4326-bddd-3c6116ed18b0,bdef184d-6217-4cdf-a59f-dc37008d13fd,2026-07-15,2026-07-15 11:00:00.354+00,1,in_app,2026-07-15 11:00:12.937+00
b0b6ce5d-760f-4b56-8507-03e0e1fadaf6,62a2569e-4be2-4326-bddd-3c6116ed18b0,bdef184d-6217-4cdf-a59f-dc37008d13fd,2026-07-15,2026-07-15 11:00:00.354+00,1,email,2026-07-15 11:00:13.419+00
268f7853-e076-4a28-bf3e-53f56040ba12,9b5aa503-44ec-40de-9ceb-b1475639767e,2a266637-be4e-4088-9918-a51576912f5c,2026-07-15,2026-07-15 11:00:00.354+00,4,in_app,2026-07-15 11:00:13.856+00
27e36148-50de-4c9b-902a-f3e166837821,9b5aa503-44ec-40de-9ceb-b1475639767e,2a266637-be4e-4088-9918-a51576912f5c,2026-07-15,2026-07-15 11:00:00.354+00,4,email,2026-07-15 11:00:14.264+00
2bfd3691-4b30-48d4-8398-ce568b327204,b6617c09-9b4a-4ebc-bf50-e584b67edaa3,e5efecc9-f05f-479b-b2ea-81a2ed90fba4,2026-07-15,2026-07-15 11:00:00.354+00,1,in_app,2026-07-15 11:00:14.336+00
0ef5d255-f0d8-4825-8a6c-2f802ce0cde1,b6617c09-9b4a-4ebc-bf50-e584b67edaa3,e5efecc9-f05f-479b-b2ea-81a2ed90fba4,2026-07-15,2026-07-15 11:00:00.354+00,1,email,2026-07-15 11:00:14.718+00
6071eda7-82fe-4e76-9e7e-f092abf009b5,8474aaf6-e7d1-4165-9bef-bf76bc701038,32ccdbe1-627f-4fe3-a506-056b997ed89b,2026-07-15,2026-07-15 11:00:00.354+00,4,in_app,2026-07-15 11:00:15.176+00
144255dc-1aba-4ebc-a0b8-03aaeec2b34a,b0737bfd-7bea-493b-8cfc-14946fcea8cd,32ccdbe1-627f-4fe3-a506-056b997ed89b,2026-07-15,2026-07-15 11:00:00.354+00,3,in_app,2026-07-15 11:00:16.004+00
9fdeeb1b-d776-42a2-89ff-44b7311984b2,04b00ab5-856d-4f95-962b-e9d97b33f207,a3c5b629-15d3-48a7-b5ab-694e63dc8b63,2026-07-15,2026-07-15 11:00:00.354+00,8,email,2026-07-15 11:00:18.034+00
ea1305ed-225a-49a6-ad27-6e03fcb3715d,8396bd66-e3ed-4593-b985-3e380cd308eb,b0faf762-848b-4737-a04d-b2b4e1e8cc5b,2026-07-15,2026-07-15 11:00:00.354+00,1,email,2026-07-15 11:00:19.209+00
f627634c-24f7-40c0-a219-fac0297104b7,0c96a57e-6cc1-400f-bf3a-5740b699ac21,c6754833-e150-4c12-9149-45a6dfcd6eec,2026-07-15,2026-07-15 11:00:00.354+00,3,in_app,2026-07-15 11:00:20.847+00
a7a6aa8f-ba8a-49e1-b42a-d88f0c19fe92,0c96a57e-6cc1-400f-bf3a-5740b699ac21,c6754833-e150-4c12-9149-45a6dfcd6eec,2026-07-15,2026-07-15 11:00:00.354+00,3,email,2026-07-15 11:00:21.19+00
963debb7-fb1e-4455-b9d3-32b73eade6dd,493aecc1-6791-4d62-bc63-f4f55c78e44e,7b577c22-5513-42cc-ab19-2bf867e14ebc,2026-07-15,2026-07-15 11:00:00.354+00,7,in_app,2026-07-15 11:00:21.259+00
b854a697-db11-4028-aa19-f6265cf467eb,0ae36a43-2ef0-4a7d-b95a-edcc7d9ac3f2,7b577c22-5513-42cc-ab19-2bf867e14ebc,2026-07-15,2026-07-15 11:00:00.354+00,1,in_app,2026-07-15 11:00:21.603+00
ffab2de7-fee9-4c91-82d8-78b24c239448,0c96a57e-6cc1-400f-bf3a-5740b699ac21,a94fc469-4603-487f-ab7f-e2712197d510,2026-07-15,2026-07-15 11:00:00.354+00,9,in_app,2026-07-15 11:00:23.158+00
1123d92e-fab6-49a2-965f-1798aa1d75ee,0c96a57e-6cc1-400f-bf3a-5740b699ac21,a94fc469-4603-487f-ab7f-e2712197d510,2026-07-15,2026-07-15 11:00:00.354+00,9,email,2026-07-15 11:00:23.451+00
417e648a-2de2-4da7-a79a-95d068e5d0dd,0c96a57e-6cc1-400f-bf3a-5740b699ac21,3519d0a1-12b5-4a38-bbd5-a5b9d518cb53,2026-07-15,2026-07-15 11:00:00.354+00,1,email,2026-07-15 11:00:24.839+00
38e4764e-3625-4ea9-8104-7aa85e37ee69,0c96a57e-6cc1-400f-bf3a-5740b699ac21,6d3f8a2c-1a05-4e2a-b57e-d969b668049b,2026-07-15,2026-07-15 11:00:00.354+00,1,in_app,2026-07-15 11:00:24.91+00
3cdf8bd4-984d-45ce-8a9d-114a7984482a,0c96a57e-6cc1-400f-bf3a-5740b699ac21,5d7214cd-c7d1-42ac-b859-b9e84dee9fab,2026-07-15,2026-07-15 11:00:00.354+00,1,in_app,2026-07-15 11:00:25.236+00
8c967d98-fbba-4eea-abab-633b1e0e8f9a,0c96a57e-6cc1-400f-bf3a-5740b699ac21,5d7214cd-c7d1-42ac-b859-b9e84dee9fab,2026-07-15,2026-07-15 11:00:00.354+00,1,email,2026-07-15 11:00:25.642+00
3c34b151-55bd-47dc-b52f-f66409493f24,0c96a57e-6cc1-400f-bf3a-5740b699ac21,2a266637-be4e-4088-9918-a51576912f5c,2026-07-15,2026-07-15 11:00:00.354+00,4,in_app,2026-07-15 11:00:26.556+00
0ac9b0c8-bcd1-4e73-97e7-4316b8cd2aa1,0c96a57e-6cc1-400f-bf3a-5740b699ac21,1c2d5668-5cd9-49a7-a138-3ccd2bea5cbb,2026-07-15,2026-07-15 11:00:00.354+00,1,email,2026-07-15 11:00:30.833+00
41c68b71-2b95-438d-8306-a91b16ad9440,0c96a57e-6cc1-400f-bf3a-5740b699ac21,27edf455-e61a-48a9-a846-e2c6f42999b5,2026-07-16,2026-07-16 17:00:20.192+00,1,in_app,2026-07-16 17:00:36.548+00
9d67d3f6-81c2-4e66-800e-2f046c9b66ae,678b734f-19e2-4622-ab4e-fccd86f4877f,8cab859b-a1e1-4edb-af95-4e847e1c93e4,2026-07-16,2026-07-16 17:00:20.192+00,2,in_app,2026-07-16 17:00:41.109+00
c9c136a2-11a9-4656-9b5d-754519a06a35,0c96a57e-6cc1-400f-bf3a-5740b699ac21,ebe67fdd-2e23-43c0-8e9b-8abec2682d09,2026-07-16,2026-07-16 17:00:20.192+00,2,email,2026-07-16 17:00:46.032+00
bf569219-73b4-4a16-8451-988dadca3b7e,0c96a57e-6cc1-400f-bf3a-5740b699ac21,a3c5b629-15d3-48a7-b5ab-694e63dc8b63,2026-07-16,2026-07-16 17:00:20.192+00,8,email,2026-07-16 17:00:48.345+00
d4e91707-7a81-4681-b397-212e556c39d0,0c96a57e-6cc1-400f-bf3a-5740b699ac21,3258f102-8146-4986-964f-8c8f53441300,2026-07-16,2026-07-16 17:00:20.192+00,2,email,2026-07-16 17:00:48.878+00
6f579211-52bd-466f-b883-2c52bc0a9fac,0c96a57e-6cc1-400f-bf3a-5740b699ac21,b3db042c-4932-4f66-8aff-3136ed50db97,2026-07-16,2026-07-16 17:00:20.192+00,8,in_app,2026-07-16 17:00:49.104+00
a7b9d655-8a83-45d8-99ca-8ae28fdac8e8,0c96a57e-6cc1-400f-bf3a-5740b699ac21,decc7faa-b202-42f1-9a04-fe15fe97a892,2026-07-16,2026-07-16 17:00:20.192+00,1,email,2026-07-16 17:00:50.614+00
cf7e54f4-bfd2-49f6-b64c-7b371f4602a2,0c96a57e-6cc1-400f-bf3a-5740b699ac21,1c2d5668-5cd9-49a7-a138-3ccd2bea5cbb,2026-07-16,2026-07-16 17:00:20.192+00,1,in_app,2026-07-16 17:00:51.528+00
380add57-a9fc-4881-a7cb-a8503e8eabc3,b0737bfd-7bea-493b-8cfc-14946fcea8cd,32ccdbe1-627f-4fe3-a506-056b997ed89b,2026-07-19,2026-07-19 11:01:02.32+00,3,in_app,2026-07-19 11:01:09.519+00
f3069b64-442e-44a9-91fe-5339c1228025,b0737bfd-7bea-493b-8cfc-14946fcea8cd,32ccdbe1-627f-4fe3-a506-056b997ed89b,2026-07-19,2026-07-19 11:01:02.32+00,3,email,2026-07-19 11:01:09.819+00
2aa33fa2-0661-46ff-ac7c-b1da3488a93d,2e6f6612-8033-42e0-b84d-b2ea8aded8ac,b3db042c-4932-4f66-8aff-3136ed50db97,2026-07-19,2026-07-19 11:01:02.32+00,7,in_app,2026-07-19 11:01:13.99+00
74d2f257-e24f-43a9-848a-6d5b5628ce7b,2e6f6612-8033-42e0-b84d-b2ea8aded8ac,b3db042c-4932-4f66-8aff-3136ed50db97,2026-07-19,2026-07-19 11:01:02.32+00,7,email,2026-07-19 11:01:14.292+00
f6c5ecb4-1579-4919-a6ee-4ea8b286fcc2,493aecc1-6791-4d62-bc63-f4f55c78e44e,642b0596-7431-4f50-acff-1eb4199fab76,2026-07-19,2026-07-19 11:01:02.32+00,1,in_app,2026-07-19 11:01:14.376+00
8aad7169-6e92-4c36-87b3-0ec6a05e8098,0c96a57e-6cc1-400f-bf3a-5740b699ac21,bdef184d-6217-4cdf-a59f-dc37008d13fd,2026-07-03,2026-07-03 17:00:24.177+00,8,email,2026-07-03 17:00:42.949+00
2d58a21e-99c8-4e71-a1fe-0b43786b13b4,0c96a57e-6cc1-400f-bf3a-5740b699ac21,2a266637-be4e-4088-9918-a51576912f5c,2026-07-03,2026-07-03 17:00:24.177+00,4,in_app,2026-07-03 17:00:43.595+00
b5be9a70-6720-4bf2-b7f6-0e4f104d46fb,0c96a57e-6cc1-400f-bf3a-5740b699ac21,2a266637-be4e-4088-9918-a51576912f5c,2026-07-03,2026-07-03 17:00:24.177+00,4,email,2026-07-03 17:00:43.991+00
58cf0893-8d29-41f8-8597-8186c5a79321,0c96a57e-6cc1-400f-bf3a-5740b699ac21,28f7b9e8-9516-4a08-864c-9ff3e085ba87,2026-07-03,2026-07-03 17:00:24.177+00,1,in_app,2026-07-03 17:00:44.632+00
83deb320-71a1-4eca-8a3a-05789edc0fe7,0c96a57e-6cc1-400f-bf3a-5740b699ac21,28f7b9e8-9516-4a08-864c-9ff3e085ba87,2026-07-03,2026-07-03 17:00:24.177+00,1,email,2026-07-03 17:00:45.032+00
efed7bcc-acfe-495d-aba8-3342626a129e,0c96a57e-6cc1-400f-bf3a-5740b699ac21,a94fc469-4603-487f-ab7f-e2712197d510,2026-07-03,2026-07-03 17:00:24.177+00,2,email,2026-07-03 17:00:46.578+00
a735c31b-a168-401d-97f8-108adec6f091,0c96a57e-6cc1-400f-bf3a-5740b699ac21,decc7faa-b202-42f1-9a04-fe15fe97a892,2026-07-03,2026-07-03 17:00:24.177+00,1,in_app,2026-07-03 17:00:48.254+00
88ddaa8a-0974-496b-b30b-32b7acc0cc30,c1f13659-b28c-4d50-8375-5bf200294992,3519d0a1-12b5-4a38-bbd5-a5b9d518cb53,2026-07-09,2026-07-09 11:00:34.593+00,1,in_app,2026-07-09 11:00:38.152+00
38029ab7-90a5-4060-ba97-cfa6fdaa0c6a,c1f13659-b28c-4d50-8375-5bf200294992,3519d0a1-12b5-4a38-bbd5-a5b9d518cb53,2026-07-09,2026-07-09 11:00:34.593+00,1,email,2026-07-09 11:00:38.462+00
ee393aa3-6fb5-404a-81e9-aa019657a526,62a2569e-4be2-4326-bddd-3c6116ed18b0,6d3f8a2c-1a05-4e2a-b57e-d969b668049b,2026-07-09,2026-07-09 11:00:34.593+00,1,email,2026-07-09 11:00:38.84+00
58c32a1f-eb74-4abb-b79a-72ea02c03ab7,62a2569e-4be2-4326-bddd-3c6116ed18b0,7b577c22-5513-42cc-ab19-2bf867e14ebc,2026-07-09,2026-07-09 11:00:34.593+00,1,in_app,2026-07-09 11:00:38.895+00
9f71af75-50ea-4024-b6c0-feab2c3282d2,c1f13659-b28c-4d50-8375-5bf200294992,658a0146-2d8a-4b2e-81e5-aa16fa9d0a30,2026-07-27,2026-07-27 11:00:02.405+00,3,email,2026-07-27 11:00:11.016+00
024e9c97-b7c2-46ae-b7f3-1be4bd16a245,9b5aa503-44ec-40de-9ceb-b1475639767e,2a266637-be4e-4088-9918-a51576912f5c,2026-07-27,2026-07-27 11:00:02.405+00,4,in_app,2026-07-27 11:00:12.387+00
08864c60-ef19-4120-a375-dc18350679e6,62a2569e-4be2-4326-bddd-3c6116ed18b0,bdef184d-6217-4cdf-a59f-dc37008d13fd,2026-07-09,2026-07-09 11:00:34.593+00,1,email,2026-07-09 11:00:40.016+00
28b9e8a2-b569-4490-80e2-febf842de661,b6617c09-9b4a-4ebc-bf50-e584b67edaa3,e5efecc9-f05f-479b-b2ea-81a2ed90fba4,2026-07-09,2026-07-09 11:00:34.593+00,1,in_app,2026-07-09 11:00:40.801+00
8463d808-0872-45a9-9de7-b8893908120c,b0737bfd-7bea-493b-8cfc-14946fcea8cd,32ccdbe1-627f-4fe3-a506-056b997ed89b,2026-07-09,2026-07-09 11:00:34.593+00,3,in_app,2026-07-09 11:00:42.001+00
f9efaf0e-0d62-43dd-9955-033aecf11ee2,3870aadb-8625-4184-ac60-c6e20be4cdc5,a94fc469-4603-487f-ab7f-e2712197d510,2026-07-09,2026-07-09 11:00:34.593+00,6,email,2026-07-09 11:00:42.759+00
3f1f248a-be15-45dc-a7b9-1115e864ce18,04b00ab5-856d-4f95-962b-e9d97b33f207,a3c5b629-15d3-48a7-b5ab-694e63dc8b63,2026-07-09,2026-07-09 11:00:34.593+00,8,in_app,2026-07-09 11:00:44.215+00
b797a95f-3e3b-4d5c-9902-8b4c9c22ee28,04b00ab5-856d-4f95-962b-e9d97b33f207,a3c5b629-15d3-48a7-b5ab-694e63dc8b63,2026-07-09,2026-07-09 11:00:34.593+00,8,email,2026-07-09 11:00:44.541+00
b1f7c08d-3c3c-476a-99a7-ba4531907e32,0c96a57e-6cc1-400f-bf3a-5740b699ac21,27edf455-e61a-48a9-a846-e2c6f42999b5,2026-07-09,2026-07-09 11:00:34.593+00,1,in_app,2026-07-09 11:00:44.606+00
71135525-7675-4aba-bd76-2c03864a1fe6,493aecc1-6791-4d62-bc63-f4f55c78e44e,642b0596-7431-4f50-acff-1eb4199fab76,2026-07-09,2026-07-09 11:00:34.593+00,1,email,2026-07-09 11:00:46.436+00
44630ea4-68f7-47b3-9f42-1c3c03a15fec,0c96a57e-6cc1-400f-bf3a-5740b699ac21,bdef184d-6217-4cdf-a59f-dc37008d13fd,2026-07-09,2026-07-09 11:00:34.593+00,8,in_app,2026-07-09 11:00:49.185+00
226eea05-bf40-468a-905b-aec301f45975,0c96a57e-6cc1-400f-bf3a-5740b699ac21,3519d0a1-12b5-4a38-bbd5-a5b9d518cb53,2026-07-09,2026-07-09 11:00:34.593+00,1,in_app,2026-07-09 11:00:49.573+00
4df5f239-bcb7-4e79-8f89-4036c1ebff25,0c96a57e-6cc1-400f-bf3a-5740b699ac21,d8eb23c1-2c90-4dfe-872a-aa3e3dcd6478,2026-07-09,2026-07-09 11:00:34.593+00,8,in_app,2026-07-09 11:00:51.35+00
ad4edd76-a04f-4cdf-844b-247cfd917fc3,0c96a57e-6cc1-400f-bf3a-5740b699ac21,28f7b9e8-9516-4a08-864c-9ff3e085ba87,2026-07-09,2026-07-09 11:00:34.593+00,1,email,2026-07-09 11:00:52.608+00
9189a50a-3024-4f50-a54e-a43a70d85424,0c96a57e-6cc1-400f-bf3a-5740b699ac21,658a0146-2d8a-4b2e-81e5-aa16fa9d0a30,2026-07-09,2026-07-09 11:00:34.593+00,1,in_app,2026-07-09 11:00:52.665+00
c6e308f4-189c-4d65-86e5-9096e4cf01b1,0c96a57e-6cc1-400f-bf3a-5740b699ac21,a3c5b629-15d3-48a7-b5ab-694e63dc8b63,2026-07-09,2026-07-09 11:00:34.593+00,8,in_app,2026-07-09 11:00:53.014+00
1c2dec81-d22e-4897-b864-4016d524b6e4,0c96a57e-6cc1-400f-bf3a-5740b699ac21,b3db042c-4932-4f66-8aff-3136ed50db97,2026-07-09,2026-07-09 11:00:34.593+00,8,in_app,2026-07-09 11:00:53.439+00
4aa2d7a0-3f62-404f-8512-c09071291d5d,0c96a57e-6cc1-400f-bf3a-5740b699ac21,968fc8e6-f918-4579-b0d1-26570ce5e94b,2026-07-12,2026-07-12 17:00:35.308+00,1,in_app,2026-07-12 17:00:35.618+00
3cec2a8d-46a1-45d0-9a63-57143a4e3ddb,0c96a57e-6cc1-400f-bf3a-5740b699ac21,968fc8e6-f918-4579-b0d1-26570ce5e94b,2026-07-12,2026-07-12 17:00:35.308+00,1,email,2026-07-12 17:00:36.23+00
7a227371-b2df-4376-a9f0-7157b6b97447,72aeb445-484f-4979-8c2a-d34ec40b22b0,bdef184d-6217-4cdf-a59f-dc37008d13fd,2026-07-12,2026-07-12 17:00:35.308+00,7,in_app,2026-07-12 17:00:38.513+00
6d91c0f9-2fb3-4332-aa50-9fe674700ba4,c1f13659-b28c-4d50-8375-5bf200294992,3519d0a1-12b5-4a38-bbd5-a5b9d518cb53,2026-07-12,2026-07-12 17:00:35.308+00,1,email,2026-07-12 17:00:40.039+00
77920ed2-373c-4ec0-9139-a5260754d880,62a2569e-4be2-4326-bddd-3c6116ed18b0,6d3f8a2c-1a05-4e2a-b57e-d969b668049b,2026-07-12,2026-07-12 17:00:35.308+00,1,in_app,2026-07-12 17:00:40.139+00
4c7f0d7f-d1eb-4935-82c7-8f1e832674fc,62a2569e-4be2-4326-bddd-3c6116ed18b0,6d3f8a2c-1a05-4e2a-b57e-d969b668049b,2026-07-12,2026-07-12 17:00:35.308+00,1,email,2026-07-12 17:00:40.574+00
f07a3295-f7df-4592-afca-4a5653a52d9b,62a2569e-4be2-4326-bddd-3c6116ed18b0,7b577c22-5513-42cc-ab19-2bf867e14ebc,2026-07-12,2026-07-12 17:00:35.308+00,1,in_app,2026-07-12 17:00:40.628+00
66f58b94-2a97-4452-882c-fd0ae1a73094,0c96a57e-6cc1-400f-bf3a-5740b699ac21,9e39aa76-bf9c-4630-afb4-5ea10a9cb738,2026-07-12,2026-07-12 17:00:35.308+00,1,in_app,2026-07-12 17:00:40.993+00
36ca28c1-de0d-4041-9184-85d44a79ab07,9b5aa503-44ec-40de-9ceb-b1475639767e,2a266637-be4e-4088-9918-a51576912f5c,2026-07-27,2026-07-27 11:00:02.405+00,4,email,2026-07-27 11:00:12.745+00
d1940b08-f1e0-4b47-a222-16faef6b1df3,b0737bfd-7bea-493b-8cfc-14946fcea8cd,90bb1d12-5855-4f3e-aecb-e92f597e650c,2026-07-12,2026-07-12 17:00:35.308+00,1,in_app,2026-07-12 17:00:42.368+00
f0fd1d8f-9260-4dcd-ac2c-b802f424f48d,c1f13659-b28c-4d50-8375-5bf200294992,658a0146-2d8a-4b2e-81e5-aa16fa9d0a30,2026-07-12,2026-07-12 17:00:35.308+00,1,email,2026-07-12 17:00:45.932+00
ecceec37-4fe5-448f-ac20-cfdf6fb50b9d,9647402f-c830-48fb-92a7-e1e0f719045f,9d005015-cf2c-4590-9c46-e55e56c7696d,2026-07-12,2026-07-12 17:00:35.308+00,1,in_app,2026-07-12 17:00:46.039+00
b6981299-6c32-48b4-8f5a-5da0fc05b87d,9647402f-c830-48fb-92a7-e1e0f719045f,9d005015-cf2c-4590-9c46-e55e56c7696d,2026-07-12,2026-07-12 17:00:35.308+00,1,email,2026-07-12 17:00:46.382+00
b8f6df85-8121-4b86-9f96-c5a66a9cab40,ed586056-17ca-4287-936a-c16e642c63a6,8737f689-7c9e-414a-8391-5bf93d5ba600,2026-07-12,2026-07-12 17:00:35.308+00,1,in_app,2026-07-12 17:00:48.13+00
20e2f2c2-9b34-466d-aafb-1c47abd490d9,2e6f6612-8033-42e0-b84d-b2ea8aded8ac,b3db042c-4932-4f66-8aff-3136ed50db97,2026-07-12,2026-07-12 17:00:35.308+00,7,in_app,2026-07-12 17:00:48.504+00
3acb900b-ba3c-46b4-a598-be331a8a1ec7,2e6f6612-8033-42e0-b84d-b2ea8aded8ac,b3db042c-4932-4f66-8aff-3136ed50db97,2026-07-12,2026-07-12 17:00:35.308+00,7,email,2026-07-12 17:00:48.853+00
5cc921bd-f3f3-45f7-b661-b84d4ee8b328,493aecc1-6791-4d62-bc63-f4f55c78e44e,642b0596-7431-4f50-acff-1eb4199fab76,2026-07-12,2026-07-12 17:00:35.308+00,1,in_app,2026-07-12 17:00:48.939+00
0f9fbd4c-a43d-4e84-9741-f3793ebc97ce,0ae36a43-2ef0-4a7d-b95a-edcc7d9ac3f2,7b577c22-5513-42cc-ab19-2bf867e14ebc,2026-07-12,2026-07-12 17:00:35.308+00,1,email,2026-07-12 17:00:51.09+00
38854c4b-cb93-4eef-a50d-26cbf60765eb,c1f13659-b28c-4d50-8375-5bf200294992,decc7faa-b202-42f1-9a04-fe15fe97a892,2026-07-12,2026-07-12 17:00:35.308+00,1,in_app,2026-07-12 17:00:51.18+00
2f9c4f7d-7d94-4981-842e-c30909eedfa7,c1f13659-b28c-4d50-8375-5bf200294992,decc7faa-b202-42f1-9a04-fe15fe97a892,2026-07-12,2026-07-12 17:00:35.308+00,1,email,2026-07-12 17:00:51.524+00
c87f929d-e164-4500-a5a2-44796997e2f0,678b734f-19e2-4622-ab4e-fccd86f4877f,8cab859b-a1e1-4edb-af95-4e847e1c93e4,2026-07-12,2026-07-12 17:00:35.308+00,2,email,2026-07-12 17:00:51.956+00
68886c50-3bb7-4620-9409-61cd2ea35c34,0c96a57e-6cc1-400f-bf3a-5740b699ac21,658a0146-2d8a-4b2e-81e5-aa16fa9d0a30,2026-07-12,2026-07-12 17:00:35.308+00,1,email,2026-07-12 17:00:57.034+00
80906466-cd8d-4d30-a052-c80254aaeb81,0c96a57e-6cc1-400f-bf3a-5740b699ac21,b3db042c-4932-4f66-8aff-3136ed50db97,2026-07-12,2026-07-12 17:00:35.308+00,8,email,2026-07-12 17:00:58.376+00
9f047303-1dc2-4308-b309-e5d562faac3d,0c96a57e-6cc1-400f-bf3a-5740b699ac21,642b0596-7431-4f50-acff-1eb4199fab76,2026-07-12,2026-07-12 17:00:35.308+00,1,in_app,2026-07-12 17:00:58.468+00
f02648e2-de0d-41cf-9abf-b4a79b6f37b2,0c96a57e-6cc1-400f-bf3a-5740b699ac21,642b0596-7431-4f50-acff-1eb4199fab76,2026-07-12,2026-07-12 17:00:35.308+00,1,email,2026-07-12 17:00:58.806+00
720f6b1a-d954-4871-9ad4-6bb46e28f241,0c96a57e-6cc1-400f-bf3a-5740b699ac21,1c2d5668-5cd9-49a7-a138-3ccd2bea5cbb,2026-07-12,2026-07-12 17:00:35.308+00,1,in_app,2026-07-12 17:01:00.234+00
33a435da-fcdb-4b51-bac4-776c04ba5001,0c96a57e-6cc1-400f-bf3a-5740b699ac21,1c2d5668-5cd9-49a7-a138-3ccd2bea5cbb,2026-07-12,2026-07-12 17:00:35.308+00,1,email,2026-07-12 17:01:00.577+00
f163e0d1-e5c9-4548-b9db-7b9b7dcca5d0,b0737bfd-7bea-493b-8cfc-14946fcea8cd,32ccdbe1-627f-4fe3-a506-056b997ed89b,2026-07-15,2026-07-15 11:00:00.354+00,3,email,2026-07-15 11:00:16.86+00
eadef4c4-f670-4b2e-a029-31ce128ee1bb,04b00ab5-856d-4f95-962b-e9d97b33f207,a3c5b629-15d3-48a7-b5ab-694e63dc8b63,2026-07-15,2026-07-15 11:00:00.354+00,8,in_app,2026-07-15 11:00:17.678+00
2cac18fb-5d1d-47e8-a863-b278e736f748,8396bd66-e3ed-4593-b985-3e380cd308eb,b0faf762-848b-4737-a04d-b2b4e1e8cc5b,2026-07-15,2026-07-15 11:00:00.354+00,1,in_app,2026-07-15 11:00:18.508+00
a39898cf-53cb-4c0f-936f-88e5c76390ae,ed586056-17ca-4287-936a-c16e642c63a6,8737f689-7c9e-414a-8391-5bf93d5ba600,2026-07-15,2026-07-15 11:00:00.354+00,1,in_app,2026-07-15 11:00:19.743+00
1d8f18c3-5d27-44f4-bcf1-791247a24bd3,0ae36a43-2ef0-4a7d-b95a-edcc7d9ac3f2,7b577c22-5513-42cc-ab19-2bf867e14ebc,2026-07-15,2026-07-15 11:00:00.354+00,1,email,2026-07-15 11:00:21.912+00
4604fa71-adf9-4575-a4c6-c2c231a2b56b,df71451b-bcd2-4602-9b7b-230b32f08b65,c30e3590-04a3-4544-bf66-43228037bfc9,2026-07-15,2026-07-15 11:00:00.354+00,1,in_app,2026-07-15 11:00:23.558+00
a89c1b01-285b-4091-89c3-20503cfb6b7f,df71451b-bcd2-4602-9b7b-230b32f08b65,c30e3590-04a3-4544-bf66-43228037bfc9,2026-07-15,2026-07-15 11:00:00.354+00,1,email,2026-07-15 11:00:23.928+00
714f16fe-f3fe-48ce-b9fe-9a3993d900ae,0c96a57e-6cc1-400f-bf3a-5740b699ac21,b874694b-f463-4dbd-bb6f-b04f121a8802,2026-07-15,2026-07-15 11:00:00.354+00,1,in_app,2026-07-15 11:00:25.685+00
327e2de6-a50a-48ba-8d15-f22fec6da0b6,0c96a57e-6cc1-400f-bf3a-5740b699ac21,b874694b-f463-4dbd-bb6f-b04f121a8802,2026-07-15,2026-07-15 11:00:00.354+00,1,email,2026-07-15 11:00:26.053+00
5aa4402f-71a6-4c3c-934e-12195e335c14,0c96a57e-6cc1-400f-bf3a-5740b699ac21,ebe67fdd-2e23-43c0-8e9b-8abec2682d09,2026-07-15,2026-07-15 11:00:00.354+00,2,email,2026-07-15 11:00:26.497+00
582f43a6-4823-444a-b628-54f661a35840,0c96a57e-6cc1-400f-bf3a-5740b699ac21,2a266637-be4e-4088-9918-a51576912f5c,2026-07-15,2026-07-15 11:00:00.354+00,4,email,2026-07-15 11:00:26.929+00
2733c4e6-37e3-41b7-bd92-78de6045419a,0c96a57e-6cc1-400f-bf3a-5740b699ac21,d8eb23c1-2c90-4dfe-872a-aa3e3dcd6478,2026-07-15,2026-07-15 11:00:00.354+00,8,email,2026-07-15 11:00:27.403+00
216cd596-e3ae-4e2d-a0cb-93990f4f841c,0c96a57e-6cc1-400f-bf3a-5740b699ac21,28f7b9e8-9516-4a08-864c-9ff3e085ba87,2026-07-15,2026-07-15 11:00:00.354+00,1,in_app,2026-07-15 11:00:27.525+00
17f06aef-d803-4cc1-ab48-6fbdebe96dd5,2e6f6612-8033-42e0-b84d-b2ea8aded8ac,b3db042c-4932-4f66-8aff-3136ed50db97,2026-07-16,2026-07-16 17:00:20.192+00,7,in_app,2026-07-16 17:00:37.866+00
7c4f30aa-53f2-448d-a8d9-ebeebe8b52f0,0c96a57e-6cc1-400f-bf3a-5740b699ac21,c6754833-e150-4c12-9149-45a6dfcd6eec,2026-07-16,2026-07-16 17:00:20.192+00,3,email,2026-07-16 17:00:39.376+00
9a75d104-5899-47f7-8aeb-e05f23ba882d,0c96a57e-6cc1-400f-bf3a-5740b699ac21,6d3f8a2c-1a05-4e2a-b57e-d969b668049b,2026-07-03,2026-07-03 17:00:24.177+00,1,email,2026-07-03 17:00:43.481+00
329f9c1c-1a6b-42fc-820e-0b4ce20fac25,0c96a57e-6cc1-400f-bf3a-5740b699ac21,a9c81e05-8b1a-47ad-a80d-dbc45603f068,2026-07-03,2026-07-03 17:00:24.177+00,1,in_app,2026-07-03 17:00:45.146+00
2fcebb2b-a0d4-4382-b81d-96cfa750cb59,0c96a57e-6cc1-400f-bf3a-5740b699ac21,a94fc469-4603-487f-ab7f-e2712197d510,2026-07-03,2026-07-03 17:00:24.177+00,2,in_app,2026-07-03 17:00:46.189+00
3375c36c-83e9-49d4-9cb3-14f5639fa0eb,0c96a57e-6cc1-400f-bf3a-5740b699ac21,b3db042c-4932-4f66-8aff-3136ed50db97,2026-07-03,2026-07-03 17:00:24.177+00,8,in_app,2026-07-03 17:00:46.722+00
bf93e437-1f9f-4edd-bdc3-4cb068eb462d,0c96a57e-6cc1-400f-bf3a-5740b699ac21,b3db042c-4932-4f66-8aff-3136ed50db97,2026-07-03,2026-07-03 17:00:24.177+00,8,email,2026-07-03 17:00:47.083+00
1194b1a9-deb3-478b-b97d-8cf74c17ee09,0c96a57e-6cc1-400f-bf3a-5740b699ac21,642b0596-7431-4f50-acff-1eb4199fab76,2026-07-03,2026-07-03 17:00:24.177+00,1,in_app,2026-07-03 17:00:47.204+00
ec2fed1d-d9be-443a-b6f5-8b51aca57304,0c96a57e-6cc1-400f-bf3a-5740b699ac21,6f58e5f8-b85c-4f92-89b7-1cf3ca9f22b6,2026-07-03,2026-07-03 17:00:24.177+00,2,in_app,2026-07-03 17:00:47.761+00
ffc8638a-2e4e-41b0-ab9b-2413713c21dc,0c96a57e-6cc1-400f-bf3a-5740b699ac21,8cab859b-a1e1-4edb-af95-4e847e1c93e4,2026-07-03,2026-07-03 17:00:24.177+00,2,in_app,2026-07-03 17:00:48.647+00
9a47d086-bb2d-4d4d-a333-ab9fc3ea8fba,0c96a57e-6cc1-400f-bf3a-5740b699ac21,968fc8e6-f918-4579-b0d1-26570ce5e94b,2026-07-04,2026-07-04 11:00:30.201+00,1,in_app,2026-07-04 11:00:30.912+00
e5e3a91d-ddd5-45cd-bd7a-00dec0a97dae,0c96a57e-6cc1-400f-bf3a-5740b699ac21,968fc8e6-f918-4579-b0d1-26570ce5e94b,2026-07-04,2026-07-04 11:00:30.201+00,1,email,2026-07-04 11:00:31.53+00
130a038e-0ec2-43a2-98f5-99af07d76387,b16b90c0-67c9-46c5-ac6f-2ccb8f3b2a08,5d7214cd-c7d1-42ac-b859-b9e84dee9fab,2026-07-04,2026-07-04 11:00:30.201+00,1,in_app,2026-07-04 11:00:31.587+00
cc921366-e6b7-41d8-bd9b-d8ab4871a1c4,b16b90c0-67c9-46c5-ac6f-2ccb8f3b2a08,5d7214cd-c7d1-42ac-b859-b9e84dee9fab,2026-07-04,2026-07-04 11:00:30.201+00,1,email,2026-07-04 11:00:31.962+00
5f80754e-d6b5-4eb7-baca-b65030680107,8474aaf6-e7d1-4165-9bef-bf76bc701038,90bb1d12-5855-4f3e-aecb-e92f597e650c,2026-07-04,2026-07-04 11:00:30.201+00,1,in_app,2026-07-04 11:00:32.039+00
2941840e-4711-47e7-a942-b96d1caf3b45,8474aaf6-e7d1-4165-9bef-bf76bc701038,90bb1d12-5855-4f3e-aecb-e92f597e650c,2026-07-04,2026-07-04 11:00:30.201+00,1,email,2026-07-04 11:00:32.387+00
b96ef588-b5f3-4e5a-8670-3b8e29e06552,8396bd66-e3ed-4593-b985-3e380cd308eb,b0faf762-848b-4737-a04d-b2b4e1e8cc5b,2026-07-04,2026-07-04 11:00:30.201+00,2,in_app,2026-07-04 11:00:32.458+00
44b70bf2-834f-4d9d-a7fa-568a112b353b,8396bd66-e3ed-4593-b985-3e380cd308eb,b0faf762-848b-4737-a04d-b2b4e1e8cc5b,2026-07-04,2026-07-04 11:00:30.201+00,2,email,2026-07-04 11:00:32.973+00
140d94f5-b181-4ee1-8bf6-30adf64f686f,72aeb445-484f-4979-8c2a-d34ec40b22b0,bdef184d-6217-4cdf-a59f-dc37008d13fd,2026-07-04,2026-07-04 11:00:30.201+00,7,in_app,2026-07-04 11:00:33.049+00
43f5c3d4-c15e-4a47-af82-16fbf84a21fb,72aeb445-484f-4979-8c2a-d34ec40b22b0,bdef184d-6217-4cdf-a59f-dc37008d13fd,2026-07-04,2026-07-04 11:00:30.201+00,7,email,2026-07-04 11:00:33.336+00
de3a2372-ac26-49e2-bb4d-a61cb1a8229b,2a72272f-56f2-4104-9952-5d3d8b19ff1d,27edf455-e61a-48a9-a846-e2c6f42999b5,2026-07-04,2026-07-04 11:00:30.201+00,1,in_app,2026-07-04 11:00:33.384+00
de84dd78-4cd0-46ca-9359-838037ffe6b8,2a72272f-56f2-4104-9952-5d3d8b19ff1d,27edf455-e61a-48a9-a846-e2c6f42999b5,2026-07-04,2026-07-04 11:00:30.201+00,1,email,2026-07-04 11:00:33.943+00
524298d9-6cc9-4ae9-9c80-bf223210eb90,0c96a57e-6cc1-400f-bf3a-5740b699ac21,7b577c22-5513-42cc-ab19-2bf867e14ebc,2026-07-04,2026-07-04 11:00:30.201+00,2,in_app,2026-07-04 11:00:34.015+00
07db0975-ea2e-4a97-b302-27e0feca4279,0c96a57e-6cc1-400f-bf3a-5740b699ac21,7b577c22-5513-42cc-ab19-2bf867e14ebc,2026-07-04,2026-07-04 11:00:30.201+00,2,email,2026-07-04 11:00:34.303+00
2349b0e7-6770-42ea-b464-047e81154980,62a2569e-4be2-4326-bddd-3c6116ed18b0,6d3f8a2c-1a05-4e2a-b57e-d969b668049b,2026-07-04,2026-07-04 11:00:30.201+00,1,in_app,2026-07-04 11:00:34.348+00
8f566390-636b-4606-9adc-c8fc06b3f358,62a2569e-4be2-4326-bddd-3c6116ed18b0,6d3f8a2c-1a05-4e2a-b57e-d969b668049b,2026-07-04,2026-07-04 11:00:30.201+00,1,email,2026-07-04 11:00:34.621+00
dd6992db-14e2-4454-b912-022f3ea9e00c,62a2569e-4be2-4326-bddd-3c6116ed18b0,7b577c22-5513-42cc-ab19-2bf867e14ebc,2026-07-04,2026-07-04 11:00:30.201+00,1,in_app,2026-07-04 11:00:34.662+00
715c673c-f206-4b91-aa4a-fd23738414e6,62a2569e-4be2-4326-bddd-3c6116ed18b0,7b577c22-5513-42cc-ab19-2bf867e14ebc,2026-07-04,2026-07-04 11:00:30.201+00,1,email,2026-07-04 11:00:35.015+00
6b3b9e87-b2e9-42d8-bd05-cd9b51767265,62a2569e-4be2-4326-bddd-3c6116ed18b0,bdef184d-6217-4cdf-a59f-dc37008d13fd,2026-07-04,2026-07-04 11:00:30.201+00,1,in_app,2026-07-04 11:00:35.058+00
97cb58b7-54e5-4855-9414-522d2be160f5,62a2569e-4be2-4326-bddd-3c6116ed18b0,bdef184d-6217-4cdf-a59f-dc37008d13fd,2026-07-04,2026-07-04 11:00:30.201+00,1,email,2026-07-04 11:00:35.33+00
27461403-2f2e-44c0-b15a-4fe9377d83f0,b0737bfd-7bea-493b-8cfc-14946fcea8cd,90bb1d12-5855-4f3e-aecb-e92f597e650c,2026-07-04,2026-07-04 11:00:30.201+00,1,in_app,2026-07-04 11:00:35.375+00
41fc006f-6b7c-49cd-926d-33fd270dc005,b0737bfd-7bea-493b-8cfc-14946fcea8cd,90bb1d12-5855-4f3e-aecb-e92f597e650c,2026-07-04,2026-07-04 11:00:30.201+00,1,email,2026-07-04 11:00:35.703+00
f126bdf1-3a7c-4d55-8879-f8a2ce981b9a,9b5aa503-44ec-40de-9ceb-b1475639767e,2a266637-be4e-4088-9918-a51576912f5c,2026-07-04,2026-07-04 11:00:30.201+00,4,in_app,2026-07-04 11:00:35.746+00
95eae730-15c6-4928-aaa8-0cc7bbfab6a5,9b5aa503-44ec-40de-9ceb-b1475639767e,2a266637-be4e-4088-9918-a51576912f5c,2026-07-04,2026-07-04 11:00:30.201+00,4,email,2026-07-04 11:00:36.044+00
ce703891-db15-4a2f-a729-52fe777231ec,b6617c09-9b4a-4ebc-bf50-e584b67edaa3,e5efecc9-f05f-479b-b2ea-81a2ed90fba4,2026-07-04,2026-07-04 11:00:30.201+00,1,in_app,2026-07-04 11:00:36.086+00
2e08f4ac-41d1-41a3-809c-8f9de03d1e44,b6617c09-9b4a-4ebc-bf50-e584b67edaa3,e5efecc9-f05f-479b-b2ea-81a2ed90fba4,2026-07-04,2026-07-04 11:00:30.201+00,1,email,2026-07-04 11:00:36.391+00
f30924ec-7854-455f-a0ec-a11a568ff01d,fd63bafa-9a78-43fb-9311-f78b8cbfb667,d8eb23c1-2c90-4dfe-872a-aa3e3dcd6478,2026-07-04,2026-07-04 11:00:30.201+00,8,in_app,2026-07-04 11:00:36.439+00
91841d75-bd32-45df-af88-27885ca4a913,fd63bafa-9a78-43fb-9311-f78b8cbfb667,d8eb23c1-2c90-4dfe-872a-aa3e3dcd6478,2026-07-04,2026-07-04 11:00:30.201+00,8,email,2026-07-04 11:00:36.737+00
d8bfcce0-bafa-4042-b622-5296d516338f,0c96a57e-6cc1-400f-bf3a-5740b699ac21,6237fa09-ec4a-46ca-a99b-4f8afb3bf259,2026-07-04,2026-07-04 11:00:30.201+00,1,in_app,2026-07-04 11:00:36.808+00
cedbccd4-a830-4858-99f0-3930f49aa0da,0c96a57e-6cc1-400f-bf3a-5740b699ac21,6237fa09-ec4a-46ca-a99b-4f8afb3bf259,2026-07-04,2026-07-04 11:00:30.201+00,1,email,2026-07-04 11:00:37.096+00
cc4568a0-b871-40e4-9633-a66f8685b479,b0737bfd-7bea-493b-8cfc-14946fcea8cd,32ccdbe1-627f-4fe3-a506-056b997ed89b,2026-07-04,2026-07-04 11:00:30.201+00,3,in_app,2026-07-04 11:00:37.154+00
1caf9f8d-5db9-4afe-b3d1-0b42af1d8b68,b0737bfd-7bea-493b-8cfc-14946fcea8cd,32ccdbe1-627f-4fe3-a506-056b997ed89b,2026-07-04,2026-07-04 11:00:30.201+00,3,email,2026-07-04 11:00:37.439+00
e15478d6-e7f7-4be1-87d6-67dd819eb364,493aecc1-6791-4d62-bc63-f4f55c78e44e,a9c81e05-8b1a-47ad-a80d-dbc45603f068,2026-07-04,2026-07-04 11:00:30.201+00,1,in_app,2026-07-04 11:00:37.507+00
aebdde43-bc48-41a7-9775-ad0d940b6d29,493aecc1-6791-4d62-bc63-f4f55c78e44e,a9c81e05-8b1a-47ad-a80d-dbc45603f068,2026-07-04,2026-07-04 11:00:30.201+00,1,email,2026-07-04 11:00:37.861+00
181d8257-03f8-4117-b6df-d355217c3c25,8474aaf6-e7d1-4165-9bef-bf76bc701038,32ccdbe1-627f-4fe3-a506-056b997ed89b,2026-07-04,2026-07-04 11:00:30.201+00,3,in_app,2026-07-04 11:00:37.93+00
53e7ffe2-22e2-48b6-8859-8dfd8b67727b,8474aaf6-e7d1-4165-9bef-bf76bc701038,32ccdbe1-627f-4fe3-a506-056b997ed89b,2026-07-04,2026-07-04 11:00:30.201+00,3,email,2026-07-04 11:00:38.244+00
ebf20c0b-7810-4525-bc13-3f7a1f1f0217,c1f13659-b28c-4d50-8375-5bf200294992,658a0146-2d8a-4b2e-81e5-aa16fa9d0a30,2026-07-04,2026-07-04 11:00:30.201+00,1,in_app,2026-07-04 11:00:38.313+00
82af8d72-e063-4965-a9a7-71a621c4c725,c1f13659-b28c-4d50-8375-5bf200294992,658a0146-2d8a-4b2e-81e5-aa16fa9d0a30,2026-07-04,2026-07-04 11:00:30.201+00,1,email,2026-07-04 11:00:38.586+00
78502430-2c73-47b2-b0fd-87e729bc7562,9066ac12-d1c6-4a15-ad74-4932bf8dd987,968fc8e6-f918-4579-b0d1-26570ce5e94b,2026-07-04,2026-07-04 11:00:30.201+00,2,in_app,2026-07-04 11:00:38.627+00
3a71a92e-57d2-4c3a-ab0b-97c65e8aaa38,9066ac12-d1c6-4a15-ad74-4932bf8dd987,968fc8e6-f918-4579-b0d1-26570ce5e94b,2026-07-04,2026-07-04 11:00:30.201+00,2,email,2026-07-04 11:00:38.899+00
c5231730-462d-4e84-98c0-ffa4667daa6b,04b00ab5-856d-4f95-962b-e9d97b33f207,a3c5b629-15d3-48a7-b5ab-694e63dc8b63,2026-07-04,2026-07-04 11:00:30.201+00,8,in_app,2026-07-04 11:00:38.943+00
7c05a25c-2320-400d-abf4-86d4dffd25da,04b00ab5-856d-4f95-962b-e9d97b33f207,a3c5b629-15d3-48a7-b5ab-694e63dc8b63,2026-07-04,2026-07-04 11:00:30.201+00,8,email,2026-07-04 11:00:39.211+00
e0da54e3-9a7d-47d7-83f8-b601241a964a,3870aadb-8625-4184-ac60-c6e20be4cdc5,a94fc469-4603-487f-ab7f-e2712197d510,2026-07-04,2026-07-04 11:00:30.201+00,2,in_app,2026-07-04 11:00:39.271+00
abbd718f-16a7-4e93-8e53-5d12b155b928,3870aadb-8625-4184-ac60-c6e20be4cdc5,a94fc469-4603-487f-ab7f-e2712197d510,2026-07-04,2026-07-04 11:00:30.201+00,2,email,2026-07-04 11:00:39.649+00
a0a7be15-4a19-4ac4-a6c3-4c44c17d8c20,0c96a57e-6cc1-400f-bf3a-5740b699ac21,27edf455-e61a-48a9-a846-e2c6f42999b5,2026-07-04,2026-07-04 11:00:30.201+00,1,in_app,2026-07-04 11:00:39.704+00
9ddd84dc-b02a-402e-bac1-b1016451885e,0c96a57e-6cc1-400f-bf3a-5740b699ac21,27edf455-e61a-48a9-a846-e2c6f42999b5,2026-07-04,2026-07-04 11:00:30.201+00,1,email,2026-07-04 11:00:40.031+00
e7ce2965-60cc-4eaf-94fe-e03b861e53c9,ed586056-17ca-4287-936a-c16e642c63a6,8737f689-7c9e-414a-8391-5bf93d5ba600,2026-07-04,2026-07-04 11:00:30.201+00,1,in_app,2026-07-04 11:00:40.089+00
27e0602a-78ab-4c85-9bc8-b9e69d038cf5,ed586056-17ca-4287-936a-c16e642c63a6,8737f689-7c9e-414a-8391-5bf93d5ba600,2026-07-04,2026-07-04 11:00:30.201+00,1,email,2026-07-04 11:00:40.397+00
3c9e4c8e-5104-4d58-933f-81de24114da0,2e6f6612-8033-42e0-b84d-b2ea8aded8ac,b3db042c-4932-4f66-8aff-3136ed50db97,2026-07-04,2026-07-04 11:00:30.201+00,7,in_app,2026-07-04 11:00:40.467+00
c8a70b27-4dd2-4b0e-8021-3ec70a25d979,2e6f6612-8033-42e0-b84d-b2ea8aded8ac,b3db042c-4932-4f66-8aff-3136ed50db97,2026-07-04,2026-07-04 11:00:30.201+00,7,email,2026-07-04 11:00:40.789+00
865c7c94-df35-4aea-a05b-169b92e4fc9a,493aecc1-6791-4d62-bc63-f4f55c78e44e,642b0596-7431-4f50-acff-1eb4199fab76,2026-07-04,2026-07-04 11:00:30.201+00,1,in_app,2026-07-04 11:00:40.829+00
41e286f3-5fa2-495f-9629-d29d28d9ebad,493aecc1-6791-4d62-bc63-f4f55c78e44e,642b0596-7431-4f50-acff-1eb4199fab76,2026-07-04,2026-07-04 11:00:30.201+00,1,email,2026-07-04 11:00:41.248+00
0fc70d28-5e78-48e1-aca7-53c6c0994128,0c96a57e-6cc1-400f-bf3a-5740b699ac21,c6754833-e150-4c12-9149-45a6dfcd6eec,2026-07-04,2026-07-04 11:00:30.201+00,3,in_app,2026-07-04 11:00:41.319+00
95e75720-5ac6-49d4-b9bd-5b9b01ef2ad1,0c96a57e-6cc1-400f-bf3a-5740b699ac21,c6754833-e150-4c12-9149-45a6dfcd6eec,2026-07-04,2026-07-04 11:00:30.201+00,3,email,2026-07-04 11:00:41.596+00
c3090dca-5a39-4e11-80da-fc935fa804d1,493aecc1-6791-4d62-bc63-f4f55c78e44e,7b577c22-5513-42cc-ab19-2bf867e14ebc,2026-07-04,2026-07-04 11:00:30.201+00,8,in_app,2026-07-04 11:00:41.662+00
b826d71d-76ef-4b03-944c-da5931f28e8a,493aecc1-6791-4d62-bc63-f4f55c78e44e,7b577c22-5513-42cc-ab19-2bf867e14ebc,2026-07-04,2026-07-04 11:00:30.201+00,8,email,2026-07-04 11:00:41.932+00
8b653b8a-8811-42e6-83d6-480244abcee8,0ece46cd-9571-4f7f-8043-c1f2249b6cf9,6f58e5f8-b85c-4f92-89b7-1cf3ca9f22b6,2026-07-04,2026-07-04 11:00:30.201+00,2,in_app,2026-07-04 11:00:41.973+00
b98587b1-d4a8-4d74-9761-e88cadb8d4ff,0ece46cd-9571-4f7f-8043-c1f2249b6cf9,6f58e5f8-b85c-4f92-89b7-1cf3ca9f22b6,2026-07-04,2026-07-04 11:00:30.201+00,2,email,2026-07-04 11:00:42.318+00
77ec330d-4540-4cf6-ba74-43e0fa4ad74c,0ae36a43-2ef0-4a7d-b95a-edcc7d9ac3f2,7b577c22-5513-42cc-ab19-2bf867e14ebc,2026-07-04,2026-07-04 11:00:30.201+00,1,in_app,2026-07-04 11:00:42.38+00
e6c1bf78-a2c3-4be4-a628-ddaa846c491d,0ae36a43-2ef0-4a7d-b95a-edcc7d9ac3f2,7b577c22-5513-42cc-ab19-2bf867e14ebc,2026-07-04,2026-07-04 11:00:30.201+00,1,email,2026-07-04 11:00:42.746+00
16e72350-1f23-4a10-8abf-4f2f0fcab921,c1f13659-b28c-4d50-8375-5bf200294992,decc7faa-b202-42f1-9a04-fe15fe97a892,2026-07-04,2026-07-04 11:00:30.201+00,1,in_app,2026-07-04 11:00:42.813+00
2372a726-1681-479c-bd26-7a1d1acba715,c1f13659-b28c-4d50-8375-5bf200294992,decc7faa-b202-42f1-9a04-fe15fe97a892,2026-07-04,2026-07-04 11:00:30.201+00,1,email,2026-07-04 11:00:43.092+00
5fa97e07-f35a-4406-87ad-34d9986b9ead,678b734f-19e2-4622-ab4e-fccd86f4877f,8cab859b-a1e1-4edb-af95-4e847e1c93e4,2026-07-04,2026-07-04 11:00:30.201+00,2,in_app,2026-07-04 11:00:43.131+00
a671f7b0-84f7-45b2-be4e-df01055d024b,678b734f-19e2-4622-ab4e-fccd86f4877f,8cab859b-a1e1-4edb-af95-4e847e1c93e4,2026-07-04,2026-07-04 11:00:30.201+00,2,email,2026-07-04 11:00:43.464+00
0c5ad5e4-da8d-4ce2-b40e-4b8a60a7f1b2,0c96a57e-6cc1-400f-bf3a-5740b699ac21,d8eb23c1-2c90-4dfe-872a-aa3e3dcd6478,2026-07-04,2026-07-04 11:00:30.201+00,8,email,2026-07-04 11:00:45.446+00
0107d16a-6c72-44ab-89a9-e6208ab1397b,0c96a57e-6cc1-400f-bf3a-5740b699ac21,a9c81e05-8b1a-47ad-a80d-dbc45603f068,2026-07-04,2026-07-04 11:00:30.201+00,1,in_app,2026-07-04 11:00:45.905+00
bf557bea-fb49-4015-ae4f-64de242bf9e6,0c96a57e-6cc1-400f-bf3a-5740b699ac21,b3db042c-4932-4f66-8aff-3136ed50db97,2026-07-04,2026-07-04 11:00:30.201+00,8,in_app,2026-07-04 11:00:47.351+00
1d12d67b-0733-4ccf-a4d9-1a0616f48178,0c96a57e-6cc1-400f-bf3a-5740b699ac21,642b0596-7431-4f50-acff-1eb4199fab76,2026-07-04,2026-07-04 11:00:30.201+00,1,in_app,2026-07-04 11:00:47.707+00
01d3c95b-15b4-4b03-a825-088c9d9dfc76,0c96a57e-6cc1-400f-bf3a-5740b699ac21,642b0596-7431-4f50-acff-1eb4199fab76,2026-07-04,2026-07-04 11:00:30.201+00,1,email,2026-07-04 11:00:48.026+00
d140c0cb-148e-422d-9db0-87bd5de196a0,0c96a57e-6cc1-400f-bf3a-5740b699ac21,8cab859b-a1e1-4edb-af95-4e847e1c93e4,2026-07-04,2026-07-04 11:00:30.201+00,2,in_app,2026-07-04 11:00:48.909+00
a7da1157-8f5a-4d11-b377-287b50be7d1c,62a2569e-4be2-4326-bddd-3c6116ed18b0,bdef184d-6217-4cdf-a59f-dc37008d13fd,2026-07-09,2026-07-09 11:00:34.593+00,1,in_app,2026-07-09 11:00:39.679+00
a3de4aca-aee4-4d92-aae0-51627e0bc5e5,9b5aa503-44ec-40de-9ceb-b1475639767e,2a266637-be4e-4088-9918-a51576912f5c,2026-07-09,2026-07-09 11:00:34.593+00,4,email,2026-07-09 11:00:40.74+00
76b8cd18-7ab4-49c8-8b02-a45d6e45c99c,b6617c09-9b4a-4ebc-bf50-e584b67edaa3,e5efecc9-f05f-479b-b2ea-81a2ed90fba4,2026-07-09,2026-07-09 11:00:34.593+00,1,email,2026-07-09 11:00:41.189+00
fdde12ec-ceed-4471-926f-9c40291222ec,fd63bafa-9a78-43fb-9311-f78b8cbfb667,d8eb23c1-2c90-4dfe-872a-aa3e3dcd6478,2026-07-09,2026-07-09 11:00:34.593+00,8,email,2026-07-09 11:00:41.571+00
0f7ecb84-76bf-490c-9c9f-da64201c3883,0c96a57e-6cc1-400f-bf3a-5740b699ac21,6237fa09-ec4a-46ca-a99b-4f8afb3bf259,2026-07-09,2026-07-09 11:00:34.593+00,1,in_app,2026-07-09 11:00:41.636+00
c89dabc1-ea37-444c-be5c-be0914013212,b0737bfd-7bea-493b-8cfc-14946fcea8cd,32ccdbe1-627f-4fe3-a506-056b997ed89b,2026-07-09,2026-07-09 11:00:34.593+00,3,email,2026-07-09 11:00:42.338+00
1303fc03-be40-48d2-9d2b-1ecbab05945f,3870aadb-8625-4184-ac60-c6e20be4cdc5,a94fc469-4603-487f-ab7f-e2712197d510,2026-07-09,2026-07-09 11:00:34.593+00,6,in_app,2026-07-09 11:00:42.403+00
afd7904f-1e59-485b-a3b1-fa917095c8fd,493aecc1-6791-4d62-bc63-f4f55c78e44e,642b0596-7431-4f50-acff-1eb4199fab76,2026-07-09,2026-07-09 11:00:34.593+00,1,in_app,2026-07-09 11:00:46.146+00
63bf2cb1-ffcd-4182-8eea-ef4518f5e51b,0c96a57e-6cc1-400f-bf3a-5740b699ac21,c6754833-e150-4c12-9149-45a6dfcd6eec,2026-07-09,2026-07-09 11:00:34.593+00,3,in_app,2026-07-09 11:00:46.491+00
864b25e4-ccbb-4469-a5d0-24d8b77d839c,0c96a57e-6cc1-400f-bf3a-5740b699ac21,c6754833-e150-4c12-9149-45a6dfcd6eec,2026-07-09,2026-07-09 11:00:34.593+00,3,email,2026-07-09 11:00:46.799+00
230f6441-b349-400e-bd55-62d2f20605ee,493aecc1-6791-4d62-bc63-f4f55c78e44e,7b577c22-5513-42cc-ab19-2bf867e14ebc,2026-07-09,2026-07-09 11:00:34.593+00,8,in_app,2026-07-09 11:00:46.856+00
3771b13e-b24c-4170-8f51-138562c1f215,0ece46cd-9571-4f7f-8043-c1f2249b6cf9,6f58e5f8-b85c-4f92-89b7-1cf3ca9f22b6,2026-07-09,2026-07-09 11:00:34.593+00,2,in_app,2026-07-09 11:00:47.225+00
4467656d-cdbc-4697-a1d7-fd93eea63dc4,0ece46cd-9571-4f7f-8043-c1f2249b6cf9,6f58e5f8-b85c-4f92-89b7-1cf3ca9f22b6,2026-07-09,2026-07-09 11:00:34.593+00,2,email,2026-07-09 11:00:47.537+00
5ea529e6-b019-4041-8922-21c0ffe19cd7,0ae36a43-2ef0-4a7d-b95a-edcc7d9ac3f2,7b577c22-5513-42cc-ab19-2bf867e14ebc,2026-07-09,2026-07-09 11:00:34.593+00,1,in_app,2026-07-09 11:00:47.594+00
01c9744d-9069-4996-861f-dd3c42cd8e8a,678b734f-19e2-4622-ab4e-fccd86f4877f,8cab859b-a1e1-4edb-af95-4e847e1c93e4,2026-07-09,2026-07-09 11:00:34.593+00,2,email,2026-07-09 11:00:48.632+00
429f94e6-7f52-4b46-bea9-9a7a1fb550bb,0c96a57e-6cc1-400f-bf3a-5740b699ac21,5d7214cd-c7d1-42ac-b859-b9e84dee9fab,2026-07-09,2026-07-09 11:00:34.593+00,1,in_app,2026-07-09 11:00:48.753+00
c836e5a9-cd41-4175-ab3b-a9723ec13bc9,0c96a57e-6cc1-400f-bf3a-5740b699ac21,5d7214cd-c7d1-42ac-b859-b9e84dee9fab,2026-07-09,2026-07-09 11:00:34.593+00,1,email,2026-07-09 11:00:49.06+00
1ed1ac40-dd0e-40ef-b9e3-65ea73ca5b44,0c96a57e-6cc1-400f-bf3a-5740b699ac21,6d3f8a2c-1a05-4e2a-b57e-d969b668049b,2026-07-09,2026-07-09 11:00:34.593+00,1,in_app,2026-07-09 11:00:49.945+00
f8bbbad6-9693-44d1-a297-5abc7ac8a7c0,0c96a57e-6cc1-400f-bf3a-5740b699ac21,ebe67fdd-2e23-43c0-8e9b-8abec2682d09,2026-07-09,2026-07-09 11:00:34.593+00,2,in_app,2026-07-09 11:00:50.583+00
405a15b7-f0d7-4de6-911a-06b421956591,0c96a57e-6cc1-400f-bf3a-5740b699ac21,b3db042c-4932-4f66-8aff-3136ed50db97,2026-07-09,2026-07-09 11:00:34.593+00,8,email,2026-07-09 11:00:53.755+00
27355d27-de94-4c1f-aec1-ed9f96692440,0c96a57e-6cc1-400f-bf3a-5740b699ac21,decc7faa-b202-42f1-9a04-fe15fe97a892,2026-07-09,2026-07-09 11:00:34.593+00,1,in_app,2026-07-09 11:00:54.561+00
bf9a8ed2-ffaf-4b92-a3bd-e935e9609042,3870aadb-8625-4184-ac60-c6e20be4cdc5,a94fc469-4603-487f-ab7f-e2712197d510,2026-07-12,2026-07-12 17:00:35.308+00,11,in_app,2026-07-12 17:00:36.335+00
d2de21d5-e59d-473f-adf7-d07b71ba0a22,3870aadb-8625-4184-ac60-c6e20be4cdc5,a94fc469-4603-487f-ab7f-e2712197d510,2026-07-12,2026-07-12 17:00:35.308+00,11,email,2026-07-12 17:00:36.742+00
64e8bd71-2115-4150-8873-9f06b5515a10,bdcaf0e7-94cb-4745-ae1d-944ab5404b4d,c30e3590-04a3-4544-bf66-43228037bfc9,2026-07-12,2026-07-12 17:00:35.308+00,1,in_app,2026-07-12 17:00:37.361+00
a87741a8-750e-4bdb-92d3-9c6bc122f890,bdcaf0e7-94cb-4745-ae1d-944ab5404b4d,c30e3590-04a3-4544-bf66-43228037bfc9,2026-07-12,2026-07-12 17:00:35.308+00,1,email,2026-07-12 17:00:37.699+00
53923912-9259-4501-a1f0-9aef4782373c,62a2569e-4be2-4326-bddd-3c6116ed18b0,7b577c22-5513-42cc-ab19-2bf867e14ebc,2026-07-12,2026-07-12 17:00:35.308+00,1,email,2026-07-12 17:00:40.924+00
f0dfa0a0-6fb9-4d24-9029-f8c4ebe42129,0c96a57e-6cc1-400f-bf3a-5740b699ac21,9e39aa76-bf9c-4630-afb4-5ea10a9cb738,2026-07-12,2026-07-12 17:00:35.308+00,1,email,2026-07-12 17:00:41.344+00
a86b449e-4b87-4675-8a68-0bef8d5961d9,9b5aa503-44ec-40de-9ceb-b1475639767e,2a266637-be4e-4088-9918-a51576912f5c,2026-07-12,2026-07-12 17:00:35.308+00,4,email,2026-07-12 17:00:43.387+00
b0683e9e-6ad2-4490-80fa-3bbcae81f82b,8474aaf6-e7d1-4165-9bef-bf76bc701038,32ccdbe1-627f-4fe3-a506-056b997ed89b,2026-07-12,2026-07-12 17:00:35.308+00,4,in_app,2026-07-12 17:00:44.342+00
d9ad2d1d-de35-4ff0-841b-1001771e0e71,0c96a57e-6cc1-400f-bf3a-5740b699ac21,6237fa09-ec4a-46ca-a99b-4f8afb3bf259,2026-07-12,2026-07-12 17:00:35.308+00,1,email,2026-07-12 17:00:45.072+00
b840fe86-7ad2-4fb0-87fa-e0545197d251,b0737bfd-7bea-493b-8cfc-14946fcea8cd,32ccdbe1-627f-4fe3-a506-056b997ed89b,2026-07-12,2026-07-12 17:00:35.308+00,3,in_app,2026-07-12 17:00:45.169+00
ff0ffa0e-96ae-4fc7-af5b-553e336a7677,b0737bfd-7bea-493b-8cfc-14946fcea8cd,32ccdbe1-627f-4fe3-a506-056b997ed89b,2026-07-12,2026-07-12 17:00:35.308+00,3,email,2026-07-12 17:00:45.497+00
7a216fc0-ad56-44a4-90a8-e4a2d20167ae,9066ac12-d1c6-4a15-ad74-4932bf8dd987,968fc8e6-f918-4579-b0d1-26570ce5e94b,2026-07-12,2026-07-12 17:00:35.308+00,2,in_app,2026-07-12 17:00:46.469+00
21f9227f-30d7-4450-a0d9-ebe86dbdce1b,9066ac12-d1c6-4a15-ad74-4932bf8dd987,968fc8e6-f918-4579-b0d1-26570ce5e94b,2026-07-12,2026-07-12 17:00:35.308+00,2,email,2026-07-12 17:00:46.793+00
b95433c7-7905-4236-a0ca-fe1ebfccb281,678c949f-b372-4aba-9d9b-26d422134531,3258f102-8146-4986-964f-8c8f53441300,2026-07-12,2026-07-12 17:00:35.308+00,2,email,2026-07-12 17:00:47.614+00
57893c5b-7d4d-4ba3-8e13-a680bbbf4f5c,ed586056-17ca-4287-936a-c16e642c63a6,8737f689-7c9e-414a-8391-5bf93d5ba600,2026-07-12,2026-07-12 17:00:35.308+00,1,email,2026-07-12 17:00:48.414+00
05df7c8c-e2a0-4313-a5d8-27a7cf233eb4,493aecc1-6791-4d62-bc63-f4f55c78e44e,642b0596-7431-4f50-acff-1eb4199fab76,2026-07-12,2026-07-12 17:00:35.308+00,1,email,2026-07-12 17:00:49.232+00
851504c1-5164-42e7-ba2c-0e6b142ed65a,0c96a57e-6cc1-400f-bf3a-5740b699ac21,a94fc469-4603-487f-ab7f-e2712197d510,2026-07-12,2026-07-12 17:00:35.308+00,11,in_app,2026-07-12 17:00:52.549+00
91f8e087-009c-4afa-b59e-2c931783c16c,0c96a57e-6cc1-400f-bf3a-5740b699ac21,a94fc469-4603-487f-ab7f-e2712197d510,2026-07-12,2026-07-12 17:00:35.308+00,11,email,2026-07-12 17:00:52.888+00
8f50f026-503e-48f1-90fe-1109fe0bb2ab,df71451b-bcd2-4602-9b7b-230b32f08b65,c30e3590-04a3-4544-bf66-43228037bfc9,2026-07-12,2026-07-12 17:00:35.308+00,1,in_app,2026-07-12 17:00:53+00
500effa0-6107-46b2-bd2b-b486ba46cd25,0c96a57e-6cc1-400f-bf3a-5740b699ac21,ebe67fdd-2e23-43c0-8e9b-8abec2682d09,2026-07-12,2026-07-12 17:00:35.308+00,2,in_app,2026-07-12 17:00:54.938+00
5a95dad2-e47b-4008-9333-6b21c29b7747,0c96a57e-6cc1-400f-bf3a-5740b699ac21,d8eb23c1-2c90-4dfe-872a-aa3e3dcd6478,2026-07-12,2026-07-12 17:00:35.308+00,8,in_app,2026-07-12 17:00:55.836+00
c4a3df50-13f5-46f4-a3e4-0d635735e8df,0c96a57e-6cc1-400f-bf3a-5740b699ac21,28f7b9e8-9516-4a08-864c-9ff3e085ba87,2026-07-12,2026-07-12 17:00:35.308+00,1,in_app,2026-07-12 17:00:56.274+00
ceb2bd82-8d91-4b88-ad5d-e68b3328cb29,0c96a57e-6cc1-400f-bf3a-5740b699ac21,658a0146-2d8a-4b2e-81e5-aa16fa9d0a30,2026-07-12,2026-07-12 17:00:35.308+00,1,in_app,2026-07-12 17:00:56.704+00
b168b218-a27b-4bc8-b069-920d392efd14,0c96a57e-6cc1-400f-bf3a-5740b699ac21,8cab859b-a1e1-4edb-af95-4e847e1c93e4,2026-07-12,2026-07-12 17:00:35.308+00,2,email,2026-07-12 17:01:00.141+00
70829167-b006-4707-a6a9-69292ede5704,0c96a57e-6cc1-400f-bf3a-5740b699ac21,a3c5b629-15d3-48a7-b5ab-694e63dc8b63,2026-07-15,2026-07-15 11:00:00.354+00,8,in_app,2026-07-15 11:00:27.855+00
c39d7c5a-096f-4130-b832-a7534cdea725,0ae36a43-2ef0-4a7d-b95a-edcc7d9ac3f2,7b577c22-5513-42cc-ab19-2bf867e14ebc,2026-07-16,2026-07-16 17:00:20.192+00,1,in_app,2026-07-16 17:00:40.02+00
7ee6f40a-0d9a-4c20-87e0-538b2cb07bf5,c1f13659-b28c-4d50-8375-5bf200294992,decc7faa-b202-42f1-9a04-fe15fe97a892,2026-07-16,2026-07-16 17:00:20.192+00,1,in_app,2026-07-16 17:00:40.577+00
26a608b4-2236-490c-a95f-a8a45637a971,c1f13659-b28c-4d50-8375-5bf200294992,decc7faa-b202-42f1-9a04-fe15fe97a892,2026-07-16,2026-07-16 17:00:20.192+00,1,email,2026-07-16 17:00:40.976+00
d310eb7e-e80c-42e2-bbac-c1b2d408b0c7,0c96a57e-6cc1-400f-bf3a-5740b699ac21,bdef184d-6217-4cdf-a59f-dc37008d13fd,2026-07-16,2026-07-16 17:00:20.192+00,8,in_app,2026-07-16 17:00:43.227+00
a4f6eef0-e8e2-4081-9e74-56a72da0509d,0c96a57e-6cc1-400f-bf3a-5740b699ac21,3519d0a1-12b5-4a38-bbd5-a5b9d518cb53,2026-07-16,2026-07-16 17:00:20.192+00,1,in_app,2026-07-16 17:00:43.797+00
60001b87-d032-4b72-9d46-6ecbb42390c0,0c96a57e-6cc1-400f-bf3a-5740b699ac21,b874694b-f463-4dbd-bb6f-b04f121a8802,2026-07-16,2026-07-16 17:00:20.192+00,1,email,2026-07-16 17:00:45.455+00
91b202af-855f-409e-8c8e-3b6aef843ea2,0c96a57e-6cc1-400f-bf3a-5740b699ac21,2a266637-be4e-4088-9918-a51576912f5c,2026-07-16,2026-07-16 17:00:20.192+00,4,in_app,2026-07-16 17:00:46.171+00
376b72a1-3700-4f6d-9905-ca8ac00d7826,0c96a57e-6cc1-400f-bf3a-5740b699ac21,2a266637-be4e-4088-9918-a51576912f5c,2026-07-16,2026-07-16 17:00:20.192+00,4,email,2026-07-16 17:00:46.577+00
8c9f5393-165e-46a1-aa79-b209a7d4990c,0c96a57e-6cc1-400f-bf3a-5740b699ac21,d8eb23c1-2c90-4dfe-872a-aa3e3dcd6478,2026-07-16,2026-07-16 17:00:20.192+00,8,in_app,2026-07-16 17:00:46.747+00
68d12ad3-73b6-49dd-bc47-2b9c7316e868,0c96a57e-6cc1-400f-bf3a-5740b699ac21,d8eb23c1-2c90-4dfe-872a-aa3e3dcd6478,2026-07-16,2026-07-16 17:00:20.192+00,8,email,2026-07-16 17:00:47.124+00
d204c115-f22c-4b9c-8f2d-7c1f5a69d0d1,0c96a57e-6cc1-400f-bf3a-5740b699ac21,28f7b9e8-9516-4a08-864c-9ff3e085ba87,2026-07-16,2026-07-16 17:00:20.192+00,1,in_app,2026-07-16 17:00:47.324+00
8affba8b-0055-48f2-aeb8-11d98e21b1bb,0c96a57e-6cc1-400f-bf3a-5740b699ac21,28f7b9e8-9516-4a08-864c-9ff3e085ba87,2026-07-16,2026-07-16 17:00:20.192+00,1,email,2026-07-16 17:00:47.774+00
40ca8fc2-7a3d-4197-a9bf-a082b9910c23,0c96a57e-6cc1-400f-bf3a-5740b699ac21,b3db042c-4932-4f66-8aff-3136ed50db97,2026-07-16,2026-07-16 17:00:20.192+00,8,email,2026-07-16 17:00:49.493+00
7f313671-6971-4adf-b6dc-c59fe37d7407,b16b90c0-67c9-46c5-ac6f-2ccb8f3b2a08,5d7214cd-c7d1-42ac-b859-b9e84dee9fab,2026-07-19,2026-07-19 11:01:02.32+00,1,in_app,2026-07-19 11:01:11.083+00
da7f4555-f470-4e77-8891-a52a097b19f9,b16b90c0-67c9-46c5-ac6f-2ccb8f3b2a08,5d7214cd-c7d1-42ac-b859-b9e84dee9fab,2026-07-19,2026-07-19 11:01:02.32+00,1,email,2026-07-19 11:01:11.389+00
2e4d3131-03cc-4ce9-b335-7e6601ab01a5,8396bd66-e3ed-4593-b985-3e380cd308eb,b0faf762-848b-4737-a04d-b2b4e1e8cc5b,2026-07-19,2026-07-19 11:01:02.32+00,1,in_app,2026-07-19 11:01:11.864+00
adbd6997-f552-4877-8cc5-e69c74fead72,0c96a57e-6cc1-400f-bf3a-5740b699ac21,5d7214cd-c7d1-42ac-b859-b9e84dee9fab,2026-07-04,2026-07-04 11:00:30.201+00,1,in_app,2026-07-04 11:00:43.617+00
0db349ec-978a-497e-8209-01e203f545af,0c96a57e-6cc1-400f-bf3a-5740b699ac21,5d7214cd-c7d1-42ac-b859-b9e84dee9fab,2026-07-04,2026-07-04 11:00:30.201+00,1,email,2026-07-04 11:00:43.892+00
0417cfbe-4d62-49cd-a65a-6fc698e83518,0c96a57e-6cc1-400f-bf3a-5740b699ac21,6d3f8a2c-1a05-4e2a-b57e-d969b668049b,2026-07-04,2026-07-04 11:00:30.201+00,1,email,2026-07-04 11:00:44.762+00
1ab414a7-7b95-4e17-9dda-78b13d4aaeef,0c96a57e-6cc1-400f-bf3a-5740b699ac21,b3db042c-4932-4f66-8aff-3136ed50db97,2026-07-04,2026-07-04 11:00:30.201+00,8,email,2026-07-04 11:00:47.67+00
5c9461b7-f6da-4ece-8133-7ded3a049e94,fd63bafa-9a78-43fb-9311-f78b8cbfb667,d8eb23c1-2c90-4dfe-872a-aa3e3dcd6478,2026-07-09,2026-07-09 11:00:34.593+00,8,in_app,2026-07-09 11:00:41.253+00
bebebd82-2aca-4b32-8814-ca397dde684d,0c96a57e-6cc1-400f-bf3a-5740b699ac21,6237fa09-ec4a-46ca-a99b-4f8afb3bf259,2026-07-09,2026-07-09 11:00:34.593+00,1,email,2026-07-09 11:00:41.931+00
320afd0a-ad29-448f-b268-b565adf27a84,8474aaf6-e7d1-4165-9bef-bf76bc701038,90bb1d12-5855-4f3e-aecb-e92f597e650c,2026-07-12,2026-07-12 17:00:35.308+00,1,in_app,2026-07-12 17:00:36.852+00
10f20e7c-9f0c-4213-9ca5-859d5c41b142,8474aaf6-e7d1-4165-9bef-bf76bc701038,90bb1d12-5855-4f3e-aecb-e92f597e650c,2026-07-12,2026-07-12 17:00:35.308+00,1,email,2026-07-12 17:00:37.259+00
b29d0a99-1c7c-4aa9-861d-4b439016d339,8396bd66-e3ed-4593-b985-3e380cd308eb,b0faf762-848b-4737-a04d-b2b4e1e8cc5b,2026-07-12,2026-07-12 17:00:35.308+00,2,in_app,2026-07-12 17:00:37.794+00
8841113a-1e9d-4587-a379-bf1956e08b2c,8396bd66-e3ed-4593-b985-3e380cd308eb,b0faf762-848b-4737-a04d-b2b4e1e8cc5b,2026-07-12,2026-07-12 17:00:35.308+00,2,email,2026-07-12 17:00:38.41+00
47d4ba86-38c2-42fe-9371-728c9fb5cab8,72aeb445-484f-4979-8c2a-d34ec40b22b0,bdef184d-6217-4cdf-a59f-dc37008d13fd,2026-07-12,2026-07-12 17:00:35.308+00,7,email,2026-07-12 17:00:39.163+00
32969df9-e388-4cdb-99dc-7f96b1babddc,0c96a57e-6cc1-400f-bf3a-5740b699ac21,7b577c22-5513-42cc-ab19-2bf867e14ebc,2026-07-12,2026-07-12 17:00:35.308+00,2,in_app,2026-07-12 17:00:39.261+00
d3751cca-99d3-4091-b6c9-9e7a5560934e,0c96a57e-6cc1-400f-bf3a-5740b699ac21,7b577c22-5513-42cc-ab19-2bf867e14ebc,2026-07-12,2026-07-12 17:00:35.308+00,2,email,2026-07-12 17:00:39.564+00
61388d88-3c96-418b-b976-e8e5b24a6d74,c1f13659-b28c-4d50-8375-5bf200294992,3519d0a1-12b5-4a38-bbd5-a5b9d518cb53,2026-07-12,2026-07-12 17:00:35.308+00,1,in_app,2026-07-12 17:00:39.664+00
f4cea9e5-26ca-496d-b1ea-e68ae9e742a1,fd63bafa-9a78-43fb-9311-f78b8cbfb667,d8eb23c1-2c90-4dfe-872a-aa3e3dcd6478,2026-07-12,2026-07-12 17:00:35.308+00,8,email,2026-07-12 17:00:44.25+00
5026ff2e-3e63-421d-90ae-5f89a69ab82c,493aecc1-6791-4d62-bc63-f4f55c78e44e,7b577c22-5513-42cc-ab19-2bf867e14ebc,2026-07-12,2026-07-12 17:00:35.308+00,7,in_app,2026-07-12 17:00:49.905+00
9f3914e2-6be6-4a9b-8b66-7a1bb5c2c1af,493aecc1-6791-4d62-bc63-f4f55c78e44e,7b577c22-5513-42cc-ab19-2bf867e14ebc,2026-07-12,2026-07-12 17:00:35.308+00,7,email,2026-07-12 17:00:50.245+00
e21145b0-4a73-41a2-95ac-f2c9816db577,c1f13659-b28c-4d50-8375-5bf200294992,1c2d5668-5cd9-49a7-a138-3ccd2bea5cbb,2026-07-12,2026-07-12 17:00:35.308+00,1,in_app,2026-07-12 17:00:52.048+00
7126aadd-e97c-4822-82d2-de48033cb56b,0c96a57e-6cc1-400f-bf3a-5740b699ac21,3519d0a1-12b5-4a38-bbd5-a5b9d518cb53,2026-07-12,2026-07-12 17:00:35.308+00,1,email,2026-07-12 17:00:54.372+00
adb1f22a-8dfd-400b-a505-69f6a8de6793,0c96a57e-6cc1-400f-bf3a-5740b699ac21,6d3f8a2c-1a05-4e2a-b57e-d969b668049b,2026-07-12,2026-07-12 17:00:35.308+00,1,in_app,2026-07-12 17:00:54.463+00
6af761f5-4222-4b2e-aa5d-b3fb52500c6b,0c96a57e-6cc1-400f-bf3a-5740b699ac21,6d3f8a2c-1a05-4e2a-b57e-d969b668049b,2026-07-12,2026-07-12 17:00:35.308+00,1,email,2026-07-12 17:00:54.805+00
4b684e20-7ad9-4495-bc4f-664fdaa04247,0c96a57e-6cc1-400f-bf3a-5740b699ac21,2a266637-be4e-4088-9918-a51576912f5c,2026-07-12,2026-07-12 17:00:35.308+00,4,email,2026-07-12 17:00:55.723+00
8ec7f0fb-f53a-4cb7-bde9-e68f5133e784,0c96a57e-6cc1-400f-bf3a-5740b699ac21,28f7b9e8-9516-4a08-864c-9ff3e085ba87,2026-07-12,2026-07-12 17:00:35.308+00,1,email,2026-07-12 17:00:56.613+00
535b5a21-4788-49ac-999c-0c2cb17f6e47,0c96a57e-6cc1-400f-bf3a-5740b699ac21,3258f102-8146-4986-964f-8c8f53441300,2026-07-12,2026-07-12 17:00:35.308+00,2,in_app,2026-07-12 17:00:57.569+00
5de4f2c1-8bac-4fc5-a047-3c91c45e6e96,0c96a57e-6cc1-400f-bf3a-5740b699ac21,3258f102-8146-4986-964f-8c8f53441300,2026-07-12,2026-07-12 17:00:35.308+00,2,email,2026-07-12 17:00:57.91+00
c701115b-7493-4b9f-8617-c60ef0248df4,0c96a57e-6cc1-400f-bf3a-5740b699ac21,b3db042c-4932-4f66-8aff-3136ed50db97,2026-07-12,2026-07-12 17:00:35.308+00,8,in_app,2026-07-12 17:00:58.043+00
af666b5b-9e4a-4538-9608-4c5a2783a2d4,0c96a57e-6cc1-400f-bf3a-5740b699ac21,a3c5b629-15d3-48a7-b5ab-694e63dc8b63,2026-07-15,2026-07-15 11:00:00.354+00,8,email,2026-07-15 11:00:28.336+00
3beb99f9-a673-4bab-af49-cec1f20dcd28,0c96a57e-6cc1-400f-bf3a-5740b699ac21,968fc8e6-f918-4579-b0d1-26570ce5e94b,2026-07-17,2026-07-17 11:00:03.395+00,1,in_app,2026-07-17 11:00:03.594+00
b818cc58-34ef-410d-9a9d-67dc95bcbb49,3870aadb-8625-4184-ac60-c6e20be4cdc5,a94fc469-4603-487f-ab7f-e2712197d510,2026-07-17,2026-07-17 11:00:03.395+00,9,in_app,2026-07-17 11:00:04.452+00
943b09b5-5705-49c9-8238-944fa90e6f79,8474aaf6-e7d1-4165-9bef-bf76bc701038,90bb1d12-5855-4f3e-aecb-e92f597e650c,2026-07-17,2026-07-17 11:00:03.395+00,1,in_app,2026-07-17 11:00:05.211+00
9111c5a4-9173-4b43-8b8a-b05fd3803b13,8474aaf6-e7d1-4165-9bef-bf76bc701038,90bb1d12-5855-4f3e-aecb-e92f597e650c,2026-07-17,2026-07-17 11:00:03.395+00,1,email,2026-07-17 11:00:05.603+00
594348a6-397d-4d07-a4a2-d9817464983b,72aeb445-484f-4979-8c2a-d34ec40b22b0,bdef184d-6217-4cdf-a59f-dc37008d13fd,2026-07-17,2026-07-17 11:00:03.395+00,7,in_app,2026-07-17 11:00:05.678+00
e0413311-21bc-4097-9012-13ee6a473d41,72aeb445-484f-4979-8c2a-d34ec40b22b0,bdef184d-6217-4cdf-a59f-dc37008d13fd,2026-07-17,2026-07-17 11:00:03.395+00,7,email,2026-07-17 11:00:06.486+00
fc41231b-cb33-45b2-b38a-928fb25ade56,0c96a57e-6cc1-400f-bf3a-5740b699ac21,7b577c22-5513-42cc-ab19-2bf867e14ebc,2026-07-17,2026-07-17 11:00:03.395+00,2,in_app,2026-07-17 11:00:06.552+00
38384fa6-cdd0-4519-b5d9-fc46905e7d9b,0c96a57e-6cc1-400f-bf3a-5740b699ac21,7b577c22-5513-42cc-ab19-2bf867e14ebc,2026-07-17,2026-07-17 11:00:03.395+00,2,email,2026-07-17 11:00:07.146+00
7df2c5d2-c26c-408f-b143-08e157243559,c1f13659-b28c-4d50-8375-5bf200294992,3519d0a1-12b5-4a38-bbd5-a5b9d518cb53,2026-07-17,2026-07-17 11:00:03.395+00,1,in_app,2026-07-17 11:00:07.213+00
aba37dfd-21f1-4bbc-94ad-ab8cd7499912,62a2569e-4be2-4326-bddd-3c6116ed18b0,6d3f8a2c-1a05-4e2a-b57e-d969b668049b,2026-07-17,2026-07-17 11:00:03.395+00,1,email,2026-07-17 11:00:08.715+00
eee72f14-0100-439a-96e1-1cc78efebd21,62a2569e-4be2-4326-bddd-3c6116ed18b0,7b577c22-5513-42cc-ab19-2bf867e14ebc,2026-07-17,2026-07-17 11:00:03.395+00,1,in_app,2026-07-17 11:00:08.782+00
607c08c9-b607-4a50-9631-3572ae3351fd,b0737bfd-7bea-493b-8cfc-14946fcea8cd,90bb1d12-5855-4f3e-aecb-e92f597e650c,2026-07-17,2026-07-17 11:00:03.395+00,1,in_app,2026-07-17 11:00:12.484+00
9e14d37f-8516-468f-8980-a3fe2ca6fa7d,b0737bfd-7bea-493b-8cfc-14946fcea8cd,90bb1d12-5855-4f3e-aecb-e92f597e650c,2026-07-17,2026-07-17 11:00:03.395+00,1,email,2026-07-17 11:00:12.879+00
17913723-f38e-4c3c-937f-02bfcd54f4ee,9b5aa503-44ec-40de-9ceb-b1475639767e,2a266637-be4e-4088-9918-a51576912f5c,2026-07-17,2026-07-17 11:00:03.395+00,4,in_app,2026-07-17 11:00:12.948+00
9c25fdd4-3f31-4df6-b022-51d1a09f29f1,b6617c09-9b4a-4ebc-bf50-e584b67edaa3,e5efecc9-f05f-479b-b2ea-81a2ed90fba4,2026-07-17,2026-07-17 11:00:03.395+00,1,email,2026-07-17 11:00:13.713+00
00309231-e32d-4be5-9ec1-39dff4ec74b3,fd63bafa-9a78-43fb-9311-f78b8cbfb667,d8eb23c1-2c90-4dfe-872a-aa3e3dcd6478,2026-07-17,2026-07-17 11:00:03.395+00,8,in_app,2026-07-17 11:00:13.783+00
2ce7aa77-091b-444c-b443-b144571846ec,fd63bafa-9a78-43fb-9311-f78b8cbfb667,d8eb23c1-2c90-4dfe-872a-aa3e3dcd6478,2026-07-17,2026-07-17 11:00:03.395+00,8,email,2026-07-17 11:00:14.11+00
23602517-2d27-48c9-b58d-547b1c7f4400,8474aaf6-e7d1-4165-9bef-bf76bc701038,32ccdbe1-627f-4fe3-a506-056b997ed89b,2026-07-17,2026-07-17 11:00:03.395+00,4,in_app,2026-07-17 11:00:14.177+00
c1df43f4-0d95-431a-bea8-8f3c89c20df1,0c96a57e-6cc1-400f-bf3a-5740b699ac21,6237fa09-ec4a-46ca-a99b-4f8afb3bf259,2026-07-17,2026-07-17 11:00:03.395+00,1,email,2026-07-17 11:00:14.941+00
1bdd095e-9f5c-47dd-850f-f1fba62f6e8a,b0737bfd-7bea-493b-8cfc-14946fcea8cd,32ccdbe1-627f-4fe3-a506-056b997ed89b,2026-07-17,2026-07-17 11:00:03.395+00,3,in_app,2026-07-17 11:00:15.008+00
aedf0401-d430-4e3e-b2bf-60a57a8d414b,b0737bfd-7bea-493b-8cfc-14946fcea8cd,32ccdbe1-627f-4fe3-a506-056b997ed89b,2026-07-17,2026-07-17 11:00:03.395+00,3,email,2026-07-17 11:00:15.355+00
6b96c0df-3b63-4711-9ee4-b5d7ba855168,9066ac12-d1c6-4a15-ad74-4932bf8dd987,968fc8e6-f918-4579-b0d1-26570ce5e94b,2026-07-17,2026-07-17 11:00:03.395+00,2,in_app,2026-07-17 11:00:16.089+00
141c003c-b7fc-4916-b868-97bc125838c5,9066ac12-d1c6-4a15-ad74-4932bf8dd987,968fc8e6-f918-4579-b0d1-26570ce5e94b,2026-07-17,2026-07-17 11:00:03.395+00,2,email,2026-07-17 11:00:16.409+00
40e763e5-053b-4928-b3e6-025f8ca83bd7,04b00ab5-856d-4f95-962b-e9d97b33f207,a3c5b629-15d3-48a7-b5ab-694e63dc8b63,2026-07-17,2026-07-17 11:00:03.395+00,8,in_app,2026-07-17 11:00:16.478+00
6fc6b7cd-cf1a-4b10-8a52-ce0085e55c23,04b00ab5-856d-4f95-962b-e9d97b33f207,a3c5b629-15d3-48a7-b5ab-694e63dc8b63,2026-07-17,2026-07-17 11:00:03.395+00,8,email,2026-07-17 11:00:16.825+00
befbdffc-a0b8-499b-8731-f62ccf03fc51,678c949f-b372-4aba-9d9b-26d422134531,3258f102-8146-4986-964f-8c8f53441300,2026-07-17,2026-07-17 11:00:03.395+00,2,in_app,2026-07-17 11:00:16.889+00
951a17c0-ec72-42ed-9810-846b93a4a037,c1f13659-b28c-4d50-8375-5bf200294992,decc7faa-b202-42f1-9a04-fe15fe97a892,2026-07-17,2026-07-17 11:00:03.395+00,1,in_app,2026-07-17 11:00:21.26+00
78719fb3-ed1f-4446-bea8-47ee27f82cfc,678b734f-19e2-4622-ab4e-fccd86f4877f,8cab859b-a1e1-4edb-af95-4e847e1c93e4,2026-07-17,2026-07-17 11:00:03.395+00,2,in_app,2026-07-17 11:00:21.631+00
17441b1b-1804-450e-a09b-70f97599e0f3,0c96a57e-6cc1-400f-bf3a-5740b699ac21,a94fc469-4603-487f-ab7f-e2712197d510,2026-07-17,2026-07-17 11:00:03.395+00,9,email,2026-07-17 11:00:22.816+00
6633c47d-85a1-4084-b459-592b3cfc0d74,0c96a57e-6cc1-400f-bf3a-5740b699ac21,3519d0a1-12b5-4a38-bbd5-a5b9d518cb53,2026-07-17,2026-07-17 11:00:03.395+00,1,in_app,2026-07-17 11:00:23.339+00
d1ed5d76-7b3e-4242-b9e7-960d2d72e86b,0c96a57e-6cc1-400f-bf3a-5740b699ac21,3519d0a1-12b5-4a38-bbd5-a5b9d518cb53,2026-07-17,2026-07-17 11:00:03.395+00,1,email,2026-07-17 11:00:23.632+00
a13b816b-c9bb-4d56-9926-37483f5ddf43,0c96a57e-6cc1-400f-bf3a-5740b699ac21,6d3f8a2c-1a05-4e2a-b57e-d969b668049b,2026-07-17,2026-07-17 11:00:03.395+00,1,email,2026-07-17 11:00:24.04+00
9ae3ab7e-9f68-4d42-a6c1-9188824ec8fc,0c96a57e-6cc1-400f-bf3a-5740b699ac21,28f7b9e8-9516-4a08-864c-9ff3e085ba87,2026-07-17,2026-07-17 11:00:03.395+00,1,in_app,2026-07-17 11:00:25.698+00
bf994467-933f-4ed5-92a8-3afa1de14015,0c96a57e-6cc1-400f-bf3a-5740b699ac21,28f7b9e8-9516-4a08-864c-9ff3e085ba87,2026-07-17,2026-07-17 11:00:03.395+00,1,email,2026-07-17 11:00:26.012+00
f5976ac7-5ac6-4f5a-bcf8-3cb9d3dda7f1,0c96a57e-6cc1-400f-bf3a-5740b699ac21,a3c5b629-15d3-48a7-b5ab-694e63dc8b63,2026-07-17,2026-07-17 11:00:03.395+00,8,email,2026-07-17 11:00:26.418+00
7092e298-4e8c-4a77-a7a4-7705c78e7590,0c96a57e-6cc1-400f-bf3a-5740b699ac21,decc7faa-b202-42f1-9a04-fe15fe97a892,2026-07-17,2026-07-17 11:00:03.395+00,1,in_app,2026-07-17 11:00:27.768+00
daaebe2a-879b-42f9-a530-fdc705a87b44,8396bd66-e3ed-4593-b985-3e380cd308eb,b0faf762-848b-4737-a04d-b2b4e1e8cc5b,2026-07-19,2026-07-19 11:01:02.32+00,1,email,2026-07-19 11:01:12.38+00
5f66b5f6-bde3-4ae3-b205-7989d623ff68,0ece46cd-9571-4f7f-8043-c1f2249b6cf9,6f58e5f8-b85c-4f92-89b7-1cf3ca9f22b6,2026-07-19,2026-07-19 11:01:02.32+00,1,in_app,2026-07-19 11:01:15.511+00
8b33d082-76ac-4458-80f1-b353a1043223,0ece46cd-9571-4f7f-8043-c1f2249b6cf9,6f58e5f8-b85c-4f92-89b7-1cf3ca9f22b6,2026-07-19,2026-07-19 11:01:02.32+00,1,email,2026-07-19 11:01:15.812+00
9dafb5cc-e7c7-46d9-b538-db0c07950ee2,c1f13659-b28c-4d50-8375-5bf200294992,1c2d5668-5cd9-49a7-a138-3ccd2bea5cbb,2026-07-19,2026-07-19 11:01:02.32+00,1,in_app,2026-07-19 11:01:17.021+00
2c36c02f-ffb6-4741-a90e-f602fd29842f,0c96a57e-6cc1-400f-bf3a-5740b699ac21,a94fc469-4603-487f-ab7f-e2712197d510,2026-07-19,2026-07-19 11:01:02.32+00,11,in_app,2026-07-19 11:01:17.504+00
f7977a8d-cb2c-4f7f-b96a-42cdba93abaa,0c96a57e-6cc1-400f-bf3a-5740b699ac21,a94fc469-4603-487f-ab7f-e2712197d510,2026-07-19,2026-07-19 11:01:02.32+00,11,email,2026-07-19 11:01:17.803+00
668b1128-88d2-4415-a87b-1c453beb4c30,0c96a57e-6cc1-400f-bf3a-5740b699ac21,bdef184d-6217-4cdf-a59f-dc37008d13fd,2026-07-19,2026-07-19 11:01:02.32+00,8,in_app,2026-07-19 11:01:17.935+00
7e941fa6-3225-428b-a9ff-40014bcbd3e6,0c96a57e-6cc1-400f-bf3a-5740b699ac21,bdef184d-6217-4cdf-a59f-dc37008d13fd,2026-07-04,2026-07-04 11:00:30.201+00,8,in_app,2026-07-04 11:00:43.979+00
2b8e66f2-5f38-4e11-a2c1-34cbda41ee05,0c96a57e-6cc1-400f-bf3a-5740b699ac21,bdef184d-6217-4cdf-a59f-dc37008d13fd,2026-07-04,2026-07-04 11:00:30.201+00,8,email,2026-07-04 11:00:44.298+00
0fdd8718-3e65-49f6-b84a-ea433c0fb306,0c96a57e-6cc1-400f-bf3a-5740b699ac21,6d3f8a2c-1a05-4e2a-b57e-d969b668049b,2026-07-04,2026-07-04 11:00:30.201+00,1,in_app,2026-07-04 11:00:44.447+00
aa51beb3-a596-480e-91da-752f3b0f624c,0c96a57e-6cc1-400f-bf3a-5740b699ac21,658a0146-2d8a-4b2e-81e5-aa16fa9d0a30,2026-07-04,2026-07-04 11:00:30.201+00,1,email,2026-07-04 11:00:46.564+00
13327e4b-3829-40e3-91c4-f8f66ac806af,0c96a57e-6cc1-400f-bf3a-5740b699ac21,a3c5b629-15d3-48a7-b5ab-694e63dc8b63,2026-07-04,2026-07-04 11:00:30.201+00,8,in_app,2026-07-04 11:00:46.628+00
2d723c86-f1bb-419c-b4eb-8e8d9d6e1238,0c96a57e-6cc1-400f-bf3a-5740b699ac21,decc7faa-b202-42f1-9a04-fe15fe97a892,2026-07-04,2026-07-04 11:00:30.201+00,1,in_app,2026-07-04 11:00:48.471+00
909e5219-56e7-466b-a5ae-f2ed677093af,0c96a57e-6cc1-400f-bf3a-5740b699ac21,8cab859b-a1e1-4edb-af95-4e847e1c93e4,2026-07-04,2026-07-04 11:00:30.201+00,2,email,2026-07-04 11:00:49.23+00
eb97df8b-afd3-4311-9503-74e5635b0eb3,8474aaf6-e7d1-4165-9bef-bf76bc701038,32ccdbe1-627f-4fe3-a506-056b997ed89b,2026-07-09,2026-07-09 11:00:34.593+00,3,in_app,2026-07-09 11:00:42.814+00
4b10cd5b-0fab-4e57-afc8-2d083d52bb3c,8474aaf6-e7d1-4165-9bef-bf76bc701038,32ccdbe1-627f-4fe3-a506-056b997ed89b,2026-07-09,2026-07-09 11:00:34.593+00,3,email,2026-07-09 11:00:43.301+00
8fc5d660-c0f6-4ed4-bf28-9f3441a032a8,0c96a57e-6cc1-400f-bf3a-5740b699ac21,27edf455-e61a-48a9-a846-e2c6f42999b5,2026-07-09,2026-07-09 11:00:34.593+00,1,email,2026-07-09 11:00:44.909+00
a8607551-fbca-4270-9358-e84023e46435,ed586056-17ca-4287-936a-c16e642c63a6,8737f689-7c9e-414a-8391-5bf93d5ba600,2026-07-09,2026-07-09 11:00:34.593+00,1,in_app,2026-07-09 11:00:44.968+00
8bfef31d-0336-437b-b99a-d36bf93a2f2c,ed586056-17ca-4287-936a-c16e642c63a6,8737f689-7c9e-414a-8391-5bf93d5ba600,2026-07-09,2026-07-09 11:00:34.593+00,1,email,2026-07-09 11:00:45.256+00
bf279174-15c1-446a-9213-97669a1a6175,2e6f6612-8033-42e0-b84d-b2ea8aded8ac,b3db042c-4932-4f66-8aff-3136ed50db97,2026-07-09,2026-07-09 11:00:34.593+00,7,in_app,2026-07-09 11:00:45.313+00
dce06816-2bdf-4247-baa2-fc12f0162000,2e6f6612-8033-42e0-b84d-b2ea8aded8ac,b3db042c-4932-4f66-8aff-3136ed50db97,2026-07-09,2026-07-09 11:00:34.593+00,7,email,2026-07-09 11:00:46.085+00
52ee2145-e6e1-46bf-ada0-dbbd129dd862,493aecc1-6791-4d62-bc63-f4f55c78e44e,7b577c22-5513-42cc-ab19-2bf867e14ebc,2026-07-09,2026-07-09 11:00:34.593+00,8,email,2026-07-09 11:00:47.17+00
d13b5bd2-5486-47b4-9112-ea3ee0d66074,0c96a57e-6cc1-400f-bf3a-5740b699ac21,bdef184d-6217-4cdf-a59f-dc37008d13fd,2026-07-09,2026-07-09 11:00:34.593+00,8,email,2026-07-09 11:00:49.481+00
b564dceb-5cd5-4711-aa62-6e45743df55d,0c96a57e-6cc1-400f-bf3a-5740b699ac21,6d3f8a2c-1a05-4e2a-b57e-d969b668049b,2026-07-09,2026-07-09 11:00:34.593+00,1,email,2026-07-09 11:00:50.527+00
341263fa-d1f3-4c80-94c9-97cc93e1e560,0c96a57e-6cc1-400f-bf3a-5740b699ac21,ebe67fdd-2e23-43c0-8e9b-8abec2682d09,2026-07-09,2026-07-09 11:00:34.593+00,2,email,2026-07-09 11:00:50.883+00
12d82ad2-3af4-4de7-ae14-6c26c2942477,0c96a57e-6cc1-400f-bf3a-5740b699ac21,2a266637-be4e-4088-9918-a51576912f5c,2026-07-09,2026-07-09 11:00:34.593+00,4,in_app,2026-07-09 11:00:50.936+00
8ba8df97-e4c3-4ba8-8a2e-6cc979f6454d,0c96a57e-6cc1-400f-bf3a-5740b699ac21,2a266637-be4e-4088-9918-a51576912f5c,2026-07-09,2026-07-09 11:00:34.593+00,4,email,2026-07-09 11:00:51.255+00
de578a79-65b5-4440-b358-a73bcc1333fa,b0737bfd-7bea-493b-8cfc-14946fcea8cd,90bb1d12-5855-4f3e-aecb-e92f597e650c,2026-07-27,2026-07-27 11:00:02.405+00,1,email,2026-07-27 11:00:12.298+00
cce6e6e7-0013-42f1-8d01-7996a89c2714,b0737bfd-7bea-493b-8cfc-14946fcea8cd,90bb1d12-5855-4f3e-aecb-e92f597e650c,2026-07-12,2026-07-12 17:00:35.308+00,1,email,2026-07-12 17:00:42.782+00
48edcefc-af79-43ef-b066-8b714291a7d9,b6617c09-9b4a-4ebc-bf50-e584b67edaa3,e5efecc9-f05f-479b-b2ea-81a2ed90fba4,2026-07-12,2026-07-12 17:00:35.308+00,1,in_app,2026-07-12 17:00:43.469+00
db708aff-0c44-4b97-803f-f6e2e4c5bfec,b6617c09-9b4a-4ebc-bf50-e584b67edaa3,e5efecc9-f05f-479b-b2ea-81a2ed90fba4,2026-07-12,2026-07-12 17:00:35.308+00,1,email,2026-07-12 17:00:43.825+00
bf6ba90e-c6dc-418d-af31-d8b10bbc2ee5,0c96a57e-6cc1-400f-bf3a-5740b699ac21,6237fa09-ec4a-46ca-a99b-4f8afb3bf259,2026-07-12,2026-07-12 17:00:35.308+00,1,in_app,2026-07-12 17:00:44.742+00
ccf0af1c-f38b-4ff2-85d7-b538b22d3443,0ae36a43-2ef0-4a7d-b95a-edcc7d9ac3f2,7b577c22-5513-42cc-ab19-2bf867e14ebc,2026-07-12,2026-07-12 17:00:35.308+00,1,in_app,2026-07-12 17:00:50.754+00
5a930161-0cc3-4aa2-9749-e1285df1b5f3,678b734f-19e2-4622-ab4e-fccd86f4877f,8cab859b-a1e1-4edb-af95-4e847e1c93e4,2026-07-12,2026-07-12 17:00:35.308+00,2,in_app,2026-07-12 17:00:51.619+00
11c32acd-fe38-41c8-86b9-d081958e8289,c1f13659-b28c-4d50-8375-5bf200294992,1c2d5668-5cd9-49a7-a138-3ccd2bea5cbb,2026-07-12,2026-07-12 17:00:35.308+00,1,email,2026-07-12 17:00:52.415+00
6ddadc62-5977-4635-82e6-4c237c2e6f19,0c96a57e-6cc1-400f-bf3a-5740b699ac21,ebe67fdd-2e23-43c0-8e9b-8abec2682d09,2026-07-12,2026-07-12 17:00:35.308+00,2,email,2026-07-12 17:00:55.282+00
49055de9-d4c8-432a-b925-a98e835d6c03,0c96a57e-6cc1-400f-bf3a-5740b699ac21,2a266637-be4e-4088-9918-a51576912f5c,2026-07-12,2026-07-12 17:00:35.308+00,4,in_app,2026-07-12 17:00:55.37+00
d86693a0-f038-4076-9737-90e0fd7e8766,0c96a57e-6cc1-400f-bf3a-5740b699ac21,d8eb23c1-2c90-4dfe-872a-aa3e3dcd6478,2026-07-12,2026-07-12 17:00:35.308+00,8,email,2026-07-12 17:00:56.166+00
ac234722-6923-4917-b994-09260e9786bc,0c96a57e-6cc1-400f-bf3a-5740b699ac21,a3c5b629-15d3-48a7-b5ab-694e63dc8b63,2026-07-12,2026-07-12 17:00:35.308+00,8,in_app,2026-07-12 17:00:57.138+00
7032292d-07c7-4f3e-9dde-3ba81771eef0,0c96a57e-6cc1-400f-bf3a-5740b699ac21,a3c5b629-15d3-48a7-b5ab-694e63dc8b63,2026-07-12,2026-07-12 17:00:35.308+00,8,email,2026-07-12 17:00:57.478+00
e3167362-a7f5-4815-895f-a0c6644e4d86,0c96a57e-6cc1-400f-bf3a-5740b699ac21,6f58e5f8-b85c-4f92-89b7-1cf3ca9f22b6,2026-07-12,2026-07-12 17:00:35.308+00,2,in_app,2026-07-12 17:00:58.918+00
fe5bd2fb-468c-4912-ae7e-93d480d8961c,0c96a57e-6cc1-400f-bf3a-5740b699ac21,6f58e5f8-b85c-4f92-89b7-1cf3ca9f22b6,2026-07-12,2026-07-12 17:00:35.308+00,2,email,2026-07-12 17:00:59.28+00
0cc3b22c-c386-43b8-84f4-895fe9254d18,0c96a57e-6cc1-400f-bf3a-5740b699ac21,decc7faa-b202-42f1-9a04-fe15fe97a892,2026-07-12,2026-07-12 17:00:35.308+00,1,email,2026-07-12 17:00:59.703+00
4f489da4-bfbc-439a-aea4-db1c530bfac9,0c96a57e-6cc1-400f-bf3a-5740b699ac21,968fc8e6-f918-4579-b0d1-26570ce5e94b,2026-07-15,2026-07-15 17:00:20.242+00,1,in_app,2026-07-15 17:00:20.479+00
44715dca-d01d-4952-b3c9-614e6b399d44,62a2569e-4be2-4326-bddd-3c6116ed18b0,7b577c22-5513-42cc-ab19-2bf867e14ebc,2026-07-15,2026-07-15 17:00:20.242+00,1,in_app,2026-07-15 17:00:27.121+00
e6ee4b1b-3a02-4e42-8a66-27c8e82f0d40,fd63bafa-9a78-43fb-9311-f78b8cbfb667,d8eb23c1-2c90-4dfe-872a-aa3e3dcd6478,2026-07-15,2026-07-15 17:00:20.242+00,8,in_app,2026-07-15 17:00:31.673+00
d2523449-d421-484a-895e-f436278f0540,8474aaf6-e7d1-4165-9bef-bf76bc701038,32ccdbe1-627f-4fe3-a506-056b997ed89b,2026-07-15,2026-07-15 17:00:20.242+00,4,in_app,2026-07-15 17:00:32.404+00
a56e59a9-e39f-43a2-ad63-4d5a50225485,0c96a57e-6cc1-400f-bf3a-5740b699ac21,6237fa09-ec4a-46ca-a99b-4f8afb3bf259,2026-07-15,2026-07-15 17:00:20.242+00,1,email,2026-07-15 17:00:33.394+00
924ec513-b09c-4cf9-9477-33fc4ea8748b,b0737bfd-7bea-493b-8cfc-14946fcea8cd,32ccdbe1-627f-4fe3-a506-056b997ed89b,2026-07-15,2026-07-15 17:00:20.242+00,3,in_app,2026-07-15 17:00:33.519+00
737f0a25-1440-433c-a0f9-c6b76a37bc1e,9647402f-c830-48fb-92a7-e1e0f719045f,9d005015-cf2c-4590-9c46-e55e56c7696d,2026-07-15,2026-07-15 17:00:20.242+00,1,in_app,2026-07-15 17:00:34.043+00
5f3c9ba8-5665-4db9-ab75-f8756999130e,9066ac12-d1c6-4a15-ad74-4932bf8dd987,968fc8e6-f918-4579-b0d1-26570ce5e94b,2026-07-15,2026-07-15 17:00:20.242+00,2,in_app,2026-07-15 17:00:34.551+00
032a35bb-3bca-437f-a94d-f406f96ac80a,678c949f-b372-4aba-9d9b-26d422134531,3258f102-8146-4986-964f-8c8f53441300,2026-07-15,2026-07-15 17:00:20.242+00,2,in_app,2026-07-15 17:00:35.672+00
7fcb7d81-dedd-48f5-bfe9-8af63768521e,678c949f-b372-4aba-9d9b-26d422134531,3258f102-8146-4986-964f-8c8f53441300,2026-07-15,2026-07-15 17:00:20.242+00,2,email,2026-07-15 17:00:36.003+00
7418398e-c121-47f5-bef5-1b1add79bca5,0c96a57e-6cc1-400f-bf3a-5740b699ac21,6d3f8a2c-1a05-4e2a-b57e-d969b668049b,2026-07-15,2026-07-15 17:00:20.242+00,1,email,2026-07-15 17:00:44.782+00
eb8599ea-2be3-416a-bf7f-278a48728db9,0c96a57e-6cc1-400f-bf3a-5740b699ac21,b874694b-f463-4dbd-bb6f-b04f121a8802,2026-07-15,2026-07-15 17:00:20.242+00,1,in_app,2026-07-15 17:00:44.905+00
e12cd21c-58a4-474e-aa13-54a176ab826b,0c96a57e-6cc1-400f-bf3a-5740b699ac21,b874694b-f463-4dbd-bb6f-b04f121a8802,2026-07-15,2026-07-15 17:00:20.242+00,1,email,2026-07-15 17:00:45.685+00
f068f5d0-ad04-4b26-8d90-2431d0e82f06,0c96a57e-6cc1-400f-bf3a-5740b699ac21,ebe67fdd-2e23-43c0-8e9b-8abec2682d09,2026-07-15,2026-07-15 17:00:20.242+00,2,in_app,2026-07-15 17:00:45.81+00
391fd6d5-060e-49af-831c-e2935e905416,0c96a57e-6cc1-400f-bf3a-5740b699ac21,ebe67fdd-2e23-43c0-8e9b-8abec2682d09,2026-07-15,2026-07-15 17:00:20.242+00,2,email,2026-07-15 17:00:46.139+00
710f392d-1bf3-4b2e-b0a1-f7c09d55e684,0c96a57e-6cc1-400f-bf3a-5740b699ac21,d8eb23c1-2c90-4dfe-872a-aa3e3dcd6478,2026-07-15,2026-07-15 17:00:20.242+00,8,in_app,2026-07-15 17:00:46.814+00
0e405633-cb61-4828-80f7-f3985c0818ef,0c96a57e-6cc1-400f-bf3a-5740b699ac21,d8eb23c1-2c90-4dfe-872a-aa3e3dcd6478,2026-07-15,2026-07-15 17:00:20.242+00,8,email,2026-07-15 17:00:47.198+00
51f11baa-8792-4382-b283-ebb6b376b403,0c96a57e-6cc1-400f-bf3a-5740b699ac21,3258f102-8146-4986-964f-8c8f53441300,2026-07-15,2026-07-15 17:00:20.242+00,2,in_app,2026-07-15 17:00:48.422+00
2ffc973e-7fe8-41b9-a8f1-5e04117b0e07,0c96a57e-6cc1-400f-bf3a-5740b699ac21,decc7faa-b202-42f1-9a04-fe15fe97a892,2026-07-15,2026-07-15 17:00:20.242+00,1,in_app,2026-07-15 17:00:50.205+00
ea229e3c-5af2-4127-b9e9-c419aa1c2614,0c96a57e-6cc1-400f-bf3a-5740b699ac21,decc7faa-b202-42f1-9a04-fe15fe97a892,2026-07-15,2026-07-15 17:00:20.242+00,1,email,2026-07-15 17:00:50.638+00
38bfddd2-826d-4e83-bd84-bea54569cb03,0c96a57e-6cc1-400f-bf3a-5740b699ac21,8cab859b-a1e1-4edb-af95-4e847e1c93e4,2026-07-15,2026-07-15 17:00:20.242+00,2,in_app,2026-07-15 17:00:50.764+00
b6bb9162-0a3d-4288-9f65-bfd0f935949d,0c96a57e-6cc1-400f-bf3a-5740b699ac21,968fc8e6-f918-4579-b0d1-26570ce5e94b,2026-07-17,2026-07-17 11:00:03.395+00,1,email,2026-07-17 11:00:04.381+00
39f00fdb-a64c-430b-bca9-c95c68b6c5a4,c1f13659-b28c-4d50-8375-5bf200294992,3519d0a1-12b5-4a38-bbd5-a5b9d518cb53,2026-07-17,2026-07-17 11:00:03.395+00,1,email,2026-07-17 11:00:08.055+00
f08fe22d-3a8d-4500-98ff-674e0aa2ecaf,62a2569e-4be2-4326-bddd-3c6116ed18b0,6d3f8a2c-1a05-4e2a-b57e-d969b668049b,2026-07-17,2026-07-17 11:00:03.395+00,1,in_app,2026-07-17 11:00:08.124+00
a6654912-6160-42ed-b5c5-e228d7ab8be6,62a2569e-4be2-4326-bddd-3c6116ed18b0,7b577c22-5513-42cc-ab19-2bf867e14ebc,2026-07-17,2026-07-17 11:00:03.395+00,1,email,2026-07-17 11:00:10.232+00
202efa7c-0be6-461f-934d-d8221f20fdd4,2f940451-4cf3-44e3-9040-07942e4146c1,b874694b-f463-4dbd-bb6f-b04f121a8802,2026-07-17,2026-07-17 11:00:03.395+00,1,in_app,2026-07-17 11:00:10.329+00
c7840054-d684-46e4-9ba1-3a28bbc7ea4f,2f940451-4cf3-44e3-9040-07942e4146c1,b874694b-f463-4dbd-bb6f-b04f121a8802,2026-07-17,2026-07-17 11:00:03.395+00,1,email,2026-07-17 11:00:11.209+00
0a8c6b45-9ffd-4806-a676-eefbfdc21757,b6617c09-9b4a-4ebc-bf50-e584b67edaa3,e5efecc9-f05f-479b-b2ea-81a2ed90fba4,2026-07-27,2026-07-27 11:00:02.405+00,1,in_app,2026-07-27 11:00:12.831+00
a181d199-ff45-488e-bd20-91fa08fc6427,9b5aa503-44ec-40de-9ceb-b1475639767e,2a266637-be4e-4088-9918-a51576912f5c,2026-07-17,2026-07-17 11:00:03.395+00,4,email,2026-07-17 11:00:13.301+00
3cae8149-31c1-4ecb-92b0-f757bec76f5a,b6617c09-9b4a-4ebc-bf50-e584b67edaa3,e5efecc9-f05f-479b-b2ea-81a2ed90fba4,2026-07-17,2026-07-17 11:00:03.395+00,1,in_app,2026-07-17 11:00:13.372+00
e32e327f-9793-4047-9ae7-07c2b68c17e8,8474aaf6-e7d1-4165-9bef-bf76bc701038,32ccdbe1-627f-4fe3-a506-056b997ed89b,2026-07-17,2026-07-17 11:00:03.395+00,4,email,2026-07-17 11:00:14.539+00
90e6ab4b-161f-493f-b817-f1ea10508347,0c96a57e-6cc1-400f-bf3a-5740b699ac21,6237fa09-ec4a-46ca-a99b-4f8afb3bf259,2026-07-17,2026-07-17 11:00:03.395+00,1,in_app,2026-07-17 11:00:14.607+00
87997554-db56-4254-a69b-9f4cbbff1f7f,8396bd66-e3ed-4593-b985-3e380cd308eb,b0faf762-848b-4737-a04d-b2b4e1e8cc5b,2026-07-17,2026-07-17 11:00:03.395+00,1,email,2026-07-17 11:00:18.165+00
bbff252b-9ae8-415f-b95d-3fe884c9d727,c1f13659-b28c-4d50-8375-5bf200294992,decc7faa-b202-42f1-9a04-fe15fe97a892,2026-07-17,2026-07-17 11:00:03.395+00,1,email,2026-07-17 11:00:21.566+00
41495589-daac-445b-859a-b5bd38b1c955,0c96a57e-6cc1-400f-bf3a-5740b699ac21,2a266637-be4e-4088-9918-a51576912f5c,2026-07-04,2026-07-04 11:00:30.201+00,4,in_app,2026-07-04 11:00:44.8+00
4cea3119-73f3-4410-af76-f8192724b96e,0c96a57e-6cc1-400f-bf3a-5740b699ac21,2a266637-be4e-4088-9918-a51576912f5c,2026-07-04,2026-07-04 11:00:30.201+00,4,email,2026-07-04 11:00:45.111+00
ece5cf90-3955-4788-810b-25a94e0c472c,0c96a57e-6cc1-400f-bf3a-5740b699ac21,d8eb23c1-2c90-4dfe-872a-aa3e3dcd6478,2026-07-04,2026-07-04 11:00:30.201+00,8,in_app,2026-07-04 11:00:45.173+00
27880f92-a2dc-40a3-b078-4e889adec90c,0c96a57e-6cc1-400f-bf3a-5740b699ac21,28f7b9e8-9516-4a08-864c-9ff3e085ba87,2026-07-04,2026-07-04 11:00:30.201+00,1,in_app,2026-07-04 11:00:45.511+00
af93b79f-412c-4119-a907-e5d3e8bc474f,0c96a57e-6cc1-400f-bf3a-5740b699ac21,28f7b9e8-9516-4a08-864c-9ff3e085ba87,2026-07-04,2026-07-04 11:00:30.201+00,1,email,2026-07-04 11:00:45.837+00
e725c30e-a7d7-41ac-99e9-c3783721c7a0,0c96a57e-6cc1-400f-bf3a-5740b699ac21,a9c81e05-8b1a-47ad-a80d-dbc45603f068,2026-07-04,2026-07-04 11:00:30.201+00,1,email,2026-07-04 11:00:46.226+00
67d7e325-a654-4826-8378-7b2fc0e66279,0c96a57e-6cc1-400f-bf3a-5740b699ac21,658a0146-2d8a-4b2e-81e5-aa16fa9d0a30,2026-07-04,2026-07-04 11:00:30.201+00,1,in_app,2026-07-04 11:00:46.265+00
a0bf4180-2bbe-4a11-9046-b2a72647f0a9,0c96a57e-6cc1-400f-bf3a-5740b699ac21,a3c5b629-15d3-48a7-b5ab-694e63dc8b63,2026-07-04,2026-07-04 11:00:30.201+00,8,email,2026-07-04 11:00:46.91+00
af85ad50-c3f1-4e9f-8114-3abac38142f5,0c96a57e-6cc1-400f-bf3a-5740b699ac21,a94fc469-4603-487f-ab7f-e2712197d510,2026-07-04,2026-07-04 11:00:30.201+00,2,in_app,2026-07-04 11:00:46.974+00
d0fbb61a-0b9d-4f04-9c5c-417f2002c113,0c96a57e-6cc1-400f-bf3a-5740b699ac21,a94fc469-4603-487f-ab7f-e2712197d510,2026-07-04,2026-07-04 11:00:30.201+00,2,email,2026-07-04 11:00:47.245+00
ace4c9c3-67c9-442d-8ff1-ca0b5a1243f4,0c96a57e-6cc1-400f-bf3a-5740b699ac21,6f58e5f8-b85c-4f92-89b7-1cf3ca9f22b6,2026-07-04,2026-07-04 11:00:30.201+00,2,in_app,2026-07-04 11:00:48.092+00
f49d28cd-27a3-4572-8fe4-4b382a34dd07,0c96a57e-6cc1-400f-bf3a-5740b699ac21,6f58e5f8-b85c-4f92-89b7-1cf3ca9f22b6,2026-07-04,2026-07-04 11:00:30.201+00,2,email,2026-07-04 11:00:48.406+00
b8152e2b-be9f-4e9c-9f1b-e6a9ba9c7756,0c96a57e-6cc1-400f-bf3a-5740b699ac21,decc7faa-b202-42f1-9a04-fe15fe97a892,2026-07-04,2026-07-04 11:00:30.201+00,1,email,2026-07-04 11:00:48.84+00
b640f081-a38a-4b3a-99c1-8101e91d0556,0c96a57e-6cc1-400f-bf3a-5740b699ac21,968fc8e6-f918-4579-b0d1-26570ce5e94b,2026-07-04,2026-07-04 17:01:31.584+00,1,in_app,2026-07-04 17:01:32.169+00
3eb2e410-8764-4b82-86fd-2cf7e3a19718,0c96a57e-6cc1-400f-bf3a-5740b699ac21,968fc8e6-f918-4579-b0d1-26570ce5e94b,2026-07-04,2026-07-04 17:01:31.584+00,1,email,2026-07-04 17:01:32.816+00
24902179-2e66-490e-9ffb-8506f1a9ae87,b16b90c0-67c9-46c5-ac6f-2ccb8f3b2a08,5d7214cd-c7d1-42ac-b859-b9e84dee9fab,2026-07-04,2026-07-04 17:01:31.584+00,1,in_app,2026-07-04 17:01:32.89+00
d1591833-6aba-4724-96da-f4e638c3670e,b16b90c0-67c9-46c5-ac6f-2ccb8f3b2a08,5d7214cd-c7d1-42ac-b859-b9e84dee9fab,2026-07-04,2026-07-04 17:01:31.584+00,1,email,2026-07-04 17:01:33.305+00
628ccc3a-e5d6-47ee-b45c-5a9cafb3fe5f,8474aaf6-e7d1-4165-9bef-bf76bc701038,90bb1d12-5855-4f3e-aecb-e92f597e650c,2026-07-04,2026-07-04 17:01:31.584+00,1,in_app,2026-07-04 17:01:33.397+00
b099f1ef-307d-4ddc-8016-e2f98956480d,8474aaf6-e7d1-4165-9bef-bf76bc701038,90bb1d12-5855-4f3e-aecb-e92f597e650c,2026-07-04,2026-07-04 17:01:31.584+00,1,email,2026-07-04 17:01:33.711+00
3603b944-9b99-42b0-bb45-377c771aca9f,8396bd66-e3ed-4593-b985-3e380cd308eb,b0faf762-848b-4737-a04d-b2b4e1e8cc5b,2026-07-04,2026-07-04 17:01:31.584+00,2,in_app,2026-07-04 17:01:33.772+00
1586fe99-6b53-4d99-9818-48157f9f4e04,8396bd66-e3ed-4593-b985-3e380cd308eb,b0faf762-848b-4737-a04d-b2b4e1e8cc5b,2026-07-04,2026-07-04 17:01:31.584+00,2,email,2026-07-04 17:01:34.281+00
f0e512af-b6c4-4e98-a469-381f72693945,72aeb445-484f-4979-8c2a-d34ec40b22b0,bdef184d-6217-4cdf-a59f-dc37008d13fd,2026-07-04,2026-07-04 17:01:31.584+00,7,in_app,2026-07-04 17:01:34.344+00
8f6baa81-7ecb-4418-abd5-657679c52ad3,72aeb445-484f-4979-8c2a-d34ec40b22b0,bdef184d-6217-4cdf-a59f-dc37008d13fd,2026-07-04,2026-07-04 17:01:31.584+00,7,email,2026-07-04 17:01:34.609+00
02d374b1-cb9b-438a-b799-91d63015bf3b,2a72272f-56f2-4104-9952-5d3d8b19ff1d,27edf455-e61a-48a9-a846-e2c6f42999b5,2026-07-04,2026-07-04 17:01:31.584+00,1,in_app,2026-07-04 17:01:34.673+00
fb241411-8282-448d-b266-10f234f42ee4,2a72272f-56f2-4104-9952-5d3d8b19ff1d,27edf455-e61a-48a9-a846-e2c6f42999b5,2026-07-04,2026-07-04 17:01:31.584+00,1,email,2026-07-04 17:01:35.151+00
b531ca0b-3cf3-442f-959d-806f31637f14,0c96a57e-6cc1-400f-bf3a-5740b699ac21,7b577c22-5513-42cc-ab19-2bf867e14ebc,2026-07-04,2026-07-04 17:01:31.584+00,2,in_app,2026-07-04 17:01:35.207+00
83b6f396-0e60-444a-90d4-1c24d1929d00,0c96a57e-6cc1-400f-bf3a-5740b699ac21,7b577c22-5513-42cc-ab19-2bf867e14ebc,2026-07-04,2026-07-04 17:01:31.584+00,2,email,2026-07-04 17:01:35.477+00
f819c022-b81c-40d6-b630-869f7a684a28,62a2569e-4be2-4326-bddd-3c6116ed18b0,6d3f8a2c-1a05-4e2a-b57e-d969b668049b,2026-07-04,2026-07-04 17:01:31.584+00,1,in_app,2026-07-04 17:01:35.537+00
40df012c-7377-4957-8c07-cdfc26d1b256,62a2569e-4be2-4326-bddd-3c6116ed18b0,6d3f8a2c-1a05-4e2a-b57e-d969b668049b,2026-07-04,2026-07-04 17:01:31.584+00,1,email,2026-07-04 17:01:35.817+00
3ff4be31-10e8-40d9-98c7-fabc68e00e46,62a2569e-4be2-4326-bddd-3c6116ed18b0,7b577c22-5513-42cc-ab19-2bf867e14ebc,2026-07-04,2026-07-04 17:01:31.584+00,1,in_app,2026-07-04 17:01:35.873+00
369c7b2f-e2f7-415d-82da-7ccc4374b340,62a2569e-4be2-4326-bddd-3c6116ed18b0,7b577c22-5513-42cc-ab19-2bf867e14ebc,2026-07-04,2026-07-04 17:01:31.584+00,1,email,2026-07-04 17:01:36.147+00
84feeae8-df1f-4038-83f0-63e661255beb,62a2569e-4be2-4326-bddd-3c6116ed18b0,bdef184d-6217-4cdf-a59f-dc37008d13fd,2026-07-04,2026-07-04 17:01:31.584+00,1,in_app,2026-07-04 17:01:36.206+00
d9bc3e2c-2c1a-4666-801e-85c52a3231a8,62a2569e-4be2-4326-bddd-3c6116ed18b0,bdef184d-6217-4cdf-a59f-dc37008d13fd,2026-07-04,2026-07-04 17:01:31.584+00,1,email,2026-07-04 17:01:36.48+00
cd3ae11b-9208-4b38-9909-4e8f996120df,b0737bfd-7bea-493b-8cfc-14946fcea8cd,90bb1d12-5855-4f3e-aecb-e92f597e650c,2026-07-04,2026-07-04 17:01:31.584+00,1,in_app,2026-07-04 17:01:36.542+00
6df26f80-70a4-4103-bedb-fcf8230bd4a0,b0737bfd-7bea-493b-8cfc-14946fcea8cd,90bb1d12-5855-4f3e-aecb-e92f597e650c,2026-07-04,2026-07-04 17:01:31.584+00,1,email,2026-07-04 17:01:36.811+00
ea4c0996-5910-4912-8f32-407c5c40a2a0,9b5aa503-44ec-40de-9ceb-b1475639767e,2a266637-be4e-4088-9918-a51576912f5c,2026-07-04,2026-07-04 17:01:31.584+00,4,in_app,2026-07-04 17:01:36.866+00
16ccc768-186f-425b-99e2-228b8fe8abdd,9b5aa503-44ec-40de-9ceb-b1475639767e,2a266637-be4e-4088-9918-a51576912f5c,2026-07-04,2026-07-04 17:01:31.584+00,4,email,2026-07-04 17:01:37.17+00
f619109a-ac45-4785-912e-83cea99f5c82,b6617c09-9b4a-4ebc-bf50-e584b67edaa3,e5efecc9-f05f-479b-b2ea-81a2ed90fba4,2026-07-04,2026-07-04 17:01:31.584+00,1,in_app,2026-07-04 17:01:37.229+00
300bb6dd-f062-4431-ad1b-29df2b80de44,b6617c09-9b4a-4ebc-bf50-e584b67edaa3,e5efecc9-f05f-479b-b2ea-81a2ed90fba4,2026-07-04,2026-07-04 17:01:31.584+00,1,email,2026-07-04 17:01:37.525+00
e5d2b97c-4673-4fa9-b973-e1b233f89980,fd63bafa-9a78-43fb-9311-f78b8cbfb667,d8eb23c1-2c90-4dfe-872a-aa3e3dcd6478,2026-07-04,2026-07-04 17:01:31.584+00,8,in_app,2026-07-04 17:01:37.589+00
2d999698-2f8c-49a2-bed9-fe01163aa4b9,fd63bafa-9a78-43fb-9311-f78b8cbfb667,d8eb23c1-2c90-4dfe-872a-aa3e3dcd6478,2026-07-04,2026-07-04 17:01:31.584+00,8,email,2026-07-04 17:01:37.874+00
71b0ea61-24b1-4daa-92f8-97e8652c33e6,0c96a57e-6cc1-400f-bf3a-5740b699ac21,6237fa09-ec4a-46ca-a99b-4f8afb3bf259,2026-07-04,2026-07-04 17:01:31.584+00,1,in_app,2026-07-04 17:01:37.929+00
bbd28389-f451-41dd-aa62-16dff176f225,0c96a57e-6cc1-400f-bf3a-5740b699ac21,6237fa09-ec4a-46ca-a99b-4f8afb3bf259,2026-07-04,2026-07-04 17:01:31.584+00,1,email,2026-07-04 17:01:38.186+00
1ba0af96-c89f-4bf7-aa0c-8cc4c88a66fd,b0737bfd-7bea-493b-8cfc-14946fcea8cd,32ccdbe1-627f-4fe3-a506-056b997ed89b,2026-07-04,2026-07-04 17:01:31.584+00,3,in_app,2026-07-04 17:01:38.243+00
d5b33203-65c2-4b3c-9e70-c3e372b516fb,b0737bfd-7bea-493b-8cfc-14946fcea8cd,32ccdbe1-627f-4fe3-a506-056b997ed89b,2026-07-04,2026-07-04 17:01:31.584+00,3,email,2026-07-04 17:01:38.528+00
97a2c40f-1e46-447a-9b0d-40e78c3393ad,493aecc1-6791-4d62-bc63-f4f55c78e44e,a9c81e05-8b1a-47ad-a80d-dbc45603f068,2026-07-04,2026-07-04 17:01:31.584+00,1,in_app,2026-07-04 17:01:38.589+00
3f991de8-8a1b-4075-b451-0d22aa526f47,493aecc1-6791-4d62-bc63-f4f55c78e44e,a9c81e05-8b1a-47ad-a80d-dbc45603f068,2026-07-04,2026-07-04 17:01:31.584+00,1,email,2026-07-04 17:01:38.871+00
ed02fdfc-2108-4e0d-82ed-f1867a2fc2e5,8474aaf6-e7d1-4165-9bef-bf76bc701038,32ccdbe1-627f-4fe3-a506-056b997ed89b,2026-07-04,2026-07-04 17:01:31.584+00,3,in_app,2026-07-04 17:01:38.923+00
6e58f330-6d67-4ee8-8e59-3d50e0aaca12,8474aaf6-e7d1-4165-9bef-bf76bc701038,32ccdbe1-627f-4fe3-a506-056b997ed89b,2026-07-04,2026-07-04 17:01:31.584+00,3,email,2026-07-04 17:01:39.203+00
e8f69563-5e8d-4565-83bb-3928f59b06e8,c1f13659-b28c-4d50-8375-5bf200294992,658a0146-2d8a-4b2e-81e5-aa16fa9d0a30,2026-07-04,2026-07-04 17:01:31.584+00,1,in_app,2026-07-04 17:01:39.259+00
c7342f73-0699-4ab5-bccf-360917884f62,c1f13659-b28c-4d50-8375-5bf200294992,658a0146-2d8a-4b2e-81e5-aa16fa9d0a30,2026-07-04,2026-07-04 17:01:31.584+00,1,email,2026-07-04 17:01:39.534+00
f632761a-ea9a-4c05-93f3-438ca0809e81,9066ac12-d1c6-4a15-ad74-4932bf8dd987,968fc8e6-f918-4579-b0d1-26570ce5e94b,2026-07-04,2026-07-04 17:01:31.584+00,2,in_app,2026-07-04 17:01:39.592+00
e9f77c2d-4979-4466-9c7e-6094501e8306,9066ac12-d1c6-4a15-ad74-4932bf8dd987,968fc8e6-f918-4579-b0d1-26570ce5e94b,2026-07-04,2026-07-04 17:01:31.584+00,2,email,2026-07-04 17:01:39.849+00
220f39aa-392e-4282-9cb2-136b5d5494a5,04b00ab5-856d-4f95-962b-e9d97b33f207,a3c5b629-15d3-48a7-b5ab-694e63dc8b63,2026-07-04,2026-07-04 17:01:31.584+00,8,in_app,2026-07-04 17:01:39.907+00
d3b325e7-6f8d-41c8-9bc0-7ebca45c77a3,04b00ab5-856d-4f95-962b-e9d97b33f207,a3c5b629-15d3-48a7-b5ab-694e63dc8b63,2026-07-04,2026-07-04 17:01:31.584+00,8,email,2026-07-04 17:01:40.186+00
c8fb4b95-b93e-4802-9e96-6e370e2fda48,3870aadb-8625-4184-ac60-c6e20be4cdc5,a94fc469-4603-487f-ab7f-e2712197d510,2026-07-04,2026-07-04 17:01:31.584+00,2,in_app,2026-07-04 17:01:40.24+00
ba54edb6-c707-497e-a8aa-67f494d17dea,3870aadb-8625-4184-ac60-c6e20be4cdc5,a94fc469-4603-487f-ab7f-e2712197d510,2026-07-04,2026-07-04 17:01:31.584+00,2,email,2026-07-04 17:01:40.515+00
11e0f286-3fdc-4e4f-a0cb-8c11ab5ccd59,0c96a57e-6cc1-400f-bf3a-5740b699ac21,27edf455-e61a-48a9-a846-e2c6f42999b5,2026-07-04,2026-07-04 17:01:31.584+00,1,in_app,2026-07-04 17:01:40.574+00
e48e66bf-cd6d-46cd-adbc-1cebcfe5e87c,0c96a57e-6cc1-400f-bf3a-5740b699ac21,27edf455-e61a-48a9-a846-e2c6f42999b5,2026-07-04,2026-07-04 17:01:31.584+00,1,email,2026-07-04 17:01:40.866+00
c64336f7-a0bd-4a40-b9bf-116111423ec1,ed586056-17ca-4287-936a-c16e642c63a6,8737f689-7c9e-414a-8391-5bf93d5ba600,2026-07-04,2026-07-04 17:01:31.584+00,1,in_app,2026-07-04 17:01:40.919+00
c4903976-6dd2-490b-8fb1-ecbff7cc1df1,ed586056-17ca-4287-936a-c16e642c63a6,8737f689-7c9e-414a-8391-5bf93d5ba600,2026-07-04,2026-07-04 17:01:31.584+00,1,email,2026-07-04 17:01:41.191+00
c989809c-4e1c-4579-9e43-9f034562ecc8,2e6f6612-8033-42e0-b84d-b2ea8aded8ac,b3db042c-4932-4f66-8aff-3136ed50db97,2026-07-04,2026-07-04 17:01:31.584+00,7,in_app,2026-07-04 17:01:41.255+00
7f687bae-7a0c-41f3-9c2e-0eb180bd4e69,2e6f6612-8033-42e0-b84d-b2ea8aded8ac,b3db042c-4932-4f66-8aff-3136ed50db97,2026-07-04,2026-07-04 17:01:31.584+00,7,email,2026-07-04 17:01:41.566+00
e6899b3c-a8c0-411c-ab5d-8fc44995c887,493aecc1-6791-4d62-bc63-f4f55c78e44e,642b0596-7431-4f50-acff-1eb4199fab76,2026-07-04,2026-07-04 17:01:31.584+00,1,in_app,2026-07-04 17:01:41.652+00
64cc0603-59b7-4570-9ba1-85a4f4fdbc12,493aecc1-6791-4d62-bc63-f4f55c78e44e,642b0596-7431-4f50-acff-1eb4199fab76,2026-07-04,2026-07-04 17:01:31.584+00,1,email,2026-07-04 17:01:41.931+00
73c9d47b-ce30-4d6c-9ae4-cb44e3564963,0c96a57e-6cc1-400f-bf3a-5740b699ac21,c6754833-e150-4c12-9149-45a6dfcd6eec,2026-07-04,2026-07-04 17:01:31.584+00,3,in_app,2026-07-04 17:01:42.021+00
ca8abc02-9808-429e-97bb-534734b8ab10,0c96a57e-6cc1-400f-bf3a-5740b699ac21,c6754833-e150-4c12-9149-45a6dfcd6eec,2026-07-04,2026-07-04 17:01:31.584+00,3,email,2026-07-04 17:01:42.456+00
29af033c-2669-4422-a1a4-e8eb9bf0c454,493aecc1-6791-4d62-bc63-f4f55c78e44e,7b577c22-5513-42cc-ab19-2bf867e14ebc,2026-07-04,2026-07-04 17:01:31.584+00,8,in_app,2026-07-04 17:01:42.541+00
2b902c72-b475-4842-bdb9-0d775f989d75,493aecc1-6791-4d62-bc63-f4f55c78e44e,7b577c22-5513-42cc-ab19-2bf867e14ebc,2026-07-04,2026-07-04 17:01:31.584+00,8,email,2026-07-04 17:01:42.877+00
a772aa0a-03a0-4d24-baee-70d471041857,0ece46cd-9571-4f7f-8043-c1f2249b6cf9,6f58e5f8-b85c-4f92-89b7-1cf3ca9f22b6,2026-07-04,2026-07-04 17:01:31.584+00,2,in_app,2026-07-04 17:01:42.933+00
99c6d1ec-6c9a-43f9-9534-517a5a46525e,0ece46cd-9571-4f7f-8043-c1f2249b6cf9,6f58e5f8-b85c-4f92-89b7-1cf3ca9f22b6,2026-07-04,2026-07-04 17:01:31.584+00,2,email,2026-07-04 17:01:43.259+00
85859433-d388-4a9c-a513-578a8af4a12e,0ae36a43-2ef0-4a7d-b95a-edcc7d9ac3f2,7b577c22-5513-42cc-ab19-2bf867e14ebc,2026-07-04,2026-07-04 17:01:31.584+00,1,in_app,2026-07-04 17:01:43.351+00
fba7ec23-a948-440a-98e3-6b6cf46c3a0b,0ae36a43-2ef0-4a7d-b95a-edcc7d9ac3f2,7b577c22-5513-42cc-ab19-2bf867e14ebc,2026-07-04,2026-07-04 17:01:31.584+00,1,email,2026-07-04 17:01:43.646+00
0f453924-2692-4c36-8d3e-46d5d0911fdc,c1f13659-b28c-4d50-8375-5bf200294992,decc7faa-b202-42f1-9a04-fe15fe97a892,2026-07-04,2026-07-04 17:01:31.584+00,1,email,2026-07-04 17:01:44.009+00
1b6cdd76-944b-4617-89c4-2b04712bf35c,678b734f-19e2-4622-ab4e-fccd86f4877f,8cab859b-a1e1-4edb-af95-4e847e1c93e4,2026-07-04,2026-07-04 17:01:31.584+00,2,in_app,2026-07-04 17:01:44.064+00
6321163b-e5ae-4ded-9229-ecef78cb86f6,678b734f-19e2-4622-ab4e-fccd86f4877f,8cab859b-a1e1-4edb-af95-4e847e1c93e4,2026-07-04,2026-07-04 17:01:31.584+00,2,email,2026-07-04 17:01:44.333+00
a920996e-0e85-4450-b09a-aadaff2036ae,0c96a57e-6cc1-400f-bf3a-5740b699ac21,2a266637-be4e-4088-9918-a51576912f5c,2026-07-04,2026-07-04 17:01:31.584+00,4,in_app,2026-07-04 17:01:45.486+00
706dc7d0-8698-483a-b000-0e12fceaf98d,0c96a57e-6cc1-400f-bf3a-5740b699ac21,d8eb23c1-2c90-4dfe-872a-aa3e3dcd6478,2026-07-04,2026-07-04 17:01:31.584+00,8,email,2026-07-04 17:01:46.133+00
24dc107a-f69b-46c6-91a0-6c0bf0116217,0c96a57e-6cc1-400f-bf3a-5740b699ac21,28f7b9e8-9516-4a08-864c-9ff3e085ba87,2026-07-04,2026-07-04 17:01:31.584+00,1,in_app,2026-07-04 17:01:46.208+00
431c8850-b7df-4d8d-a353-90188996773e,0c96a57e-6cc1-400f-bf3a-5740b699ac21,decc7faa-b202-42f1-9a04-fe15fe97a892,2026-07-04,2026-07-04 17:01:31.584+00,1,in_app,2026-07-04 17:01:49.073+00
ff15abaf-a0ad-45e7-be03-ad6de4149f40,0c96a57e-6cc1-400f-bf3a-5740b699ac21,8cab859b-a1e1-4edb-af95-4e847e1c93e4,2026-07-04,2026-07-04 17:01:31.584+00,2,email,2026-07-04 17:01:49.767+00
23e62322-5a16-44eb-8dea-0c7878606710,c1f13659-b28c-4d50-8375-5bf200294992,658a0146-2d8a-4b2e-81e5-aa16fa9d0a30,2026-07-09,2026-07-09 11:00:34.593+00,1,in_app,2026-07-09 11:00:43.362+00
088a3292-b214-4cc3-9b18-3e11cf5d47b5,c1f13659-b28c-4d50-8375-5bf200294992,658a0146-2d8a-4b2e-81e5-aa16fa9d0a30,2026-07-09,2026-07-09 11:00:34.593+00,1,email,2026-07-09 11:00:43.801+00
acc02a7c-2005-4f21-8253-99be6236c31d,0c96a57e-6cc1-400f-bf3a-5740b699ac21,d8eb23c1-2c90-4dfe-872a-aa3e3dcd6478,2026-07-09,2026-07-09 11:00:34.593+00,8,email,2026-07-09 11:00:51.647+00
f1f0ad36-ad2d-48f7-9c03-56261cc5da4a,0c96a57e-6cc1-400f-bf3a-5740b699ac21,a94fc469-4603-487f-ab7f-e2712197d510,2026-07-09,2026-07-09 11:00:34.593+00,6,in_app,2026-07-09 11:00:51.754+00
0fc0dbf9-33a4-4044-b388-57a0239a6f14,0c96a57e-6cc1-400f-bf3a-5740b699ac21,a94fc469-4603-487f-ab7f-e2712197d510,2026-07-09,2026-07-09 11:00:34.593+00,6,email,2026-07-09 11:00:52.176+00
e8f398b6-839d-4808-8607-0fe8bc12d2a1,0c96a57e-6cc1-400f-bf3a-5740b699ac21,28f7b9e8-9516-4a08-864c-9ff3e085ba87,2026-07-09,2026-07-09 11:00:34.593+00,1,in_app,2026-07-09 11:00:52.228+00
12d73bc7-950a-4e2c-87e9-780bcdc051cc,0c96a57e-6cc1-400f-bf3a-5740b699ac21,658a0146-2d8a-4b2e-81e5-aa16fa9d0a30,2026-07-09,2026-07-09 11:00:34.593+00,1,email,2026-07-09 11:00:52.963+00
5c4ab6b9-d6c7-4e52-aba2-81fad9a1c25c,0c96a57e-6cc1-400f-bf3a-5740b699ac21,a3c5b629-15d3-48a7-b5ab-694e63dc8b63,2026-07-09,2026-07-09 11:00:34.593+00,8,email,2026-07-09 11:00:53.311+00
281fa33e-e09c-4943-9bfd-e4db87c0392e,0c96a57e-6cc1-400f-bf3a-5740b699ac21,642b0596-7431-4f50-acff-1eb4199fab76,2026-07-09,2026-07-09 11:00:34.593+00,1,in_app,2026-07-09 11:00:53.808+00
d42a947b-a616-4de2-83f8-aed6216e530a,0c96a57e-6cc1-400f-bf3a-5740b699ac21,642b0596-7431-4f50-acff-1eb4199fab76,2026-07-09,2026-07-09 11:00:34.593+00,1,email,2026-07-09 11:00:54.12+00
38588547-1145-4410-84c5-dc7b0fadc93a,0c96a57e-6cc1-400f-bf3a-5740b699ac21,6f58e5f8-b85c-4f92-89b7-1cf3ca9f22b6,2026-07-09,2026-07-09 11:00:34.593+00,2,in_app,2026-07-09 11:00:54.21+00
9e7d04f1-ae3f-4b3a-b950-2c8f2058149e,0c96a57e-6cc1-400f-bf3a-5740b699ac21,6f58e5f8-b85c-4f92-89b7-1cf3ca9f22b6,2026-07-09,2026-07-09 11:00:34.593+00,2,email,2026-07-09 11:00:54.506+00
4c730b2f-10de-4a37-9942-a98f74139adc,0c96a57e-6cc1-400f-bf3a-5740b699ac21,decc7faa-b202-42f1-9a04-fe15fe97a892,2026-07-09,2026-07-09 11:00:34.593+00,1,email,2026-07-09 11:00:54.913+00
c67bc01f-8e35-4c86-904f-de661d4283b2,0c96a57e-6cc1-400f-bf3a-5740b699ac21,8cab859b-a1e1-4edb-af95-4e847e1c93e4,2026-07-09,2026-07-09 11:00:34.593+00,2,in_app,2026-07-09 11:00:54.972+00
43cca18d-f67e-46c1-b327-54f8a5e3d781,0c96a57e-6cc1-400f-bf3a-5740b699ac21,8cab859b-a1e1-4edb-af95-4e847e1c93e4,2026-07-09,2026-07-09 11:00:34.593+00,2,email,2026-07-09 11:00:55.287+00
907bc628-c920-48f6-8c0d-02499ae246f2,62a2569e-4be2-4326-bddd-3c6116ed18b0,bdef184d-6217-4cdf-a59f-dc37008d13fd,2026-07-12,2026-07-12 17:00:35.308+00,1,in_app,2026-07-12 17:00:41.922+00
9a56f570-2c8d-42fe-add1-214fa3ccd6e3,62a2569e-4be2-4326-bddd-3c6116ed18b0,bdef184d-6217-4cdf-a59f-dc37008d13fd,2026-07-12,2026-07-12 17:00:35.308+00,1,email,2026-07-12 17:00:42.266+00
9dc420eb-dbce-4b45-8f87-1328f89cccf2,9b5aa503-44ec-40de-9ceb-b1475639767e,2a266637-be4e-4088-9918-a51576912f5c,2026-07-12,2026-07-12 17:00:35.308+00,4,in_app,2026-07-12 17:00:42.861+00
2c4f34ab-d7e2-4125-ab65-351fabd3a4d8,fd63bafa-9a78-43fb-9311-f78b8cbfb667,d8eb23c1-2c90-4dfe-872a-aa3e3dcd6478,2026-07-12,2026-07-12 17:00:35.308+00,8,in_app,2026-07-12 17:00:43.926+00
1442c8dd-78b4-44f0-95d5-1179a40c9b30,8474aaf6-e7d1-4165-9bef-bf76bc701038,32ccdbe1-627f-4fe3-a506-056b997ed89b,2026-07-12,2026-07-12 17:00:35.308+00,4,email,2026-07-12 17:00:44.676+00
d9ec4395-505b-4e91-9a43-778e25076897,c1f13659-b28c-4d50-8375-5bf200294992,658a0146-2d8a-4b2e-81e5-aa16fa9d0a30,2026-07-12,2026-07-12 17:00:35.308+00,1,in_app,2026-07-12 17:00:45.573+00
f7c6a052-55b8-441f-8166-f123a758259f,04b00ab5-856d-4f95-962b-e9d97b33f207,a3c5b629-15d3-48a7-b5ab-694e63dc8b63,2026-07-12,2026-07-12 17:00:35.308+00,8,in_app,2026-07-12 17:00:46.887+00
3f82010f-2b86-41d9-97dc-023c0fafcdcc,04b00ab5-856d-4f95-962b-e9d97b33f207,a3c5b629-15d3-48a7-b5ab-694e63dc8b63,2026-07-12,2026-07-12 17:00:35.308+00,8,email,2026-07-12 17:00:47.228+00
acbe70ac-6c68-4d60-8130-a6455f3ff087,678c949f-b372-4aba-9d9b-26d422134531,3258f102-8146-4986-964f-8c8f53441300,2026-07-12,2026-07-12 17:00:35.308+00,2,in_app,2026-07-12 17:00:47.321+00
da09d61f-cc80-4794-a43e-2182b6a7513c,0c96a57e-6cc1-400f-bf3a-5740b699ac21,27edf455-e61a-48a9-a846-e2c6f42999b5,2026-07-12,2026-07-12 17:00:35.308+00,1,in_app,2026-07-12 17:00:47.707+00
dd7e8478-4951-4cf9-80d1-ab64a60b9159,0c96a57e-6cc1-400f-bf3a-5740b699ac21,27edf455-e61a-48a9-a846-e2c6f42999b5,2026-07-12,2026-07-12 17:00:35.308+00,1,email,2026-07-12 17:00:48.041+00
af71fec6-ff39-470b-abce-84f19e472638,0c96a57e-6cc1-400f-bf3a-5740b699ac21,c6754833-e150-4c12-9149-45a6dfcd6eec,2026-07-12,2026-07-12 17:00:35.308+00,3,in_app,2026-07-12 17:00:49.297+00
084f51ee-50fd-4c3d-b613-f44ee67ea0e2,0c96a57e-6cc1-400f-bf3a-5740b699ac21,c6754833-e150-4c12-9149-45a6dfcd6eec,2026-07-12,2026-07-12 17:00:35.308+00,3,email,2026-07-12 17:00:49.811+00
d1da1cff-a3ce-488e-98c4-6b36f4574517,0ece46cd-9571-4f7f-8043-c1f2249b6cf9,6f58e5f8-b85c-4f92-89b7-1cf3ca9f22b6,2026-07-12,2026-07-12 17:00:35.308+00,2,in_app,2026-07-12 17:00:50.334+00
9d47fba0-d823-417a-bda9-d15254f862c8,0ece46cd-9571-4f7f-8043-c1f2249b6cf9,6f58e5f8-b85c-4f92-89b7-1cf3ca9f22b6,2026-07-12,2026-07-12 17:00:35.308+00,2,email,2026-07-12 17:00:50.667+00
2a2d6222-e2f0-4917-8d9a-f2044ed6c4b7,df71451b-bcd2-4602-9b7b-230b32f08b65,c30e3590-04a3-4544-bf66-43228037bfc9,2026-07-12,2026-07-12 17:00:35.308+00,1,email,2026-07-12 17:00:53.435+00
2a426686-85a4-4dc5-85ef-9d34efe66719,0c96a57e-6cc1-400f-bf3a-5740b699ac21,bdef184d-6217-4cdf-a59f-dc37008d13fd,2026-07-12,2026-07-12 17:00:35.308+00,8,in_app,2026-07-12 17:00:53.544+00
4de4cd7a-f13d-48cc-a5ab-3cbe7cdf54a4,0c96a57e-6cc1-400f-bf3a-5740b699ac21,bdef184d-6217-4cdf-a59f-dc37008d13fd,2026-07-12,2026-07-12 17:00:35.308+00,8,email,2026-07-12 17:00:53.897+00
0df4498e-2853-4863-8723-c817524b1523,0c96a57e-6cc1-400f-bf3a-5740b699ac21,3519d0a1-12b5-4a38-bbd5-a5b9d518cb53,2026-07-12,2026-07-12 17:00:35.308+00,1,in_app,2026-07-12 17:00:54.012+00
88732439-fc66-4267-8d02-5989a32c120d,0c96a57e-6cc1-400f-bf3a-5740b699ac21,968fc8e6-f918-4579-b0d1-26570ce5e94b,2026-07-15,2026-07-15 17:00:20.242+00,1,email,2026-07-15 17:00:21.228+00
0e5fa6f8-0790-4f7f-80e5-087abb8df58e,8474aaf6-e7d1-4165-9bef-bf76bc701038,90bb1d12-5855-4f3e-aecb-e92f597e650c,2026-07-15,2026-07-15 17:00:20.242+00,1,in_app,2026-07-15 17:00:21.953+00
04600a06-54e1-481c-8394-17381fe641af,2f940451-4cf3-44e3-9040-07942e4146c1,b874694b-f463-4dbd-bb6f-b04f121a8802,2026-07-15,2026-07-15 17:00:20.242+00,1,in_app,2026-07-15 17:00:27.718+00
b7324acc-2801-48a1-ba5f-0d7ccafbefea,9b5aa503-44ec-40de-9ceb-b1475639767e,2a266637-be4e-4088-9918-a51576912f5c,2026-07-15,2026-07-15 17:00:20.242+00,4,in_app,2026-07-15 17:00:30.033+00
ac13f81b-cce3-4b8e-8a1f-8bc2004866a8,fd63bafa-9a78-43fb-9311-f78b8cbfb667,d8eb23c1-2c90-4dfe-872a-aa3e3dcd6478,2026-07-15,2026-07-15 17:00:20.242+00,8,email,2026-07-15 17:00:32.281+00
b5c6bd23-afd9-40fb-8ff1-f257908855d5,9066ac12-d1c6-4a15-ad74-4932bf8dd987,968fc8e6-f918-4579-b0d1-26570ce5e94b,2026-07-15,2026-07-15 17:00:20.242+00,2,email,2026-07-15 17:00:35.12+00
76112f66-ff8b-4483-b487-dc448b2c3f25,04b00ab5-856d-4f95-962b-e9d97b33f207,a3c5b629-15d3-48a7-b5ab-694e63dc8b63,2026-07-15,2026-07-15 17:00:20.242+00,8,email,2026-07-15 17:00:35.596+00
50253214-86b4-495c-a986-c478f0634640,8396bd66-e3ed-4593-b985-3e380cd308eb,b0faf762-848b-4737-a04d-b2b4e1e8cc5b,2026-07-15,2026-07-15 17:00:20.242+00,1,email,2026-07-15 17:00:36.748+00
74e7e36e-6470-4827-bfc2-a42de3a21e2f,0c96a57e-6cc1-400f-bf3a-5740b699ac21,27edf455-e61a-48a9-a846-e2c6f42999b5,2026-07-15,2026-07-15 17:00:20.242+00,1,in_app,2026-07-15 17:00:36.871+00
6a480272-e75c-4b27-867b-42ee931e7043,0c96a57e-6cc1-400f-bf3a-5740b699ac21,27edf455-e61a-48a9-a846-e2c6f42999b5,2026-07-15,2026-07-15 17:00:20.242+00,1,email,2026-07-15 17:00:37.288+00
7e21dd7a-58f6-4636-98af-ef3dc4d41cb7,ed586056-17ca-4287-936a-c16e642c63a6,8737f689-7c9e-414a-8391-5bf93d5ba600,2026-07-15,2026-07-15 17:00:20.242+00,1,email,2026-07-15 17:00:37.779+00
61184b4f-f069-450d-b4f9-fd683108ade4,2e6f6612-8033-42e0-b84d-b2ea8aded8ac,b3db042c-4932-4f66-8aff-3136ed50db97,2026-07-15,2026-07-15 17:00:20.242+00,7,email,2026-07-15 17:00:38.306+00
bedfb429-5daa-4daa-b555-fc555f3b581c,493aecc1-6791-4d62-bc63-f4f55c78e44e,642b0596-7431-4f50-acff-1eb4199fab76,2026-07-15,2026-07-15 17:00:20.242+00,1,in_app,2026-07-15 17:00:38.429+00
8751eecb-6266-442b-ba44-e1e7fc7fac16,0ae36a43-2ef0-4a7d-b95a-edcc7d9ac3f2,7b577c22-5513-42cc-ab19-2bf867e14ebc,2026-07-15,2026-07-15 17:00:20.242+00,1,in_app,2026-07-15 17:00:39.837+00
c21df8d5-e7ff-424c-8c35-d87092abb5bd,0ae36a43-2ef0-4a7d-b95a-edcc7d9ac3f2,7b577c22-5513-42cc-ab19-2bf867e14ebc,2026-07-15,2026-07-15 17:00:20.242+00,1,email,2026-07-15 17:00:40.26+00
907883bc-2062-49cb-99a5-460391b8397c,c1f13659-b28c-4d50-8375-5bf200294992,1c2d5668-5cd9-49a7-a138-3ccd2bea5cbb,2026-07-15,2026-07-15 17:00:20.242+00,1,in_app,2026-07-15 17:00:41.398+00
b9f4bbe3-0026-4d09-a1cd-fd7a789fc021,c1f13659-b28c-4d50-8375-5bf200294992,1c2d5668-5cd9-49a7-a138-3ccd2bea5cbb,2026-07-15,2026-07-15 17:00:20.242+00,1,email,2026-07-15 17:00:41.816+00
61a581ac-0931-4399-83fc-09adfd4fadd7,0c96a57e-6cc1-400f-bf3a-5740b699ac21,6d3f8a2c-1a05-4e2a-b57e-d969b668049b,2026-07-15,2026-07-15 17:00:20.242+00,1,in_app,2026-07-15 17:00:44.195+00
167eef2c-57f3-461c-a004-0533668c0808,3870aadb-8625-4184-ac60-c6e20be4cdc5,a94fc469-4603-487f-ab7f-e2712197d510,2026-07-17,2026-07-17 11:00:03.395+00,9,email,2026-07-17 11:00:05.131+00
34158632-c278-4211-8502-9da00c66cce1,62a2569e-4be2-4326-bddd-3c6116ed18b0,bdef184d-6217-4cdf-a59f-dc37008d13fd,2026-07-17,2026-07-17 11:00:03.395+00,1,in_app,2026-07-17 11:00:12.079+00
84f356b7-b5bf-43d5-9ed6-3a2e9bff8bf8,0c96a57e-6cc1-400f-bf3a-5740b699ac21,27edf455-e61a-48a9-a846-e2c6f42999b5,2026-07-17,2026-07-17 11:00:03.395+00,1,email,2026-07-17 11:00:18.857+00
cc08145b-f35c-4974-afe7-cd4104ab6df0,ed586056-17ca-4287-936a-c16e642c63a6,8737f689-7c9e-414a-8391-5bf93d5ba600,2026-07-17,2026-07-17 11:00:03.395+00,1,in_app,2026-07-17 11:00:18.926+00
df307757-0dad-4979-b337-d593645ff6ec,ed586056-17ca-4287-936a-c16e642c63a6,8737f689-7c9e-414a-8391-5bf93d5ba600,2026-07-17,2026-07-17 11:00:03.395+00,1,email,2026-07-17 11:00:19.238+00
4ea190dc-da90-49cc-b093-373e43cb1b10,2e6f6612-8033-42e0-b84d-b2ea8aded8ac,b3db042c-4932-4f66-8aff-3136ed50db97,2026-07-17,2026-07-17 11:00:03.395+00,7,in_app,2026-07-17 11:00:19.308+00
5a565992-9790-4481-b56c-08a933601f00,2e6f6612-8033-42e0-b84d-b2ea8aded8ac,b3db042c-4932-4f66-8aff-3136ed50db97,2026-07-17,2026-07-17 11:00:03.395+00,7,email,2026-07-17 11:00:19.621+00
8c2ee8eb-16d3-4cee-81e4-b5d713046419,c1f13659-b28c-4d50-8375-5bf200294992,decc7faa-b202-42f1-9a04-fe15fe97a892,2026-07-04,2026-07-04 17:01:31.584+00,1,in_app,2026-07-04 17:01:43.734+00
5cfddbec-01e6-40ae-bbda-2adeff5a4631,0c96a57e-6cc1-400f-bf3a-5740b699ac21,5d7214cd-c7d1-42ac-b859-b9e84dee9fab,2026-07-04,2026-07-04 17:01:31.584+00,1,in_app,2026-07-04 17:01:44.415+00
deb77039-6d18-4855-aeec-64455f22eee0,0c96a57e-6cc1-400f-bf3a-5740b699ac21,6d3f8a2c-1a05-4e2a-b57e-d969b668049b,2026-07-04,2026-07-04 17:01:31.584+00,1,in_app,2026-07-04 17:01:45.149+00
0fe1b744-1824-4ba1-9541-955332f5bdfb,0c96a57e-6cc1-400f-bf3a-5740b699ac21,6d3f8a2c-1a05-4e2a-b57e-d969b668049b,2026-07-04,2026-07-04 17:01:31.584+00,1,email,2026-07-04 17:01:45.434+00
595750a9-e6c6-447f-8ea2-c302e90ecc8d,0c96a57e-6cc1-400f-bf3a-5740b699ac21,a9c81e05-8b1a-47ad-a80d-dbc45603f068,2026-07-04,2026-07-04 17:01:31.584+00,1,in_app,2026-07-04 17:01:46.551+00
820c134d-74c0-4586-a9f7-b714782e9267,0c96a57e-6cc1-400f-bf3a-5740b699ac21,a9c81e05-8b1a-47ad-a80d-dbc45603f068,2026-07-04,2026-07-04 17:01:31.584+00,1,email,2026-07-04 17:01:46.816+00
89768146-84d2-4de9-9ca9-462020048931,0c96a57e-6cc1-400f-bf3a-5740b699ac21,a3c5b629-15d3-48a7-b5ab-694e63dc8b63,2026-07-04,2026-07-04 17:01:31.584+00,8,in_app,2026-07-04 17:01:47.276+00
a3e68a31-e726-4ba3-8bc6-fd0999aa24f1,0c96a57e-6cc1-400f-bf3a-5740b699ac21,a94fc469-4603-487f-ab7f-e2712197d510,2026-07-04,2026-07-04 17:01:31.584+00,2,in_app,2026-07-04 17:01:47.621+00
d2418376-140c-4184-bf11-77ec1f7117e8,0c96a57e-6cc1-400f-bf3a-5740b699ac21,a94fc469-4603-487f-ab7f-e2712197d510,2026-07-04,2026-07-04 17:01:31.584+00,2,email,2026-07-04 17:01:47.935+00
6bfb7903-346d-4432-80b4-81b790e7e95c,0c96a57e-6cc1-400f-bf3a-5740b699ac21,6f58e5f8-b85c-4f92-89b7-1cf3ca9f22b6,2026-07-04,2026-07-04 17:01:31.584+00,2,email,2026-07-04 17:01:49.022+00
d5f3d31b-ec03-4de4-95f7-2efae8206415,0c96a57e-6cc1-400f-bf3a-5740b699ac21,decc7faa-b202-42f1-9a04-fe15fe97a892,2026-07-04,2026-07-04 17:01:31.584+00,1,email,2026-07-04 17:01:49.404+00
e307d1a3-151c-4ac9-8adf-a7b2f95ff487,0c96a57e-6cc1-400f-bf3a-5740b699ac21,8cab859b-a1e1-4edb-af95-4e847e1c93e4,2026-07-04,2026-07-04 17:01:31.584+00,2,in_app,2026-07-04 17:01:49.493+00
c56c9df6-5353-4df3-b39b-b667ef4053d7,0c96a57e-6cc1-400f-bf3a-5740b699ac21,968fc8e6-f918-4579-b0d1-26570ce5e94b,2026-07-09,2026-07-09 17:00:35.338+00,1,in_app,2026-07-09 17:00:35.516+00
b58ee191-08c3-4c64-a10e-1bb5f02ef72c,0c96a57e-6cc1-400f-bf3a-5740b699ac21,968fc8e6-f918-4579-b0d1-26570ce5e94b,2026-07-09,2026-07-09 17:00:35.338+00,1,email,2026-07-09 17:00:36.453+00
dc10dba8-8a9e-44d9-bbb9-cdbe688fce55,b16b90c0-67c9-46c5-ac6f-2ccb8f3b2a08,5d7214cd-c7d1-42ac-b859-b9e84dee9fab,2026-07-09,2026-07-09 17:00:35.338+00,1,email,2026-07-09 17:00:37.339+00
8f228adb-2c8b-43f3-8178-61b3ded01c3f,8474aaf6-e7d1-4165-9bef-bf76bc701038,90bb1d12-5855-4f3e-aecb-e92f597e650c,2026-07-09,2026-07-09 17:00:35.338+00,1,in_app,2026-07-09 17:00:37.424+00
e49ee1b2-0f7d-43e8-b197-1424dec65182,72aeb445-484f-4979-8c2a-d34ec40b22b0,bdef184d-6217-4cdf-a59f-dc37008d13fd,2026-07-09,2026-07-09 17:00:35.338+00,7,in_app,2026-07-09 17:00:38.446+00
f7c0c909-63f8-4989-891b-a8056ffc50c3,72aeb445-484f-4979-8c2a-d34ec40b22b0,bdef184d-6217-4cdf-a59f-dc37008d13fd,2026-07-09,2026-07-09 17:00:35.338+00,7,email,2026-07-09 17:00:38.784+00
bc3ac652-9b8b-45cd-bea7-46f9902d8530,62a2569e-4be2-4326-bddd-3c6116ed18b0,6d3f8a2c-1a05-4e2a-b57e-d969b668049b,2026-07-09,2026-07-09 17:00:35.338+00,1,in_app,2026-07-09 17:00:39.688+00
25b8d51f-09a1-493c-92c4-73392d0897d5,fd63bafa-9a78-43fb-9311-f78b8cbfb667,d8eb23c1-2c90-4dfe-872a-aa3e3dcd6478,2026-07-09,2026-07-09 17:00:35.338+00,8,email,2026-07-09 17:00:43.365+00
9ec35c26-9353-4174-acdd-a411cff27488,0c96a57e-6cc1-400f-bf3a-5740b699ac21,27edf455-e61a-48a9-a846-e2c6f42999b5,2026-07-09,2026-07-09 17:00:35.338+00,1,email,2026-07-09 17:00:46.284+00
c0ec7cc7-a7ca-485a-89d3-6a96d07c51a1,493aecc1-6791-4d62-bc63-f4f55c78e44e,642b0596-7431-4f50-acff-1eb4199fab76,2026-07-09,2026-07-09 17:00:35.338+00,1,email,2026-07-09 17:00:47.763+00
a49fb549-dd38-48c7-b703-f94244b9ae3c,0ece46cd-9571-4f7f-8043-c1f2249b6cf9,6f58e5f8-b85c-4f92-89b7-1cf3ca9f22b6,2026-07-09,2026-07-09 17:00:35.338+00,2,in_app,2026-07-09 17:00:48.645+00
2509e0bf-00e3-42d7-8cf9-606854ec6fe2,0ece46cd-9571-4f7f-8043-c1f2249b6cf9,6f58e5f8-b85c-4f92-89b7-1cf3ca9f22b6,2026-07-09,2026-07-09 17:00:35.338+00,2,email,2026-07-09 17:00:48.989+00
3d209f71-680a-42f2-807f-ae5ab10bcc07,0ae36a43-2ef0-4a7d-b95a-edcc7d9ac3f2,7b577c22-5513-42cc-ab19-2bf867e14ebc,2026-07-09,2026-07-09 17:00:35.338+00,1,in_app,2026-07-09 17:00:49.068+00
8bccb4c2-a1ab-48ac-8032-de2348ce0f5c,678b734f-19e2-4622-ab4e-fccd86f4877f,8cab859b-a1e1-4edb-af95-4e847e1c93e4,2026-07-09,2026-07-09 17:00:35.338+00,2,email,2026-07-09 17:00:50.202+00
c328d77e-0ee2-45fe-843c-de04b99c798a,0c96a57e-6cc1-400f-bf3a-5740b699ac21,658a0146-2d8a-4b2e-81e5-aa16fa9d0a30,2026-07-09,2026-07-09 17:00:35.338+00,1,in_app,2026-07-09 17:00:54.166+00
fadfdb24-63af-4d4c-a459-969c13f8f604,0c96a57e-6cc1-400f-bf3a-5740b699ac21,658a0146-2d8a-4b2e-81e5-aa16fa9d0a30,2026-07-09,2026-07-09 17:00:35.338+00,1,email,2026-07-09 17:00:54.497+00
956e483d-86c7-4720-bbf1-2bce808d2a0c,0c96a57e-6cc1-400f-bf3a-5740b699ac21,a3c5b629-15d3-48a7-b5ab-694e63dc8b63,2026-07-09,2026-07-09 17:00:35.338+00,8,email,2026-07-09 17:00:54.875+00
85cbed92-0c30-40aa-ab57-a76e28bdddde,0c96a57e-6cc1-400f-bf3a-5740b699ac21,b3db042c-4932-4f66-8aff-3136ed50db97,2026-07-09,2026-07-09 17:00:35.338+00,8,email,2026-07-09 17:00:55.366+00
f0d3d25a-de85-4b22-b921-db0b0ab712d3,0c96a57e-6cc1-400f-bf3a-5740b699ac21,decc7faa-b202-42f1-9a04-fe15fe97a892,2026-07-09,2026-07-09 17:00:35.338+00,1,in_app,2026-07-09 17:00:56.235+00
5ddb7d91-c150-4418-9bac-9fc8c10648cd,0c96a57e-6cc1-400f-bf3a-5740b699ac21,decc7faa-b202-42f1-9a04-fe15fe97a892,2026-07-09,2026-07-09 17:00:35.338+00,1,email,2026-07-09 17:00:56.642+00
34b950f2-4092-4361-9055-e1de0931258c,0c96a57e-6cc1-400f-bf3a-5740b699ac21,8cab859b-a1e1-4edb-af95-4e847e1c93e4,2026-07-09,2026-07-09 17:00:35.338+00,2,in_app,2026-07-09 17:00:56.714+00
00b77f60-f2d4-4b05-b3e7-61474897ea8e,0c96a57e-6cc1-400f-bf3a-5740b699ac21,8cab859b-a1e1-4edb-af95-4e847e1c93e4,2026-07-09,2026-07-09 17:00:35.338+00,2,email,2026-07-09 17:00:57.055+00
acc810f5-831b-4988-9216-174b924d2add,0c96a57e-6cc1-400f-bf3a-5740b699ac21,decc7faa-b202-42f1-9a04-fe15fe97a892,2026-07-12,2026-07-12 17:00:35.308+00,1,in_app,2026-07-12 17:00:59.374+00
c638df9c-eb46-4c75-ab61-3a426643b706,0c96a57e-6cc1-400f-bf3a-5740b699ac21,8cab859b-a1e1-4edb-af95-4e847e1c93e4,2026-07-12,2026-07-12 17:00:35.308+00,2,in_app,2026-07-12 17:00:59.799+00
0a052f6b-7991-44bf-bc6e-c6af3531ca0e,3870aadb-8625-4184-ac60-c6e20be4cdc5,a94fc469-4603-487f-ab7f-e2712197d510,2026-07-15,2026-07-15 17:00:20.242+00,9,in_app,2026-07-15 17:00:21.334+00
32f68f1e-ed64-4c06-a025-c5d198eed113,3870aadb-8625-4184-ac60-c6e20be4cdc5,a94fc469-4603-487f-ab7f-e2712197d510,2026-07-15,2026-07-15 17:00:20.242+00,9,email,2026-07-15 17:00:21.819+00
2cb7efd4-77f1-44c1-81bb-9ee33de2e1f9,bdcaf0e7-94cb-4745-ae1d-944ab5404b4d,c30e3590-04a3-4544-bf66-43228037bfc9,2026-07-15,2026-07-15 17:00:20.242+00,1,in_app,2026-07-15 17:00:22.546+00
c1c1ff44-5f2a-4e27-b541-97a3c21fb5f5,bdcaf0e7-94cb-4745-ae1d-944ab5404b4d,c30e3590-04a3-4544-bf66-43228037bfc9,2026-07-15,2026-07-15 17:00:20.242+00,1,email,2026-07-15 17:00:22.979+00
bcf3e8c4-c0c0-469c-890a-94182ef2fe93,0c96a57e-6cc1-400f-bf3a-5740b699ac21,7b577c22-5513-42cc-ab19-2bf867e14ebc,2026-07-15,2026-07-15 17:00:20.242+00,2,in_app,2026-07-15 17:00:23.727+00
95841a65-420c-4779-a86e-f9261d38f287,62a2569e-4be2-4326-bddd-3c6116ed18b0,7b577c22-5513-42cc-ab19-2bf867e14ebc,2026-07-15,2026-07-15 17:00:20.242+00,1,email,2026-07-15 17:00:27.595+00
1e8970d4-402c-4f70-90ee-a2ab1ced334e,2f940451-4cf3-44e3-9040-07942e4146c1,b874694b-f463-4dbd-bb6f-b04f121a8802,2026-07-15,2026-07-15 17:00:20.242+00,1,email,2026-07-15 17:00:28.13+00
87c7470c-bb5d-48ad-a18e-88c0cf9b47ad,62a2569e-4be2-4326-bddd-3c6116ed18b0,bdef184d-6217-4cdf-a59f-dc37008d13fd,2026-07-15,2026-07-15 17:00:20.242+00,1,in_app,2026-07-15 17:00:28.75+00
9407c085-d065-4138-8972-88242ae2a0be,62a2569e-4be2-4326-bddd-3c6116ed18b0,bdef184d-6217-4cdf-a59f-dc37008d13fd,2026-07-15,2026-07-15 17:00:20.242+00,1,email,2026-07-15 17:00:29.378+00
25134aff-7ac0-4240-8a87-b17e656cad82,b0737bfd-7bea-493b-8cfc-14946fcea8cd,90bb1d12-5855-4f3e-aecb-e92f597e650c,2026-07-15,2026-07-15 17:00:20.242+00,1,in_app,2026-07-15 17:00:29.503+00
5b7592d5-06af-439e-875e-ae07269f6126,b0737bfd-7bea-493b-8cfc-14946fcea8cd,90bb1d12-5855-4f3e-aecb-e92f597e650c,2026-07-15,2026-07-15 17:00:20.242+00,1,email,2026-07-15 17:00:29.895+00
627ef7b3-4a08-45bc-8db0-ef8d78f4f49e,b6617c09-9b4a-4ebc-bf50-e584b67edaa3,e5efecc9-f05f-479b-b2ea-81a2ed90fba4,2026-07-15,2026-07-15 17:00:20.242+00,1,email,2026-07-15 17:00:31.553+00
11c1caff-c4fa-4adb-9eb2-473e40e3caa0,b6617c09-9b4a-4ebc-bf50-e584b67edaa3,e5efecc9-f05f-479b-b2ea-81a2ed90fba4,2026-07-27,2026-07-27 11:00:02.405+00,1,email,2026-07-27 11:00:14.474+00
892ddf72-c9f5-4c1f-b7de-33db731b6e07,62a2569e-4be2-4326-bddd-3c6116ed18b0,bdef184d-6217-4cdf-a59f-dc37008d13fd,2026-07-17,2026-07-17 11:00:03.395+00,1,email,2026-07-17 11:00:12.424+00
d2217ebc-a4b6-4f18-9e79-8e5ce08d4e40,9647402f-c830-48fb-92a7-e1e0f719045f,9d005015-cf2c-4590-9c46-e55e56c7696d,2026-07-17,2026-07-17 11:00:03.395+00,1,in_app,2026-07-17 11:00:15.412+00
f231b06d-4027-4d19-a413-f223e5672df5,9647402f-c830-48fb-92a7-e1e0f719045f,9d005015-cf2c-4590-9c46-e55e56c7696d,2026-07-17,2026-07-17 11:00:03.395+00,1,email,2026-07-17 11:00:16.031+00
f44e73f3-2ee9-4cb8-a6a3-09323dd8cae9,678c949f-b372-4aba-9d9b-26d422134531,3258f102-8146-4986-964f-8c8f53441300,2026-07-17,2026-07-17 11:00:03.395+00,2,email,2026-07-17 11:00:17.208+00
503a4c88-b201-4881-b7fd-6ba69b2e4ee8,8396bd66-e3ed-4593-b985-3e380cd308eb,b0faf762-848b-4737-a04d-b2b4e1e8cc5b,2026-07-17,2026-07-17 11:00:03.395+00,1,in_app,2026-07-17 11:00:17.273+00
cfac1d02-d6b9-4239-93a0-f418199c54ba,0c96a57e-6cc1-400f-bf3a-5740b699ac21,27edf455-e61a-48a9-a846-e2c6f42999b5,2026-07-17,2026-07-17 11:00:03.395+00,1,in_app,2026-07-17 11:00:18.233+00
288ba807-a8ba-4de7-8b86-a347ed5e534c,493aecc1-6791-4d62-bc63-f4f55c78e44e,642b0596-7431-4f50-acff-1eb4199fab76,2026-07-17,2026-07-17 11:00:03.395+00,1,in_app,2026-07-17 11:00:19.683+00
b2cdfa8c-ebd0-446b-bbdb-b826ed88fbc0,493aecc1-6791-4d62-bc63-f4f55c78e44e,642b0596-7431-4f50-acff-1eb4199fab76,2026-07-17,2026-07-17 11:00:03.395+00,1,email,2026-07-17 11:00:20.031+00
bab0913f-7369-4072-be85-c2d9a27cd876,0c96a57e-6cc1-400f-bf3a-5740b699ac21,c6754833-e150-4c12-9149-45a6dfcd6eec,2026-07-17,2026-07-17 11:00:03.395+00,3,in_app,2026-07-17 11:00:20.102+00
08bc321e-f52a-4ef4-afab-4e63a4144940,0c96a57e-6cc1-400f-bf3a-5740b699ac21,c6754833-e150-4c12-9149-45a6dfcd6eec,2026-07-17,2026-07-17 11:00:03.395+00,3,email,2026-07-17 11:00:20.426+00
5e9d4136-8fd2-4a14-b397-2fd69c14cffc,493aecc1-6791-4d62-bc63-f4f55c78e44e,7b577c22-5513-42cc-ab19-2bf867e14ebc,2026-07-17,2026-07-17 11:00:03.395+00,7,in_app,2026-07-17 11:00:20.484+00
261875f4-fc87-492f-9bc3-f17db78ba306,c1f13659-b28c-4d50-8375-5bf200294992,1c2d5668-5cd9-49a7-a138-3ccd2bea5cbb,2026-07-17,2026-07-17 11:00:03.395+00,1,email,2026-07-17 11:00:22.382+00
ba6c66c9-4353-4f90-9ff0-c0a7ec628c2f,0c96a57e-6cc1-400f-bf3a-5740b699ac21,bdef184d-6217-4cdf-a59f-dc37008d13fd,2026-07-17,2026-07-17 11:00:03.395+00,8,in_app,2026-07-17 11:00:22.902+00
e7fc4cae-7cc1-4ab7-9030-533704cba7bb,0c96a57e-6cc1-400f-bf3a-5740b699ac21,ebe67fdd-2e23-43c0-8e9b-8abec2682d09,2026-07-17,2026-07-17 11:00:03.395+00,2,in_app,2026-07-17 11:00:24.494+00
960a2cd2-902b-4d44-a4ec-e20525cbbf29,0c96a57e-6cc1-400f-bf3a-5740b699ac21,ebe67fdd-2e23-43c0-8e9b-8abec2682d09,2026-07-17,2026-07-17 11:00:03.395+00,2,email,2026-07-17 11:00:24.837+00
963c85ae-52c0-42c5-b5be-d672550f3349,0c96a57e-6cc1-400f-bf3a-5740b699ac21,2a266637-be4e-4088-9918-a51576912f5c,2026-07-17,2026-07-17 11:00:03.395+00,4,in_app,2026-07-17 11:00:24.899+00
9f964aaa-59c6-4e5a-9186-3b1a2a9a9b6a,0c96a57e-6cc1-400f-bf3a-5740b699ac21,3258f102-8146-4986-964f-8c8f53441300,2026-07-17,2026-07-17 11:00:03.395+00,2,in_app,2026-07-17 11:00:26.48+00
b9fdbeeb-bdec-4eb2-8496-a281c80a61fd,0c96a57e-6cc1-400f-bf3a-5740b699ac21,3258f102-8146-4986-964f-8c8f53441300,2026-07-17,2026-07-17 11:00:03.395+00,2,email,2026-07-17 11:00:26.804+00
e270a233-ae57-4028-9af3-66e49ba4bec4,0c96a57e-6cc1-400f-bf3a-5740b699ac21,642b0596-7431-4f50-acff-1eb4199fab76,2026-07-17,2026-07-17 11:00:03.395+00,1,in_app,2026-07-17 11:00:27.345+00
1ac5fce4-d3d5-400a-b5ff-7e05694a42af,0c96a57e-6cc1-400f-bf3a-5740b699ac21,8cab859b-a1e1-4edb-af95-4e847e1c93e4,2026-07-17,2026-07-17 11:00:03.395+00,2,in_app,2026-07-17 11:00:28.158+00
07441614-feea-469e-92dd-b02d0be90101,2a72272f-56f2-4104-9952-5d3d8b19ff1d,27edf455-e61a-48a9-a846-e2c6f42999b5,2026-07-19,2026-07-19 11:01:02.32+00,1,email,2026-07-19 11:01:13.153+00
bdf0d3d5-8524-41f1-849e-c1fc974587d2,0c96a57e-6cc1-400f-bf3a-5740b699ac21,5d7214cd-c7d1-42ac-b859-b9e84dee9fab,2026-07-04,2026-07-04 17:01:31.584+00,1,email,2026-07-04 17:01:44.686+00
440faea0-bbf3-4c64-9979-eefab0740aa2,0c96a57e-6cc1-400f-bf3a-5740b699ac21,bdef184d-6217-4cdf-a59f-dc37008d13fd,2026-07-04,2026-07-04 17:01:31.584+00,8,in_app,2026-07-04 17:01:44.764+00
8c16e9fa-857b-4196-a823-87f28ba617de,0c96a57e-6cc1-400f-bf3a-5740b699ac21,bdef184d-6217-4cdf-a59f-dc37008d13fd,2026-07-04,2026-07-04 17:01:31.584+00,8,email,2026-07-04 17:01:45.028+00
dd657e59-f72a-4377-9ed9-8d23123b0ce1,0c96a57e-6cc1-400f-bf3a-5740b699ac21,d8eb23c1-2c90-4dfe-872a-aa3e3dcd6478,2026-07-04,2026-07-04 17:01:31.584+00,8,in_app,2026-07-04 17:01:45.86+00
861296eb-ad67-4999-ac9c-c915659a7723,0c96a57e-6cc1-400f-bf3a-5740b699ac21,28f7b9e8-9516-4a08-864c-9ff3e085ba87,2026-07-04,2026-07-04 17:01:31.584+00,1,email,2026-07-04 17:01:46.499+00
5a288559-122a-482b-9fa9-057a85462499,0c96a57e-6cc1-400f-bf3a-5740b699ac21,658a0146-2d8a-4b2e-81e5-aa16fa9d0a30,2026-07-04,2026-07-04 17:01:31.584+00,1,email,2026-07-04 17:01:47.194+00
9cc808b2-d94e-4236-b22e-6efe240ef824,0c96a57e-6cc1-400f-bf3a-5740b699ac21,b3db042c-4932-4f66-8aff-3136ed50db97,2026-07-04,2026-07-04 17:01:31.584+00,8,in_app,2026-07-04 17:01:48.008+00
6422f324-5dc5-4a76-91e7-8995136c7730,3870aadb-8625-4184-ac60-c6e20be4cdc5,a94fc469-4603-487f-ab7f-e2712197d510,2026-07-09,2026-07-09 17:00:35.338+00,7,in_app,2026-07-09 17:00:36.548+00
0d6322ec-b66e-4d3a-8944-1cdf9de61172,3870aadb-8625-4184-ac60-c6e20be4cdc5,a94fc469-4603-487f-ab7f-e2712197d510,2026-07-09,2026-07-09 17:00:35.338+00,7,email,2026-07-09 17:00:36.923+00
ffdbf7da-151f-43f0-9978-1f0dbe001091,b16b90c0-67c9-46c5-ac6f-2ccb8f3b2a08,5d7214cd-c7d1-42ac-b859-b9e84dee9fab,2026-07-09,2026-07-09 17:00:35.338+00,1,in_app,2026-07-09 17:00:37.024+00
50f3ef62-e709-4fe6-be35-da6554e528d9,8474aaf6-e7d1-4165-9bef-bf76bc701038,90bb1d12-5855-4f3e-aecb-e92f597e650c,2026-07-09,2026-07-09 17:00:35.338+00,1,email,2026-07-09 17:00:37.75+00
cbee0a74-c377-4da7-ab40-691ed63a704a,8396bd66-e3ed-4593-b985-3e380cd308eb,b0faf762-848b-4737-a04d-b2b4e1e8cc5b,2026-07-09,2026-07-09 17:00:35.338+00,2,in_app,2026-07-09 17:00:37.83+00
068a0a25-bbdb-466b-b007-286b68fffe74,8396bd66-e3ed-4593-b985-3e380cd308eb,b0faf762-848b-4737-a04d-b2b4e1e8cc5b,2026-07-09,2026-07-09 17:00:35.338+00,2,email,2026-07-09 17:00:38.37+00
3a66ebc6-9bf9-48ca-8376-fdf65cee87fd,c1f13659-b28c-4d50-8375-5bf200294992,3519d0a1-12b5-4a38-bbd5-a5b9d518cb53,2026-07-09,2026-07-09 17:00:35.338+00,1,in_app,2026-07-09 17:00:39.268+00
30eb88d9-b41c-4cb2-9f94-1f263f97a82f,c1f13659-b28c-4d50-8375-5bf200294992,3519d0a1-12b5-4a38-bbd5-a5b9d518cb53,2026-07-09,2026-07-09 17:00:35.338+00,1,email,2026-07-09 17:00:39.608+00
b3d3af4b-1e6b-4db1-9d2e-d8e7c47487df,8474aaf6-e7d1-4165-9bef-bf76bc701038,32ccdbe1-627f-4fe3-a506-056b997ed89b,2026-07-09,2026-07-09 17:00:35.338+00,3,in_app,2026-07-09 17:00:44.303+00
9a3d198f-8394-4add-b777-e8411623a667,8474aaf6-e7d1-4165-9bef-bf76bc701038,32ccdbe1-627f-4fe3-a506-056b997ed89b,2026-07-09,2026-07-09 17:00:35.338+00,3,email,2026-07-09 17:00:44.636+00
9389c599-9bb1-49e8-a270-29669e1470f9,04b00ab5-856d-4f95-962b-e9d97b33f207,a3c5b629-15d3-48a7-b5ab-694e63dc8b63,2026-07-09,2026-07-09 17:00:35.338+00,8,in_app,2026-07-09 17:00:45.54+00
de1fe4b1-fb92-4919-911e-94e3b988de64,04b00ab5-856d-4f95-962b-e9d97b33f207,a3c5b629-15d3-48a7-b5ab-694e63dc8b63,2026-07-09,2026-07-09 17:00:35.338+00,8,email,2026-07-09 17:00:45.886+00
5df4324e-6987-439e-a829-cd90733efcca,0c96a57e-6cc1-400f-bf3a-5740b699ac21,27edf455-e61a-48a9-a846-e2c6f42999b5,2026-07-09,2026-07-09 17:00:35.338+00,1,in_app,2026-07-09 17:00:45.966+00
5aea2cf7-9bcf-47c6-b1a0-98417eebe566,ed586056-17ca-4287-936a-c16e642c63a6,8737f689-7c9e-414a-8391-5bf93d5ba600,2026-07-09,2026-07-09 17:00:35.338+00,1,in_app,2026-07-09 17:00:46.367+00
08c415c5-0f69-414f-b006-8dc84e45b59b,ed586056-17ca-4287-936a-c16e642c63a6,8737f689-7c9e-414a-8391-5bf93d5ba600,2026-07-09,2026-07-09 17:00:35.338+00,1,email,2026-07-09 17:00:46.75+00
46927377-6423-424c-a4de-93b6350a846b,2e6f6612-8033-42e0-b84d-b2ea8aded8ac,b3db042c-4932-4f66-8aff-3136ed50db97,2026-07-09,2026-07-09 17:00:35.338+00,7,email,2026-07-09 17:00:47.349+00
d377c93d-ac53-48f1-b17d-1c2a2a4b4bdb,0c96a57e-6cc1-400f-bf3a-5740b699ac21,c6754833-e150-4c12-9149-45a6dfcd6eec,2026-07-09,2026-07-09 17:00:35.338+00,3,in_app,2026-07-09 17:00:47.841+00
b00f808b-5626-4322-8837-710dd00da21d,0c96a57e-6cc1-400f-bf3a-5740b699ac21,c6754833-e150-4c12-9149-45a6dfcd6eec,2026-07-09,2026-07-09 17:00:35.338+00,3,email,2026-07-09 17:00:48.175+00
6beb6f0f-3db0-46a6-8cbc-f968a78f437e,493aecc1-6791-4d62-bc63-f4f55c78e44e,7b577c22-5513-42cc-ab19-2bf867e14ebc,2026-07-09,2026-07-09 17:00:35.338+00,8,email,2026-07-09 17:00:48.568+00
2f6bc13a-acf4-49bc-96f9-8107076ddfed,c1f13659-b28c-4d50-8375-5bf200294992,decc7faa-b202-42f1-9a04-fe15fe97a892,2026-07-09,2026-07-09 17:00:35.338+00,1,email,2026-07-09 17:00:49.788+00
5dbf6a96-990a-4d03-955b-c86091e5cef3,0c96a57e-6cc1-400f-bf3a-5740b699ac21,6d3f8a2c-1a05-4e2a-b57e-d969b668049b,2026-07-09,2026-07-09 17:00:35.338+00,1,email,2026-07-09 17:00:52.399+00
6a20c73d-7471-4552-a8f9-ed4003358c96,0c96a57e-6cc1-400f-bf3a-5740b699ac21,ebe67fdd-2e23-43c0-8e9b-8abec2682d09,2026-07-09,2026-07-09 17:00:35.338+00,2,in_app,2026-07-09 17:00:52.479+00
9c0f9260-9f97-4195-a54f-5e15e38bfa4c,0c96a57e-6cc1-400f-bf3a-5740b699ac21,ebe67fdd-2e23-43c0-8e9b-8abec2682d09,2026-07-09,2026-07-09 17:00:35.338+00,2,email,2026-07-09 17:00:52.833+00
1665f12d-7b26-4a9f-a22d-576f503350be,0c96a57e-6cc1-400f-bf3a-5740b699ac21,2a266637-be4e-4088-9918-a51576912f5c,2026-07-09,2026-07-09 17:00:35.338+00,4,email,2026-07-09 17:00:53.241+00
d516b1f3-a687-477a-8b0b-2f0dfc41d5df,0c96a57e-6cc1-400f-bf3a-5740b699ac21,d8eb23c1-2c90-4dfe-872a-aa3e3dcd6478,2026-07-09,2026-07-09 17:00:35.338+00,8,in_app,2026-07-09 17:00:53.336+00
31a9692f-ed7f-452e-a1bc-38e85097ad04,0c96a57e-6cc1-400f-bf3a-5740b699ac21,d8eb23c1-2c90-4dfe-872a-aa3e3dcd6478,2026-07-09,2026-07-09 17:00:35.338+00,8,email,2026-07-09 17:00:53.654+00
0b0c123d-3735-4d04-9d58-222c7a5a0d35,0c96a57e-6cc1-400f-bf3a-5740b699ac21,28f7b9e8-9516-4a08-864c-9ff3e085ba87,2026-07-09,2026-07-09 17:00:35.338+00,1,in_app,2026-07-09 17:00:53.748+00
0c1b40c7-e1c4-481e-b243-5dc2395d1e4e,0c96a57e-6cc1-400f-bf3a-5740b699ac21,28f7b9e8-9516-4a08-864c-9ff3e085ba87,2026-07-09,2026-07-09 17:00:35.338+00,1,email,2026-07-09 17:00:54.083+00
7c79291e-2fce-4a9b-8434-ce75005ed003,0c96a57e-6cc1-400f-bf3a-5740b699ac21,a3c5b629-15d3-48a7-b5ab-694e63dc8b63,2026-07-09,2026-07-09 17:00:35.338+00,8,in_app,2026-07-09 17:00:54.569+00
79171cb3-9bdf-4826-b71b-6013f614e442,0c96a57e-6cc1-400f-bf3a-5740b699ac21,b3db042c-4932-4f66-8aff-3136ed50db97,2026-07-09,2026-07-09 17:00:35.338+00,8,in_app,2026-07-09 17:00:55.023+00
dd14f652-3246-4fe1-a9d7-100a1887de40,0c96a57e-6cc1-400f-bf3a-5740b699ac21,6f58e5f8-b85c-4f92-89b7-1cf3ca9f22b6,2026-07-09,2026-07-09 17:00:35.338+00,2,email,2026-07-09 17:00:56.158+00
63867725-fd2d-4249-87d4-2adc786790e5,0c96a57e-6cc1-400f-bf3a-5740b699ac21,968fc8e6-f918-4579-b0d1-26570ce5e94b,2026-07-13,2026-07-13 11:00:34.405+00,1,in_app,2026-07-13 11:00:34.646+00
e45195f5-a141-4017-99dd-deb5e9a61012,0c96a57e-6cc1-400f-bf3a-5740b699ac21,968fc8e6-f918-4579-b0d1-26570ce5e94b,2026-07-13,2026-07-13 11:00:34.405+00,1,email,2026-07-13 11:00:35.389+00
fe8d9038-4e80-4791-944f-01adc4131037,8474aaf6-e7d1-4165-9bef-bf76bc701038,90bb1d12-5855-4f3e-aecb-e92f597e650c,2026-07-13,2026-07-13 11:00:34.405+00,1,in_app,2026-07-13 11:00:36.007+00
b6ebe365-16be-47fa-b3af-62888cb0c559,8474aaf6-e7d1-4165-9bef-bf76bc701038,90bb1d12-5855-4f3e-aecb-e92f597e650c,2026-07-13,2026-07-13 11:00:34.405+00,1,email,2026-07-13 11:00:36.444+00
5cadc206-5a04-4dc7-88b3-9a4a30c19025,72aeb445-484f-4979-8c2a-d34ec40b22b0,bdef184d-6217-4cdf-a59f-dc37008d13fd,2026-07-13,2026-07-13 11:00:34.405+00,7,in_app,2026-07-13 11:00:37.978+00
185cd195-0a1b-476b-8cd1-b89f0d7d66b7,0c96a57e-6cc1-400f-bf3a-5740b699ac21,7b577c22-5513-42cc-ab19-2bf867e14ebc,2026-07-13,2026-07-13 11:00:34.405+00,2,email,2026-07-13 11:00:38.928+00
7edcff24-1587-4c1e-bbea-39b810fc021d,62a2569e-4be2-4326-bddd-3c6116ed18b0,bdef184d-6217-4cdf-a59f-dc37008d13fd,2026-07-13,2026-07-13 11:00:34.405+00,1,in_app,2026-07-13 11:00:41.411+00
ec6c2363-55f4-44c8-98d5-b68ac419836d,fd63bafa-9a78-43fb-9311-f78b8cbfb667,d8eb23c1-2c90-4dfe-872a-aa3e3dcd6478,2026-07-13,2026-07-13 11:00:34.405+00,8,in_app,2026-07-13 11:00:43.463+00
0231cec3-63ca-4f02-a81e-8147ab232826,c1f13659-b28c-4d50-8375-5bf200294992,658a0146-2d8a-4b2e-81e5-aa16fa9d0a30,2026-07-13,2026-07-13 11:00:34.405+00,1,email,2026-07-13 11:00:46.135+00
ccd5c6c3-d1d9-4766-8543-a3d99bbd2809,9647402f-c830-48fb-92a7-e1e0f719045f,9d005015-cf2c-4590-9c46-e55e56c7696d,2026-07-13,2026-07-13 11:00:34.405+00,1,email,2026-07-13 11:00:46.617+00
69d4bcdc-f9ac-4610-95f0-26e5b034710d,9066ac12-d1c6-4a15-ad74-4932bf8dd987,968fc8e6-f918-4579-b0d1-26570ce5e94b,2026-07-13,2026-07-13 11:00:34.405+00,2,email,2026-07-13 11:00:47.069+00
f391bcba-6323-4521-9bb3-16c5e27ca054,0c96a57e-6cc1-400f-bf3a-5740b699ac21,27edf455-e61a-48a9-a846-e2c6f42999b5,2026-07-13,2026-07-13 11:00:34.405+00,1,in_app,2026-07-13 11:00:48.238+00
b070a4ab-7f55-4499-a023-d01545db49e8,0c96a57e-6cc1-400f-bf3a-5740b699ac21,27edf455-e61a-48a9-a846-e2c6f42999b5,2026-07-13,2026-07-13 11:00:34.405+00,1,email,2026-07-13 11:00:48.61+00
c089d6af-0c72-48ad-859a-67216c7b0102,ed586056-17ca-4287-936a-c16e642c63a6,8737f689-7c9e-414a-8391-5bf93d5ba600,2026-07-13,2026-07-13 11:00:34.405+00,1,in_app,2026-07-13 11:00:48.669+00
c14afdee-3a22-4842-80a5-9a99dba7733a,ed586056-17ca-4287-936a-c16e642c63a6,8737f689-7c9e-414a-8391-5bf93d5ba600,2026-07-13,2026-07-13 11:00:34.405+00,1,email,2026-07-13 11:00:49+00
5c417ccc-fc61-4924-980c-276eb1cc4041,2e6f6612-8033-42e0-b84d-b2ea8aded8ac,b3db042c-4932-4f66-8aff-3136ed50db97,2026-07-13,2026-07-13 11:00:34.405+00,7,in_app,2026-07-13 11:00:49.06+00
c844801d-71e0-407e-b48f-fef35b5d684d,0ae36a43-2ef0-4a7d-b95a-edcc7d9ac3f2,7b577c22-5513-42cc-ab19-2bf867e14ebc,2026-07-13,2026-07-13 11:00:34.405+00,1,in_app,2026-07-13 11:00:51.207+00
1099dfdf-0839-4412-8a1e-d57e20e1376e,0ae36a43-2ef0-4a7d-b95a-edcc7d9ac3f2,7b577c22-5513-42cc-ab19-2bf867e14ebc,2026-07-13,2026-07-13 11:00:34.405+00,1,email,2026-07-13 11:00:51.635+00
0b39fd65-9453-425b-b7b1-0b21e62cc354,0c96a57e-6cc1-400f-bf3a-5740b699ac21,a94fc469-4603-487f-ab7f-e2712197d510,2026-07-13,2026-07-13 11:00:34.405+00,11,in_app,2026-07-13 11:00:53.284+00
5e408339-6d5c-43aa-91b6-ad744ecfcbfe,0c96a57e-6cc1-400f-bf3a-5740b699ac21,a94fc469-4603-487f-ab7f-e2712197d510,2026-07-13,2026-07-13 11:00:34.405+00,11,email,2026-07-13 11:00:53.661+00
f63c4a06-95cc-4b7a-9189-fef6a612f555,0c96a57e-6cc1-400f-bf3a-5740b699ac21,bdef184d-6217-4cdf-a59f-dc37008d13fd,2026-07-13,2026-07-13 11:00:34.405+00,8,in_app,2026-07-13 11:00:54.354+00
b917d4ae-9a4b-4cdd-8699-c1f6e8421380,0c96a57e-6cc1-400f-bf3a-5740b699ac21,3519d0a1-12b5-4a38-bbd5-a5b9d518cb53,2026-07-13,2026-07-13 11:00:34.405+00,1,in_app,2026-07-13 11:00:54.902+00
9a157c7e-895a-460f-9af9-a95782a84b63,0c96a57e-6cc1-400f-bf3a-5740b699ac21,6d3f8a2c-1a05-4e2a-b57e-d969b668049b,2026-07-13,2026-07-13 11:00:34.405+00,1,email,2026-07-13 11:00:55.798+00
95ed161b-de03-4a06-bf9a-c8ad09bfa45b,0c96a57e-6cc1-400f-bf3a-5740b699ac21,28f7b9e8-9516-4a08-864c-9ff3e085ba87,2026-07-13,2026-07-13 11:00:34.405+00,1,in_app,2026-07-13 11:00:57.686+00
e2c91304-1c8f-43e0-bde7-6f2f65388adf,0c96a57e-6cc1-400f-bf3a-5740b699ac21,658a0146-2d8a-4b2e-81e5-aa16fa9d0a30,2026-07-13,2026-07-13 11:00:34.405+00,1,in_app,2026-07-13 11:00:58.175+00
30eec0e2-e84a-46d5-861d-f39e2650d099,8474aaf6-e7d1-4165-9bef-bf76bc701038,90bb1d12-5855-4f3e-aecb-e92f597e650c,2026-07-15,2026-07-15 17:00:20.242+00,1,email,2026-07-15 17:00:22.418+00
7ab80f58-32d0-4041-8e61-5a28373a171d,9b5aa503-44ec-40de-9ceb-b1475639767e,2a266637-be4e-4088-9918-a51576912f5c,2026-07-15,2026-07-15 17:00:20.242+00,4,email,2026-07-15 17:00:30.691+00
daa250db-a6c2-4ad3-9680-d48f74c4aa0b,b6617c09-9b4a-4ebc-bf50-e584b67edaa3,e5efecc9-f05f-479b-b2ea-81a2ed90fba4,2026-07-15,2026-07-15 17:00:20.242+00,1,in_app,2026-07-15 17:00:30.82+00
616ec538-7ba5-4a8d-8e87-77eff06a49e0,b0737bfd-7bea-493b-8cfc-14946fcea8cd,32ccdbe1-627f-4fe3-a506-056b997ed89b,2026-07-15,2026-07-15 17:00:20.242+00,3,email,2026-07-15 17:00:33.925+00
8552c8ce-953e-46e4-b798-6a3f201e6281,9647402f-c830-48fb-92a7-e1e0f719045f,9d005015-cf2c-4590-9c46-e55e56c7696d,2026-07-15,2026-07-15 17:00:20.242+00,1,email,2026-07-15 17:00:34.43+00
dbb5b046-64e4-4c07-85be-6bed5c0cc3ba,2e6f6612-8033-42e0-b84d-b2ea8aded8ac,b3db042c-4932-4f66-8aff-3136ed50db97,2026-07-15,2026-07-15 17:00:20.242+00,7,in_app,2026-07-15 17:00:37.903+00
d24ed48f-0cf8-474f-8db5-3c90ee584cfd,493aecc1-6791-4d62-bc63-f4f55c78e44e,7b577c22-5513-42cc-ab19-2bf867e14ebc,2026-07-15,2026-07-15 17:00:20.242+00,7,in_app,2026-07-15 17:00:39.329+00
5326f009-6c95-4fa9-9773-9271954d1e95,0c96a57e-6cc1-400f-bf3a-5740b699ac21,2a266637-be4e-4088-9918-a51576912f5c,2026-07-04,2026-07-04 17:01:31.584+00,4,email,2026-07-04 17:01:45.793+00
b9fca28b-b010-4545-bd4a-81084376e38d,0c96a57e-6cc1-400f-bf3a-5740b699ac21,658a0146-2d8a-4b2e-81e5-aa16fa9d0a30,2026-07-04,2026-07-04 17:01:31.584+00,1,in_app,2026-07-04 17:01:46.867+00
663377a6-5df2-496b-a3ff-4f8e94830518,0c96a57e-6cc1-400f-bf3a-5740b699ac21,a3c5b629-15d3-48a7-b5ab-694e63dc8b63,2026-07-04,2026-07-04 17:01:31.584+00,8,email,2026-07-04 17:01:47.557+00
8c708573-3585-4bb7-86b4-468b62d4a33d,0c96a57e-6cc1-400f-bf3a-5740b699ac21,b3db042c-4932-4f66-8aff-3136ed50db97,2026-07-04,2026-07-04 17:01:31.584+00,8,email,2026-07-04 17:01:48.298+00
04beeca1-588f-49b5-b56b-78797d55890a,0c96a57e-6cc1-400f-bf3a-5740b699ac21,642b0596-7431-4f50-acff-1eb4199fab76,2026-07-04,2026-07-04 17:01:31.584+00,1,in_app,2026-07-04 17:01:48.388+00
3cd2f5a5-ef92-4a44-a33f-32b25c65b457,0c96a57e-6cc1-400f-bf3a-5740b699ac21,642b0596-7431-4f50-acff-1eb4199fab76,2026-07-04,2026-07-04 17:01:31.584+00,1,email,2026-07-04 17:01:48.685+00
65511f76-3494-4590-b9d8-eedf4621d991,0c96a57e-6cc1-400f-bf3a-5740b699ac21,6f58e5f8-b85c-4f92-89b7-1cf3ca9f22b6,2026-07-04,2026-07-04 17:01:31.584+00,2,in_app,2026-07-04 17:01:48.752+00
310a2a6a-e4df-4e7b-8364-369b52382d21,0c96a57e-6cc1-400f-bf3a-5740b699ac21,968fc8e6-f918-4579-b0d1-26570ce5e94b,2026-07-05,2026-07-05 11:00:02.541+00,1,in_app,2026-07-05 11:00:02.997+00
a823b145-a8ec-44b5-8f3d-2063fdccddf0,0c96a57e-6cc1-400f-bf3a-5740b699ac21,968fc8e6-f918-4579-b0d1-26570ce5e94b,2026-07-05,2026-07-05 11:00:02.541+00,1,email,2026-07-05 11:00:03.546+00
8e2b77c4-50ea-4ae0-8f02-b8adab676b9c,b16b90c0-67c9-46c5-ac6f-2ccb8f3b2a08,5d7214cd-c7d1-42ac-b859-b9e84dee9fab,2026-07-05,2026-07-05 11:00:02.541+00,2,in_app,2026-07-05 11:00:03.617+00
254cfc62-4301-43dd-a31e-ef9a42bcffec,b16b90c0-67c9-46c5-ac6f-2ccb8f3b2a08,5d7214cd-c7d1-42ac-b859-b9e84dee9fab,2026-07-05,2026-07-05 11:00:02.541+00,2,email,2026-07-05 11:00:03.949+00
e8af7680-f958-4184-8682-e0dc10e2898b,8474aaf6-e7d1-4165-9bef-bf76bc701038,90bb1d12-5855-4f3e-aecb-e92f597e650c,2026-07-05,2026-07-05 11:00:02.541+00,1,in_app,2026-07-05 11:00:04.017+00
2f6ba1ca-2264-473e-b647-bab7b1b57a93,8474aaf6-e7d1-4165-9bef-bf76bc701038,90bb1d12-5855-4f3e-aecb-e92f597e650c,2026-07-05,2026-07-05 11:00:02.541+00,1,email,2026-07-05 11:00:04.336+00
d0e24407-b6c8-45af-b530-de9b5e21902b,8396bd66-e3ed-4593-b985-3e380cd308eb,b0faf762-848b-4737-a04d-b2b4e1e8cc5b,2026-07-05,2026-07-05 11:00:02.541+00,2,in_app,2026-07-05 11:00:04.399+00
76eedebd-2529-49d7-bca0-982968d3fa6c,8396bd66-e3ed-4593-b985-3e380cd308eb,b0faf762-848b-4737-a04d-b2b4e1e8cc5b,2026-07-05,2026-07-05 11:00:02.541+00,2,email,2026-07-05 11:00:04.965+00
515b2936-10af-4e0a-a4f2-0e6d892905cc,72aeb445-484f-4979-8c2a-d34ec40b22b0,bdef184d-6217-4cdf-a59f-dc37008d13fd,2026-07-05,2026-07-05 11:00:02.541+00,7,in_app,2026-07-05 11:00:05.033+00
80b3f64b-2152-450b-b9b4-c01e663525f0,72aeb445-484f-4979-8c2a-d34ec40b22b0,bdef184d-6217-4cdf-a59f-dc37008d13fd,2026-07-05,2026-07-05 11:00:02.541+00,7,email,2026-07-05 11:00:05.349+00
50afde31-5441-4201-9de2-908600632f2f,2a72272f-56f2-4104-9952-5d3d8b19ff1d,27edf455-e61a-48a9-a846-e2c6f42999b5,2026-07-05,2026-07-05 11:00:02.541+00,1,in_app,2026-07-05 11:00:05.413+00
cf503833-6a09-4b62-8a4f-25f8358daeb1,2a72272f-56f2-4104-9952-5d3d8b19ff1d,27edf455-e61a-48a9-a846-e2c6f42999b5,2026-07-05,2026-07-05 11:00:02.541+00,1,email,2026-07-05 11:00:06.038+00
303e5ab6-5379-4cd0-9836-9bc27a21dc5d,0c96a57e-6cc1-400f-bf3a-5740b699ac21,7b577c22-5513-42cc-ab19-2bf867e14ebc,2026-07-05,2026-07-05 11:00:02.541+00,2,in_app,2026-07-05 11:00:06.1+00
b1d3cc6e-b78e-4745-96e1-14185b0ca197,0c96a57e-6cc1-400f-bf3a-5740b699ac21,7b577c22-5513-42cc-ab19-2bf867e14ebc,2026-07-05,2026-07-05 11:00:02.541+00,2,email,2026-07-05 11:00:06.423+00
45e56535-f4b0-44ab-968d-762ed17a7fb5,c1f13659-b28c-4d50-8375-5bf200294992,3519d0a1-12b5-4a38-bbd5-a5b9d518cb53,2026-07-05,2026-07-05 11:00:02.541+00,1,in_app,2026-07-05 11:00:06.488+00
d36e5607-ae51-44e7-872f-eab06fff498c,c1f13659-b28c-4d50-8375-5bf200294992,3519d0a1-12b5-4a38-bbd5-a5b9d518cb53,2026-07-05,2026-07-05 11:00:02.541+00,1,email,2026-07-05 11:00:06.82+00
417aa089-c5db-4346-9e26-71bc1e870354,62a2569e-4be2-4326-bddd-3c6116ed18b0,6d3f8a2c-1a05-4e2a-b57e-d969b668049b,2026-07-05,2026-07-05 11:00:02.541+00,1,in_app,2026-07-05 11:00:06.88+00
6232bf8a-6406-498a-9498-65b869d33f99,62a2569e-4be2-4326-bddd-3c6116ed18b0,6d3f8a2c-1a05-4e2a-b57e-d969b668049b,2026-07-05,2026-07-05 11:00:02.541+00,1,email,2026-07-05 11:00:07.2+00
1a11083b-eb15-44fc-988a-6699566342f6,62a2569e-4be2-4326-bddd-3c6116ed18b0,7b577c22-5513-42cc-ab19-2bf867e14ebc,2026-07-05,2026-07-05 11:00:02.541+00,1,in_app,2026-07-05 11:00:07.259+00
8a301cba-9df1-4164-98db-dea5a353b2a0,62a2569e-4be2-4326-bddd-3c6116ed18b0,7b577c22-5513-42cc-ab19-2bf867e14ebc,2026-07-05,2026-07-05 11:00:02.541+00,1,email,2026-07-05 11:00:07.626+00
4824536e-7f89-4e1a-83b8-8a27a8a7002a,62a2569e-4be2-4326-bddd-3c6116ed18b0,bdef184d-6217-4cdf-a59f-dc37008d13fd,2026-07-05,2026-07-05 11:00:02.541+00,1,in_app,2026-07-05 11:00:07.685+00
fc8833fb-23f9-4589-8ecd-bd56f85721f5,62a2569e-4be2-4326-bddd-3c6116ed18b0,bdef184d-6217-4cdf-a59f-dc37008d13fd,2026-07-05,2026-07-05 11:00:02.541+00,1,email,2026-07-05 11:00:07.984+00
4a0839a5-c047-4b9b-af06-6067112eb313,b0737bfd-7bea-493b-8cfc-14946fcea8cd,90bb1d12-5855-4f3e-aecb-e92f597e650c,2026-07-05,2026-07-05 11:00:02.541+00,1,in_app,2026-07-05 11:00:08.044+00
d9596bed-9bbc-4982-811e-f824f4aa8f74,b0737bfd-7bea-493b-8cfc-14946fcea8cd,90bb1d12-5855-4f3e-aecb-e92f597e650c,2026-07-05,2026-07-05 11:00:02.541+00,1,email,2026-07-05 11:00:08.387+00
8bcd36eb-4ad5-4312-be58-490272b2340d,9b5aa503-44ec-40de-9ceb-b1475639767e,2a266637-be4e-4088-9918-a51576912f5c,2026-07-05,2026-07-05 11:00:02.541+00,4,in_app,2026-07-05 11:00:08.447+00
3aa736d9-dfc4-4f5f-8129-12c2c57a75d7,9b5aa503-44ec-40de-9ceb-b1475639767e,2a266637-be4e-4088-9918-a51576912f5c,2026-07-05,2026-07-05 11:00:02.541+00,4,email,2026-07-05 11:00:08.919+00
c8450b37-8610-4bb7-af17-40c29634988f,b6617c09-9b4a-4ebc-bf50-e584b67edaa3,e5efecc9-f05f-479b-b2ea-81a2ed90fba4,2026-07-05,2026-07-05 11:00:02.541+00,1,in_app,2026-07-05 11:00:08.98+00
90890f69-28a4-43af-b7d7-b801ec70d057,b6617c09-9b4a-4ebc-bf50-e584b67edaa3,e5efecc9-f05f-479b-b2ea-81a2ed90fba4,2026-07-05,2026-07-05 11:00:02.541+00,1,email,2026-07-05 11:00:09.329+00
d406e217-3f42-4827-ae2b-a8c9e2cbef6e,fd63bafa-9a78-43fb-9311-f78b8cbfb667,d8eb23c1-2c90-4dfe-872a-aa3e3dcd6478,2026-07-05,2026-07-05 11:00:02.541+00,8,in_app,2026-07-05 11:00:09.392+00
c9d8d1a3-3e12-4d77-96c4-63982a857575,fd63bafa-9a78-43fb-9311-f78b8cbfb667,d8eb23c1-2c90-4dfe-872a-aa3e3dcd6478,2026-07-05,2026-07-05 11:00:02.541+00,8,email,2026-07-05 11:00:09.713+00
92108868-192e-41fb-acc9-e5437ab729d8,0c96a57e-6cc1-400f-bf3a-5740b699ac21,6237fa09-ec4a-46ca-a99b-4f8afb3bf259,2026-07-05,2026-07-05 11:00:02.541+00,1,in_app,2026-07-05 11:00:09.773+00
74efbc76-1771-430d-ad4d-6b5455648ec7,0c96a57e-6cc1-400f-bf3a-5740b699ac21,6237fa09-ec4a-46ca-a99b-4f8afb3bf259,2026-07-05,2026-07-05 11:00:02.541+00,1,email,2026-07-05 11:00:10.102+00
cd83dc51-e3f6-4ab9-a31f-0f32ec4956f5,b0737bfd-7bea-493b-8cfc-14946fcea8cd,32ccdbe1-627f-4fe3-a506-056b997ed89b,2026-07-05,2026-07-05 11:00:02.541+00,3,in_app,2026-07-05 11:00:10.159+00
0c062f87-6997-42f4-aa3c-0504e62427ab,b0737bfd-7bea-493b-8cfc-14946fcea8cd,32ccdbe1-627f-4fe3-a506-056b997ed89b,2026-07-05,2026-07-05 11:00:02.541+00,3,email,2026-07-05 11:00:10.494+00
820dd5d1-286c-476f-a5c6-743caa6e31f3,493aecc1-6791-4d62-bc63-f4f55c78e44e,a9c81e05-8b1a-47ad-a80d-dbc45603f068,2026-07-05,2026-07-05 11:00:02.541+00,1,in_app,2026-07-05 11:00:10.558+00
fa7f50a7-da50-4e7f-a752-c233a9720ae2,493aecc1-6791-4d62-bc63-f4f55c78e44e,a9c81e05-8b1a-47ad-a80d-dbc45603f068,2026-07-05,2026-07-05 11:00:02.541+00,1,email,2026-07-05 11:00:10.867+00
ef325064-1c31-48c4-adc1-6bddf5163e8e,8474aaf6-e7d1-4165-9bef-bf76bc701038,32ccdbe1-627f-4fe3-a506-056b997ed89b,2026-07-05,2026-07-05 11:00:02.541+00,3,in_app,2026-07-05 11:00:10.925+00
56e95d5a-7077-456d-9ec1-27d9be5c6517,8474aaf6-e7d1-4165-9bef-bf76bc701038,32ccdbe1-627f-4fe3-a506-056b997ed89b,2026-07-05,2026-07-05 11:00:02.541+00,3,email,2026-07-05 11:00:11.569+00
69e5ce9f-5053-48f1-8877-8ffab6c79395,c1f13659-b28c-4d50-8375-5bf200294992,658a0146-2d8a-4b2e-81e5-aa16fa9d0a30,2026-07-05,2026-07-05 11:00:02.541+00,1,in_app,2026-07-05 11:00:11.627+00
17d0dcd2-f8d3-44d5-94ac-ff441780c77d,c1f13659-b28c-4d50-8375-5bf200294992,658a0146-2d8a-4b2e-81e5-aa16fa9d0a30,2026-07-05,2026-07-05 11:00:02.541+00,1,email,2026-07-05 11:00:12.202+00
15a0fa4c-8b87-4aaa-9895-a55a3820cbc3,9066ac12-d1c6-4a15-ad74-4932bf8dd987,968fc8e6-f918-4579-b0d1-26570ce5e94b,2026-07-05,2026-07-05 11:00:02.541+00,2,in_app,2026-07-05 11:00:12.261+00
7a8f231b-74dc-4c69-8f96-7010f47cd1db,9066ac12-d1c6-4a15-ad74-4932bf8dd987,968fc8e6-f918-4579-b0d1-26570ce5e94b,2026-07-05,2026-07-05 11:00:02.541+00,2,email,2026-07-05 11:00:12.584+00
dc093daf-e18f-4815-ba47-3352bf7b802f,04b00ab5-856d-4f95-962b-e9d97b33f207,a3c5b629-15d3-48a7-b5ab-694e63dc8b63,2026-07-05,2026-07-05 11:00:02.541+00,8,in_app,2026-07-05 11:00:12.644+00
d18f78f3-d4b7-43cd-977d-c1db91fadeb0,04b00ab5-856d-4f95-962b-e9d97b33f207,a3c5b629-15d3-48a7-b5ab-694e63dc8b63,2026-07-05,2026-07-05 11:00:02.541+00,8,email,2026-07-05 11:00:12.971+00
e79d480a-b740-4b83-93c1-d3f4ef6a980d,3870aadb-8625-4184-ac60-c6e20be4cdc5,a94fc469-4603-487f-ab7f-e2712197d510,2026-07-05,2026-07-05 11:00:02.541+00,2,in_app,2026-07-05 11:00:13.029+00
f2e31a70-8858-4ed8-adcc-750e72892013,3870aadb-8625-4184-ac60-c6e20be4cdc5,a94fc469-4603-487f-ab7f-e2712197d510,2026-07-05,2026-07-05 11:00:02.541+00,2,email,2026-07-05 11:00:13.561+00
4a7703a7-2e1c-4f8d-b24a-c71cfb2da66f,0c96a57e-6cc1-400f-bf3a-5740b699ac21,27edf455-e61a-48a9-a846-e2c6f42999b5,2026-07-05,2026-07-05 11:00:02.541+00,1,in_app,2026-07-05 11:00:13.616+00
e30a3c79-4b7f-4d4e-b006-1a02c5f52262,0c96a57e-6cc1-400f-bf3a-5740b699ac21,27edf455-e61a-48a9-a846-e2c6f42999b5,2026-07-05,2026-07-05 11:00:02.541+00,1,email,2026-07-05 11:00:13.92+00
69d24e73-3a4e-4afe-be3c-9933f97a93a1,ed586056-17ca-4287-936a-c16e642c63a6,8737f689-7c9e-414a-8391-5bf93d5ba600,2026-07-05,2026-07-05 11:00:02.541+00,1,in_app,2026-07-05 11:00:13.98+00
19186ff8-bdba-46f0-9cf0-6562a68ca4f1,ed586056-17ca-4287-936a-c16e642c63a6,8737f689-7c9e-414a-8391-5bf93d5ba600,2026-07-05,2026-07-05 11:00:02.541+00,1,email,2026-07-05 11:00:14.379+00
dfaf148e-ba04-4587-9a4f-fa7e4db14620,2e6f6612-8033-42e0-b84d-b2ea8aded8ac,b3db042c-4932-4f66-8aff-3136ed50db97,2026-07-05,2026-07-05 11:00:02.541+00,7,in_app,2026-07-05 11:00:14.436+00
e8607c6c-1866-46be-9e77-dfe14cf38d95,2e6f6612-8033-42e0-b84d-b2ea8aded8ac,b3db042c-4932-4f66-8aff-3136ed50db97,2026-07-05,2026-07-05 11:00:02.541+00,7,email,2026-07-05 11:00:15.097+00
ef62ef8b-0f34-44ba-ada1-f9de4edd3f99,493aecc1-6791-4d62-bc63-f4f55c78e44e,642b0596-7431-4f50-acff-1eb4199fab76,2026-07-05,2026-07-05 11:00:02.541+00,1,in_app,2026-07-05 11:00:15.154+00
59c4242d-4e59-46b6-8390-db6458b694b0,493aecc1-6791-4d62-bc63-f4f55c78e44e,642b0596-7431-4f50-acff-1eb4199fab76,2026-07-05,2026-07-05 11:00:02.541+00,1,email,2026-07-05 11:00:15.436+00
c6252ba6-6bf8-45dd-8c6e-99315c8a0b09,0c96a57e-6cc1-400f-bf3a-5740b699ac21,c6754833-e150-4c12-9149-45a6dfcd6eec,2026-07-05,2026-07-05 11:00:02.541+00,3,in_app,2026-07-05 11:00:15.492+00
882902d3-bd01-46cd-b523-9d2a340a50f9,0c96a57e-6cc1-400f-bf3a-5740b699ac21,c6754833-e150-4c12-9149-45a6dfcd6eec,2026-07-05,2026-07-05 11:00:02.541+00,3,email,2026-07-05 11:00:15.817+00
ce3eea73-0dc9-409c-a8e0-ff9b46359d70,493aecc1-6791-4d62-bc63-f4f55c78e44e,7b577c22-5513-42cc-ab19-2bf867e14ebc,2026-07-05,2026-07-05 11:00:02.541+00,8,in_app,2026-07-05 11:00:15.874+00
356d3bc8-d9e9-4938-a60f-7c19b8e4d0db,493aecc1-6791-4d62-bc63-f4f55c78e44e,7b577c22-5513-42cc-ab19-2bf867e14ebc,2026-07-05,2026-07-05 11:00:02.541+00,8,email,2026-07-05 11:00:16.172+00
41ea89dc-46b6-4fd0-b78f-2be7a45d5b09,0ece46cd-9571-4f7f-8043-c1f2249b6cf9,6f58e5f8-b85c-4f92-89b7-1cf3ca9f22b6,2026-07-05,2026-07-05 11:00:02.541+00,2,in_app,2026-07-05 11:00:16.227+00
4a57df02-d1a1-4a82-b893-31db2313eb06,0ece46cd-9571-4f7f-8043-c1f2249b6cf9,6f58e5f8-b85c-4f92-89b7-1cf3ca9f22b6,2026-07-05,2026-07-05 11:00:02.541+00,2,email,2026-07-05 11:00:16.523+00
321424ff-c8a9-4bc6-8fa2-43f7bc150b25,0ae36a43-2ef0-4a7d-b95a-edcc7d9ac3f2,7b577c22-5513-42cc-ab19-2bf867e14ebc,2026-07-05,2026-07-05 11:00:02.541+00,1,in_app,2026-07-05 11:00:16.578+00
b7294c28-475d-402b-b9d2-1285ea670f8f,0ae36a43-2ef0-4a7d-b95a-edcc7d9ac3f2,7b577c22-5513-42cc-ab19-2bf867e14ebc,2026-07-05,2026-07-05 11:00:02.541+00,1,email,2026-07-05 11:00:16.907+00
9d80c2e6-8609-4e81-8bfb-1485d8be2681,c1f13659-b28c-4d50-8375-5bf200294992,decc7faa-b202-42f1-9a04-fe15fe97a892,2026-07-05,2026-07-05 11:00:02.541+00,1,in_app,2026-07-05 11:00:16.962+00
5050a124-5ab1-48bb-a405-c7b8edfd7c6e,c1f13659-b28c-4d50-8375-5bf200294992,decc7faa-b202-42f1-9a04-fe15fe97a892,2026-07-05,2026-07-05 11:00:02.541+00,1,email,2026-07-05 11:00:17.258+00
5f5d359c-8d7b-4fa4-a6bb-5f6a9a0516fd,0c96a57e-6cc1-400f-bf3a-5740b699ac21,5d7214cd-c7d1-42ac-b859-b9e84dee9fab,2026-07-05,2026-07-05 11:00:02.541+00,2,email,2026-07-05 11:00:18.124+00
24fb3a49-f43c-4411-a283-502246443865,0c96a57e-6cc1-400f-bf3a-5740b699ac21,7b577c22-5513-42cc-ab19-2bf867e14ebc,2026-07-09,2026-07-09 17:00:35.338+00,2,in_app,2026-07-09 17:00:38.861+00
cf857475-898a-4ded-8f77-6e08330ec2cb,0c96a57e-6cc1-400f-bf3a-5740b699ac21,7b577c22-5513-42cc-ab19-2bf867e14ebc,2026-07-09,2026-07-09 17:00:35.338+00,2,email,2026-07-09 17:00:39.188+00
3237e908-7278-43c6-9fac-30e5e95290e6,62a2569e-4be2-4326-bddd-3c6116ed18b0,6d3f8a2c-1a05-4e2a-b57e-d969b668049b,2026-07-09,2026-07-09 17:00:35.338+00,1,email,2026-07-09 17:00:40.281+00
72351c82-ab88-4636-8828-3e36f1efc602,0c96a57e-6cc1-400f-bf3a-5740b699ac21,6237fa09-ec4a-46ca-a99b-4f8afb3bf259,2026-07-09,2026-07-09 17:00:35.338+00,1,email,2026-07-09 17:00:43.776+00
a6f7ffd2-e2fc-4521-8e1a-8262baecd40b,b0737bfd-7bea-493b-8cfc-14946fcea8cd,32ccdbe1-627f-4fe3-a506-056b997ed89b,2026-07-09,2026-07-09 17:00:35.338+00,3,email,2026-07-09 17:00:44.222+00
b04e761a-64d4-4358-b9b8-9d34aa4a579f,c1f13659-b28c-4d50-8375-5bf200294992,decc7faa-b202-42f1-9a04-fe15fe97a892,2026-07-09,2026-07-09 17:00:35.338+00,1,in_app,2026-07-09 17:00:49.462+00
db51fdcc-1c60-464a-b7cf-b3ddd880635d,0c96a57e-6cc1-400f-bf3a-5740b699ac21,642b0596-7431-4f50-acff-1eb4199fab76,2026-07-09,2026-07-09 17:00:35.338+00,1,in_app,2026-07-09 17:00:55.442+00
298a0289-0c34-4b64-abab-fa9941aadb4c,0c96a57e-6cc1-400f-bf3a-5740b699ac21,6f58e5f8-b85c-4f92-89b7-1cf3ca9f22b6,2026-07-09,2026-07-09 17:00:35.338+00,2,in_app,2026-07-09 17:00:55.859+00
7928706d-875b-4032-bb67-91b850020698,3870aadb-8625-4184-ac60-c6e20be4cdc5,a94fc469-4603-487f-ab7f-e2712197d510,2026-07-13,2026-07-13 11:00:34.405+00,11,in_app,2026-07-13 11:00:35.497+00
15cdaa91-1fbc-4f14-9a2b-3ba3d7baaa4c,3870aadb-8625-4184-ac60-c6e20be4cdc5,a94fc469-4603-487f-ab7f-e2712197d510,2026-07-13,2026-07-13 11:00:34.405+00,11,email,2026-07-13 11:00:35.903+00
089b4295-894d-413f-bb51-8cffa2c96967,bdcaf0e7-94cb-4745-ae1d-944ab5404b4d,c30e3590-04a3-4544-bf66-43228037bfc9,2026-07-13,2026-07-13 11:00:34.405+00,1,in_app,2026-07-13 11:00:36.552+00
63707d4f-04ce-4c7b-851b-b9fe07e2bc7e,8396bd66-e3ed-4593-b985-3e380cd308eb,b0faf762-848b-4737-a04d-b2b4e1e8cc5b,2026-07-13,2026-07-13 11:00:34.405+00,2,in_app,2026-07-13 11:00:37.16+00
154aab50-610f-4b8d-bced-8fd3594e307d,8396bd66-e3ed-4593-b985-3e380cd308eb,b0faf762-848b-4737-a04d-b2b4e1e8cc5b,2026-07-13,2026-07-13 11:00:34.405+00,2,email,2026-07-13 11:00:37.881+00
f47dea46-171c-4a38-9446-8eb928cb0102,72aeb445-484f-4979-8c2a-d34ec40b22b0,bdef184d-6217-4cdf-a59f-dc37008d13fd,2026-07-13,2026-07-13 11:00:34.405+00,7,email,2026-07-13 11:00:38.405+00
82aa8d69-6744-4eb5-a5a5-29435c7c21a6,0c96a57e-6cc1-400f-bf3a-5740b699ac21,7b577c22-5513-42cc-ab19-2bf867e14ebc,2026-07-13,2026-07-13 11:00:34.405+00,2,in_app,2026-07-13 11:00:38.502+00
ae8bb701-5b6b-4125-bba8-80b08152c76c,c1f13659-b28c-4d50-8375-5bf200294992,3519d0a1-12b5-4a38-bbd5-a5b9d518cb53,2026-07-13,2026-07-13 11:00:34.405+00,1,in_app,2026-07-13 11:00:39.03+00
705d0a1b-ef00-4add-8ced-66416a57e1c8,c1f13659-b28c-4d50-8375-5bf200294992,3519d0a1-12b5-4a38-bbd5-a5b9d518cb53,2026-07-13,2026-07-13 11:00:34.405+00,1,email,2026-07-13 11:00:39.431+00
c6b395d3-bb13-4118-b991-de5422fc0f09,62a2569e-4be2-4326-bddd-3c6116ed18b0,6d3f8a2c-1a05-4e2a-b57e-d969b668049b,2026-07-13,2026-07-13 11:00:34.405+00,1,in_app,2026-07-13 11:00:39.496+00
4947f4bc-75cf-4ff3-b306-e06a3de55381,62a2569e-4be2-4326-bddd-3c6116ed18b0,6d3f8a2c-1a05-4e2a-b57e-d969b668049b,2026-07-13,2026-07-13 11:00:34.405+00,1,email,2026-07-13 11:00:39.85+00
760936e3-ca44-4e06-980e-aa8214a0e3b6,0c96a57e-6cc1-400f-bf3a-5740b699ac21,9e39aa76-bf9c-4630-afb4-5ea10a9cb738,2026-07-13,2026-07-13 11:00:34.405+00,1,email,2026-07-13 11:00:40.755+00
857dc7c7-1482-4523-aac0-9a4c3d3a01dc,fd63bafa-9a78-43fb-9311-f78b8cbfb667,d8eb23c1-2c90-4dfe-872a-aa3e3dcd6478,2026-07-27,2026-07-27 11:00:02.405+00,8,in_app,2026-07-27 11:00:14.566+00
2b8fb522-1f14-437a-b7ea-c8dd95ebaee7,62a2569e-4be2-4326-bddd-3c6116ed18b0,bdef184d-6217-4cdf-a59f-dc37008d13fd,2026-07-13,2026-07-13 11:00:34.405+00,1,email,2026-07-13 11:00:41.815+00
47124eca-4b96-451d-a65f-c41c3acc75f7,b6617c09-9b4a-4ebc-bf50-e584b67edaa3,e5efecc9-f05f-479b-b2ea-81a2ed90fba4,2026-07-13,2026-07-13 11:00:34.405+00,1,email,2026-07-13 11:00:43.363+00
efe17fa1-2d10-442e-a9df-4ebedabe2221,8474aaf6-e7d1-4165-9bef-bf76bc701038,32ccdbe1-627f-4fe3-a506-056b997ed89b,2026-07-13,2026-07-13 11:00:34.405+00,4,in_app,2026-07-13 11:00:43.941+00
ca923aaa-a5cc-453b-954a-af1664072081,8474aaf6-e7d1-4165-9bef-bf76bc701038,32ccdbe1-627f-4fe3-a506-056b997ed89b,2026-07-13,2026-07-13 11:00:34.405+00,4,email,2026-07-13 11:00:44.332+00
bd12de6c-72a9-4b45-b337-93068d473fa5,b0737bfd-7bea-493b-8cfc-14946fcea8cd,32ccdbe1-627f-4fe3-a506-056b997ed89b,2026-07-13,2026-07-13 11:00:34.405+00,3,email,2026-07-13 11:00:45.651+00
0a4711e4-3d60-4148-b98a-04c8f6954822,c1f13659-b28c-4d50-8375-5bf200294992,658a0146-2d8a-4b2e-81e5-aa16fa9d0a30,2026-07-13,2026-07-13 11:00:34.405+00,1,in_app,2026-07-13 11:00:45.751+00
2814f680-01b6-47e1-9b37-a7981e364950,9647402f-c830-48fb-92a7-e1e0f719045f,9d005015-cf2c-4590-9c46-e55e56c7696d,2026-07-13,2026-07-13 11:00:34.405+00,1,in_app,2026-07-13 11:00:46.23+00
73ebb1b1-ea5b-498f-9ade-e1ce24ca15ce,0c96a57e-6cc1-400f-bf3a-5740b699ac21,c6754833-e150-4c12-9149-45a6dfcd6eec,2026-07-13,2026-07-13 11:00:34.405+00,3,email,2026-07-13 11:00:50.226+00
896ad3ea-adfd-4edd-8e7a-1113112c5ae1,678b734f-19e2-4622-ab4e-fccd86f4877f,8cab859b-a1e1-4edb-af95-4e847e1c93e4,2026-07-13,2026-07-13 11:00:34.405+00,2,email,2026-07-13 11:00:52.573+00
097dbea7-0ca6-46d0-8892-be8d4ca46c49,c1f13659-b28c-4d50-8375-5bf200294992,1c2d5668-5cd9-49a7-a138-3ccd2bea5cbb,2026-07-13,2026-07-13 11:00:34.405+00,1,in_app,2026-07-13 11:00:52.672+00
6bba91cd-f4df-49a7-b276-7a05c5862924,c1f13659-b28c-4d50-8375-5bf200294992,1c2d5668-5cd9-49a7-a138-3ccd2bea5cbb,2026-07-13,2026-07-13 11:00:34.405+00,1,email,2026-07-13 11:00:53.061+00
0e32fb82-4b6c-45a3-bf08-623ca7eee3e6,0c96a57e-6cc1-400f-bf3a-5740b699ac21,bdef184d-6217-4cdf-a59f-dc37008d13fd,2026-07-13,2026-07-13 11:00:34.405+00,8,email,2026-07-13 11:00:54.743+00
cc781074-0f5d-4d2e-b7a7-e13e08064075,0c96a57e-6cc1-400f-bf3a-5740b699ac21,2a266637-be4e-4088-9918-a51576912f5c,2026-07-13,2026-07-13 11:00:34.405+00,4,email,2026-07-13 11:00:56.945+00
9d02eac3-1583-4484-8555-4f57a108aab2,0c96a57e-6cc1-400f-bf3a-5740b699ac21,d8eb23c1-2c90-4dfe-872a-aa3e3dcd6478,2026-07-13,2026-07-13 11:00:34.405+00,8,in_app,2026-07-13 11:00:57.098+00
562e1bd3-2adf-4afe-9340-f9fd8a94e405,0c96a57e-6cc1-400f-bf3a-5740b699ac21,d8eb23c1-2c90-4dfe-872a-aa3e3dcd6478,2026-07-13,2026-07-13 11:00:34.405+00,8,email,2026-07-13 11:00:57.529+00
bec1f091-d705-467e-83d3-cc677e911998,0c96a57e-6cc1-400f-bf3a-5740b699ac21,658a0146-2d8a-4b2e-81e5-aa16fa9d0a30,2026-07-13,2026-07-13 11:00:34.405+00,1,email,2026-07-13 11:00:58.573+00
4de7fb68-509b-429b-b3dd-4d8664d1b086,0c96a57e-6cc1-400f-bf3a-5740b699ac21,a3c5b629-15d3-48a7-b5ab-694e63dc8b63,2026-07-13,2026-07-13 11:00:34.405+00,8,in_app,2026-07-13 11:00:58.728+00
0230257c-b08a-4355-97cf-cd690afccdaa,72aeb445-484f-4979-8c2a-d34ec40b22b0,bdef184d-6217-4cdf-a59f-dc37008d13fd,2026-07-15,2026-07-15 17:00:20.242+00,7,in_app,2026-07-15 17:00:23.108+00
5365a3c6-e6d3-494d-8ed3-78a9fc6c2c9a,c1f13659-b28c-4d50-8375-5bf200294992,3519d0a1-12b5-4a38-bbd5-a5b9d518cb53,2026-07-15,2026-07-15 17:00:20.242+00,1,in_app,2026-07-15 17:00:25.647+00
d6378db3-7a03-44f7-b03b-ecf5f9369dc6,fd63bafa-9a78-43fb-9311-f78b8cbfb667,d8eb23c1-2c90-4dfe-872a-aa3e3dcd6478,2026-07-27,2026-07-27 11:00:02.405+00,8,email,2026-07-27 11:00:14.944+00
9092f10d-b711-409b-9eb5-26f2326f74d7,c55a28b3-798e-45db-8129-8aeb8046dcd5,32ccdbe1-627f-4fe3-a506-056b997ed89b,2026-07-27,2026-07-27 11:00:02.405+00,1,email,2026-07-27 11:00:15.375+00
90f25ad7-bfd2-4052-b874-e0b2c019c5e6,04b00ab5-856d-4f95-962b-e9d97b33f207,a3c5b629-15d3-48a7-b5ab-694e63dc8b63,2026-07-15,2026-07-15 17:00:20.242+00,8,in_app,2026-07-15 17:00:35.199+00
0fa544b4-152b-4594-b68d-58369050d925,ed586056-17ca-4287-936a-c16e642c63a6,8737f689-7c9e-414a-8391-5bf93d5ba600,2026-07-15,2026-07-15 17:00:20.242+00,1,in_app,2026-07-15 17:00:37.41+00
6995c848-d9e3-4263-a720-2fd8f4a11b2d,0c96a57e-6cc1-400f-bf3a-5740b699ac21,c6754833-e150-4c12-9149-45a6dfcd6eec,2026-07-15,2026-07-15 17:00:20.242+00,3,in_app,2026-07-15 17:00:38.882+00
499742fb-194e-44f3-8b1d-f464ab56153e,0c96a57e-6cc1-400f-bf3a-5740b699ac21,c6754833-e150-4c12-9149-45a6dfcd6eec,2026-07-15,2026-07-15 17:00:20.242+00,3,email,2026-07-15 17:00:39.255+00
5e42d53a-ead7-4d8d-8f34-734890f7b5c6,c1f13659-b28c-4d50-8375-5bf200294992,decc7faa-b202-42f1-9a04-fe15fe97a892,2026-07-15,2026-07-15 17:00:20.242+00,1,in_app,2026-07-15 17:00:40.381+00
d67e838e-37b0-4533-99cc-5c2e36a1adf5,0c96a57e-6cc1-400f-bf3a-5740b699ac21,bdef184d-6217-4cdf-a59f-dc37008d13fd,2026-07-15,2026-07-15 17:00:20.242+00,8,in_app,2026-07-15 17:00:43.051+00
cce517ec-d139-4b84-b764-8fa11a3a232a,0c96a57e-6cc1-400f-bf3a-5740b699ac21,bdef184d-6217-4cdf-a59f-dc37008d13fd,2026-07-15,2026-07-15 17:00:20.242+00,8,email,2026-07-15 17:00:43.478+00
9f82b01c-012a-4810-b4b4-263f0b1908c9,0c96a57e-6cc1-400f-bf3a-5740b699ac21,2a266637-be4e-4088-9918-a51576912f5c,2026-07-15,2026-07-15 17:00:20.242+00,4,in_app,2026-07-15 17:00:46.216+00
fe1d4d77-0807-4554-806f-6fb12035292d,0c96a57e-6cc1-400f-bf3a-5740b699ac21,2a266637-be4e-4088-9918-a51576912f5c,2026-07-15,2026-07-15 17:00:20.242+00,4,email,2026-07-15 17:00:46.66+00
94d96ae1-2fbe-41f4-a7bc-4794e6ba9cbd,0c96a57e-6cc1-400f-bf3a-5740b699ac21,a3c5b629-15d3-48a7-b5ab-694e63dc8b63,2026-07-15,2026-07-15 17:00:20.242+00,8,in_app,2026-07-15 17:00:47.905+00
4a563dce-0a0e-4a22-9787-e1d69f304cb0,0c96a57e-6cc1-400f-bf3a-5740b699ac21,a3c5b629-15d3-48a7-b5ab-694e63dc8b63,2026-07-15,2026-07-15 17:00:20.242+00,8,email,2026-07-15 17:00:48.299+00
1efa44eb-8343-4bd6-b2e7-bc050f9f94c1,0c96a57e-6cc1-400f-bf3a-5740b699ac21,b3db042c-4932-4f66-8aff-3136ed50db97,2026-07-15,2026-07-15 17:00:20.242+00,8,in_app,2026-07-15 17:00:49.031+00
3f08e030-7cd3-4e19-816f-d4e5ee1cc7fa,0c96a57e-6cc1-400f-bf3a-5740b699ac21,b3db042c-4932-4f66-8aff-3136ed50db97,2026-07-15,2026-07-15 17:00:20.242+00,8,email,2026-07-15 17:00:49.435+00
ae4e42e7-5087-46d9-99aa-4b6523b255ec,0c96a57e-6cc1-400f-bf3a-5740b699ac21,642b0596-7431-4f50-acff-1eb4199fab76,2026-07-15,2026-07-15 17:00:20.242+00,1,in_app,2026-07-15 17:00:49.557+00
02b4cfb9-3b0f-4cbf-bb36-ee97f8ef4ffc,493aecc1-6791-4d62-bc63-f4f55c78e44e,7b577c22-5513-42cc-ab19-2bf867e14ebc,2026-07-17,2026-07-17 11:00:03.395+00,7,email,2026-07-17 11:00:20.792+00
1b525da8-2ca3-41d4-8aee-3fbe9d06e10f,0ae36a43-2ef0-4a7d-b95a-edcc7d9ac3f2,7b577c22-5513-42cc-ab19-2bf867e14ebc,2026-07-17,2026-07-17 11:00:03.395+00,1,in_app,2026-07-17 11:00:20.852+00
71002c69-cc14-44ee-8a10-c127270dc7dc,0ae36a43-2ef0-4a7d-b95a-edcc7d9ac3f2,7b577c22-5513-42cc-ab19-2bf867e14ebc,2026-07-17,2026-07-17 11:00:03.395+00,1,email,2026-07-17 11:00:21.201+00
8e12f077-06b5-4ad4-b66e-e4b3e0817f62,c1f13659-b28c-4d50-8375-5bf200294992,1c2d5668-5cd9-49a7-a138-3ccd2bea5cbb,2026-07-17,2026-07-17 11:00:03.395+00,1,in_app,2026-07-17 11:00:22.021+00
f4021c46-7a38-4525-8fd6-2faaa634c563,0c96a57e-6cc1-400f-bf3a-5740b699ac21,decc7faa-b202-42f1-9a04-fe15fe97a892,2026-07-17,2026-07-17 11:00:03.395+00,1,email,2026-07-17 11:00:28.093+00
219ee421-a961-4a5e-b8de-899d27773b2f,0c96a57e-6cc1-400f-bf3a-5740b699ac21,8cab859b-a1e1-4edb-af95-4e847e1c93e4,2026-07-17,2026-07-17 11:00:03.395+00,2,email,2026-07-17 11:00:28.483+00
21f4646c-378e-4a0f-9945-5708fcdd13ca,0c96a57e-6cc1-400f-bf3a-5740b699ac21,1c2d5668-5cd9-49a7-a138-3ccd2bea5cbb,2026-07-17,2026-07-17 11:00:03.395+00,1,email,2026-07-17 11:00:28.857+00
6b44a031-42da-44e3-b476-76a63bc94ce6,0c96a57e-6cc1-400f-bf3a-5740b699ac21,27edf455-e61a-48a9-a846-e2c6f42999b5,2026-07-19,2026-07-19 11:01:02.32+00,1,in_app,2026-07-19 11:01:13.238+00
dd0cf31c-bad5-4ade-9f85-e0c7c020f99c,0c96a57e-6cc1-400f-bf3a-5740b699ac21,27edf455-e61a-48a9-a846-e2c6f42999b5,2026-07-19,2026-07-19 11:01:02.32+00,1,email,2026-07-19 11:01:13.542+00
8967c905-9ab8-4a81-9d6c-8a4b4f3bf3c5,ed586056-17ca-4287-936a-c16e642c63a6,8737f689-7c9e-414a-8391-5bf93d5ba600,2026-07-19,2026-07-19 11:01:02.32+00,1,in_app,2026-07-19 11:01:13.625+00
3a5d5c19-3afd-44fd-8a45-c6201160a6c8,ed586056-17ca-4287-936a-c16e642c63a6,8737f689-7c9e-414a-8391-5bf93d5ba600,2026-07-19,2026-07-19 11:01:02.32+00,1,email,2026-07-19 11:01:13.91+00
95b50682-d375-4a42-b3ee-3732412a6fbc,0ae36a43-2ef0-4a7d-b95a-edcc7d9ac3f2,7b577c22-5513-42cc-ab19-2bf867e14ebc,2026-07-19,2026-07-19 11:01:02.32+00,1,in_app,2026-07-19 11:01:15.894+00
583b803b-def5-472d-a72c-9a3556147c3f,678b734f-19e2-4622-ab4e-fccd86f4877f,8cab859b-a1e1-4edb-af95-4e847e1c93e4,2026-07-05,2026-07-05 11:00:02.541+00,2,in_app,2026-07-05 11:00:17.318+00
cd765241-ac3b-4471-be30-a9fa68029b1d,62a2569e-4be2-4326-bddd-3c6116ed18b0,7b577c22-5513-42cc-ab19-2bf867e14ebc,2026-07-09,2026-07-09 17:00:35.338+00,1,in_app,2026-07-09 17:00:40.362+00
9780f1e3-6a17-492c-b239-05b0a59eff7b,c55a28b3-798e-45db-8129-8aeb8046dcd5,32ccdbe1-627f-4fe3-a506-056b997ed89b,2026-07-27,2026-07-27 11:00:02.405+00,1,in_app,2026-07-27 11:00:15.029+00
8640801b-08f0-4926-8888-b7897cf06478,fd63bafa-9a78-43fb-9311-f78b8cbfb667,d8eb23c1-2c90-4dfe-872a-aa3e3dcd6478,2026-07-09,2026-07-09 17:00:35.338+00,8,in_app,2026-07-09 17:00:43.041+00
d1a282bc-e6ff-48e4-8bfe-22a9b1baa3aa,bdcaf0e7-94cb-4745-ae1d-944ab5404b4d,c30e3590-04a3-4544-bf66-43228037bfc9,2026-07-13,2026-07-13 11:00:34.405+00,1,email,2026-07-13 11:00:37.053+00
5802356a-afe0-4416-a9f0-ebd17f13b87c,62a2569e-4be2-4326-bddd-3c6116ed18b0,7b577c22-5513-42cc-ab19-2bf867e14ebc,2026-07-13,2026-07-13 11:00:34.405+00,1,in_app,2026-07-13 11:00:39.911+00
fe8f8d0c-e26f-40bc-b6df-24dbe80da7d2,62a2569e-4be2-4326-bddd-3c6116ed18b0,7b577c22-5513-42cc-ab19-2bf867e14ebc,2026-07-13,2026-07-13 11:00:34.405+00,1,email,2026-07-13 11:00:40.299+00
8cb1f844-5993-4865-a4e7-8e9255201520,0c96a57e-6cc1-400f-bf3a-5740b699ac21,9e39aa76-bf9c-4630-afb4-5ea10a9cb738,2026-07-13,2026-07-13 11:00:34.405+00,1,in_app,2026-07-13 11:00:40.391+00
a21fdd9e-447e-4a40-89e8-6e4f553c9527,fd63bafa-9a78-43fb-9311-f78b8cbfb667,d8eb23c1-2c90-4dfe-872a-aa3e3dcd6478,2026-07-13,2026-07-13 11:00:34.405+00,8,email,2026-07-13 11:00:43.85+00
41a28dfa-1d20-4c8d-a1d9-3d8e997fd3e8,0c96a57e-6cc1-400f-bf3a-5740b699ac21,6237fa09-ec4a-46ca-a99b-4f8afb3bf259,2026-07-13,2026-07-13 11:00:34.405+00,1,in_app,2026-07-13 11:00:44.452+00
d38fb7a2-5b3e-44fd-9657-84bd6b293e3f,0c96a57e-6cc1-400f-bf3a-5740b699ac21,6237fa09-ec4a-46ca-a99b-4f8afb3bf259,2026-07-13,2026-07-13 11:00:34.405+00,1,email,2026-07-13 11:00:45.162+00
314009ec-348d-4cab-a385-d618c2b21293,b0737bfd-7bea-493b-8cfc-14946fcea8cd,32ccdbe1-627f-4fe3-a506-056b997ed89b,2026-07-13,2026-07-13 11:00:34.405+00,3,in_app,2026-07-13 11:00:45.264+00
9734d020-f3da-4825-8ab7-bb617c204d2d,04b00ab5-856d-4f95-962b-e9d97b33f207,a3c5b629-15d3-48a7-b5ab-694e63dc8b63,2026-07-13,2026-07-13 11:00:34.405+00,8,in_app,2026-07-13 11:00:47.132+00
0e0286a1-cfdf-4a9d-a98a-995cf58e638d,2e6f6612-8033-42e0-b84d-b2ea8aded8ac,b3db042c-4932-4f66-8aff-3136ed50db97,2026-07-13,2026-07-13 11:00:34.405+00,7,email,2026-07-13 11:00:49.397+00
ac7cf68f-7c34-42bd-95b7-2e8b562a8f0c,493aecc1-6791-4d62-bc63-f4f55c78e44e,642b0596-7431-4f50-acff-1eb4199fab76,2026-07-13,2026-07-13 11:00:34.405+00,1,in_app,2026-07-13 11:00:49.456+00
e5c1fd91-746c-4282-a9e9-f3405ff95907,493aecc1-6791-4d62-bc63-f4f55c78e44e,642b0596-7431-4f50-acff-1eb4199fab76,2026-07-13,2026-07-13 11:00:34.405+00,1,email,2026-07-13 11:00:49.776+00
360c3f2f-d5ab-4238-9ebf-8322c278686a,493aecc1-6791-4d62-bc63-f4f55c78e44e,7b577c22-5513-42cc-ab19-2bf867e14ebc,2026-07-13,2026-07-13 11:00:34.405+00,7,in_app,2026-07-13 11:00:50.309+00
9a0b3fbd-842b-4bdb-b59b-f3e39eabad76,493aecc1-6791-4d62-bc63-f4f55c78e44e,7b577c22-5513-42cc-ab19-2bf867e14ebc,2026-07-13,2026-07-13 11:00:34.405+00,7,email,2026-07-13 11:00:50.675+00
708e0c51-d559-4038-ac7e-83b04538bb90,0ece46cd-9571-4f7f-8043-c1f2249b6cf9,6f58e5f8-b85c-4f92-89b7-1cf3ca9f22b6,2026-07-13,2026-07-13 11:00:34.405+00,2,in_app,2026-07-13 11:00:50.73+00
286d8ef7-6411-4e4b-8948-88e841db7587,0ece46cd-9571-4f7f-8043-c1f2249b6cf9,6f58e5f8-b85c-4f92-89b7-1cf3ca9f22b6,2026-07-13,2026-07-13 11:00:34.405+00,2,email,2026-07-13 11:00:51.114+00
e9bcf04e-ebd2-4255-a46f-37b0573e7386,c1f13659-b28c-4d50-8375-5bf200294992,decc7faa-b202-42f1-9a04-fe15fe97a892,2026-07-13,2026-07-13 11:00:34.405+00,1,in_app,2026-07-13 11:00:51.689+00
ff3a2e71-2ea3-4559-adce-4247572173ae,678b734f-19e2-4622-ab4e-fccd86f4877f,8cab859b-a1e1-4edb-af95-4e847e1c93e4,2026-07-13,2026-07-13 11:00:34.405+00,2,in_app,2026-07-13 11:00:52.216+00
25272fa0-eb1a-4a35-a2cb-b0a89238bcf0,72aeb445-484f-4979-8c2a-d34ec40b22b0,bdef184d-6217-4cdf-a59f-dc37008d13fd,2026-07-15,2026-07-15 17:00:20.242+00,7,email,2026-07-15 17:00:23.581+00
a30d541e-eaa9-43bd-a792-90e61ee79867,0c96a57e-6cc1-400f-bf3a-5740b699ac21,7b577c22-5513-42cc-ab19-2bf867e14ebc,2026-07-15,2026-07-15 17:00:20.242+00,2,email,2026-07-15 17:00:25.518+00
ef86d7e9-eb75-4802-a5bd-ac393345cf3c,c1f13659-b28c-4d50-8375-5bf200294992,3519d0a1-12b5-4a38-bbd5-a5b9d518cb53,2026-07-15,2026-07-15 17:00:20.242+00,1,email,2026-07-15 17:00:26.458+00
ae562330-56e0-4c28-ac79-fd823f18e64c,62a2569e-4be2-4326-bddd-3c6116ed18b0,6d3f8a2c-1a05-4e2a-b57e-d969b668049b,2026-07-15,2026-07-15 17:00:20.242+00,1,in_app,2026-07-15 17:00:26.589+00
52fb3dc1-2637-4783-a65f-c32a77482666,62a2569e-4be2-4326-bddd-3c6116ed18b0,6d3f8a2c-1a05-4e2a-b57e-d969b668049b,2026-07-15,2026-07-15 17:00:20.242+00,1,email,2026-07-15 17:00:26.999+00
4c49c952-c3f3-4245-b8e0-82a72a63e8f2,678b734f-19e2-4622-ab4e-fccd86f4877f,8cab859b-a1e1-4edb-af95-4e847e1c93e4,2026-07-17,2026-07-17 11:00:03.395+00,2,email,2026-07-17 11:00:21.957+00
6110c743-e78e-4a78-b0f2-717aeaf0cb6a,0c96a57e-6cc1-400f-bf3a-5740b699ac21,a94fc469-4603-487f-ab7f-e2712197d510,2026-07-17,2026-07-17 11:00:03.395+00,9,in_app,2026-07-17 11:00:22.522+00
ea21bbea-b0b0-4a1d-8434-9fe51544a877,0c96a57e-6cc1-400f-bf3a-5740b699ac21,6d3f8a2c-1a05-4e2a-b57e-d969b668049b,2026-07-17,2026-07-17 11:00:03.395+00,1,in_app,2026-07-17 11:00:23.696+00
b18de96f-b818-48df-900c-0864643c54c5,0c96a57e-6cc1-400f-bf3a-5740b699ac21,b874694b-f463-4dbd-bb6f-b04f121a8802,2026-07-17,2026-07-17 11:00:03.395+00,1,in_app,2026-07-17 11:00:24.104+00
f3d06b9b-8dd7-4247-8588-c06a0cab5ba9,0c96a57e-6cc1-400f-bf3a-5740b699ac21,b874694b-f463-4dbd-bb6f-b04f121a8802,2026-07-17,2026-07-17 11:00:03.395+00,1,email,2026-07-17 11:00:24.436+00
ff465b31-6020-4543-b1ec-ea02dbe69479,0c96a57e-6cc1-400f-bf3a-5740b699ac21,1c2d5668-5cd9-49a7-a138-3ccd2bea5cbb,2026-07-17,2026-07-17 11:00:03.395+00,1,in_app,2026-07-17 11:00:28.557+00
a2b03d50-3264-45a6-8fb2-e636dae3083c,493aecc1-6791-4d62-bc63-f4f55c78e44e,642b0596-7431-4f50-acff-1eb4199fab76,2026-07-19,2026-07-19 11:01:02.32+00,1,email,2026-07-19 11:01:14.665+00
9d761e53-5784-4e3e-8aaa-0341b9344d81,0c96a57e-6cc1-400f-bf3a-5740b699ac21,c6754833-e150-4c12-9149-45a6dfcd6eec,2026-07-19,2026-07-19 11:01:02.32+00,3,in_app,2026-07-19 11:01:14.751+00
e07712a1-78fc-4f93-9b49-1752f705563f,0c96a57e-6cc1-400f-bf3a-5740b699ac21,c6754833-e150-4c12-9149-45a6dfcd6eec,2026-07-19,2026-07-19 11:01:02.32+00,3,email,2026-07-19 11:01:15.057+00
3337bbdc-9283-4d0a-b9af-502f8713b5ef,493aecc1-6791-4d62-bc63-f4f55c78e44e,7b577c22-5513-42cc-ab19-2bf867e14ebc,2026-07-19,2026-07-19 11:01:02.32+00,7,in_app,2026-07-19 11:01:15.14+00
8a08fe11-2204-4ce9-bf0f-4b701e0733e5,493aecc1-6791-4d62-bc63-f4f55c78e44e,7b577c22-5513-42cc-ab19-2bf867e14ebc,2026-07-19,2026-07-19 11:01:02.32+00,7,email,2026-07-19 11:01:15.425+00
30087269-be0f-43eb-b272-eb5b6f843066,c1f13659-b28c-4d50-8375-5bf200294992,1c2d5668-5cd9-49a7-a138-3ccd2bea5cbb,2026-07-19,2026-07-19 11:01:02.32+00,1,email,2026-07-19 11:01:17.319+00
a71d1877-4082-46a8-9b85-2706c8c56807,0c96a57e-6cc1-400f-bf3a-5740b699ac21,b874694b-f463-4dbd-bb6f-b04f121a8802,2026-07-19,2026-07-19 11:01:02.32+00,1,email,2026-07-19 11:01:19.058+00
953f876a-27b6-4c36-a8c1-ce36c093da18,0c96a57e-6cc1-400f-bf3a-5740b699ac21,b3db042c-4932-4f66-8aff-3136ed50db97,2026-07-19,2026-07-19 11:01:02.32+00,8,in_app,2026-07-19 11:01:22.287+00
1dbe04d7-a9a6-43df-b258-147764ec6db3,0c96a57e-6cc1-400f-bf3a-5740b699ac21,b3db042c-4932-4f66-8aff-3136ed50db97,2026-07-19,2026-07-19 11:01:02.32+00,8,email,2026-07-19 11:01:22.593+00
db84483a-4491-42a7-aed0-18a9e1b15be1,0c96a57e-6cc1-400f-bf3a-5740b699ac21,642b0596-7431-4f50-acff-1eb4199fab76,2026-07-19,2026-07-19 11:01:02.32+00,1,in_app,2026-07-19 11:01:22.674+00
44c1e4fd-dbfc-4109-85a8-f5d9227b48af,0c96a57e-6cc1-400f-bf3a-5740b699ac21,6f58e5f8-b85c-4f92-89b7-1cf3ca9f22b6,2026-07-19,2026-07-19 11:01:02.32+00,1,in_app,2026-07-19 11:01:23.118+00
9bcec05e-f6e0-493f-8eac-043b77e34911,0c96a57e-6cc1-400f-bf3a-5740b699ac21,6f58e5f8-b85c-4f92-89b7-1cf3ca9f22b6,2026-07-19,2026-07-19 11:01:02.32+00,1,email,2026-07-19 11:01:23.428+00
c671f5b2-71b6-41cf-8e24-a1de9bc35671,2a72272f-56f2-4104-9952-5d3d8b19ff1d,27edf455-e61a-48a9-a846-e2c6f42999b5,2026-07-21,2026-07-21 11:00:03.241+00,2,email,2026-07-21 11:00:22.593+00
f9d71a37-d28e-426b-9d47-e54ceb492120,2e6f6612-8033-42e0-b84d-b2ea8aded8ac,b3db042c-4932-4f66-8aff-3136ed50db97,2026-07-21,2026-07-21 11:00:03.241+00,7,email,2026-07-21 11:00:24.226+00
dcbbf07b-d2e9-46fe-9c25-dc3463f9261d,493aecc1-6791-4d62-bc63-f4f55c78e44e,7b577c22-5513-42cc-ab19-2bf867e14ebc,2026-07-21,2026-07-21 11:00:03.241+00,7,email,2026-07-21 11:00:26.43+00
d89bd703-41f1-4871-8a08-bb91ef77f2c8,0ae36a43-2ef0-4a7d-b95a-edcc7d9ac3f2,7b577c22-5513-42cc-ab19-2bf867e14ebc,2026-07-21,2026-07-21 11:00:03.241+00,1,in_app,2026-07-21 11:00:26.529+00
1f76af09-6530-4f3a-bb69-3b0b22a3cd30,c1f13659-b28c-4d50-8375-5bf200294992,decc7faa-b202-42f1-9a04-fe15fe97a892,2026-07-21,2026-07-21 11:00:03.241+00,1,email,2026-07-21 11:00:27.375+00
4594cb08-d55c-4522-a612-47da98a2c719,0c96a57e-6cc1-400f-bf3a-5740b699ac21,b3db042c-4932-4f66-8aff-3136ed50db97,2026-07-21,2026-07-21 11:00:03.241+00,8,email,2026-07-21 11:00:35.316+00
06c0a91a-0a24-4f6c-b783-db78d8118023,0c96a57e-6cc1-400f-bf3a-5740b699ac21,13bbd043-efcc-4c8a-9edd-f34941547546,2026-07-21,2026-07-21 11:00:03.241+00,1,email,2026-07-21 11:00:36.438+00
80a4df3f-9213-4c14-88ce-0eefa9c7ffce,0c96a57e-6cc1-400f-bf3a-5740b699ac21,decc7faa-b202-42f1-9a04-fe15fe97a892,2026-07-21,2026-07-21 11:00:03.241+00,1,in_app,2026-07-21 11:00:36.53+00
3d8fab4e-a923-43ae-94bd-6be8c2c4df91,0c96a57e-6cc1-400f-bf3a-5740b699ac21,decc7faa-b202-42f1-9a04-fe15fe97a892,2026-07-21,2026-07-21 11:00:03.241+00,1,email,2026-07-21 11:00:36.919+00
9130a847-f5eb-4d02-970a-16595f20407a,0c96a57e-6cc1-400f-bf3a-5740b699ac21,8cab859b-a1e1-4edb-af95-4e847e1c93e4,2026-07-21,2026-07-21 11:00:03.241+00,2,in_app,2026-07-21 11:00:37.014+00
0423e64e-57ef-4adf-a9f1-fb58456c8be5,62a2569e-4be2-4326-bddd-3c6116ed18b0,6d3f8a2c-1a05-4e2a-b57e-d969b668049b,2026-07-21,2026-07-21 17:00:04.437+00,1,in_app,2026-07-21 17:00:07.536+00
e2fe84ad-fda8-4b77-b218-9ea589d273b9,62a2569e-4be2-4326-bddd-3c6116ed18b0,6d3f8a2c-1a05-4e2a-b57e-d969b668049b,2026-07-21,2026-07-21 17:00:04.437+00,1,email,2026-07-21 17:00:07.835+00
8c94e16f-cd63-4dd7-90a4-8c04dae8bad3,b0737bfd-7bea-493b-8cfc-14946fcea8cd,90bb1d12-5855-4f3e-aecb-e92f597e650c,2026-07-21,2026-07-21 17:00:04.437+00,1,in_app,2026-07-21 17:00:09.018+00
018ff54d-f602-4e77-b733-54bd7eb97eae,b0737bfd-7bea-493b-8cfc-14946fcea8cd,90bb1d12-5855-4f3e-aecb-e92f597e650c,2026-07-21,2026-07-21 17:00:04.437+00,1,email,2026-07-21 17:00:09.28+00
4291735f-bce1-415b-aa2c-4f0095c72d9b,b0737bfd-7bea-493b-8cfc-14946fcea8cd,32ccdbe1-627f-4fe3-a506-056b997ed89b,2026-07-21,2026-07-21 17:00:04.437+00,3,in_app,2026-07-21 17:00:10.98+00
2bc37c44-8dc1-4d1e-9d41-982372992668,b0737bfd-7bea-493b-8cfc-14946fcea8cd,32ccdbe1-627f-4fe3-a506-056b997ed89b,2026-07-21,2026-07-21 17:00:04.437+00,3,email,2026-07-21 17:00:11.28+00
d59def34-ea80-4010-83b6-3ea577d22ee1,04b00ab5-856d-4f95-962b-e9d97b33f207,a3c5b629-15d3-48a7-b5ab-694e63dc8b63,2026-07-21,2026-07-21 17:00:04.437+00,8,in_app,2026-07-21 17:00:12.918+00
fda8f5eb-1fc5-4755-9e79-4ea7f246a194,04b00ab5-856d-4f95-962b-e9d97b33f207,a3c5b629-15d3-48a7-b5ab-694e63dc8b63,2026-07-21,2026-07-21 17:00:04.437+00,8,email,2026-07-21 17:00:13.176+00
1fc357cd-0a52-4c3e-bb37-74dfa40f27a8,4c1d6869-b323-4864-80a4-fe459ed57fe7,9bd5cccc-e18f-432e-ae67-dc33103d5791,2026-07-21,2026-07-21 17:00:04.437+00,1,email,2026-07-21 17:00:13.8+00
17220782-9c5d-48a6-b75f-d974d5e2a2bc,8396bd66-e3ed-4593-b985-3e380cd308eb,b0faf762-848b-4737-a04d-b2b4e1e8cc5b,2026-07-21,2026-07-21 17:00:04.437+00,1,in_app,2026-07-21 17:00:14.202+00
99f8237b-c81e-4d10-a246-00e3dddc0b7e,8396bd66-e3ed-4593-b985-3e380cd308eb,b0faf762-848b-4737-a04d-b2b4e1e8cc5b,2026-07-21,2026-07-21 17:00:04.437+00,1,email,2026-07-21 17:00:14.677+00
a77918e9-3b63-4386-872b-552c03b612b4,2a72272f-56f2-4104-9952-5d3d8b19ff1d,27edf455-e61a-48a9-a846-e2c6f42999b5,2026-07-21,2026-07-21 17:00:04.437+00,1,in_app,2026-07-21 17:00:14.754+00
6b3574d9-357f-48cc-8095-d3c282ba3f54,2a72272f-56f2-4104-9952-5d3d8b19ff1d,27edf455-e61a-48a9-a846-e2c6f42999b5,2026-07-21,2026-07-21 17:00:04.437+00,1,email,2026-07-21 17:00:15.217+00
b78ddfa7-9324-4e38-a80b-dc8ec20642c6,0c96a57e-6cc1-400f-bf3a-5740b699ac21,27edf455-e61a-48a9-a846-e2c6f42999b5,2026-07-21,2026-07-21 17:00:04.437+00,1,in_app,2026-07-21 17:00:15.289+00
9987fa0e-3b89-4178-b84b-4a0c77b7454e,0c96a57e-6cc1-400f-bf3a-5740b699ac21,27edf455-e61a-48a9-a846-e2c6f42999b5,2026-07-21,2026-07-21 17:00:04.437+00,1,email,2026-07-21 17:00:15.553+00
4301cff3-c8c1-4f8d-8013-771e1f07446a,678b734f-19e2-4622-ab4e-fccd86f4877f,8cab859b-a1e1-4edb-af95-4e847e1c93e4,2026-07-05,2026-07-05 11:00:02.541+00,2,email,2026-07-05 11:00:17.667+00
e0d7a2ab-a394-4067-8c02-51973cb8c95b,0c96a57e-6cc1-400f-bf3a-5740b699ac21,5d7214cd-c7d1-42ac-b859-b9e84dee9fab,2026-07-05,2026-07-05 11:00:02.541+00,2,in_app,2026-07-05 11:00:17.801+00
25ae0ecb-b5fc-4d71-a836-e38dc93a6032,0c96a57e-6cc1-400f-bf3a-5740b699ac21,bdef184d-6217-4cdf-a59f-dc37008d13fd,2026-07-05,2026-07-05 11:00:02.541+00,8,in_app,2026-07-05 11:00:18.249+00
dbdbcc66-ebcf-42e2-8c0a-21b38182532f,0c96a57e-6cc1-400f-bf3a-5740b699ac21,bdef184d-6217-4cdf-a59f-dc37008d13fd,2026-07-05,2026-07-05 11:00:02.541+00,8,email,2026-07-05 11:00:18.548+00
8f93cdfb-232e-4e39-a070-fe87cafe784a,0c96a57e-6cc1-400f-bf3a-5740b699ac21,3519d0a1-12b5-4a38-bbd5-a5b9d518cb53,2026-07-05,2026-07-05 11:00:02.541+00,1,in_app,2026-07-05 11:00:18.675+00
1ad39b0e-ae8c-47fb-a2df-7b9cf78a0a88,0c96a57e-6cc1-400f-bf3a-5740b699ac21,3519d0a1-12b5-4a38-bbd5-a5b9d518cb53,2026-07-05,2026-07-05 11:00:02.541+00,1,email,2026-07-05 11:00:18.995+00
f74f35b7-621f-4785-a80c-c9f453ad842f,0c96a57e-6cc1-400f-bf3a-5740b699ac21,6d3f8a2c-1a05-4e2a-b57e-d969b668049b,2026-07-05,2026-07-05 11:00:02.541+00,1,in_app,2026-07-05 11:00:19.05+00
5c50a814-df7d-4e68-b07e-2188d6caba71,0c96a57e-6cc1-400f-bf3a-5740b699ac21,2a266637-be4e-4088-9918-a51576912f5c,2026-07-05,2026-07-05 11:00:02.541+00,4,in_app,2026-07-05 11:00:19.404+00
dc203428-909d-47ac-bb60-d5bf46df2474,0c96a57e-6cc1-400f-bf3a-5740b699ac21,2a266637-be4e-4088-9918-a51576912f5c,2026-07-05,2026-07-05 11:00:02.541+00,4,email,2026-07-05 11:00:19.711+00
abe0031f-cf29-40b3-b7e2-8b07da3ed450,0c96a57e-6cc1-400f-bf3a-5740b699ac21,d8eb23c1-2c90-4dfe-872a-aa3e3dcd6478,2026-07-05,2026-07-05 11:00:02.541+00,8,in_app,2026-07-05 11:00:19.8+00
d54656eb-4e91-4dc6-a039-a05fd567bfae,0c96a57e-6cc1-400f-bf3a-5740b699ac21,d8eb23c1-2c90-4dfe-872a-aa3e3dcd6478,2026-07-05,2026-07-05 11:00:02.541+00,8,email,2026-07-05 11:00:20.106+00
c456cad6-1194-4078-948f-3910b0880567,62a2569e-4be2-4326-bddd-3c6116ed18b0,7b577c22-5513-42cc-ab19-2bf867e14ebc,2026-07-09,2026-07-09 17:00:35.338+00,1,email,2026-07-09 17:00:40.771+00
c26199b6-ce45-4c03-b5cb-0fd0e32269d2,0c96a57e-6cc1-400f-bf3a-5740b699ac21,6237fa09-ec4a-46ca-a99b-4f8afb3bf259,2026-07-27,2026-07-27 11:00:02.405+00,1,in_app,2026-07-27 11:00:15.468+00
e9374840-780c-428c-946f-bade06db85b8,62a2569e-4be2-4326-bddd-3c6116ed18b0,bdef184d-6217-4cdf-a59f-dc37008d13fd,2026-07-09,2026-07-09 17:00:35.338+00,1,in_app,2026-07-09 17:00:41.367+00
98163da8-3d4a-454e-9b98-884d9a1b1ba4,62a2569e-4be2-4326-bddd-3c6116ed18b0,bdef184d-6217-4cdf-a59f-dc37008d13fd,2026-07-09,2026-07-09 17:00:35.338+00,1,email,2026-07-09 17:00:41.712+00
4b334b0e-0410-4a03-9240-d7133e95ad19,b0737bfd-7bea-493b-8cfc-14946fcea8cd,90bb1d12-5855-4f3e-aecb-e92f597e650c,2026-07-09,2026-07-09 17:00:35.338+00,1,in_app,2026-07-09 17:00:41.799+00
47c6afcc-3269-43cd-82e3-2c48ff0083f1,9b5aa503-44ec-40de-9ceb-b1475639767e,2a266637-be4e-4088-9918-a51576912f5c,2026-07-09,2026-07-09 17:00:35.338+00,4,email,2026-07-09 17:00:42.559+00
fd1e7434-3825-4380-a205-dd026b2669c1,b6617c09-9b4a-4ebc-bf50-e584b67edaa3,e5efecc9-f05f-479b-b2ea-81a2ed90fba4,2026-07-09,2026-07-09 17:00:35.338+00,1,in_app,2026-07-09 17:00:42.639+00
9cf07c0e-367a-4761-9733-e949cb3e42cf,b6617c09-9b4a-4ebc-bf50-e584b67edaa3,e5efecc9-f05f-479b-b2ea-81a2ed90fba4,2026-07-09,2026-07-09 17:00:35.338+00,1,email,2026-07-09 17:00:42.959+00
2bebe958-9467-44fe-ac1a-5d24d785721e,b0737bfd-7bea-493b-8cfc-14946fcea8cd,32ccdbe1-627f-4fe3-a506-056b997ed89b,2026-07-09,2026-07-09 17:00:35.338+00,3,in_app,2026-07-09 17:00:43.859+00
abc19160-873e-4b24-8afa-01d36b4f16c7,c1f13659-b28c-4d50-8375-5bf200294992,658a0146-2d8a-4b2e-81e5-aa16fa9d0a30,2026-07-09,2026-07-09 17:00:35.338+00,1,in_app,2026-07-09 17:00:44.72+00
fb4ec087-1760-4692-9797-70f4696af255,c1f13659-b28c-4d50-8375-5bf200294992,658a0146-2d8a-4b2e-81e5-aa16fa9d0a30,2026-07-09,2026-07-09 17:00:35.338+00,1,email,2026-07-09 17:00:45.035+00
8f629df0-24a0-4785-869c-5b30842655f3,9066ac12-d1c6-4a15-ad74-4932bf8dd987,968fc8e6-f918-4579-b0d1-26570ce5e94b,2026-07-09,2026-07-09 17:00:35.338+00,2,in_app,2026-07-09 17:00:45.112+00
aae56b68-6a27-451d-a72e-76c3dfd3f6c0,0c96a57e-6cc1-400f-bf3a-5740b699ac21,5d7214cd-c7d1-42ac-b859-b9e84dee9fab,2026-07-09,2026-07-09 17:00:35.338+00,1,in_app,2026-07-09 17:00:50.741+00
5b0a8f2d-3675-4b97-9f86-e7e28b979562,0c96a57e-6cc1-400f-bf3a-5740b699ac21,5d7214cd-c7d1-42ac-b859-b9e84dee9fab,2026-07-09,2026-07-09 17:00:35.338+00,1,email,2026-07-09 17:00:51.07+00
451c279d-d082-4612-b70c-d695090075d3,0c96a57e-6cc1-400f-bf3a-5740b699ac21,bdef184d-6217-4cdf-a59f-dc37008d13fd,2026-07-09,2026-07-09 17:00:35.338+00,8,email,2026-07-09 17:00:51.52+00
1bc2504e-49e6-4405-a22a-ad547454f53b,0c96a57e-6cc1-400f-bf3a-5740b699ac21,2a266637-be4e-4088-9918-a51576912f5c,2026-07-09,2026-07-09 17:00:35.338+00,4,in_app,2026-07-09 17:00:52.905+00
b0c9af37-371e-4319-92d6-a1af1a93d859,8474aaf6-e7d1-4165-9bef-bf76bc701038,32ccdbe1-627f-4fe3-a506-056b997ed89b,2026-07-27,2026-07-27 11:00:02.405+00,3,email,2026-07-27 11:00:17.375+00
0e7df4db-c5dc-4e99-906a-12516bfd0d3c,04b00ab5-856d-4f95-962b-e9d97b33f207,a3c5b629-15d3-48a7-b5ab-694e63dc8b63,2026-07-13,2026-07-13 11:00:34.405+00,8,email,2026-07-13 11:00:47.546+00
824d6d46-542b-49d4-9479-98b403892962,678c949f-b372-4aba-9d9b-26d422134531,3258f102-8146-4986-964f-8c8f53441300,2026-07-13,2026-07-13 11:00:34.405+00,2,in_app,2026-07-13 11:00:47.642+00
35de6e19-14f1-4ee3-8e85-6beb061e8bab,c1f13659-b28c-4d50-8375-5bf200294992,decc7faa-b202-42f1-9a04-fe15fe97a892,2026-07-13,2026-07-13 11:00:34.405+00,1,email,2026-07-13 11:00:52.121+00
6a1e48e7-ed99-453d-907f-7e6c57cd3918,0c96a57e-6cc1-400f-bf3a-5740b699ac21,6d3f8a2c-1a05-4e2a-b57e-d969b668049b,2026-07-13,2026-07-13 11:00:34.405+00,1,in_app,2026-07-13 11:00:55.385+00
1ac0161b-b4fa-4c17-aee6-d16dfda6f0f6,0c96a57e-6cc1-400f-bf3a-5740b699ac21,2a266637-be4e-4088-9918-a51576912f5c,2026-07-13,2026-07-13 11:00:34.405+00,4,in_app,2026-07-13 11:00:56.445+00
74415bc4-4f9d-4e54-ab2a-ffc9d6799240,0c96a57e-6cc1-400f-bf3a-5740b699ac21,28f7b9e8-9516-4a08-864c-9ff3e085ba87,2026-07-13,2026-07-13 11:00:34.405+00,1,email,2026-07-13 11:00:58.067+00
afdb35b1-a5b4-4692-ab1a-4c3b73016a75,8474aaf6-e7d1-4165-9bef-bf76bc701038,32ccdbe1-627f-4fe3-a506-056b997ed89b,2026-07-15,2026-07-15 17:00:20.242+00,4,email,2026-07-15 17:00:32.858+00
1a4bee42-7085-498f-8a2d-04b3e2908974,0c96a57e-6cc1-400f-bf3a-5740b699ac21,6237fa09-ec4a-46ca-a99b-4f8afb3bf259,2026-07-15,2026-07-15 17:00:20.242+00,1,in_app,2026-07-15 17:00:32.984+00
c53f23a2-6884-4c45-82dd-e5eb1aa057c9,8396bd66-e3ed-4593-b985-3e380cd308eb,b0faf762-848b-4737-a04d-b2b4e1e8cc5b,2026-07-15,2026-07-15 17:00:20.242+00,1,in_app,2026-07-15 17:00:36.082+00
28d93047-d393-4c3c-b407-2e485b1f0dfb,493aecc1-6791-4d62-bc63-f4f55c78e44e,642b0596-7431-4f50-acff-1eb4199fab76,2026-07-15,2026-07-15 17:00:20.242+00,1,email,2026-07-15 17:00:38.803+00
8296e81a-adc1-4205-8999-e33801ee48ec,493aecc1-6791-4d62-bc63-f4f55c78e44e,7b577c22-5513-42cc-ab19-2bf867e14ebc,2026-07-15,2026-07-15 17:00:20.242+00,7,email,2026-07-15 17:00:39.714+00
7665600a-d408-4d83-978a-62bdda555be1,678b734f-19e2-4622-ab4e-fccd86f4877f,8cab859b-a1e1-4edb-af95-4e847e1c93e4,2026-07-15,2026-07-15 17:00:20.242+00,2,in_app,2026-07-15 17:00:40.896+00
384eb96d-bb73-4af1-82cc-e7700e57393f,678b734f-19e2-4622-ab4e-fccd86f4877f,8cab859b-a1e1-4edb-af95-4e847e1c93e4,2026-07-15,2026-07-15 17:00:20.242+00,2,email,2026-07-15 17:00:41.275+00
7f9f883a-37ac-4d5e-8d85-b6abf8869d1f,0c96a57e-6cc1-400f-bf3a-5740b699ac21,a94fc469-4603-487f-ab7f-e2712197d510,2026-07-15,2026-07-15 17:00:20.242+00,9,email,2026-07-15 17:00:42.385+00
d8369d5d-3d9a-41e2-aeee-e6678bf0a6c2,df71451b-bcd2-4602-9b7b-230b32f08b65,c30e3590-04a3-4544-bf66-43228037bfc9,2026-07-15,2026-07-15 17:00:20.242+00,1,email,2026-07-15 17:00:42.931+00
92b580e4-9691-497c-ada3-3d2a030605e2,0c96a57e-6cc1-400f-bf3a-5740b699ac21,3519d0a1-12b5-4a38-bbd5-a5b9d518cb53,2026-07-15,2026-07-15 17:00:20.242+00,1,in_app,2026-07-15 17:00:43.631+00
59569d07-2fcd-48e7-9c49-37224112aa52,0c96a57e-6cc1-400f-bf3a-5740b699ac21,8cab859b-a1e1-4edb-af95-4e847e1c93e4,2026-07-15,2026-07-15 17:00:20.242+00,2,email,2026-07-15 17:00:51.16+00
9078b52a-84f8-49b7-bab8-0b4813ecc433,0c96a57e-6cc1-400f-bf3a-5740b699ac21,1c2d5668-5cd9-49a7-a138-3ccd2bea5cbb,2026-07-15,2026-07-15 17:00:20.242+00,1,in_app,2026-07-15 17:00:51.281+00
26234fd2-179a-4ddf-93ef-367e899b681e,0c96a57e-6cc1-400f-bf3a-5740b699ac21,1c2d5668-5cd9-49a7-a138-3ccd2bea5cbb,2026-07-15,2026-07-15 17:00:20.242+00,1,email,2026-07-15 17:00:51.684+00
d682d136-b83c-4ca8-a426-ec76f940f2f3,0c96a57e-6cc1-400f-bf3a-5740b699ac21,bdef184d-6217-4cdf-a59f-dc37008d13fd,2026-07-17,2026-07-17 11:00:03.395+00,8,email,2026-07-17 11:00:23.246+00
5d5a170f-8d80-4985-bbae-2e62d32ab5db,0c96a57e-6cc1-400f-bf3a-5740b699ac21,642b0596-7431-4f50-acff-1eb4199fab76,2026-07-17,2026-07-17 11:00:03.395+00,1,email,2026-07-17 11:00:27.667+00
61c157e1-d866-4d1e-9904-d5518224bf38,0ae36a43-2ef0-4a7d-b95a-edcc7d9ac3f2,7b577c22-5513-42cc-ab19-2bf867e14ebc,2026-07-19,2026-07-19 11:01:02.32+00,1,email,2026-07-19 11:01:16.194+00
c85749cc-ff50-45bf-afc5-75beee30a0b5,c1f13659-b28c-4d50-8375-5bf200294992,decc7faa-b202-42f1-9a04-fe15fe97a892,2026-07-19,2026-07-19 11:01:02.32+00,1,in_app,2026-07-19 11:01:16.28+00
70e9cc8e-7b62-4232-b281-5cb1d089403b,c1f13659-b28c-4d50-8375-5bf200294992,decc7faa-b202-42f1-9a04-fe15fe97a892,2026-07-19,2026-07-19 11:01:02.32+00,1,email,2026-07-19 11:01:16.581+00
547fbc1b-39aa-46db-80b5-19df82681361,678b734f-19e2-4622-ab4e-fccd86f4877f,8cab859b-a1e1-4edb-af95-4e847e1c93e4,2026-07-19,2026-07-19 11:01:02.32+00,2,in_app,2026-07-19 11:01:16.66+00
e824b7f4-e144-4bb6-9727-4ec91cdfe191,678b734f-19e2-4622-ab4e-fccd86f4877f,8cab859b-a1e1-4edb-af95-4e847e1c93e4,2026-07-19,2026-07-19 11:01:02.32+00,2,email,2026-07-19 11:01:16.942+00
27a4bcc9-16e6-45e6-b791-46476ab2bf01,0c96a57e-6cc1-400f-bf3a-5740b699ac21,bdef184d-6217-4cdf-a59f-dc37008d13fd,2026-07-19,2026-07-19 11:01:02.32+00,8,email,2026-07-19 11:01:18.238+00
5010b66b-a0bf-4b9d-9d60-46f2cecdabcf,0c96a57e-6cc1-400f-bf3a-5740b699ac21,6d3f8a2c-1a05-4e2a-b57e-d969b668049b,2026-07-19,2026-07-19 11:01:02.32+00,1,in_app,2026-07-19 11:01:18.371+00
3eead7a8-2e5c-432c-b4c9-eb71383d45ce,0c96a57e-6cc1-400f-bf3a-5740b699ac21,27edf455-e61a-48a9-a846-e2c6f42999b5,2026-07-21,2026-07-21 11:00:03.241+00,1,in_app,2026-07-21 11:00:22.697+00
9283ce53-d073-42ff-855c-2cf84948aeee,ed586056-17ca-4287-936a-c16e642c63a6,8737f689-7c9e-414a-8391-5bf93d5ba600,2026-07-21,2026-07-21 11:00:03.241+00,1,email,2026-07-21 11:00:23.752+00
03fda152-0033-4ad4-b70d-860daa36f335,493aecc1-6791-4d62-bc63-f4f55c78e44e,642b0596-7431-4f50-acff-1eb4199fab76,2026-07-21,2026-07-21 11:00:03.241+00,1,in_app,2026-07-21 11:00:24.334+00
4d530913-dc47-4160-88f6-ff7f1fea3cde,2528e875-ab7b-4905-a98b-998a318b883e,13bbd043-efcc-4c8a-9edd-f34941547546,2026-07-21,2026-07-21 11:00:03.241+00,1,email,2026-07-21 11:00:25.98+00
1ece0e41-8ae8-49e5-9362-ce4e82660551,0ae36a43-2ef0-4a7d-b95a-edcc7d9ac3f2,7b577c22-5513-42cc-ab19-2bf867e14ebc,2026-07-21,2026-07-21 11:00:03.241+00,1,email,2026-07-21 11:00:26.9+00
75be2376-6e51-4c55-80e9-2c24c79de82b,c1f13659-b28c-4d50-8375-5bf200294992,decc7faa-b202-42f1-9a04-fe15fe97a892,2026-07-21,2026-07-21 11:00:03.241+00,1,in_app,2026-07-21 11:00:26.991+00
1d5826d5-3818-427e-9b21-5ab56955c5e0,678b734f-19e2-4622-ab4e-fccd86f4877f,8cab859b-a1e1-4edb-af95-4e847e1c93e4,2026-07-21,2026-07-21 11:00:03.241+00,2,email,2026-07-21 11:00:27.862+00
8016cf2a-61d5-415b-8b4c-1b3c40754d31,c1f13659-b28c-4d50-8375-5bf200294992,1c2d5668-5cd9-49a7-a138-3ccd2bea5cbb,2026-07-21,2026-07-21 11:00:03.241+00,1,email,2026-07-21 11:00:28.309+00
9eec7675-feef-40f4-bc6b-676ac5225527,0c96a57e-6cc1-400f-bf3a-5740b699ac21,a94fc469-4603-487f-ab7f-e2712197d510,2026-07-21,2026-07-21 11:00:03.241+00,12,email,2026-07-21 11:00:28.892+00
385baa81-7288-4bcf-8b39-3521ebf3faa1,0c96a57e-6cc1-400f-bf3a-5740b699ac21,642b0596-7431-4f50-acff-1eb4199fab76,2026-07-21,2026-07-21 11:00:03.241+00,1,in_app,2026-07-21 11:00:35.409+00
ac374288-98f3-4b37-b052-31ad1b6ae537,0c96a57e-6cc1-400f-bf3a-5740b699ac21,1c2d5668-5cd9-49a7-a138-3ccd2bea5cbb,2026-07-21,2026-07-21 11:00:03.241+00,1,in_app,2026-07-21 11:00:37.503+00
877d3bdd-c24f-4c39-9c0e-045963472a57,bcd8d8ed-7d85-4ef1-b232-2d78f1fd9636,e51c5c55-1e13-45da-8a37-ed0f36f3d16c,2026-07-21,2026-07-21 17:00:04.437+00,1,in_app,2026-07-21 17:00:04.631+00
a1280487-085c-426c-b4f1-3da6e8b3a9a9,bcd8d8ed-7d85-4ef1-b232-2d78f1fd9636,e51c5c55-1e13-45da-8a37-ed0f36f3d16c,2026-07-21,2026-07-21 17:00:04.437+00,1,email,2026-07-21 17:00:05.107+00
8c141194-53d1-42df-80c3-99c6154651fa,0c96a57e-6cc1-400f-bf3a-5740b699ac21,968fc8e6-f918-4579-b0d1-26570ce5e94b,2026-07-21,2026-07-21 17:00:04.437+00,1,email,2026-07-21 17:00:05.534+00
736155d2-dd3d-4a12-98bc-823477f9a2f2,0c96a57e-6cc1-400f-bf3a-5740b699ac21,6d3f8a2c-1a05-4e2a-b57e-d969b668049b,2026-07-05,2026-07-05 11:00:02.541+00,1,email,2026-07-05 11:00:19.347+00
6f05d12a-d2db-43f2-87b2-ddf6ea8b26d0,0c96a57e-6cc1-400f-bf3a-5740b699ac21,28f7b9e8-9516-4a08-864c-9ff3e085ba87,2026-07-05,2026-07-05 11:00:02.541+00,1,in_app,2026-07-05 11:00:20.197+00
aab18071-b1f2-4449-a74b-68291a71db66,0c96a57e-6cc1-400f-bf3a-5740b699ac21,28f7b9e8-9516-4a08-864c-9ff3e085ba87,2026-07-05,2026-07-05 11:00:02.541+00,1,email,2026-07-05 11:00:20.525+00
d4ed1201-d143-4a8b-87e4-8ce2fdaf9192,0c96a57e-6cc1-400f-bf3a-5740b699ac21,a9c81e05-8b1a-47ad-a80d-dbc45603f068,2026-07-05,2026-07-05 11:00:02.541+00,1,in_app,2026-07-05 11:00:20.582+00
3a12de67-829e-4767-a057-ed5642aaf9d9,0c96a57e-6cc1-400f-bf3a-5740b699ac21,a9c81e05-8b1a-47ad-a80d-dbc45603f068,2026-07-05,2026-07-05 11:00:02.541+00,1,email,2026-07-05 11:00:20.898+00
880d5317-e8ce-49bc-810c-cdc5825ea5dc,0c96a57e-6cc1-400f-bf3a-5740b699ac21,658a0146-2d8a-4b2e-81e5-aa16fa9d0a30,2026-07-05,2026-07-05 11:00:02.541+00,1,in_app,2026-07-05 11:00:20.954+00
c3e59dce-383e-4a81-9159-49f62b85a7a3,0c96a57e-6cc1-400f-bf3a-5740b699ac21,658a0146-2d8a-4b2e-81e5-aa16fa9d0a30,2026-07-05,2026-07-05 11:00:02.541+00,1,email,2026-07-05 11:00:21.261+00
fa0d1b39-0c2b-40a4-ace8-473f2d9dc89c,0c96a57e-6cc1-400f-bf3a-5740b699ac21,a3c5b629-15d3-48a7-b5ab-694e63dc8b63,2026-07-05,2026-07-05 11:00:02.541+00,8,in_app,2026-07-05 11:00:21.315+00
218a7bcd-de79-4c98-9c13-88e84bcda186,0c96a57e-6cc1-400f-bf3a-5740b699ac21,a3c5b629-15d3-48a7-b5ab-694e63dc8b63,2026-07-05,2026-07-05 11:00:02.541+00,8,email,2026-07-05 11:00:21.641+00
c22f533e-24c9-4a5d-96bf-fd2fe80d7166,0c96a57e-6cc1-400f-bf3a-5740b699ac21,a94fc469-4603-487f-ab7f-e2712197d510,2026-07-05,2026-07-05 11:00:02.541+00,2,in_app,2026-07-05 11:00:21.697+00
a7e8a2bc-2c34-4968-94b7-53637b771201,0c96a57e-6cc1-400f-bf3a-5740b699ac21,a94fc469-4603-487f-ab7f-e2712197d510,2026-07-05,2026-07-05 11:00:02.541+00,2,email,2026-07-05 11:00:22.062+00
df6e8519-4552-41f8-8278-3c89d139e39c,0c96a57e-6cc1-400f-bf3a-5740b699ac21,b3db042c-4932-4f66-8aff-3136ed50db97,2026-07-05,2026-07-05 11:00:02.541+00,8,in_app,2026-07-05 11:00:22.158+00
01c384fa-fa9b-4764-8f82-37189cebc42c,0c96a57e-6cc1-400f-bf3a-5740b699ac21,b3db042c-4932-4f66-8aff-3136ed50db97,2026-07-05,2026-07-05 11:00:02.541+00,8,email,2026-07-05 11:00:22.472+00
3c4b875c-9e74-48e4-8595-f5b7f3f76c72,0c96a57e-6cc1-400f-bf3a-5740b699ac21,642b0596-7431-4f50-acff-1eb4199fab76,2026-07-05,2026-07-05 11:00:02.541+00,1,in_app,2026-07-05 11:00:22.53+00
fd077116-43d6-41a8-afb3-8cf501d528c6,0c96a57e-6cc1-400f-bf3a-5740b699ac21,642b0596-7431-4f50-acff-1eb4199fab76,2026-07-05,2026-07-05 11:00:02.541+00,1,email,2026-07-05 11:00:22.833+00
a0e6b027-4923-4189-976a-eb6469dbab02,0c96a57e-6cc1-400f-bf3a-5740b699ac21,6f58e5f8-b85c-4f92-89b7-1cf3ca9f22b6,2026-07-05,2026-07-05 11:00:02.541+00,2,in_app,2026-07-05 11:00:22.925+00
db944911-8d28-4509-afc7-4ed4c3fcd4a9,0c96a57e-6cc1-400f-bf3a-5740b699ac21,6f58e5f8-b85c-4f92-89b7-1cf3ca9f22b6,2026-07-05,2026-07-05 11:00:02.541+00,2,email,2026-07-05 11:00:23.276+00
c0d89507-12f2-4286-a676-d9f049fdc566,0c96a57e-6cc1-400f-bf3a-5740b699ac21,decc7faa-b202-42f1-9a04-fe15fe97a892,2026-07-05,2026-07-05 11:00:02.541+00,1,in_app,2026-07-05 11:00:23.331+00
a85a7202-2874-4b19-bb99-5390ee508fa1,0c96a57e-6cc1-400f-bf3a-5740b699ac21,decc7faa-b202-42f1-9a04-fe15fe97a892,2026-07-05,2026-07-05 11:00:02.541+00,1,email,2026-07-05 11:00:23.776+00
1d73c4d6-3b3f-4d85-ba70-1b180bbf079d,0c96a57e-6cc1-400f-bf3a-5740b699ac21,8cab859b-a1e1-4edb-af95-4e847e1c93e4,2026-07-05,2026-07-05 11:00:02.541+00,2,in_app,2026-07-05 11:00:23.831+00
d943f11e-d4af-4b16-8f03-0f9d5a3ec725,0c96a57e-6cc1-400f-bf3a-5740b699ac21,8cab859b-a1e1-4edb-af95-4e847e1c93e4,2026-07-05,2026-07-05 11:00:02.541+00,2,email,2026-07-05 11:00:24.14+00
7abcc1d7-c3ef-41df-be99-aa2e2f4a1424,0c96a57e-6cc1-400f-bf3a-5740b699ac21,968fc8e6-f918-4579-b0d1-26570ce5e94b,2026-07-05,2026-07-05 17:00:41.284+00,1,in_app,2026-07-05 17:00:41.703+00
fdd31a73-5f42-4b95-9db7-23ff90e670d3,0c96a57e-6cc1-400f-bf3a-5740b699ac21,968fc8e6-f918-4579-b0d1-26570ce5e94b,2026-07-05,2026-07-05 17:00:41.284+00,1,email,2026-07-05 17:00:42.338+00
bd71a1f5-5d78-4ab3-9dce-38a76ef1aa5c,b16b90c0-67c9-46c5-ac6f-2ccb8f3b2a08,5d7214cd-c7d1-42ac-b859-b9e84dee9fab,2026-07-05,2026-07-05 17:00:41.284+00,2,in_app,2026-07-05 17:00:42.425+00
617264dd-4599-45bb-90c0-587b42b570e7,b16b90c0-67c9-46c5-ac6f-2ccb8f3b2a08,5d7214cd-c7d1-42ac-b859-b9e84dee9fab,2026-07-05,2026-07-05 17:00:41.284+00,2,email,2026-07-05 17:00:42.774+00
085924cd-dd20-473e-acbf-99747ad81ba5,8474aaf6-e7d1-4165-9bef-bf76bc701038,90bb1d12-5855-4f3e-aecb-e92f597e650c,2026-07-05,2026-07-05 17:00:41.284+00,1,in_app,2026-07-05 17:00:42.866+00
a3ed51a4-0c18-4ed3-8f41-13abb2add6c9,8474aaf6-e7d1-4165-9bef-bf76bc701038,90bb1d12-5855-4f3e-aecb-e92f597e650c,2026-07-05,2026-07-05 17:00:41.284+00,1,email,2026-07-05 17:00:43.211+00
24d4ac65-bf0b-42c7-9e4d-4b37a6b3f1f8,8396bd66-e3ed-4593-b985-3e380cd308eb,b0faf762-848b-4737-a04d-b2b4e1e8cc5b,2026-07-05,2026-07-05 17:00:41.284+00,2,in_app,2026-07-05 17:00:43.294+00
58038c1e-8c3e-4f73-b081-c11546ef4ff8,8396bd66-e3ed-4593-b985-3e380cd308eb,b0faf762-848b-4737-a04d-b2b4e1e8cc5b,2026-07-05,2026-07-05 17:00:41.284+00,2,email,2026-07-05 17:00:43.865+00
94af415b-6dd2-4b92-886f-c12836fb7dff,72aeb445-484f-4979-8c2a-d34ec40b22b0,bdef184d-6217-4cdf-a59f-dc37008d13fd,2026-07-05,2026-07-05 17:00:41.284+00,7,in_app,2026-07-05 17:00:43.947+00
b863a69b-2dec-4301-aa76-a371071bcb6a,72aeb445-484f-4979-8c2a-d34ec40b22b0,bdef184d-6217-4cdf-a59f-dc37008d13fd,2026-07-05,2026-07-05 17:00:41.284+00,7,email,2026-07-05 17:00:44.264+00
1fc50e2e-861c-4dc2-9a33-3540d242e54e,2a72272f-56f2-4104-9952-5d3d8b19ff1d,27edf455-e61a-48a9-a846-e2c6f42999b5,2026-07-05,2026-07-05 17:00:41.284+00,1,in_app,2026-07-05 17:00:44.346+00
0a7d4fc1-06aa-4a6d-a437-edabf0ca896f,2a72272f-56f2-4104-9952-5d3d8b19ff1d,27edf455-e61a-48a9-a846-e2c6f42999b5,2026-07-05,2026-07-05 17:00:41.284+00,1,email,2026-07-05 17:00:44.936+00
fe101b4a-8143-4bcd-96d3-d60da7236b1d,0c96a57e-6cc1-400f-bf3a-5740b699ac21,7b577c22-5513-42cc-ab19-2bf867e14ebc,2026-07-05,2026-07-05 17:00:41.284+00,2,in_app,2026-07-05 17:00:45.011+00
f98e2a51-3e12-4280-ba2b-b94d2006d0f8,0c96a57e-6cc1-400f-bf3a-5740b699ac21,7b577c22-5513-42cc-ab19-2bf867e14ebc,2026-07-05,2026-07-05 17:00:41.284+00,2,email,2026-07-05 17:00:45.325+00
59ad680e-4640-4ef1-a31f-ac7facca1d17,c1f13659-b28c-4d50-8375-5bf200294992,3519d0a1-12b5-4a38-bbd5-a5b9d518cb53,2026-07-05,2026-07-05 17:00:41.284+00,1,in_app,2026-07-05 17:00:45.408+00
ec940a30-6198-4dbc-8735-8f9442940f58,c1f13659-b28c-4d50-8375-5bf200294992,3519d0a1-12b5-4a38-bbd5-a5b9d518cb53,2026-07-05,2026-07-05 17:00:41.284+00,1,email,2026-07-05 17:00:45.726+00
2da7c2aa-50ff-4b5c-af3e-165ce561ec89,62a2569e-4be2-4326-bddd-3c6116ed18b0,6d3f8a2c-1a05-4e2a-b57e-d969b668049b,2026-07-05,2026-07-05 17:00:41.284+00,1,in_app,2026-07-05 17:00:45.803+00
de7f7128-63e7-4f3b-b67e-277da9fb5be9,62a2569e-4be2-4326-bddd-3c6116ed18b0,6d3f8a2c-1a05-4e2a-b57e-d969b668049b,2026-07-05,2026-07-05 17:00:41.284+00,1,email,2026-07-05 17:00:46.113+00
e3cdd2d3-2a92-4a31-a75c-bf2e72d1b4d6,62a2569e-4be2-4326-bddd-3c6116ed18b0,7b577c22-5513-42cc-ab19-2bf867e14ebc,2026-07-05,2026-07-05 17:00:41.284+00,1,in_app,2026-07-05 17:00:46.186+00
7fca53a7-1ad3-4293-806e-c2d9daca08be,62a2569e-4be2-4326-bddd-3c6116ed18b0,7b577c22-5513-42cc-ab19-2bf867e14ebc,2026-07-05,2026-07-05 17:00:41.284+00,1,email,2026-07-05 17:00:46.526+00
e0b2897a-a422-494f-b410-9ad3dd27cade,0c96a57e-6cc1-400f-bf3a-5740b699ac21,6237fa09-ec4a-46ca-a99b-4f8afb3bf259,2026-07-27,2026-07-27 11:00:02.405+00,1,email,2026-07-27 11:00:16.521+00
739f55e2-6a4e-455a-9666-ca449d39d326,b0737bfd-7bea-493b-8cfc-14946fcea8cd,32ccdbe1-627f-4fe3-a506-056b997ed89b,2026-07-27,2026-07-27 11:00:02.405+00,4,in_app,2026-07-27 11:00:16.607+00
816b7756-2885-4b68-ac73-205a79dbbf5d,62a2569e-4be2-4326-bddd-3c6116ed18b0,bdef184d-6217-4cdf-a59f-dc37008d13fd,2026-07-05,2026-07-05 17:00:41.284+00,1,in_app,2026-07-05 17:00:46.99+00
fdaffd0f-eee6-40e2-ab0e-3494751a985f,62a2569e-4be2-4326-bddd-3c6116ed18b0,bdef184d-6217-4cdf-a59f-dc37008d13fd,2026-07-05,2026-07-05 17:00:41.284+00,1,email,2026-07-05 17:00:47.325+00
07c2eb47-e222-4f52-897d-9873f5b5214f,b0737bfd-7bea-493b-8cfc-14946fcea8cd,90bb1d12-5855-4f3e-aecb-e92f597e650c,2026-07-05,2026-07-05 17:00:41.284+00,1,in_app,2026-07-05 17:00:47.406+00
859d8009-6959-4b8c-96ff-b06e7bfb10e1,b0737bfd-7bea-493b-8cfc-14946fcea8cd,90bb1d12-5855-4f3e-aecb-e92f597e650c,2026-07-05,2026-07-05 17:00:41.284+00,1,email,2026-07-05 17:00:47.717+00
83f517de-1b60-4d82-b91d-9316c6505663,9b5aa503-44ec-40de-9ceb-b1475639767e,2a266637-be4e-4088-9918-a51576912f5c,2026-07-05,2026-07-05 17:00:41.284+00,4,in_app,2026-07-05 17:00:47.796+00
7f80f61b-dc71-4a83-a38f-8abcb7852771,9b5aa503-44ec-40de-9ceb-b1475639767e,2a266637-be4e-4088-9918-a51576912f5c,2026-07-05,2026-07-05 17:00:41.284+00,4,email,2026-07-05 17:00:48.138+00
3e46d55d-03fd-426a-95d8-47c7691a5863,b6617c09-9b4a-4ebc-bf50-e584b67edaa3,e5efecc9-f05f-479b-b2ea-81a2ed90fba4,2026-07-05,2026-07-05 17:00:41.284+00,1,in_app,2026-07-05 17:00:48.218+00
c5c70854-bb67-45f7-9239-7972379e8b9f,b6617c09-9b4a-4ebc-bf50-e584b67edaa3,e5efecc9-f05f-479b-b2ea-81a2ed90fba4,2026-07-05,2026-07-05 17:00:41.284+00,1,email,2026-07-05 17:00:48.535+00
21704c09-7302-45c2-ae37-088fc4169697,fd63bafa-9a78-43fb-9311-f78b8cbfb667,d8eb23c1-2c90-4dfe-872a-aa3e3dcd6478,2026-07-05,2026-07-05 17:00:41.284+00,8,in_app,2026-07-05 17:00:48.616+00
7d883937-d40e-4a25-a714-eaffaddc0f8b,fd63bafa-9a78-43fb-9311-f78b8cbfb667,d8eb23c1-2c90-4dfe-872a-aa3e3dcd6478,2026-07-05,2026-07-05 17:00:41.284+00,8,email,2026-07-05 17:00:48.921+00
326d2a98-ae5e-43c8-b07a-b764959894e3,0c96a57e-6cc1-400f-bf3a-5740b699ac21,6237fa09-ec4a-46ca-a99b-4f8afb3bf259,2026-07-05,2026-07-05 17:00:41.284+00,1,in_app,2026-07-05 17:00:49.003+00
4203e9e7-b3f8-4fc7-a2cc-56356f6a52bc,0c96a57e-6cc1-400f-bf3a-5740b699ac21,6237fa09-ec4a-46ca-a99b-4f8afb3bf259,2026-07-05,2026-07-05 17:00:41.284+00,1,email,2026-07-05 17:00:49.422+00
f28927b9-7d25-4479-a067-36d6d560e720,b0737bfd-7bea-493b-8cfc-14946fcea8cd,32ccdbe1-627f-4fe3-a506-056b997ed89b,2026-07-05,2026-07-05 17:00:41.284+00,3,in_app,2026-07-05 17:00:49.493+00
17c9ea4d-9d09-417c-af02-a8a4ae39c397,b0737bfd-7bea-493b-8cfc-14946fcea8cd,32ccdbe1-627f-4fe3-a506-056b997ed89b,2026-07-05,2026-07-05 17:00:41.284+00,3,email,2026-07-05 17:00:49.806+00
dd1142ed-e36b-4c31-b800-90c70e362859,493aecc1-6791-4d62-bc63-f4f55c78e44e,a9c81e05-8b1a-47ad-a80d-dbc45603f068,2026-07-05,2026-07-05 17:00:41.284+00,1,in_app,2026-07-05 17:00:49.887+00
81b90bb4-c53c-433c-8954-5eca2542e326,493aecc1-6791-4d62-bc63-f4f55c78e44e,a9c81e05-8b1a-47ad-a80d-dbc45603f068,2026-07-05,2026-07-05 17:00:41.284+00,1,email,2026-07-05 17:00:50.19+00
463ec457-e1c4-4c4f-9740-ab15096efac4,8474aaf6-e7d1-4165-9bef-bf76bc701038,32ccdbe1-627f-4fe3-a506-056b997ed89b,2026-07-05,2026-07-05 17:00:41.284+00,3,in_app,2026-07-05 17:00:50.267+00
24a75347-7fa4-4d07-889f-88eb9f75fb92,8474aaf6-e7d1-4165-9bef-bf76bc701038,32ccdbe1-627f-4fe3-a506-056b997ed89b,2026-07-05,2026-07-05 17:00:41.284+00,3,email,2026-07-05 17:00:50.613+00
52779a3b-096b-4695-a6ab-830ba8ef3b4e,c1f13659-b28c-4d50-8375-5bf200294992,658a0146-2d8a-4b2e-81e5-aa16fa9d0a30,2026-07-05,2026-07-05 17:00:41.284+00,1,in_app,2026-07-05 17:00:50.686+00
35d4cd7a-3b2f-403e-a644-85ccae38ee70,c1f13659-b28c-4d50-8375-5bf200294992,658a0146-2d8a-4b2e-81e5-aa16fa9d0a30,2026-07-05,2026-07-05 17:00:41.284+00,1,email,2026-07-05 17:00:50.973+00
554aad99-446e-4b15-b49c-f163059360ec,9066ac12-d1c6-4a15-ad74-4932bf8dd987,968fc8e6-f918-4579-b0d1-26570ce5e94b,2026-07-05,2026-07-05 17:00:41.284+00,2,in_app,2026-07-05 17:00:51.047+00
0b2b14d8-b228-4fb9-aeb5-606160805cc2,9066ac12-d1c6-4a15-ad74-4932bf8dd987,968fc8e6-f918-4579-b0d1-26570ce5e94b,2026-07-05,2026-07-05 17:00:41.284+00,2,email,2026-07-05 17:00:51.338+00
3b553442-29ca-47a7-bd97-669495f752c4,04b00ab5-856d-4f95-962b-e9d97b33f207,a3c5b629-15d3-48a7-b5ab-694e63dc8b63,2026-07-05,2026-07-05 17:00:41.284+00,8,in_app,2026-07-05 17:00:51.408+00
497f1c4f-6808-48b2-b180-dde0556778ca,04b00ab5-856d-4f95-962b-e9d97b33f207,a3c5b629-15d3-48a7-b5ab-694e63dc8b63,2026-07-05,2026-07-05 17:00:41.284+00,8,email,2026-07-05 17:00:51.729+00
2af649f6-6486-4fd7-95ca-3206a9f718c3,3870aadb-8625-4184-ac60-c6e20be4cdc5,a94fc469-4603-487f-ab7f-e2712197d510,2026-07-05,2026-07-05 17:00:41.284+00,2,in_app,2026-07-05 17:00:51.807+00
ff44da44-1680-403f-a32d-c45676ffa7da,3870aadb-8625-4184-ac60-c6e20be4cdc5,a94fc469-4603-487f-ab7f-e2712197d510,2026-07-05,2026-07-05 17:00:41.284+00,2,email,2026-07-05 17:00:52.378+00
05444686-f6a9-4315-b45e-c3c4c1aec878,0c96a57e-6cc1-400f-bf3a-5740b699ac21,27edf455-e61a-48a9-a846-e2c6f42999b5,2026-07-05,2026-07-05 17:00:41.284+00,1,in_app,2026-07-05 17:00:52.453+00
50028cc0-d351-47ac-acf8-90ec7153db09,0c96a57e-6cc1-400f-bf3a-5740b699ac21,27edf455-e61a-48a9-a846-e2c6f42999b5,2026-07-05,2026-07-05 17:00:41.284+00,1,email,2026-07-05 17:00:52.791+00
69f47141-114b-42a5-a4cc-64bdac4a5665,ed586056-17ca-4287-936a-c16e642c63a6,8737f689-7c9e-414a-8391-5bf93d5ba600,2026-07-05,2026-07-05 17:00:41.284+00,1,in_app,2026-07-05 17:00:52.872+00
344074c4-c5ca-487d-a0d0-1dbabd76dbf8,ed586056-17ca-4287-936a-c16e642c63a6,8737f689-7c9e-414a-8391-5bf93d5ba600,2026-07-05,2026-07-05 17:00:41.284+00,1,email,2026-07-05 17:00:53.153+00
1ac2d32c-3799-4e35-a1ff-333cd5557c52,493aecc1-6791-4d62-bc63-f4f55c78e44e,7b577c22-5513-42cc-ab19-2bf867e14ebc,2026-07-05,2026-07-05 17:00:41.284+00,8,in_app,2026-07-05 17:00:54.4+00
7b4eef28-d922-4e5a-ba18-1bb0b1282086,493aecc1-6791-4d62-bc63-f4f55c78e44e,7b577c22-5513-42cc-ab19-2bf867e14ebc,2026-07-05,2026-07-05 17:00:41.284+00,8,email,2026-07-05 17:00:54.69+00
c5560e37-9bc5-4682-a9f8-14465542066d,b0737bfd-7bea-493b-8cfc-14946fcea8cd,90bb1d12-5855-4f3e-aecb-e92f597e650c,2026-07-09,2026-07-09 17:00:35.338+00,1,email,2026-07-09 17:00:42.124+00
6167be3f-3215-4d48-820d-318b5cec1861,9b5aa503-44ec-40de-9ceb-b1475639767e,2a266637-be4e-4088-9918-a51576912f5c,2026-07-09,2026-07-09 17:00:35.338+00,4,in_app,2026-07-09 17:00:42.205+00
374047d9-64b5-4857-88ef-c132ae30c04e,0c96a57e-6cc1-400f-bf3a-5740b699ac21,6237fa09-ec4a-46ca-a99b-4f8afb3bf259,2026-07-09,2026-07-09 17:00:35.338+00,1,in_app,2026-07-09 17:00:43.443+00
4e4089bb-9130-4dea-b24e-5b6c33e7411e,9066ac12-d1c6-4a15-ad74-4932bf8dd987,968fc8e6-f918-4579-b0d1-26570ce5e94b,2026-07-09,2026-07-09 17:00:35.338+00,2,email,2026-07-09 17:00:45.455+00
72d0682e-2cee-499e-9042-491d8da19b33,2e6f6612-8033-42e0-b84d-b2ea8aded8ac,b3db042c-4932-4f66-8aff-3136ed50db97,2026-07-09,2026-07-09 17:00:35.338+00,7,in_app,2026-07-09 17:00:47.037+00
70fd40e2-7122-4c5f-a7cb-c6e3f242e371,493aecc1-6791-4d62-bc63-f4f55c78e44e,642b0596-7431-4f50-acff-1eb4199fab76,2026-07-09,2026-07-09 17:00:35.338+00,1,in_app,2026-07-09 17:00:47.426+00
3203f890-7bef-4989-8904-df07986e4258,493aecc1-6791-4d62-bc63-f4f55c78e44e,7b577c22-5513-42cc-ab19-2bf867e14ebc,2026-07-09,2026-07-09 17:00:35.338+00,8,in_app,2026-07-09 17:00:48.251+00
7210c840-221c-4316-ae42-dce11d2db5e7,0ae36a43-2ef0-4a7d-b95a-edcc7d9ac3f2,7b577c22-5513-42cc-ab19-2bf867e14ebc,2026-07-09,2026-07-09 17:00:35.338+00,1,email,2026-07-09 17:00:49.385+00
d4c48964-aae4-4a86-8794-26f9c9942ab3,678b734f-19e2-4622-ab4e-fccd86f4877f,8cab859b-a1e1-4edb-af95-4e847e1c93e4,2026-07-09,2026-07-09 17:00:35.338+00,2,in_app,2026-07-09 17:00:49.865+00
fbcfe2e9-9e83-4b99-9dd2-5d5b6334e707,0c96a57e-6cc1-400f-bf3a-5740b699ac21,a94fc469-4603-487f-ab7f-e2712197d510,2026-07-09,2026-07-09 17:00:35.338+00,7,in_app,2026-07-09 17:00:50.315+00
5c526d94-35e2-411e-a46a-5921409076fe,0c96a57e-6cc1-400f-bf3a-5740b699ac21,a94fc469-4603-487f-ab7f-e2712197d510,2026-07-09,2026-07-09 17:00:35.338+00,7,email,2026-07-09 17:00:50.663+00
e3e06a48-9d61-405b-872f-40013f94d282,0c96a57e-6cc1-400f-bf3a-5740b699ac21,bdef184d-6217-4cdf-a59f-dc37008d13fd,2026-07-09,2026-07-09 17:00:35.338+00,8,in_app,2026-07-09 17:00:51.185+00
ef04bae3-581c-4ab5-a6cb-9123558ac672,0c96a57e-6cc1-400f-bf3a-5740b699ac21,6d3f8a2c-1a05-4e2a-b57e-d969b668049b,2026-07-09,2026-07-09 17:00:35.338+00,1,in_app,2026-07-09 17:00:52.049+00
60a50829-8ee1-4218-a11e-201e1612e73c,0c96a57e-6cc1-400f-bf3a-5740b699ac21,642b0596-7431-4f50-acff-1eb4199fab76,2026-07-09,2026-07-09 17:00:35.338+00,1,email,2026-07-09 17:00:55.767+00
84732c39-4844-4465-9025-97abb7ccbcbe,b0737bfd-7bea-493b-8cfc-14946fcea8cd,90bb1d12-5855-4f3e-aecb-e92f597e650c,2026-07-13,2026-07-13 11:00:34.405+00,1,in_app,2026-07-13 11:00:41.907+00
28f37eb3-c189-4709-a647-1e2f2c0d308a,b0737bfd-7bea-493b-8cfc-14946fcea8cd,90bb1d12-5855-4f3e-aecb-e92f597e650c,2026-07-13,2026-07-13 11:00:34.405+00,1,email,2026-07-13 11:00:42.322+00
a57b413a-07e3-470f-9ed9-a815d49c9f17,9b5aa503-44ec-40de-9ceb-b1475639767e,2a266637-be4e-4088-9918-a51576912f5c,2026-07-13,2026-07-13 11:00:34.405+00,4,in_app,2026-07-13 11:00:42.422+00
949ef431-7272-40ec-8a65-6361ede6d0d5,9b5aa503-44ec-40de-9ceb-b1475639767e,2a266637-be4e-4088-9918-a51576912f5c,2026-07-13,2026-07-13 11:00:34.405+00,4,email,2026-07-13 11:00:42.839+00
fe4e98cd-fb56-4d63-98aa-c4d8616c7371,b6617c09-9b4a-4ebc-bf50-e584b67edaa3,e5efecc9-f05f-479b-b2ea-81a2ed90fba4,2026-07-13,2026-07-13 11:00:34.405+00,1,in_app,2026-07-13 11:00:42.93+00
67ec7733-04fa-4c4d-b407-7a4ebbd8aad4,9066ac12-d1c6-4a15-ad74-4932bf8dd987,968fc8e6-f918-4579-b0d1-26570ce5e94b,2026-07-13,2026-07-13 11:00:34.405+00,2,in_app,2026-07-13 11:00:46.703+00
d1efe3de-d5eb-4988-ac9b-2448cf33e79a,678c949f-b372-4aba-9d9b-26d422134531,3258f102-8146-4986-964f-8c8f53441300,2026-07-13,2026-07-13 11:00:34.405+00,2,email,2026-07-13 11:00:48.143+00
6cfde0df-3269-4515-b9cb-cb5c7442f2b3,0c96a57e-6cc1-400f-bf3a-5740b699ac21,c6754833-e150-4c12-9149-45a6dfcd6eec,2026-07-13,2026-07-13 11:00:34.405+00,3,in_app,2026-07-13 11:00:49.835+00
e628b4a2-34a8-4d4e-a14c-504cc547f295,c1f13659-b28c-4d50-8375-5bf200294992,decc7faa-b202-42f1-9a04-fe15fe97a892,2026-07-15,2026-07-15 17:00:20.242+00,1,email,2026-07-15 17:00:40.775+00
0d8718a4-e148-4813-833d-fecfb3349792,0c96a57e-6cc1-400f-bf3a-5740b699ac21,a94fc469-4603-487f-ab7f-e2712197d510,2026-07-15,2026-07-15 17:00:20.242+00,9,in_app,2026-07-15 17:00:41.998+00
aeff5ce6-b60a-4ae9-b09f-5a3b2def2a60,df71451b-bcd2-4602-9b7b-230b32f08b65,c30e3590-04a3-4544-bf66-43228037bfc9,2026-07-15,2026-07-15 17:00:20.242+00,1,in_app,2026-07-15 17:00:42.535+00
39ee8f4c-5ce1-4567-993a-774d4640a4a1,0c96a57e-6cc1-400f-bf3a-5740b699ac21,3519d0a1-12b5-4a38-bbd5-a5b9d518cb53,2026-07-15,2026-07-15 17:00:20.242+00,1,email,2026-07-15 17:00:44.069+00
ee701c3a-2719-4364-9ee8-f7ed93aeb980,0c96a57e-6cc1-400f-bf3a-5740b699ac21,28f7b9e8-9516-4a08-864c-9ff3e085ba87,2026-07-15,2026-07-15 17:00:20.242+00,1,in_app,2026-07-15 17:00:47.353+00
cd211bbd-2023-48a3-a326-6253357342e0,0c96a57e-6cc1-400f-bf3a-5740b699ac21,28f7b9e8-9516-4a08-864c-9ff3e085ba87,2026-07-15,2026-07-15 17:00:20.242+00,1,email,2026-07-15 17:00:47.748+00
c65e9f06-0aab-474a-9f66-ae5dbb46838b,0c96a57e-6cc1-400f-bf3a-5740b699ac21,3258f102-8146-4986-964f-8c8f53441300,2026-07-15,2026-07-15 17:00:20.242+00,2,email,2026-07-15 17:00:48.817+00
46811efc-911e-4e49-9027-106e37899d5b,0c96a57e-6cc1-400f-bf3a-5740b699ac21,642b0596-7431-4f50-acff-1eb4199fab76,2026-07-15,2026-07-15 17:00:20.242+00,1,email,2026-07-15 17:00:50.112+00
38b3aa38-5653-434c-9d0a-09affe7c70ca,0c96a57e-6cc1-400f-bf3a-5740b699ac21,2a266637-be4e-4088-9918-a51576912f5c,2026-07-17,2026-07-17 11:00:03.395+00,4,email,2026-07-17 11:00:25.201+00
70dabbcf-2452-4395-853a-f7a82f55031b,0c96a57e-6cc1-400f-bf3a-5740b699ac21,d8eb23c1-2c90-4dfe-872a-aa3e3dcd6478,2026-07-17,2026-07-17 11:00:03.395+00,8,in_app,2026-07-17 11:00:25.295+00
776a86d3-06de-4970-9b16-73ec4227141c,0c96a57e-6cc1-400f-bf3a-5740b699ac21,d8eb23c1-2c90-4dfe-872a-aa3e3dcd6478,2026-07-17,2026-07-17 11:00:03.395+00,8,email,2026-07-17 11:00:25.61+00
e7482753-766b-4afc-bb34-12746591d8cf,0c96a57e-6cc1-400f-bf3a-5740b699ac21,a3c5b629-15d3-48a7-b5ab-694e63dc8b63,2026-07-17,2026-07-17 11:00:03.395+00,8,in_app,2026-07-17 11:00:26.105+00
1e8df394-cf72-47eb-9824-4519323668e9,0c96a57e-6cc1-400f-bf3a-5740b699ac21,b3db042c-4932-4f66-8aff-3136ed50db97,2026-07-17,2026-07-17 11:00:03.395+00,8,in_app,2026-07-17 11:00:26.968+00
4e749760-c6e3-4543-8b6b-4e51f418f8f1,0c96a57e-6cc1-400f-bf3a-5740b699ac21,b3db042c-4932-4f66-8aff-3136ed50db97,2026-07-17,2026-07-17 11:00:03.395+00,8,email,2026-07-17 11:00:27.282+00
9ea87a93-abc0-4447-b6f5-1ad7ef1c2259,0c96a57e-6cc1-400f-bf3a-5740b699ac21,6d3f8a2c-1a05-4e2a-b57e-d969b668049b,2026-07-19,2026-07-19 11:01:02.32+00,1,email,2026-07-19 11:01:18.684+00
61013cc4-710d-4b37-8809-4789561d25e3,0c96a57e-6cc1-400f-bf3a-5740b699ac21,b874694b-f463-4dbd-bb6f-b04f121a8802,2026-07-19,2026-07-19 11:01:02.32+00,1,in_app,2026-07-19 11:01:18.764+00
0ef1e3e7-126d-4bae-b4ec-0718559be7a7,0c96a57e-6cc1-400f-bf3a-5740b699ac21,ebe67fdd-2e23-43c0-8e9b-8abec2682d09,2026-07-19,2026-07-19 11:01:02.32+00,2,in_app,2026-07-19 11:01:19.137+00
4c0f96cf-63b9-4a82-86e0-00dfaef727b7,0c96a57e-6cc1-400f-bf3a-5740b699ac21,ebe67fdd-2e23-43c0-8e9b-8abec2682d09,2026-07-19,2026-07-19 11:01:02.32+00,2,email,2026-07-19 11:01:19.442+00
a4af495c-39ff-4ace-8a25-3c0d69724647,0c96a57e-6cc1-400f-bf3a-5740b699ac21,d8eb23c1-2c90-4dfe-872a-aa3e3dcd6478,2026-07-19,2026-07-19 11:01:02.32+00,8,in_app,2026-07-19 11:01:20.097+00
86ac3325-3cae-416b-b0e6-e4a48a3ac8ac,0c96a57e-6cc1-400f-bf3a-5740b699ac21,28f7b9e8-9516-4a08-864c-9ff3e085ba87,2026-07-19,2026-07-19 11:01:02.32+00,1,in_app,2026-07-19 11:01:20.539+00
c8432a9c-56bb-40c7-8c0b-bde0ad326302,0c96a57e-6cc1-400f-bf3a-5740b699ac21,28f7b9e8-9516-4a08-864c-9ff3e085ba87,2026-07-19,2026-07-19 11:01:02.32+00,1,email,2026-07-19 11:01:20.841+00
e74964e9-77a4-424d-b7b0-9d2392245849,0c96a57e-6cc1-400f-bf3a-5740b699ac21,a3c5b629-15d3-48a7-b5ab-694e63dc8b63,2026-07-19,2026-07-19 11:01:02.32+00,8,in_app,2026-07-19 11:01:20.969+00
a9fdb960-2c3f-42d6-a621-12dbb88b4c19,0c96a57e-6cc1-400f-bf3a-5740b699ac21,a3c5b629-15d3-48a7-b5ab-694e63dc8b63,2026-07-19,2026-07-19 11:01:02.32+00,8,email,2026-07-19 11:01:21.277+00
9c78e038-b723-45da-8fd1-6b22f2a5e983,0c96a57e-6cc1-400f-bf3a-5740b699ac21,5d7214cd-c7d1-42ac-b859-b9e84dee9fab,2026-07-19,2026-07-19 11:01:02.32+00,1,in_app,2026-07-19 11:01:21.357+00
2e6c2801-351a-4d87-b9fd-ef8e9ca63901,0c96a57e-6cc1-400f-bf3a-5740b699ac21,5d7214cd-c7d1-42ac-b859-b9e84dee9fab,2026-07-19,2026-07-19 11:01:02.32+00,1,email,2026-07-19 11:01:21.658+00
9f5a2ec5-2ee5-4825-92d6-a1e49b7eb5c5,0c96a57e-6cc1-400f-bf3a-5740b699ac21,decc7faa-b202-42f1-9a04-fe15fe97a892,2026-07-19,2026-07-19 11:01:02.32+00,1,in_app,2026-07-19 11:01:23.516+00
6830ccca-1112-4710-b5c7-5b8af1c1fdb4,0c96a57e-6cc1-400f-bf3a-5740b699ac21,decc7faa-b202-42f1-9a04-fe15fe97a892,2026-07-19,2026-07-19 11:01:02.32+00,1,email,2026-07-19 11:01:23.829+00
ebfe1f4f-2d8b-4230-bcaa-7929070a006c,0c96a57e-6cc1-400f-bf3a-5740b699ac21,1c2d5668-5cd9-49a7-a138-3ccd2bea5cbb,2026-07-19,2026-07-19 11:01:02.32+00,1,in_app,2026-07-19 11:01:24.292+00
7b5f97e4-5f21-45ba-8e51-14cbc6d7e159,0c96a57e-6cc1-400f-bf3a-5740b699ac21,1c2d5668-5cd9-49a7-a138-3ccd2bea5cbb,2026-07-19,2026-07-19 11:01:02.32+00,1,email,2026-07-19 11:01:24.589+00
32ae21fe-2e8f-4ed7-8c2a-1a15b3da2162,0c96a57e-6cc1-400f-bf3a-5740b699ac21,27edf455-e61a-48a9-a846-e2c6f42999b5,2026-07-21,2026-07-21 11:00:03.241+00,1,email,2026-07-21 11:00:23.116+00
4322e751-21f4-4aba-a08b-9c6992405f96,ed586056-17ca-4287-936a-c16e642c63a6,8737f689-7c9e-414a-8391-5bf93d5ba600,2026-07-21,2026-07-21 11:00:03.241+00,1,in_app,2026-07-21 11:00:23.251+00
2daa2e4c-7f3b-4021-a4e3-0bad36f93ac2,2e6f6612-8033-42e0-b84d-b2ea8aded8ac,b3db042c-4932-4f66-8aff-3136ed50db97,2026-07-21,2026-07-21 11:00:03.241+00,7,in_app,2026-07-21 11:00:23.847+00
1b11681c-e1b1-4d70-af0f-115095429556,2528e875-ab7b-4905-a98b-998a318b883e,13bbd043-efcc-4c8a-9edd-f34941547546,2026-07-21,2026-07-21 11:00:03.241+00,1,in_app,2026-07-21 11:00:25.572+00
c3b73b5a-3869-4da3-9287-922bd9373561,678b734f-19e2-4622-ab4e-fccd86f4877f,8cab859b-a1e1-4edb-af95-4e847e1c93e4,2026-07-21,2026-07-21 11:00:03.241+00,2,in_app,2026-07-21 11:00:27.471+00
f727a57b-9958-46a2-bda1-52d4eaa754cf,0c96a57e-6cc1-400f-bf3a-5740b699ac21,b874694b-f463-4dbd-bb6f-b04f121a8802,2026-07-21,2026-07-21 11:00:03.241+00,1,email,2026-07-21 11:00:30.691+00
b615fde4-e1c5-496a-9e0f-8dd5ada7e2e4,0c96a57e-6cc1-400f-bf3a-5740b699ac21,ebe67fdd-2e23-43c0-8e9b-8abec2682d09,2026-07-21,2026-07-21 11:00:03.241+00,2,in_app,2026-07-21 11:00:30.787+00
5932fadf-600f-4aef-a3d2-866c3a2b9e00,0c96a57e-6cc1-400f-bf3a-5740b699ac21,2a266637-be4e-4088-9918-a51576912f5c,2026-07-21,2026-07-21 11:00:03.241+00,4,in_app,2026-07-21 11:00:31.25+00
b6ca6349-78b0-42f7-9789-21c616d568dd,0c96a57e-6cc1-400f-bf3a-5740b699ac21,28f7b9e8-9516-4a08-864c-9ff3e085ba87,2026-07-21,2026-07-21 11:00:03.241+00,1,in_app,2026-07-21 11:00:32.334+00
db323d21-ba1b-45de-aa5f-8c4a431f5c34,0c96a57e-6cc1-400f-bf3a-5740b699ac21,9bd5cccc-e18f-432e-ae67-dc33103d5791,2026-07-21,2026-07-21 11:00:03.241+00,1,in_app,2026-07-21 11:00:33.337+00
98351e89-5596-49e3-b296-2260539cea58,0c96a57e-6cc1-400f-bf3a-5740b699ac21,b3db042c-4932-4f66-8aff-3136ed50db97,2026-07-21,2026-07-21 11:00:03.241+00,8,in_app,2026-07-21 11:00:34.912+00
01d021aa-54e6-4bbb-853a-3db5dec4acfd,0c96a57e-6cc1-400f-bf3a-5740b699ac21,968fc8e6-f918-4579-b0d1-26570ce5e94b,2026-07-21,2026-07-21 17:00:04.437+00,1,in_app,2026-07-21 17:00:05.21+00
1c397321-7ff9-452d-999b-6aa9733a9896,3870aadb-8625-4184-ac60-c6e20be4cdc5,a94fc469-4603-487f-ab7f-e2712197d510,2026-07-21,2026-07-21 17:00:04.437+00,12,in_app,2026-07-21 17:00:05.622+00
69e71270-e57b-4feb-8513-6fbcc75c0a68,3870aadb-8625-4184-ac60-c6e20be4cdc5,a94fc469-4603-487f-ab7f-e2712197d510,2026-07-21,2026-07-21 17:00:04.437+00,12,email,2026-07-21 17:00:05.928+00
70ca09c0-3841-48c9-b189-1461e909f1ed,2e6f6612-8033-42e0-b84d-b2ea8aded8ac,b3db042c-4932-4f66-8aff-3136ed50db97,2026-07-05,2026-07-05 17:00:41.284+00,7,in_app,2026-07-05 17:00:53.224+00
1ced99c5-98e6-480f-bd66-75f5170d4b7a,2e6f6612-8033-42e0-b84d-b2ea8aded8ac,b3db042c-4932-4f66-8aff-3136ed50db97,2026-07-05,2026-07-05 17:00:41.284+00,7,email,2026-07-05 17:00:53.525+00
ebd7b2f4-f4d0-4fe3-89b0-1a55bb16b71e,0c96a57e-6cc1-400f-bf3a-5740b699ac21,c6754833-e150-4c12-9149-45a6dfcd6eec,2026-07-05,2026-07-05 17:00:41.284+00,3,email,2026-07-05 17:00:54.328+00
c86bf47d-a5ae-4115-8d16-bd26d89535b2,0ece46cd-9571-4f7f-8043-c1f2249b6cf9,6f58e5f8-b85c-4f92-89b7-1cf3ca9f22b6,2026-07-05,2026-07-05 17:00:41.284+00,2,in_app,2026-07-05 17:00:54.762+00
5ee9a130-ac6b-4d7c-a7d2-95332274c95f,c1f13659-b28c-4d50-8375-5bf200294992,decc7faa-b202-42f1-9a04-fe15fe97a892,2026-07-05,2026-07-05 17:00:41.284+00,1,email,2026-07-05 17:00:55.863+00
d0dfbbf8-7f08-48f7-897c-ecd1c198fe05,678b734f-19e2-4622-ab4e-fccd86f4877f,8cab859b-a1e1-4edb-af95-4e847e1c93e4,2026-07-05,2026-07-05 17:00:41.284+00,2,in_app,2026-07-05 17:00:55.942+00
07244e3c-f052-44b1-bb4f-2d0d94507c0e,678b734f-19e2-4622-ab4e-fccd86f4877f,8cab859b-a1e1-4edb-af95-4e847e1c93e4,2026-07-05,2026-07-05 17:00:41.284+00,2,email,2026-07-05 17:00:56.244+00
eca89862-b7b5-4978-b857-bd30fa18edc7,0c96a57e-6cc1-400f-bf3a-5740b699ac21,5d7214cd-c7d1-42ac-b859-b9e84dee9fab,2026-07-05,2026-07-05 17:00:41.284+00,2,in_app,2026-07-05 17:00:56.357+00
fd4979e8-0c17-4a2f-b7f7-dd6f3a625895,0c96a57e-6cc1-400f-bf3a-5740b699ac21,bdef184d-6217-4cdf-a59f-dc37008d13fd,2026-07-05,2026-07-05 17:00:41.284+00,8,in_app,2026-07-05 17:00:56.813+00
bff568e5-0dae-415b-9439-8c2d9d20a1e3,0c96a57e-6cc1-400f-bf3a-5740b699ac21,3519d0a1-12b5-4a38-bbd5-a5b9d518cb53,2026-07-05,2026-07-05 17:00:41.284+00,1,in_app,2026-07-05 17:00:57.231+00
d045ae72-b125-435e-8ec3-e7b7021067ad,0c96a57e-6cc1-400f-bf3a-5740b699ac21,3519d0a1-12b5-4a38-bbd5-a5b9d518cb53,2026-07-05,2026-07-05 17:00:41.284+00,1,email,2026-07-05 17:00:57.545+00
f2671ea9-8a80-4337-a2dc-5e4b1dba8563,0c96a57e-6cc1-400f-bf3a-5740b699ac21,6d3f8a2c-1a05-4e2a-b57e-d969b668049b,2026-07-05,2026-07-05 17:00:41.284+00,1,email,2026-07-05 17:00:57.929+00
619550d9-b9ab-4bfb-8046-ff4612c9d173,0c96a57e-6cc1-400f-bf3a-5740b699ac21,ebe67fdd-2e23-43c0-8e9b-8abec2682d09,2026-07-05,2026-07-05 17:00:41.284+00,1,in_app,2026-07-05 17:00:57.986+00
e69b9819-53fa-4431-b8b0-0ad4ae9f66a4,0c96a57e-6cc1-400f-bf3a-5740b699ac21,ebe67fdd-2e23-43c0-8e9b-8abec2682d09,2026-07-05,2026-07-05 17:00:41.284+00,1,email,2026-07-05 17:00:58.288+00
218638cc-1d4d-40fc-9451-b41cb90b0884,0c96a57e-6cc1-400f-bf3a-5740b699ac21,2a266637-be4e-4088-9918-a51576912f5c,2026-07-05,2026-07-05 17:00:41.284+00,4,in_app,2026-07-05 17:00:58.363+00
0354932a-7f65-474b-bd77-b39f852d0f66,0c96a57e-6cc1-400f-bf3a-5740b699ac21,2a266637-be4e-4088-9918-a51576912f5c,2026-07-05,2026-07-05 17:00:41.284+00,4,email,2026-07-05 17:00:58.679+00
6403a01a-fbc2-4c11-b390-23b14a53eccf,0c96a57e-6cc1-400f-bf3a-5740b699ac21,d8eb23c1-2c90-4dfe-872a-aa3e3dcd6478,2026-07-05,2026-07-05 17:00:41.284+00,8,in_app,2026-07-05 17:00:58.8+00
da696564-b937-474d-a415-3bb972395ea9,0c96a57e-6cc1-400f-bf3a-5740b699ac21,a9c81e05-8b1a-47ad-a80d-dbc45603f068,2026-07-05,2026-07-05 17:00:41.284+00,1,in_app,2026-07-05 17:00:59.611+00
4246a65e-318a-4426-8c37-fd80500ba7a4,0c96a57e-6cc1-400f-bf3a-5740b699ac21,658a0146-2d8a-4b2e-81e5-aa16fa9d0a30,2026-07-05,2026-07-05 17:00:41.284+00,1,in_app,2026-07-05 17:01:00.018+00
9c63d60a-f746-4f19-83f9-30ada6cdc172,0c96a57e-6cc1-400f-bf3a-5740b699ac21,658a0146-2d8a-4b2e-81e5-aa16fa9d0a30,2026-07-05,2026-07-05 17:00:41.284+00,1,email,2026-07-05 17:01:00.365+00
f2aa2cb3-455e-4120-91ff-1e088941ebc1,0c96a57e-6cc1-400f-bf3a-5740b699ac21,a3c5b629-15d3-48a7-b5ab-694e63dc8b63,2026-07-05,2026-07-05 17:00:41.284+00,8,in_app,2026-07-05 17:01:00.44+00
cc7648c6-0f57-4ffa-ad41-6da5baf6a370,0c96a57e-6cc1-400f-bf3a-5740b699ac21,a94fc469-4603-487f-ab7f-e2712197d510,2026-07-05,2026-07-05 17:00:41.284+00,2,in_app,2026-07-05 17:01:00.844+00
270832da-6d96-4839-bf60-fdd4ba6db635,0c96a57e-6cc1-400f-bf3a-5740b699ac21,642b0596-7431-4f50-acff-1eb4199fab76,2026-07-05,2026-07-05 17:00:41.284+00,1,email,2026-07-05 17:01:01.964+00
0bce012f-a65f-4033-ad87-3a8b4f07868a,0c96a57e-6cc1-400f-bf3a-5740b699ac21,3519d0a1-12b5-4a38-bbd5-a5b9d518cb53,2026-07-09,2026-07-09 17:00:35.338+00,1,in_app,2026-07-09 17:00:51.652+00
d63c020a-3f29-466f-953d-1d8ecbde142d,0c96a57e-6cc1-400f-bf3a-5740b699ac21,3519d0a1-12b5-4a38-bbd5-a5b9d518cb53,2026-07-09,2026-07-09 17:00:35.338+00,1,email,2026-07-09 17:00:51.973+00
a3e641aa-bf89-4549-9c97-032c5ce7f11f,df71451b-bcd2-4602-9b7b-230b32f08b65,c30e3590-04a3-4544-bf66-43228037bfc9,2026-07-13,2026-07-13 11:00:34.405+00,1,in_app,2026-07-13 11:00:53.803+00
056bb0ef-094e-489a-8fcb-8e449f99e0e2,df71451b-bcd2-4602-9b7b-230b32f08b65,c30e3590-04a3-4544-bf66-43228037bfc9,2026-07-13,2026-07-13 11:00:34.405+00,1,email,2026-07-13 11:00:54.196+00
2fe65d93-f905-4a93-9906-7beba529d895,0c96a57e-6cc1-400f-bf3a-5740b699ac21,3519d0a1-12b5-4a38-bbd5-a5b9d518cb53,2026-07-13,2026-07-13 11:00:34.405+00,1,email,2026-07-13 11:00:55.294+00
f1da382a-b233-46d0-92c5-0d05c376fd2d,0c96a57e-6cc1-400f-bf3a-5740b699ac21,968fc8e6-f918-4579-b0d1-26570ce5e94b,2026-07-16,2026-07-16 11:00:00.525+00,1,in_app,2026-07-16 11:00:00.79+00
c8d875fa-bfbc-4f0e-9cd1-241dc462f6b6,0c96a57e-6cc1-400f-bf3a-5740b699ac21,968fc8e6-f918-4579-b0d1-26570ce5e94b,2026-07-16,2026-07-16 11:00:00.525+00,1,email,2026-07-16 11:00:01.94+00
b554eb2b-91e4-4374-becd-7b3be527ac3b,0c96a57e-6cc1-400f-bf3a-5740b699ac21,7b577c22-5513-42cc-ab19-2bf867e14ebc,2026-07-16,2026-07-16 11:00:00.525+00,2,in_app,2026-07-16 11:00:06.46+00
df282767-82e6-4392-981a-b9dbdd15dee2,62a2569e-4be2-4326-bddd-3c6116ed18b0,6d3f8a2c-1a05-4e2a-b57e-d969b668049b,2026-07-16,2026-07-16 11:00:00.525+00,1,in_app,2026-07-16 11:00:11.504+00
25724ae4-d459-44b9-9341-80fab2eab09e,62a2569e-4be2-4326-bddd-3c6116ed18b0,6d3f8a2c-1a05-4e2a-b57e-d969b668049b,2026-07-16,2026-07-16 11:00:00.525+00,1,email,2026-07-16 11:00:11.846+00
96c7ac96-9b35-4989-8bdf-ee1f3494180a,62a2569e-4be2-4326-bddd-3c6116ed18b0,7b577c22-5513-42cc-ab19-2bf867e14ebc,2026-07-16,2026-07-16 11:00:00.525+00,1,email,2026-07-16 11:00:12.256+00
a976b868-b94b-4a5e-8375-a7fa02dcccc3,b0737bfd-7bea-493b-8cfc-14946fcea8cd,90bb1d12-5855-4f3e-aecb-e92f597e650c,2026-07-16,2026-07-16 11:00:00.525+00,1,in_app,2026-07-16 11:00:13.622+00
9e063df3-5fb1-4bdf-ac1f-58f5e4c831f3,b0737bfd-7bea-493b-8cfc-14946fcea8cd,90bb1d12-5855-4f3e-aecb-e92f597e650c,2026-07-16,2026-07-16 11:00:00.525+00,1,email,2026-07-16 11:00:21.642+00
0ec35d88-fef3-4605-87c5-e9e1c4481588,9b5aa503-44ec-40de-9ceb-b1475639767e,2a266637-be4e-4088-9918-a51576912f5c,2026-07-16,2026-07-16 11:00:00.525+00,4,in_app,2026-07-16 11:00:21.719+00
598ee99a-2ed3-42ec-a16a-3e1c7523a757,b6617c09-9b4a-4ebc-bf50-e584b67edaa3,e5efecc9-f05f-479b-b2ea-81a2ed90fba4,2026-07-16,2026-07-16 11:00:00.525+00,1,in_app,2026-07-16 11:00:22.062+00
346e6cb4-b43a-4498-b504-80fa039ae1c1,0c96a57e-6cc1-400f-bf3a-5740b699ac21,6237fa09-ec4a-46ca-a99b-4f8afb3bf259,2026-07-16,2026-07-16 11:00:00.525+00,1,in_app,2026-07-16 11:00:23.758+00
9365478e-b3c8-4513-925c-34e47412e0ce,9066ac12-d1c6-4a15-ad74-4932bf8dd987,968fc8e6-f918-4579-b0d1-26570ce5e94b,2026-07-16,2026-07-16 11:00:00.525+00,2,in_app,2026-07-16 11:00:25.159+00
c3fb95df-a2a5-41ef-9358-8a5076845c5c,9066ac12-d1c6-4a15-ad74-4932bf8dd987,968fc8e6-f918-4579-b0d1-26570ce5e94b,2026-07-16,2026-07-16 11:00:00.525+00,2,email,2026-07-16 11:00:25.468+00
e0a8627b-edc8-485d-b85b-f2c84e3f9484,678c949f-b372-4aba-9d9b-26d422134531,3258f102-8146-4986-964f-8c8f53441300,2026-07-16,2026-07-16 11:00:00.525+00,2,in_app,2026-07-16 11:00:25.956+00
e11c2228-e1fa-462b-a4f4-71c6cd99fddc,678c949f-b372-4aba-9d9b-26d422134531,3258f102-8146-4986-964f-8c8f53441300,2026-07-16,2026-07-16 11:00:00.525+00,2,email,2026-07-16 11:00:26.388+00
cb5ba6d2-3518-4d28-a391-ac77295a702b,8396bd66-e3ed-4593-b985-3e380cd308eb,b0faf762-848b-4737-a04d-b2b4e1e8cc5b,2026-07-16,2026-07-16 11:00:00.525+00,1,in_app,2026-07-16 11:00:26.456+00
0f034249-2d58-47d1-932c-e064826947fa,0c96a57e-6cc1-400f-bf3a-5740b699ac21,968fc8e6-f918-4579-b0d1-26570ce5e94b,2026-07-17,2026-07-17 17:00:50.216+00,1,in_app,2026-07-17 17:00:50.467+00
34b47813-0c4a-492c-81a7-f38d6b304d64,3870aadb-8625-4184-ac60-c6e20be4cdc5,a94fc469-4603-487f-ab7f-e2712197d510,2026-07-17,2026-07-17 17:00:50.216+00,11,in_app,2026-07-17 17:00:51.068+00
fa99b068-355b-486a-b48f-ce3933e77b3a,3870aadb-8625-4184-ac60-c6e20be4cdc5,a94fc469-4603-487f-ab7f-e2712197d510,2026-07-17,2026-07-17 17:00:50.216+00,11,email,2026-07-17 17:00:51.64+00
1e778783-d2ca-47b4-8422-79c812eafb41,8474aaf6-e7d1-4165-9bef-bf76bc701038,90bb1d12-5855-4f3e-aecb-e92f597e650c,2026-07-17,2026-07-17 17:00:50.216+00,1,in_app,2026-07-17 17:00:51.738+00
62800207-c6aa-47a1-bd58-bf9acd3bc27d,8474aaf6-e7d1-4165-9bef-bf76bc701038,90bb1d12-5855-4f3e-aecb-e92f597e650c,2026-07-17,2026-07-17 17:00:50.216+00,1,email,2026-07-17 17:00:52.083+00
d5583f8a-9d11-4456-91e1-677b8eece68f,72aeb445-484f-4979-8c2a-d34ec40b22b0,bdef184d-6217-4cdf-a59f-dc37008d13fd,2026-07-17,2026-07-17 17:00:50.216+00,7,email,2026-07-17 17:00:52.562+00
d2e294a2-cf6a-4a4b-83b2-f0f850d5926c,62a2569e-4be2-4326-bddd-3c6116ed18b0,6d3f8a2c-1a05-4e2a-b57e-d969b668049b,2026-07-17,2026-07-17 17:00:50.216+00,1,email,2026-07-17 17:00:53.448+00
c70416a5-589b-48e8-91cc-3da635393ccd,62a2569e-4be2-4326-bddd-3c6116ed18b0,bdef184d-6217-4cdf-a59f-dc37008d13fd,2026-07-17,2026-07-17 17:00:50.216+00,1,in_app,2026-07-17 17:00:54.774+00
375a6bf1-0356-4bbb-b1fe-eed7a0a9b421,62a2569e-4be2-4326-bddd-3c6116ed18b0,bdef184d-6217-4cdf-a59f-dc37008d13fd,2026-07-17,2026-07-17 17:00:50.216+00,1,email,2026-07-17 17:00:55.093+00
e8f71198-62c3-44a8-b4b1-0ae593db20f3,b0737bfd-7bea-493b-8cfc-14946fcea8cd,90bb1d12-5855-4f3e-aecb-e92f597e650c,2026-07-17,2026-07-17 17:00:50.216+00,1,in_app,2026-07-17 17:00:55.176+00
4b66a896-3513-49b6-abae-127d41fe7221,b0737bfd-7bea-493b-8cfc-14946fcea8cd,90bb1d12-5855-4f3e-aecb-e92f597e650c,2026-07-17,2026-07-17 17:00:50.216+00,1,email,2026-07-17 17:00:55.502+00
f8b68db5-d3cb-475d-a325-ab278c4703d9,b6617c09-9b4a-4ebc-bf50-e584b67edaa3,e5efecc9-f05f-479b-b2ea-81a2ed90fba4,2026-07-17,2026-07-17 17:00:50.216+00,1,in_app,2026-07-17 17:00:55.998+00
a27d2f0b-4031-45ca-8754-b8eb37a32125,b6617c09-9b4a-4ebc-bf50-e584b67edaa3,e5efecc9-f05f-479b-b2ea-81a2ed90fba4,2026-07-17,2026-07-17 17:00:50.216+00,1,email,2026-07-17 17:00:56.341+00
7691b9f4-af87-4d8e-993b-919dbd60ceee,9647402f-c830-48fb-92a7-e1e0f719045f,9d005015-cf2c-4590-9c46-e55e56c7696d,2026-07-17,2026-07-17 17:00:50.216+00,1,email,2026-07-17 17:00:58.447+00
b67e8e71-bad9-4612-833f-10496d845ef3,9066ac12-d1c6-4a15-ad74-4932bf8dd987,968fc8e6-f918-4579-b0d1-26570ce5e94b,2026-07-17,2026-07-17 17:00:50.216+00,2,in_app,2026-07-17 17:00:58.527+00
fc307fd7-5c6c-4568-8abf-d36649d030f5,9066ac12-d1c6-4a15-ad74-4932bf8dd987,968fc8e6-f918-4579-b0d1-26570ce5e94b,2026-07-17,2026-07-17 17:00:50.216+00,2,email,2026-07-17 17:00:58.834+00
e500e731-6b2a-4000-99ad-942cb6a39355,8396bd66-e3ed-4593-b985-3e380cd308eb,b0faf762-848b-4737-a04d-b2b4e1e8cc5b,2026-07-17,2026-07-17 17:00:50.216+00,1,in_app,2026-07-17 17:00:59.708+00
0cb763fa-ecfd-4fa1-92e1-4b0157588e49,8396bd66-e3ed-4593-b985-3e380cd308eb,b0faf762-848b-4737-a04d-b2b4e1e8cc5b,2026-07-17,2026-07-17 17:00:50.216+00,1,email,2026-07-17 17:01:00.268+00
383120ab-0a6d-46e8-9203-4a516f672f1f,0c96a57e-6cc1-400f-bf3a-5740b699ac21,27edf455-e61a-48a9-a846-e2c6f42999b5,2026-07-17,2026-07-17 17:00:50.216+00,1,in_app,2026-07-17 17:01:00.36+00
40595de7-98f2-42d2-a9a0-da6312fdcb1e,493aecc1-6791-4d62-bc63-f4f55c78e44e,642b0596-7431-4f50-acff-1eb4199fab76,2026-07-17,2026-07-17 17:00:50.216+00,1,in_app,2026-07-17 17:01:01.562+00
fb44f30c-a58d-4d36-92f6-df99ae74980b,493aecc1-6791-4d62-bc63-f4f55c78e44e,642b0596-7431-4f50-acff-1eb4199fab76,2026-07-17,2026-07-17 17:00:50.216+00,1,email,2026-07-17 17:01:01.933+00
c0fe0a92-5eec-4056-8915-f2bcee15a3ff,0c96a57e-6cc1-400f-bf3a-5740b699ac21,c6754833-e150-4c12-9149-45a6dfcd6eec,2026-07-17,2026-07-17 17:00:50.216+00,3,in_app,2026-07-17 17:01:02.014+00
fda620a8-ffb2-479a-af06-6cb21e391cd2,0c96a57e-6cc1-400f-bf3a-5740b699ac21,c6754833-e150-4c12-9149-45a6dfcd6eec,2026-07-17,2026-07-17 17:00:50.216+00,3,email,2026-07-17 17:01:02.553+00
da182ef9-99b4-4ec3-af53-bb773c04dda6,678b734f-19e2-4622-ab4e-fccd86f4877f,8cab859b-a1e1-4edb-af95-4e847e1c93e4,2026-07-17,2026-07-17 17:00:50.216+00,2,in_app,2026-07-17 17:01:04.288+00
21e9e78b-65d4-435f-85ac-fcfc1e8005b6,678b734f-19e2-4622-ab4e-fccd86f4877f,8cab859b-a1e1-4edb-af95-4e847e1c93e4,2026-07-17,2026-07-17 17:00:50.216+00,2,email,2026-07-17 17:01:04.694+00
bd7099ac-6a7e-49d1-9e8b-4bae5b965eb5,c1f13659-b28c-4d50-8375-5bf200294992,1c2d5668-5cd9-49a7-a138-3ccd2bea5cbb,2026-07-17,2026-07-17 17:00:50.216+00,1,in_app,2026-07-17 17:01:04.774+00
467dab0d-2734-4194-9ba1-b516344f00c4,493aecc1-6791-4d62-bc63-f4f55c78e44e,642b0596-7431-4f50-acff-1eb4199fab76,2026-07-05,2026-07-05 17:00:41.284+00,1,in_app,2026-07-05 17:00:53.593+00
5f9d7ef6-c393-475e-95bf-364e485ea584,0c96a57e-6cc1-400f-bf3a-5740b699ac21,c6754833-e150-4c12-9149-45a6dfcd6eec,2026-07-05,2026-07-05 17:00:41.284+00,3,in_app,2026-07-05 17:00:54.022+00
49880cdb-bb67-44ea-a735-e022b6edbf54,0ece46cd-9571-4f7f-8043-c1f2249b6cf9,6f58e5f8-b85c-4f92-89b7-1cf3ca9f22b6,2026-07-05,2026-07-05 17:00:41.284+00,2,email,2026-07-05 17:00:55.077+00
d99fb82b-e53e-4051-a6a3-ae3919cc6ed2,0c96a57e-6cc1-400f-bf3a-5740b699ac21,decc7faa-b202-42f1-9a04-fe15fe97a892,2026-07-05,2026-07-05 17:00:41.284+00,1,in_app,2026-07-05 17:01:02.464+00
4b310e71-4bfa-40ab-9271-3db16d9b27a6,0c96a57e-6cc1-400f-bf3a-5740b699ac21,8cab859b-a1e1-4edb-af95-4e847e1c93e4,2026-07-05,2026-07-05 17:00:41.284+00,2,in_app,2026-07-05 17:01:02.856+00
e31da8b6-2781-47fe-ac11-f39bad3bd2a6,0c96a57e-6cc1-400f-bf3a-5740b699ac21,968fc8e6-f918-4579-b0d1-26570ce5e94b,2026-07-10,2026-07-10 11:00:34.43+00,1,in_app,2026-07-10 11:00:35.032+00
a55a7bc7-3364-4513-b387-bb5fbcba5083,0c96a57e-6cc1-400f-bf3a-5740b699ac21,968fc8e6-f918-4579-b0d1-26570ce5e94b,2026-07-10,2026-07-10 11:00:34.43+00,1,email,2026-07-10 11:00:45.311+00
e18996af-bd22-43a1-bfd3-53b26dcb8cd0,3870aadb-8625-4184-ac60-c6e20be4cdc5,a94fc469-4603-487f-ab7f-e2712197d510,2026-07-10,2026-07-10 11:00:34.43+00,8,in_app,2026-07-10 11:00:45.38+00
fac318f2-fe91-4bed-a368-cbb4d545ca0f,3870aadb-8625-4184-ac60-c6e20be4cdc5,a94fc469-4603-487f-ab7f-e2712197d510,2026-07-10,2026-07-10 11:00:34.43+00,8,email,2026-07-10 11:00:47.188+00
4c4ba17a-6924-43c1-9836-5cce54146d33,8474aaf6-e7d1-4165-9bef-bf76bc701038,90bb1d12-5855-4f3e-aecb-e92f597e650c,2026-07-10,2026-07-10 11:00:34.43+00,1,in_app,2026-07-10 11:00:52.412+00
70076647-f44e-4d0f-a37f-7a4c730d6248,8474aaf6-e7d1-4165-9bef-bf76bc701038,90bb1d12-5855-4f3e-aecb-e92f597e650c,2026-07-10,2026-07-10 11:00:34.43+00,1,email,2026-07-10 11:00:52.782+00
a47ce9d6-4fd8-4326-8df2-f6a90f462054,72aeb445-484f-4979-8c2a-d34ec40b22b0,bdef184d-6217-4cdf-a59f-dc37008d13fd,2026-07-10,2026-07-10 11:00:34.43+00,7,in_app,2026-07-10 11:00:54.392+00
ec17b181-e443-4dfc-af71-a11a0fe58a25,72aeb445-484f-4979-8c2a-d34ec40b22b0,bdef184d-6217-4cdf-a59f-dc37008d13fd,2026-07-10,2026-07-10 11:00:34.43+00,7,email,2026-07-10 11:00:55.955+00
e044c3a6-7650-49a9-9622-30b1045714bd,0c96a57e-6cc1-400f-bf3a-5740b699ac21,7b577c22-5513-42cc-ab19-2bf867e14ebc,2026-07-10,2026-07-10 11:00:34.43+00,2,in_app,2026-07-10 11:00:56.038+00
00269821-f2ee-4fa5-82c8-1d9fbd7865c3,0c96a57e-6cc1-400f-bf3a-5740b699ac21,7b577c22-5513-42cc-ab19-2bf867e14ebc,2026-07-10,2026-07-10 11:00:34.43+00,2,email,2026-07-10 11:00:56.467+00
56f4d7eb-8517-47fc-9762-6ad0a2a3b204,62a2569e-4be2-4326-bddd-3c6116ed18b0,7b577c22-5513-42cc-ab19-2bf867e14ebc,2026-07-10,2026-07-10 11:00:34.43+00,1,in_app,2026-07-10 11:00:57.957+00
a58b19bc-a3fc-4199-80a9-b7ed5ba945d1,62a2569e-4be2-4326-bddd-3c6116ed18b0,7b577c22-5513-42cc-ab19-2bf867e14ebc,2026-07-10,2026-07-10 11:00:34.43+00,1,email,2026-07-10 11:00:58.374+00
f60c33c6-82b9-4a04-a28b-0833f2b7ab9c,b0737bfd-7bea-493b-8cfc-14946fcea8cd,32ccdbe1-627f-4fe3-a506-056b997ed89b,2026-07-27,2026-07-27 11:00:02.405+00,4,email,2026-07-27 11:00:16.952+00
112571b2-976c-43a8-be27-b677a1dea2e0,9066ac12-d1c6-4a15-ad74-4932bf8dd987,968fc8e6-f918-4579-b0d1-26570ce5e94b,2026-07-27,2026-07-27 11:00:02.405+00,3,in_app,2026-07-27 11:00:17.459+00
758a733d-f9c3-4fed-ae4e-81f660a248b1,9b5aa503-44ec-40de-9ceb-b1475639767e,2a266637-be4e-4088-9918-a51576912f5c,2026-07-10,2026-07-10 11:00:34.43+00,4,in_app,2026-07-10 11:01:00.114+00
58c17959-ee9a-4709-99ff-fdba64c14260,9b5aa503-44ec-40de-9ceb-b1475639767e,2a266637-be4e-4088-9918-a51576912f5c,2026-07-10,2026-07-10 11:00:34.43+00,4,email,2026-07-10 11:01:00.602+00
8313f5c0-1b36-4f50-a4d5-49616d69d5c8,b6617c09-9b4a-4ebc-bf50-e584b67edaa3,e5efecc9-f05f-479b-b2ea-81a2ed90fba4,2026-07-10,2026-07-10 11:00:34.43+00,1,in_app,2026-07-10 11:01:00.675+00
0dbdba1b-8ce9-451d-9b40-a2770d3388fc,fd63bafa-9a78-43fb-9311-f78b8cbfb667,d8eb23c1-2c90-4dfe-872a-aa3e3dcd6478,2026-07-10,2026-07-10 11:00:34.43+00,8,email,2026-07-10 11:01:01.518+00
23bfd255-07dc-438d-a10e-3e04bb17cd0f,04b00ab5-856d-4f95-962b-e9d97b33f207,a3c5b629-15d3-48a7-b5ab-694e63dc8b63,2026-07-10,2026-07-10 11:00:34.43+00,8,in_app,2026-07-10 11:01:04.498+00
05bd2775-3621-4de3-9b22-fd569f04a4da,04b00ab5-856d-4f95-962b-e9d97b33f207,a3c5b629-15d3-48a7-b5ab-694e63dc8b63,2026-07-10,2026-07-10 11:00:34.43+00,8,email,2026-07-10 11:01:04.862+00
aa3ebb98-797b-46d4-a984-6e523db365d5,2e6f6612-8033-42e0-b84d-b2ea8aded8ac,b3db042c-4932-4f66-8aff-3136ed50db97,2026-07-10,2026-07-10 11:00:34.43+00,7,in_app,2026-07-10 11:01:05.923+00
a963a08e-2a79-448b-9090-95e23bb03975,2e6f6612-8033-42e0-b84d-b2ea8aded8ac,b3db042c-4932-4f66-8aff-3136ed50db97,2026-07-10,2026-07-10 11:00:34.43+00,7,email,2026-07-10 11:01:06.363+00
ae0fb210-cb77-461b-9d14-36c2e8de13f5,493aecc1-6791-4d62-bc63-f4f55c78e44e,642b0596-7431-4f50-acff-1eb4199fab76,2026-07-10,2026-07-10 11:00:34.43+00,1,in_app,2026-07-10 11:01:06.437+00
2594ce24-f939-4083-9dab-014c2722372d,493aecc1-6791-4d62-bc63-f4f55c78e44e,642b0596-7431-4f50-acff-1eb4199fab76,2026-07-10,2026-07-10 11:00:34.43+00,1,email,2026-07-10 11:01:06.801+00
53d2e273-9cce-4bcd-9cad-48696e1c1318,493aecc1-6791-4d62-bc63-f4f55c78e44e,7b577c22-5513-42cc-ab19-2bf867e14ebc,2026-07-10,2026-07-10 11:00:34.43+00,8,in_app,2026-07-10 11:01:07.214+00
71b92991-a205-46bd-96f1-f81203228bbc,493aecc1-6791-4d62-bc63-f4f55c78e44e,7b577c22-5513-42cc-ab19-2bf867e14ebc,2026-07-10,2026-07-10 11:00:34.43+00,8,email,2026-07-10 11:01:07.59+00
d1c02794-6025-4b36-950f-8a8c3dcac65f,0ae36a43-2ef0-4a7d-b95a-edcc7d9ac3f2,7b577c22-5513-42cc-ab19-2bf867e14ebc,2026-07-10,2026-07-10 11:00:34.43+00,1,email,2026-07-10 11:01:08.531+00
673863df-c430-4a71-b168-b3cf0f3821a5,0c96a57e-6cc1-400f-bf3a-5740b699ac21,a94fc469-4603-487f-ab7f-e2712197d510,2026-07-10,2026-07-10 11:00:34.43+00,8,in_app,2026-07-10 11:01:11.26+00
6a60b7d5-7f01-4210-9e16-1fcccda1bb3f,0c96a57e-6cc1-400f-bf3a-5740b699ac21,a94fc469-4603-487f-ab7f-e2712197d510,2026-07-10,2026-07-10 11:00:34.43+00,8,email,2026-07-10 11:01:11.799+00
c1bca72e-967a-448a-8db2-4c0af83ee4de,0c96a57e-6cc1-400f-bf3a-5740b699ac21,5d7214cd-c7d1-42ac-b859-b9e84dee9fab,2026-07-10,2026-07-10 11:00:34.43+00,1,in_app,2026-07-10 11:01:11.872+00
82b6ec70-e1a8-49c5-8104-fe4361f1deba,0c96a57e-6cc1-400f-bf3a-5740b699ac21,5d7214cd-c7d1-42ac-b859-b9e84dee9fab,2026-07-10,2026-07-10 11:00:34.43+00,1,email,2026-07-10 11:01:12.211+00
dc45c0a9-6c22-48aa-9f45-b4c14c81d143,0c96a57e-6cc1-400f-bf3a-5740b699ac21,bdef184d-6217-4cdf-a59f-dc37008d13fd,2026-07-10,2026-07-10 11:00:34.43+00,8,email,2026-07-10 11:01:12.762+00
7f8974b6-1446-40d4-97dd-500e3cd5cf4d,0c96a57e-6cc1-400f-bf3a-5740b699ac21,6d3f8a2c-1a05-4e2a-b57e-d969b668049b,2026-07-10,2026-07-10 11:00:34.43+00,1,in_app,2026-07-10 11:01:13.372+00
8045dd7f-16a5-492a-b1de-e5b48f352a56,0c96a57e-6cc1-400f-bf3a-5740b699ac21,ebe67fdd-2e23-43c0-8e9b-8abec2682d09,2026-07-10,2026-07-10 11:00:34.43+00,2,in_app,2026-07-10 11:01:13.992+00
5452b566-930a-4ad7-ba29-f52e67441ac4,0c96a57e-6cc1-400f-bf3a-5740b699ac21,658a0146-2d8a-4b2e-81e5-aa16fa9d0a30,2026-07-10,2026-07-10 11:00:34.43+00,1,in_app,2026-07-10 11:01:16.397+00
ed33565a-15db-4e65-9761-e30c593a2e50,0c96a57e-6cc1-400f-bf3a-5740b699ac21,a3c5b629-15d3-48a7-b5ab-694e63dc8b63,2026-07-10,2026-07-10 11:00:34.43+00,8,in_app,2026-07-10 11:01:16.782+00
b66ed782-6e07-4d3c-a061-b9930b4166cf,0c96a57e-6cc1-400f-bf3a-5740b699ac21,a3c5b629-15d3-48a7-b5ab-694e63dc8b63,2026-07-10,2026-07-10 11:00:34.43+00,8,email,2026-07-10 11:01:17.197+00
2b7b3a16-0bf5-4f1e-8c33-bfcb2b73d2bd,0c96a57e-6cc1-400f-bf3a-5740b699ac21,642b0596-7431-4f50-acff-1eb4199fab76,2026-07-10,2026-07-10 11:00:34.43+00,1,in_app,2026-07-10 11:01:17.745+00
2f2a7c09-a96d-4c75-bdb6-ab6a7074d435,0c96a57e-6cc1-400f-bf3a-5740b699ac21,642b0596-7431-4f50-acff-1eb4199fab76,2026-07-10,2026-07-10 11:00:34.43+00,1,email,2026-07-10 11:01:18.212+00
497b3130-cb1b-41a3-ba3f-f1453da9cd79,0c96a57e-6cc1-400f-bf3a-5740b699ac21,6f58e5f8-b85c-4f92-89b7-1cf3ca9f22b6,2026-07-10,2026-07-10 11:00:34.43+00,2,in_app,2026-07-10 11:01:18.331+00
27110d84-2e14-4f9d-ba1d-711549a4a0b0,0c96a57e-6cc1-400f-bf3a-5740b699ac21,6f58e5f8-b85c-4f92-89b7-1cf3ca9f22b6,2026-07-10,2026-07-10 11:00:34.43+00,2,email,2026-07-10 11:01:18.8+00
a63ba9f7-7fcf-41df-8caa-4089718612a1,0c96a57e-6cc1-400f-bf3a-5740b699ac21,8cab859b-a1e1-4edb-af95-4e847e1c93e4,2026-07-10,2026-07-10 11:00:34.43+00,2,in_app,2026-07-10 11:01:19.386+00
54cf2cc0-4731-47a6-b636-1f3fedf2bd5e,0c96a57e-6cc1-400f-bf3a-5740b699ac21,8cab859b-a1e1-4edb-af95-4e847e1c93e4,2026-07-10,2026-07-10 11:00:34.43+00,2,email,2026-07-10 11:01:19.966+00
3e961374-38b1-48bf-9719-d03493c80ce6,0c96a57e-6cc1-400f-bf3a-5740b699ac21,ebe67fdd-2e23-43c0-8e9b-8abec2682d09,2026-07-13,2026-07-13 11:00:34.405+00,2,in_app,2026-07-13 11:00:55.946+00
9a7a3974-11b8-4ee8-8254-e7df507d83d9,0c96a57e-6cc1-400f-bf3a-5740b699ac21,ebe67fdd-2e23-43c0-8e9b-8abec2682d09,2026-07-13,2026-07-13 11:00:34.405+00,2,email,2026-07-13 11:00:56.356+00
51749637-113b-4e3d-bb11-547275cc8e2c,3870aadb-8625-4184-ac60-c6e20be4cdc5,a94fc469-4603-487f-ab7f-e2712197d510,2026-07-16,2026-07-16 11:00:00.525+00,9,in_app,2026-07-16 11:00:02.021+00
ab5b427e-2067-4355-956f-74300e9170a2,3870aadb-8625-4184-ac60-c6e20be4cdc5,a94fc469-4603-487f-ab7f-e2712197d510,2026-07-16,2026-07-16 11:00:00.525+00,9,email,2026-07-16 11:00:03.219+00
bca0e951-be2d-4000-a034-96827c1aaecf,72aeb445-484f-4979-8c2a-d34ec40b22b0,bdef184d-6217-4cdf-a59f-dc37008d13fd,2026-07-16,2026-07-16 11:00:00.525+00,7,in_app,2026-07-16 11:00:04.588+00
28001ab1-e284-4f6c-b026-89fc4cf3c098,72aeb445-484f-4979-8c2a-d34ec40b22b0,bdef184d-6217-4cdf-a59f-dc37008d13fd,2026-07-16,2026-07-16 11:00:00.525+00,7,email,2026-07-16 11:00:06.386+00
8a85ce21-1836-4149-b434-214c4285e8e9,0c96a57e-6cc1-400f-bf3a-5740b699ac21,1c2d5668-5cd9-49a7-a138-3ccd2bea5cbb,2026-07-27,2026-07-27 11:00:02.405+00,1,email,2026-07-27 11:00:20.657+00
8d160f42-1210-4e9f-9213-5becc1355fdb,ed586056-17ca-4287-936a-c16e642c63a6,8737f689-7c9e-414a-8391-5bf93d5ba600,2026-07-27,2026-07-27 11:00:02.405+00,1,in_app,2026-07-27 11:00:24.524+00
7def1e1c-2c23-4d0a-9bb7-1728ef336b02,62a2569e-4be2-4326-bddd-3c6116ed18b0,bdef184d-6217-4cdf-a59f-dc37008d13fd,2026-07-16,2026-07-16 11:00:00.525+00,1,in_app,2026-07-16 11:00:13.241+00
c12174f4-8441-4a32-ae87-5cd62e7e9fb6,62a2569e-4be2-4326-bddd-3c6116ed18b0,bdef184d-6217-4cdf-a59f-dc37008d13fd,2026-07-16,2026-07-16 11:00:00.525+00,1,email,2026-07-16 11:00:13.569+00
35a36b5a-5928-414e-bc04-e0ba7de536ed,9b5aa503-44ec-40de-9ceb-b1475639767e,2a266637-be4e-4088-9918-a51576912f5c,2026-07-16,2026-07-16 11:00:00.525+00,4,email,2026-07-16 11:00:22.015+00
fba42ab5-733a-4bc7-8158-eae0d736ca9c,fd63bafa-9a78-43fb-9311-f78b8cbfb667,d8eb23c1-2c90-4dfe-872a-aa3e3dcd6478,2026-07-16,2026-07-16 11:00:00.525+00,8,in_app,2026-07-16 11:00:22.478+00
83b1d8bb-0eb1-447e-b04c-feb2da237764,fd63bafa-9a78-43fb-9311-f78b8cbfb667,d8eb23c1-2c90-4dfe-872a-aa3e3dcd6478,2026-07-16,2026-07-16 11:00:00.525+00,8,email,2026-07-16 11:00:23.151+00
a533a875-c41b-41f5-afd5-da57a1530f3e,0c96a57e-6cc1-400f-bf3a-5740b699ac21,968fc8e6-f918-4579-b0d1-26570ce5e94b,2026-07-17,2026-07-17 17:00:50.216+00,1,email,2026-07-17 17:00:50.955+00
d2e880bc-6c47-4d66-ae67-2235efb1c0f5,62a2569e-4be2-4326-bddd-3c6116ed18b0,7b577c22-5513-42cc-ab19-2bf867e14ebc,2026-07-17,2026-07-17 17:00:50.216+00,1,in_app,2026-07-17 17:00:53.541+00
43953ab2-5b45-4e34-ad63-2379eed626cb,62a2569e-4be2-4326-bddd-3c6116ed18b0,7b577c22-5513-42cc-ab19-2bf867e14ebc,2026-07-17,2026-07-17 17:00:50.216+00,1,email,2026-07-17 17:00:53.853+00
c9f9e830-fcda-460b-8ae3-b1f93596feeb,2f940451-4cf3-44e3-9040-07942e4146c1,b874694b-f463-4dbd-bb6f-b04f121a8802,2026-07-17,2026-07-17 17:00:50.216+00,1,in_app,2026-07-17 17:00:53.948+00
fde823bd-fa5d-4a7b-8881-07cfd91ad854,2f940451-4cf3-44e3-9040-07942e4146c1,b874694b-f463-4dbd-bb6f-b04f121a8802,2026-07-17,2026-07-17 17:00:50.216+00,1,email,2026-07-17 17:00:54.281+00
2883cf0d-f7e7-4558-beb2-012f567fc47d,9b5aa503-44ec-40de-9ceb-b1475639767e,2a266637-be4e-4088-9918-a51576912f5c,2026-07-17,2026-07-17 17:00:50.216+00,4,email,2026-07-17 17:00:55.898+00
4ccb0828-4d20-4bbc-b22f-520eeb33de14,8474aaf6-e7d1-4165-9bef-bf76bc701038,32ccdbe1-627f-4fe3-a506-056b997ed89b,2026-07-17,2026-07-17 17:00:50.216+00,4,in_app,2026-07-17 17:00:56.866+00
7184e7f8-06c3-4f00-a0dd-4a4a5d89ce39,8474aaf6-e7d1-4165-9bef-bf76bc701038,32ccdbe1-627f-4fe3-a506-056b997ed89b,2026-07-17,2026-07-17 17:00:50.216+00,4,email,2026-07-17 17:00:57.212+00
5e3fea39-acb9-4456-8199-e35d96f28448,b0737bfd-7bea-493b-8cfc-14946fcea8cd,32ccdbe1-627f-4fe3-a506-056b997ed89b,2026-07-17,2026-07-17 17:00:50.216+00,3,in_app,2026-07-17 17:00:57.73+00
2e0b15ad-1c1c-48dc-b3e7-c3eaf649809d,493aecc1-6791-4d62-bc63-f4f55c78e44e,642b0596-7431-4f50-acff-1eb4199fab76,2026-07-05,2026-07-05 17:00:41.284+00,1,email,2026-07-05 17:00:53.949+00
23ca6194-33a8-4d52-a422-8530a844eb16,c1f13659-b28c-4d50-8375-5bf200294992,decc7faa-b202-42f1-9a04-fe15fe97a892,2026-07-05,2026-07-05 17:00:41.284+00,1,in_app,2026-07-05 17:00:55.537+00
595d0990-b3c9-4f75-b9f3-73aeb49923c3,0c96a57e-6cc1-400f-bf3a-5740b699ac21,a9c81e05-8b1a-47ad-a80d-dbc45603f068,2026-07-05,2026-07-05 17:00:41.284+00,1,email,2026-07-05 17:00:59.941+00
b493b408-eddb-4a7a-97bf-fff1a1d9c474,0c96a57e-6cc1-400f-bf3a-5740b699ac21,a94fc469-4603-487f-ab7f-e2712197d510,2026-07-05,2026-07-05 17:00:41.284+00,2,email,2026-07-05 17:01:01.155+00
3c567c9d-153c-45aa-a3f2-8c99a2dc5735,0c96a57e-6cc1-400f-bf3a-5740b699ac21,b3db042c-4932-4f66-8aff-3136ed50db97,2026-07-05,2026-07-05 17:00:41.284+00,8,in_app,2026-07-05 17:01:01.248+00
e2e710ff-b4a1-40e4-9cbe-e1795a18343a,0c96a57e-6cc1-400f-bf3a-5740b699ac21,b3db042c-4932-4f66-8aff-3136ed50db97,2026-07-05,2026-07-05 17:00:41.284+00,8,email,2026-07-05 17:01:01.56+00
16f32ac5-7d7f-4d70-9465-8fe32adbc542,0c96a57e-6cc1-400f-bf3a-5740b699ac21,decc7faa-b202-42f1-9a04-fe15fe97a892,2026-07-05,2026-07-05 17:00:41.284+00,1,email,2026-07-05 17:01:02.782+00
4c714a5c-a77e-4550-9db6-1c336467671a,b16b90c0-67c9-46c5-ac6f-2ccb8f3b2a08,5d7214cd-c7d1-42ac-b859-b9e84dee9fab,2026-07-10,2026-07-10 11:00:34.43+00,1,in_app,2026-07-10 11:00:47.243+00
a73f1ea6-8d5c-4a36-b543-8477959d9a92,b16b90c0-67c9-46c5-ac6f-2ccb8f3b2a08,5d7214cd-c7d1-42ac-b859-b9e84dee9fab,2026-07-10,2026-07-10 11:00:34.43+00,1,email,2026-07-10 11:00:52.33+00
3a3db7f9-dc45-4a87-8587-6d34493864a9,8396bd66-e3ed-4593-b985-3e380cd308eb,b0faf762-848b-4737-a04d-b2b4e1e8cc5b,2026-07-10,2026-07-10 11:00:34.43+00,2,in_app,2026-07-10 11:00:52.832+00
0a5b69a4-1a95-4713-a149-3ac1ca2c9abe,8396bd66-e3ed-4593-b985-3e380cd308eb,b0faf762-848b-4737-a04d-b2b4e1e8cc5b,2026-07-10,2026-07-10 11:00:34.43+00,2,email,2026-07-10 11:00:54.31+00
bea7329a-5ac8-4311-84c7-2fd0b5f5ca63,62a2569e-4be2-4326-bddd-3c6116ed18b0,bdef184d-6217-4cdf-a59f-dc37008d13fd,2026-07-10,2026-07-10 11:00:34.43+00,1,in_app,2026-07-10 11:00:58.876+00
0cdbc56a-4bf6-43df-9f35-beeec2b49d95,62a2569e-4be2-4326-bddd-3c6116ed18b0,bdef184d-6217-4cdf-a59f-dc37008d13fd,2026-07-10,2026-07-10 11:00:34.43+00,1,email,2026-07-10 11:00:59.302+00
347be604-6a6f-4ede-9476-ee108d3aa8bc,b0737bfd-7bea-493b-8cfc-14946fcea8cd,90bb1d12-5855-4f3e-aecb-e92f597e650c,2026-07-10,2026-07-10 11:00:34.43+00,1,in_app,2026-07-10 11:00:59.375+00
65bbe1ae-d744-4b55-8af4-85834c99be3c,b0737bfd-7bea-493b-8cfc-14946fcea8cd,90bb1d12-5855-4f3e-aecb-e92f597e650c,2026-07-10,2026-07-10 11:00:34.43+00,1,email,2026-07-10 11:01:00.067+00
067cb6f7-6ae4-4b83-9274-3603b74718db,b6617c09-9b4a-4ebc-bf50-e584b67edaa3,e5efecc9-f05f-479b-b2ea-81a2ed90fba4,2026-07-10,2026-07-10 11:00:34.43+00,1,email,2026-07-10 11:01:00.983+00
2216e4c4-e1af-4893-96f7-f83edaf394f5,c1f13659-b28c-4d50-8375-5bf200294992,1c2d5668-5cd9-49a7-a138-3ccd2bea5cbb,2026-07-10,2026-07-10 11:00:34.43+00,1,in_app,2026-07-10 11:01:10.585+00
6bcb5a59-df76-410e-98a0-1626a63642be,0c96a57e-6cc1-400f-bf3a-5740b699ac21,bdef184d-6217-4cdf-a59f-dc37008d13fd,2026-07-10,2026-07-10 11:00:34.43+00,8,in_app,2026-07-10 11:01:12.305+00
695d8b0e-6c9f-4d52-aa12-0eb95afa3294,0c96a57e-6cc1-400f-bf3a-5740b699ac21,3519d0a1-12b5-4a38-bbd5-a5b9d518cb53,2026-07-10,2026-07-10 11:00:34.43+00,1,in_app,2026-07-10 11:01:12.877+00
18156e5b-d54a-4a99-959c-8954b74ea1b5,0c96a57e-6cc1-400f-bf3a-5740b699ac21,3519d0a1-12b5-4a38-bbd5-a5b9d518cb53,2026-07-10,2026-07-10 11:00:34.43+00,1,email,2026-07-10 11:01:13.33+00
24f6eaf8-ab35-421e-8257-6e376524e670,0c96a57e-6cc1-400f-bf3a-5740b699ac21,2a266637-be4e-4088-9918-a51576912f5c,2026-07-10,2026-07-10 11:00:34.43+00,4,email,2026-07-10 11:01:15.26+00
f7e965be-6515-4c95-ba8e-9f885f21b37c,0c96a57e-6cc1-400f-bf3a-5740b699ac21,d8eb23c1-2c90-4dfe-872a-aa3e3dcd6478,2026-07-10,2026-07-10 11:00:34.43+00,8,in_app,2026-07-10 11:01:15.376+00
bf8daf7a-5bff-475c-8581-eb88ae9878f9,0c96a57e-6cc1-400f-bf3a-5740b699ac21,d8eb23c1-2c90-4dfe-872a-aa3e3dcd6478,2026-07-10,2026-07-10 11:00:34.43+00,8,email,2026-07-10 11:01:15.868+00
41855612-9f28-43e8-b0ad-9a4ec26ae9e0,0c96a57e-6cc1-400f-bf3a-5740b699ac21,28f7b9e8-9516-4a08-864c-9ff3e085ba87,2026-07-10,2026-07-10 11:00:34.43+00,1,email,2026-07-10 11:01:16.329+00
2b0e178a-91de-4418-84be-797ffe18b7ac,0c96a57e-6cc1-400f-bf3a-5740b699ac21,1c2d5668-5cd9-49a7-a138-3ccd2bea5cbb,2026-07-10,2026-07-10 11:00:34.43+00,1,email,2026-07-10 11:01:20.55+00
ef8d3a91-7778-48c7-ad50-2ce62e20acf5,0c96a57e-6cc1-400f-bf3a-5740b699ac21,a3c5b629-15d3-48a7-b5ab-694e63dc8b63,2026-07-13,2026-07-13 11:00:34.405+00,8,email,2026-07-13 11:00:59.107+00
64147040-17a0-4181-9abc-6d7d0ec7eb71,0c96a57e-6cc1-400f-bf3a-5740b699ac21,6f58e5f8-b85c-4f92-89b7-1cf3ca9f22b6,2026-07-13,2026-07-13 11:00:34.405+00,2,in_app,2026-07-13 11:01:01.048+00
dd88da70-a70e-4700-9bbf-3ee5f518f306,0c96a57e-6cc1-400f-bf3a-5740b699ac21,6f58e5f8-b85c-4f92-89b7-1cf3ca9f22b6,2026-07-13,2026-07-13 11:00:34.405+00,2,email,2026-07-13 11:01:01.525+00
9296580b-eff2-48f5-9735-344019802917,0c96a57e-6cc1-400f-bf3a-5740b699ac21,1c2d5668-5cd9-49a7-a138-3ccd2bea5cbb,2026-07-13,2026-07-13 11:00:34.405+00,1,in_app,2026-07-13 11:01:02.642+00
cd59ad14-5a9e-4c05-b7ef-50fbd7c0f4ec,0c96a57e-6cc1-400f-bf3a-5740b699ac21,1c2d5668-5cd9-49a7-a138-3ccd2bea5cbb,2026-07-13,2026-07-13 11:00:34.405+00,1,email,2026-07-13 11:01:03.062+00
21b9b5ba-3441-4538-8b0b-fe78e313b475,8474aaf6-e7d1-4165-9bef-bf76bc701038,90bb1d12-5855-4f3e-aecb-e92f597e650c,2026-07-16,2026-07-16 11:00:00.525+00,1,in_app,2026-07-16 11:00:03.308+00
f9683491-8e4b-41ff-8970-c4f1f568ddfd,8474aaf6-e7d1-4165-9bef-bf76bc701038,90bb1d12-5855-4f3e-aecb-e92f597e650c,2026-07-16,2026-07-16 11:00:00.525+00,1,email,2026-07-16 11:00:04.51+00
44f94190-117f-4123-951a-424c5476d8f0,0c96a57e-6cc1-400f-bf3a-5740b699ac21,7b577c22-5513-42cc-ab19-2bf867e14ebc,2026-07-16,2026-07-16 11:00:00.525+00,2,email,2026-07-16 11:00:10.725+00
324a08e4-c419-42f5-a33f-62ac26d3bb3c,2f940451-4cf3-44e3-9040-07942e4146c1,b874694b-f463-4dbd-bb6f-b04f121a8802,2026-07-16,2026-07-16 11:00:00.525+00,1,in_app,2026-07-16 11:00:12.33+00
dd0c9fed-686a-49c0-b78a-aff372a69d5a,72aeb445-484f-4979-8c2a-d34ec40b22b0,bdef184d-6217-4cdf-a59f-dc37008d13fd,2026-07-17,2026-07-17 17:00:50.216+00,7,in_app,2026-07-17 17:00:52.177+00
a511e253-bf93-42f7-96a5-b413e8bb1edf,0c96a57e-6cc1-400f-bf3a-5740b699ac21,7b577c22-5513-42cc-ab19-2bf867e14ebc,2026-07-17,2026-07-17 17:00:50.216+00,2,in_app,2026-07-17 17:00:52.652+00
e22147c8-fdf6-45ab-ab6c-3d390523095a,0c96a57e-6cc1-400f-bf3a-5740b699ac21,7b577c22-5513-42cc-ab19-2bf867e14ebc,2026-07-17,2026-07-17 17:00:50.216+00,2,email,2026-07-17 17:00:53.01+00
aa10e858-2c63-4b41-87b7-9aeb38c481a8,62a2569e-4be2-4326-bddd-3c6116ed18b0,6d3f8a2c-1a05-4e2a-b57e-d969b668049b,2026-07-17,2026-07-17 17:00:50.216+00,1,in_app,2026-07-17 17:00:53.121+00
08690b1a-962e-49e2-a947-009cd932fcf8,8474aaf6-e7d1-4165-9bef-bf76bc701038,32ccdbe1-627f-4fe3-a506-056b997ed89b,2026-07-27,2026-07-27 11:00:02.405+00,3,in_app,2026-07-27 11:00:16.997+00
09d1c153-20a8-422b-bfe7-70caf993c6d0,04b00ab5-856d-4f95-962b-e9d97b33f207,a3c5b629-15d3-48a7-b5ab-694e63dc8b63,2026-07-27,2026-07-27 11:00:02.405+00,8,in_app,2026-07-27 11:00:19.824+00
75443c35-e10d-4bde-af3c-9f157dff049d,9b5aa503-44ec-40de-9ceb-b1475639767e,2a266637-be4e-4088-9918-a51576912f5c,2026-07-17,2026-07-17 17:00:50.216+00,4,in_app,2026-07-17 17:00:55.59+00
695e2a5d-3b84-455d-9a76-85f61648b8ce,fd63bafa-9a78-43fb-9311-f78b8cbfb667,d8eb23c1-2c90-4dfe-872a-aa3e3dcd6478,2026-07-17,2026-07-17 17:00:50.216+00,8,in_app,2026-07-17 17:00:56.433+00
d27d9e6a-41d8-4c9b-a6f5-62dd2d3e2250,fd63bafa-9a78-43fb-9311-f78b8cbfb667,d8eb23c1-2c90-4dfe-872a-aa3e3dcd6478,2026-07-17,2026-07-17 17:00:50.216+00,8,email,2026-07-17 17:00:56.779+00
7b812c61-236c-44a7-8d35-ec0753b54134,0c96a57e-6cc1-400f-bf3a-5740b699ac21,6237fa09-ec4a-46ca-a99b-4f8afb3bf259,2026-07-17,2026-07-17 17:00:50.216+00,1,in_app,2026-07-17 17:00:57.301+00
545ba31d-e14a-4571-8c31-d6424dfde6b4,0c96a57e-6cc1-400f-bf3a-5740b699ac21,6237fa09-ec4a-46ca-a99b-4f8afb3bf259,2026-07-17,2026-07-17 17:00:50.216+00,1,email,2026-07-17 17:00:57.64+00
91c4ff90-54c4-411d-b471-f9e30edc2bc4,04b00ab5-856d-4f95-962b-e9d97b33f207,a3c5b629-15d3-48a7-b5ab-694e63dc8b63,2026-07-17,2026-07-17 17:00:50.216+00,8,in_app,2026-07-17 17:00:58.915+00
c361fb74-bde5-40f4-9e74-194ffb80f9ea,04b00ab5-856d-4f95-962b-e9d97b33f207,a3c5b629-15d3-48a7-b5ab-694e63dc8b63,2026-07-17,2026-07-17 17:00:50.216+00,8,email,2026-07-17 17:00:59.237+00
fd52ab1c-ea22-4bf1-8faa-b0b7f2ea165f,678c949f-b372-4aba-9d9b-26d422134531,3258f102-8146-4986-964f-8c8f53441300,2026-07-17,2026-07-17 17:00:50.216+00,2,in_app,2026-07-17 17:00:59.315+00
03cf90ec-0ac8-472f-8f8a-bba350f7d3db,c1f13659-b28c-4d50-8375-5bf200294992,decc7faa-b202-42f1-9a04-fe15fe97a892,2026-07-17,2026-07-17 17:00:50.216+00,1,in_app,2026-07-17 17:01:03.855+00
5fab2c1b-edba-42ec-b958-75b807868428,c1f13659-b28c-4d50-8375-5bf200294992,decc7faa-b202-42f1-9a04-fe15fe97a892,2026-07-17,2026-07-17 17:00:50.216+00,1,email,2026-07-17 17:01:04.187+00
657e4916-d988-4e83-80ce-43a201c98211,0c96a57e-6cc1-400f-bf3a-5740b699ac21,a94fc469-4603-487f-ab7f-e2712197d510,2026-07-17,2026-07-17 17:00:50.216+00,11,in_app,2026-07-17 17:01:05.208+00
8786f19c-7706-4515-bdca-2b80cde4d229,0c96a57e-6cc1-400f-bf3a-5740b699ac21,a94fc469-4603-487f-ab7f-e2712197d510,2026-07-17,2026-07-17 17:00:50.216+00,11,email,2026-07-17 17:01:05.522+00
a4cb3c1c-cab2-431c-82a1-ae4ab5e2fd47,0c96a57e-6cc1-400f-bf3a-5740b699ac21,6d3f8a2c-1a05-4e2a-b57e-d969b668049b,2026-07-17,2026-07-17 17:00:50.216+00,1,in_app,2026-07-17 17:01:06.113+00
d78bf01a-2dd0-4e74-b796-7d0a75a4df8d,0c96a57e-6cc1-400f-bf3a-5740b699ac21,6d3f8a2c-1a05-4e2a-b57e-d969b668049b,2026-07-17,2026-07-17 17:00:50.216+00,1,email,2026-07-17 17:01:06.432+00
e3b7b7f0-8625-4c42-a287-12ccc88bc6cb,0c96a57e-6cc1-400f-bf3a-5740b699ac21,b874694b-f463-4dbd-bb6f-b04f121a8802,2026-07-17,2026-07-17 17:00:50.216+00,1,in_app,2026-07-17 17:01:06.513+00
41814522-b18c-4acd-b5d6-025592b92ead,0c96a57e-6cc1-400f-bf3a-5740b699ac21,b874694b-f463-4dbd-bb6f-b04f121a8802,2026-07-17,2026-07-17 17:00:50.216+00,1,email,2026-07-17 17:01:06.844+00
b8dd3c77-b1c6-4cd9-ab94-ec3ba4b0bd34,0c96a57e-6cc1-400f-bf3a-5740b699ac21,3258f102-8146-4986-964f-8c8f53441300,2026-07-17,2026-07-17 17:00:50.216+00,2,in_app,2026-07-17 17:01:09.195+00
ba516bf8-3074-474b-85c2-9a97cf7be86d,0c96a57e-6cc1-400f-bf3a-5740b699ac21,3258f102-8146-4986-964f-8c8f53441300,2026-07-17,2026-07-17 17:00:50.216+00,2,email,2026-07-17 17:01:09.524+00
feba6f5d-59fc-4740-bad0-984a714088bd,0c96a57e-6cc1-400f-bf3a-5740b699ac21,8cab859b-a1e1-4edb-af95-4e847e1c93e4,2026-07-17,2026-07-17 17:00:50.216+00,2,in_app,2026-07-17 17:01:11.213+00
feebb608-aef4-4a8c-a165-1f35119ebfb8,0c96a57e-6cc1-400f-bf3a-5740b699ac21,2a266637-be4e-4088-9918-a51576912f5c,2026-07-19,2026-07-19 11:01:02.32+00,4,in_app,2026-07-19 11:01:19.521+00
2f91158b-23cc-4206-832f-d88ee37e6e9a,0c96a57e-6cc1-400f-bf3a-5740b699ac21,2a266637-be4e-4088-9918-a51576912f5c,2026-07-19,2026-07-19 11:01:02.32+00,4,email,2026-07-19 11:01:19.936+00
8d75bcbf-8056-44a8-9269-9c52f28762f1,0c96a57e-6cc1-400f-bf3a-5740b699ac21,d8eb23c1-2c90-4dfe-872a-aa3e3dcd6478,2026-07-19,2026-07-19 11:01:02.32+00,8,email,2026-07-19 11:01:20.402+00
5bc997da-30c5-442e-84e2-914029a2c325,0c96a57e-6cc1-400f-bf3a-5740b699ac21,3258f102-8146-4986-964f-8c8f53441300,2026-07-19,2026-07-19 11:01:02.32+00,2,in_app,2026-07-19 11:01:21.738+00
baf8633f-e3ac-451e-bffa-684c96b12813,0c96a57e-6cc1-400f-bf3a-5740b699ac21,3258f102-8146-4986-964f-8c8f53441300,2026-07-19,2026-07-19 11:01:02.32+00,2,email,2026-07-19 11:01:22.054+00
67df7be2-e571-4746-bd2a-916f9981f0b5,0c96a57e-6cc1-400f-bf3a-5740b699ac21,642b0596-7431-4f50-acff-1eb4199fab76,2026-07-19,2026-07-19 11:01:02.32+00,1,email,2026-07-19 11:01:22.979+00
69485c7b-0228-4e75-97de-a3baa67b46e9,0c96a57e-6cc1-400f-bf3a-5740b699ac21,8cab859b-a1e1-4edb-af95-4e847e1c93e4,2026-07-19,2026-07-19 11:01:02.32+00,2,in_app,2026-07-19 11:01:23.909+00
fe3646c4-779b-4183-b2dc-6fa2090701ac,0c96a57e-6cc1-400f-bf3a-5740b699ac21,8cab859b-a1e1-4edb-af95-4e847e1c93e4,2026-07-19,2026-07-19 11:01:02.32+00,2,email,2026-07-19 11:01:24.21+00
4c62c004-09ce-42a6-bb44-c35862a5d0de,0c96a57e-6cc1-400f-bf3a-5740b699ac21,6d3f8a2c-1a05-4e2a-b57e-d969b668049b,2026-07-21,2026-07-21 11:00:03.241+00,1,in_app,2026-07-21 11:00:29.634+00
5b877506-d661-4761-9c20-857232679f9e,0c96a57e-6cc1-400f-bf3a-5740b699ac21,6d3f8a2c-1a05-4e2a-b57e-d969b668049b,2026-07-21,2026-07-21 11:00:03.241+00,1,email,2026-07-21 11:00:30.074+00
c4d661bb-ada5-4fd3-aa97-d42ae67618c2,0c96a57e-6cc1-400f-bf3a-5740b699ac21,2a266637-be4e-4088-9918-a51576912f5c,2026-07-21,2026-07-21 11:00:03.241+00,4,email,2026-07-21 11:00:31.652+00
7d802f56-a9a3-4376-bec8-fe23751ecf5a,0ae36a43-2ef0-4a7d-b95a-edcc7d9ac3f2,7b577c22-5513-42cc-ab19-2bf867e14ebc,2026-07-05,2026-07-05 17:00:41.284+00,1,in_app,2026-07-05 17:00:55.155+00
0f60d218-8166-45b8-8f82-062fd7988c8d,0c96a57e-6cc1-400f-bf3a-5740b699ac21,5d7214cd-c7d1-42ac-b859-b9e84dee9fab,2026-07-05,2026-07-05 17:00:41.284+00,2,email,2026-07-05 17:00:56.701+00
538ddad7-6f81-42ac-9d1a-5acdc3b7e84a,c1f13659-b28c-4d50-8375-5bf200294992,3519d0a1-12b5-4a38-bbd5-a5b9d518cb53,2026-07-10,2026-07-10 11:00:34.43+00,1,in_app,2026-07-10 11:00:56.521+00
97ce287d-cb01-4988-9a86-b8f34bd5516a,c1f13659-b28c-4d50-8375-5bf200294992,3519d0a1-12b5-4a38-bbd5-a5b9d518cb53,2026-07-10,2026-07-10 11:00:34.43+00,1,email,2026-07-10 11:00:57.47+00
6cfbfe61-0767-4f3b-a965-84660b1bd133,62a2569e-4be2-4326-bddd-3c6116ed18b0,6d3f8a2c-1a05-4e2a-b57e-d969b668049b,2026-07-10,2026-07-10 11:00:34.43+00,1,in_app,2026-07-10 11:00:57.547+00
ad14a7fa-d714-4802-9126-ac02c78dd539,62a2569e-4be2-4326-bddd-3c6116ed18b0,6d3f8a2c-1a05-4e2a-b57e-d969b668049b,2026-07-10,2026-07-10 11:00:34.43+00,1,email,2026-07-10 11:00:57.914+00
997b0f6a-3952-43da-a247-5fda303b6848,0c96a57e-6cc1-400f-bf3a-5740b699ac21,6237fa09-ec4a-46ca-a99b-4f8afb3bf259,2026-07-10,2026-07-10 11:00:34.43+00,1,in_app,2026-07-10 11:01:01.596+00
c882c8c5-7dfb-48cf-94bc-296074128b8e,0c96a57e-6cc1-400f-bf3a-5740b699ac21,6237fa09-ec4a-46ca-a99b-4f8afb3bf259,2026-07-10,2026-07-10 11:00:34.43+00,1,email,2026-07-10 11:01:02.107+00
f77533e8-bb28-4ad0-ae8e-212b320ccd79,b0737bfd-7bea-493b-8cfc-14946fcea8cd,32ccdbe1-627f-4fe3-a506-056b997ed89b,2026-07-10,2026-07-10 11:00:34.43+00,3,in_app,2026-07-10 11:01:02.185+00
399bbe98-3fe7-4004-ad23-cb274e890ecf,8474aaf6-e7d1-4165-9bef-bf76bc701038,32ccdbe1-627f-4fe3-a506-056b997ed89b,2026-07-10,2026-07-10 11:00:34.43+00,3,in_app,2026-07-10 11:01:02.749+00
df01e2bc-75f6-4cbb-b6e9-a6351ff56a72,9647402f-c830-48fb-92a7-e1e0f719045f,9d005015-cf2c-4590-9c46-e55e56c7696d,2026-07-10,2026-07-10 11:00:34.43+00,1,in_app,2026-07-10 11:01:03.708+00
433cd422-3805-49ab-b1ca-192079145d6e,9647402f-c830-48fb-92a7-e1e0f719045f,9d005015-cf2c-4590-9c46-e55e56c7696d,2026-07-10,2026-07-10 11:00:34.43+00,1,email,2026-07-10 11:01:04.058+00
6d00448a-f1e0-4b5c-a23c-a1942c68ab5c,9066ac12-d1c6-4a15-ad74-4932bf8dd987,968fc8e6-f918-4579-b0d1-26570ce5e94b,2026-07-10,2026-07-10 11:00:34.43+00,2,in_app,2026-07-10 11:01:04.135+00
49051ad9-cc44-46de-bfbe-50db8a054d88,0c96a57e-6cc1-400f-bf3a-5740b699ac21,c6754833-e150-4c12-9149-45a6dfcd6eec,2026-07-10,2026-07-10 11:00:34.43+00,3,in_app,2026-07-10 11:01:06.849+00
c27fbb5c-b057-4830-9915-ff4563bfadef,c1f13659-b28c-4d50-8375-5bf200294992,decc7faa-b202-42f1-9a04-fe15fe97a892,2026-07-10,2026-07-10 11:00:34.43+00,1,in_app,2026-07-10 11:01:08.571+00
c2662af0-0a8c-44dc-9367-601e8208cf0b,c1f13659-b28c-4d50-8375-5bf200294992,decc7faa-b202-42f1-9a04-fe15fe97a892,2026-07-10,2026-07-10 11:00:34.43+00,1,email,2026-07-10 11:01:09.024+00
443ef7de-ed36-4969-aac8-404588f9e5a4,678b734f-19e2-4622-ab4e-fccd86f4877f,8cab859b-a1e1-4edb-af95-4e847e1c93e4,2026-07-10,2026-07-10 11:00:34.43+00,2,in_app,2026-07-10 11:01:09.096+00
fa0b588f-83da-4407-bb31-0d34acfed487,678b734f-19e2-4622-ab4e-fccd86f4877f,8cab859b-a1e1-4edb-af95-4e847e1c93e4,2026-07-10,2026-07-10 11:00:34.43+00,2,email,2026-07-10 11:01:10.543+00
91dd5440-3953-47e7-b3d3-13f739d2dca2,c1f13659-b28c-4d50-8375-5bf200294992,1c2d5668-5cd9-49a7-a138-3ccd2bea5cbb,2026-07-10,2026-07-10 11:00:34.43+00,1,email,2026-07-10 11:01:11.101+00
d7cbdbde-b525-46a7-b32f-a86b9e0c0783,0c96a57e-6cc1-400f-bf3a-5740b699ac21,6d3f8a2c-1a05-4e2a-b57e-d969b668049b,2026-07-10,2026-07-10 11:00:34.43+00,1,email,2026-07-10 11:01:13.918+00
97cd37f4-d5e6-4d88-9ef2-b9138bed9a1b,0c96a57e-6cc1-400f-bf3a-5740b699ac21,ebe67fdd-2e23-43c0-8e9b-8abec2682d09,2026-07-10,2026-07-10 11:00:34.43+00,2,email,2026-07-10 11:01:14.457+00
453d3d6d-c81b-4315-87a2-c202627b2522,0c96a57e-6cc1-400f-bf3a-5740b699ac21,658a0146-2d8a-4b2e-81e5-aa16fa9d0a30,2026-07-10,2026-07-10 11:00:34.43+00,1,email,2026-07-10 11:01:16.718+00
35a753f4-55c6-4873-9dd1-c9a6c67a07f7,0c96a57e-6cc1-400f-bf3a-5740b699ac21,decc7faa-b202-42f1-9a04-fe15fe97a892,2026-07-10,2026-07-10 11:00:34.43+00,1,in_app,2026-07-10 11:01:18.846+00
626e69e3-f58c-4481-a642-7bd96fa0231a,0c96a57e-6cc1-400f-bf3a-5740b699ac21,decc7faa-b202-42f1-9a04-fe15fe97a892,2026-07-10,2026-07-10 11:00:34.43+00,1,email,2026-07-10 11:01:19.316+00
ceaaaab7-8389-4550-9352-f37a0bc55c8d,0c96a57e-6cc1-400f-bf3a-5740b699ac21,3258f102-8146-4986-964f-8c8f53441300,2026-07-13,2026-07-13 11:00:34.405+00,2,in_app,2026-07-13 11:00:59.204+00
49a3bbf6-32cd-4da6-8bf3-b4ee2b272588,0c96a57e-6cc1-400f-bf3a-5740b699ac21,3258f102-8146-4986-964f-8c8f53441300,2026-07-13,2026-07-13 11:00:34.405+00,2,email,2026-07-13 11:00:59.596+00
8a44a8b0-792d-403a-8df5-46e72e572ed2,c1f13659-b28c-4d50-8375-5bf200294992,3519d0a1-12b5-4a38-bbd5-a5b9d518cb53,2026-07-16,2026-07-16 11:00:00.525+00,1,in_app,2026-07-16 11:00:10.806+00
a28a5456-4bd6-4756-87ec-422ddd8eb725,c1f13659-b28c-4d50-8375-5bf200294992,3519d0a1-12b5-4a38-bbd5-a5b9d518cb53,2026-07-16,2026-07-16 11:00:00.525+00,1,email,2026-07-16 11:00:11.42+00
f888d39d-e729-4188-9554-6b014fa78ed7,62a2569e-4be2-4326-bddd-3c6116ed18b0,7b577c22-5513-42cc-ab19-2bf867e14ebc,2026-07-16,2026-07-16 11:00:00.525+00,1,in_app,2026-07-16 11:00:11.923+00
ff793e9d-7646-492e-ad17-679ba1d133b4,2f940451-4cf3-44e3-9040-07942e4146c1,b874694b-f463-4dbd-bb6f-b04f121a8802,2026-07-16,2026-07-16 11:00:00.525+00,1,email,2026-07-16 11:00:12.682+00
beaed399-47a1-46af-8738-d24fb726f725,b6617c09-9b4a-4ebc-bf50-e584b67edaa3,e5efecc9-f05f-479b-b2ea-81a2ed90fba4,2026-07-16,2026-07-16 11:00:00.525+00,1,email,2026-07-16 11:00:22.402+00
f509a745-8c6b-47b1-95a0-3fc41f3e5a38,8474aaf6-e7d1-4165-9bef-bf76bc701038,32ccdbe1-627f-4fe3-a506-056b997ed89b,2026-07-16,2026-07-16 11:00:00.525+00,4,in_app,2026-07-16 11:00:23.225+00
c3e87ea5-5e4c-45ec-b661-6951299f38ca,8474aaf6-e7d1-4165-9bef-bf76bc701038,32ccdbe1-627f-4fe3-a506-056b997ed89b,2026-07-16,2026-07-16 11:00:00.525+00,4,email,2026-07-16 11:00:23.681+00
2766966c-6878-4def-8775-5eee5d7793ce,9647402f-c830-48fb-92a7-e1e0f719045f,9d005015-cf2c-4590-9c46-e55e56c7696d,2026-07-16,2026-07-16 11:00:00.525+00,1,in_app,2026-07-16 11:00:24.751+00
9f583c3e-37b7-4d0a-bfb4-76bdb492b358,9647402f-c830-48fb-92a7-e1e0f719045f,9d005015-cf2c-4590-9c46-e55e56c7696d,2026-07-16,2026-07-16 11:00:00.525+00,1,email,2026-07-16 11:00:25.086+00
4b042266-37ac-442e-a7df-e353951a36da,04b00ab5-856d-4f95-962b-e9d97b33f207,a3c5b629-15d3-48a7-b5ab-694e63dc8b63,2026-07-16,2026-07-16 11:00:00.525+00,8,in_app,2026-07-16 11:00:25.543+00
9b72614e-ae0d-40f6-be56-62570e789ea9,04b00ab5-856d-4f95-962b-e9d97b33f207,a3c5b629-15d3-48a7-b5ab-694e63dc8b63,2026-07-16,2026-07-16 11:00:00.525+00,8,email,2026-07-16 11:00:25.884+00
c5062bad-1abb-4539-b0bc-6315feea0ef7,b0737bfd-7bea-493b-8cfc-14946fcea8cd,32ccdbe1-627f-4fe3-a506-056b997ed89b,2026-07-17,2026-07-17 17:00:50.216+00,3,email,2026-07-17 17:00:58.035+00
03e49304-1ae9-43c3-a7aa-59e7005b0058,9647402f-c830-48fb-92a7-e1e0f719045f,9d005015-cf2c-4590-9c46-e55e56c7696d,2026-07-17,2026-07-17 17:00:50.216+00,1,in_app,2026-07-17 17:00:58.128+00
84136a68-a519-49c9-9978-e11311d131ad,678c949f-b372-4aba-9d9b-26d422134531,3258f102-8146-4986-964f-8c8f53441300,2026-07-17,2026-07-17 17:00:50.216+00,2,email,2026-07-17 17:00:59.631+00
ffeb0a8b-6056-4197-9ffc-55e1f6718a20,0c96a57e-6cc1-400f-bf3a-5740b699ac21,27edf455-e61a-48a9-a846-e2c6f42999b5,2026-07-17,2026-07-17 17:00:50.216+00,1,email,2026-07-17 17:01:00.662+00
b1196bdc-9006-41e2-be5f-0a58bb456d6f,ed586056-17ca-4287-936a-c16e642c63a6,8737f689-7c9e-414a-8391-5bf93d5ba600,2026-07-17,2026-07-17 17:00:50.216+00,1,in_app,2026-07-17 17:01:00.745+00
5af72eb5-435d-41ad-8b33-98bd57c40950,ed586056-17ca-4287-936a-c16e642c63a6,8737f689-7c9e-414a-8391-5bf93d5ba600,2026-07-17,2026-07-17 17:00:50.216+00,1,email,2026-07-17 17:01:01.049+00
685984e0-7009-474b-bb7c-51c7075d46c6,2e6f6612-8033-42e0-b84d-b2ea8aded8ac,b3db042c-4932-4f66-8aff-3136ed50db97,2026-07-17,2026-07-17 17:00:50.216+00,7,in_app,2026-07-17 17:01:01.124+00
3ffc4217-befb-4d0e-b19f-1817b0a2929a,2e6f6612-8033-42e0-b84d-b2ea8aded8ac,b3db042c-4932-4f66-8aff-3136ed50db97,2026-07-17,2026-07-17 17:00:50.216+00,7,email,2026-07-17 17:01:01.485+00
0af041cf-c3fa-40b8-851f-7119396a787c,493aecc1-6791-4d62-bc63-f4f55c78e44e,7b577c22-5513-42cc-ab19-2bf867e14ebc,2026-07-17,2026-07-17 17:00:50.216+00,7,in_app,2026-07-17 17:01:02.633+00
ede61136-b6e9-4650-a432-71b565263a60,493aecc1-6791-4d62-bc63-f4f55c78e44e,7b577c22-5513-42cc-ab19-2bf867e14ebc,2026-07-17,2026-07-17 17:00:50.216+00,7,email,2026-07-17 17:01:02.934+00
2590389c-6a63-4429-ab0c-cf5bae58b2b3,0ece46cd-9571-4f7f-8043-c1f2249b6cf9,6f58e5f8-b85c-4f92-89b7-1cf3ca9f22b6,2026-07-17,2026-07-17 17:00:50.216+00,1,in_app,2026-07-17 17:01:03.005+00
2b37bdb5-069d-4e02-b643-d7afce478dd5,0ece46cd-9571-4f7f-8043-c1f2249b6cf9,6f58e5f8-b85c-4f92-89b7-1cf3ca9f22b6,2026-07-17,2026-07-17 17:00:50.216+00,1,email,2026-07-17 17:01:03.335+00
fbee0abc-e366-443a-8c9c-1514f9edad5d,0ae36a43-2ef0-4a7d-b95a-edcc7d9ac3f2,7b577c22-5513-42cc-ab19-2bf867e14ebc,2026-07-17,2026-07-17 17:00:50.216+00,1,in_app,2026-07-17 17:01:03.42+00
d8953041-9623-4c61-ac71-dac6bc273666,0ae36a43-2ef0-4a7d-b95a-edcc7d9ac3f2,7b577c22-5513-42cc-ab19-2bf867e14ebc,2026-07-17,2026-07-17 17:00:50.216+00,1,email,2026-07-17 17:01:03.77+00
da64c4c0-4495-4c21-a28c-6ba0f672fc1e,c1f13659-b28c-4d50-8375-5bf200294992,1c2d5668-5cd9-49a7-a138-3ccd2bea5cbb,2026-07-17,2026-07-17 17:00:50.216+00,1,email,2026-07-17 17:01:05.083+00
ba759f78-0ce6-4d75-a977-5a3a4d3edfec,0c96a57e-6cc1-400f-bf3a-5740b699ac21,bdef184d-6217-4cdf-a59f-dc37008d13fd,2026-07-17,2026-07-17 17:00:50.216+00,8,in_app,2026-07-17 17:01:05.677+00
2f01f1cb-9e1e-46ef-8d9f-0b42e459c5d1,0c96a57e-6cc1-400f-bf3a-5740b699ac21,ebe67fdd-2e23-43c0-8e9b-8abec2682d09,2026-07-17,2026-07-17 17:00:50.216+00,2,in_app,2026-07-17 17:01:06.941+00
7c00bb4f-3616-4da3-892e-710fb826e923,0c96a57e-6cc1-400f-bf3a-5740b699ac21,ebe67fdd-2e23-43c0-8e9b-8abec2682d09,2026-07-17,2026-07-17 17:00:50.216+00,2,email,2026-07-17 17:01:07.298+00
223fa071-177f-4742-9741-7d11da2ce6ac,0c96a57e-6cc1-400f-bf3a-5740b699ac21,2a266637-be4e-4088-9918-a51576912f5c,2026-07-17,2026-07-17 17:00:50.216+00,4,in_app,2026-07-17 17:01:07.383+00
bc10c0cb-5922-47d5-b4d9-411f69ce8bfa,0c96a57e-6cc1-400f-bf3a-5740b699ac21,d8eb23c1-2c90-4dfe-872a-aa3e3dcd6478,2026-07-17,2026-07-17 17:00:50.216+00,8,in_app,2026-07-17 17:01:07.817+00
574a3d27-9a48-49d3-9244-c49833533920,0c96a57e-6cc1-400f-bf3a-5740b699ac21,d8eb23c1-2c90-4dfe-872a-aa3e3dcd6478,2026-07-17,2026-07-17 17:00:50.216+00,8,email,2026-07-17 17:01:08.275+00
5855cacf-bf35-4a96-8f6b-a32b90b8bf39,0c96a57e-6cc1-400f-bf3a-5740b699ac21,28f7b9e8-9516-4a08-864c-9ff3e085ba87,2026-07-17,2026-07-17 17:00:50.216+00,1,in_app,2026-07-17 17:01:08.374+00
9aab0d72-756c-410c-9d91-a9128ace1258,0c96a57e-6cc1-400f-bf3a-5740b699ac21,28f7b9e8-9516-4a08-864c-9ff3e085ba87,2026-07-17,2026-07-17 17:00:50.216+00,1,email,2026-07-17 17:01:08.699+00
a6304eaf-5e43-4092-9055-bafee2e342e8,0c96a57e-6cc1-400f-bf3a-5740b699ac21,a3c5b629-15d3-48a7-b5ab-694e63dc8b63,2026-07-17,2026-07-17 17:00:50.216+00,8,in_app,2026-07-17 17:01:08.801+00
c0661ce9-a868-4c9b-9063-08a94e871109,0c96a57e-6cc1-400f-bf3a-5740b699ac21,a3c5b629-15d3-48a7-b5ab-694e63dc8b63,2026-07-17,2026-07-17 17:00:50.216+00,8,email,2026-07-17 17:01:09.112+00
c8cdb37d-6179-4d6e-9d54-9a2a03e20b48,0c96a57e-6cc1-400f-bf3a-5740b699ac21,642b0596-7431-4f50-acff-1eb4199fab76,2026-07-17,2026-07-17 17:00:50.216+00,1,in_app,2026-07-17 17:01:10.044+00
0b2b75d5-9fd3-421f-ab58-65e8783dcafe,0c96a57e-6cc1-400f-bf3a-5740b699ac21,642b0596-7431-4f50-acff-1eb4199fab76,2026-07-17,2026-07-17 17:00:50.216+00,1,email,2026-07-17 17:01:10.364+00
3d1aab79-060e-440c-81c6-e4bd3278bb5b,0c96a57e-6cc1-400f-bf3a-5740b699ac21,decc7faa-b202-42f1-9a04-fe15fe97a892,2026-07-17,2026-07-17 17:00:50.216+00,1,in_app,2026-07-17 17:01:10.82+00
640d2865-a566-4e50-8428-eaa3a1ef7973,0c96a57e-6cc1-400f-bf3a-5740b699ac21,decc7faa-b202-42f1-9a04-fe15fe97a892,2026-07-17,2026-07-17 17:00:50.216+00,1,email,2026-07-17 17:01:11.133+00
c578a3e7-5567-4e28-8aa6-bf3afc23c65f,0c96a57e-6cc1-400f-bf3a-5740b699ac21,1c2d5668-5cd9-49a7-a138-3ccd2bea5cbb,2026-07-17,2026-07-17 17:00:50.216+00,1,in_app,2026-07-17 17:01:11.6+00
4cd1769f-cebd-403a-8b64-fc5d27adad9f,0c96a57e-6cc1-400f-bf3a-5740b699ac21,1c2d5668-5cd9-49a7-a138-3ccd2bea5cbb,2026-07-17,2026-07-17 17:00:50.216+00,1,email,2026-07-17 17:01:11.931+00
0baeb2f8-57c3-4adf-8d9f-3f386c3a5d96,4c1d6869-b323-4864-80a4-fe459ed57fe7,9bd5cccc-e18f-432e-ae67-dc33103d5791,2026-07-19,2026-07-19 17:00:03.46+00,1,in_app,2026-07-19 17:00:04.823+00
6be7e552-6772-40fa-906d-8ebbc85be28a,4c1d6869-b323-4864-80a4-fe459ed57fe7,9bd5cccc-e18f-432e-ae67-dc33103d5791,2026-07-19,2026-07-19 17:00:03.46+00,1,email,2026-07-19 17:00:05.222+00
6fbe96bc-b430-49d0-9317-9bc877d3e0dc,0ae36a43-2ef0-4a7d-b95a-edcc7d9ac3f2,7b577c22-5513-42cc-ab19-2bf867e14ebc,2026-07-05,2026-07-05 17:00:41.284+00,1,email,2026-07-05 17:00:55.46+00
f597f95e-c2fe-4704-b016-967903d8a04e,0c96a57e-6cc1-400f-bf3a-5740b699ac21,bdef184d-6217-4cdf-a59f-dc37008d13fd,2026-07-05,2026-07-05 17:00:41.284+00,8,email,2026-07-05 17:00:57.125+00
532da7e7-0bee-4b0c-a131-a07c34ce2a95,0c96a57e-6cc1-400f-bf3a-5740b699ac21,6d3f8a2c-1a05-4e2a-b57e-d969b668049b,2026-07-05,2026-07-05 17:00:41.284+00,1,in_app,2026-07-05 17:00:57.619+00
d70dc38f-88f7-4fef-9031-2d0210ace914,0c96a57e-6cc1-400f-bf3a-5740b699ac21,d8eb23c1-2c90-4dfe-872a-aa3e3dcd6478,2026-07-05,2026-07-05 17:00:41.284+00,8,email,2026-07-05 17:00:59.114+00
03ff80e8-c248-4b27-a43c-02920196c683,0c96a57e-6cc1-400f-bf3a-5740b699ac21,28f7b9e8-9516-4a08-864c-9ff3e085ba87,2026-07-05,2026-07-05 17:00:41.284+00,1,in_app,2026-07-05 17:00:59.206+00
89c794f0-562d-4186-b9fd-8a7e8bbff1fc,0c96a57e-6cc1-400f-bf3a-5740b699ac21,28f7b9e8-9516-4a08-864c-9ff3e085ba87,2026-07-05,2026-07-05 17:00:41.284+00,1,email,2026-07-05 17:00:59.533+00
e4cbf844-6cf4-43cd-8527-9fef5ed54938,0c96a57e-6cc1-400f-bf3a-5740b699ac21,a3c5b629-15d3-48a7-b5ab-694e63dc8b63,2026-07-05,2026-07-05 17:00:41.284+00,8,email,2026-07-05 17:01:00.764+00
5a40cf93-1cf3-44e7-8751-9d3603a2f8c3,0c96a57e-6cc1-400f-bf3a-5740b699ac21,642b0596-7431-4f50-acff-1eb4199fab76,2026-07-05,2026-07-05 17:00:41.284+00,1,in_app,2026-07-05 17:01:01.636+00
567b98c9-39c6-4308-966d-241064153854,0c96a57e-6cc1-400f-bf3a-5740b699ac21,6f58e5f8-b85c-4f92-89b7-1cf3ca9f22b6,2026-07-05,2026-07-05 17:00:41.284+00,2,in_app,2026-07-05 17:01:02.063+00
50c9bbf6-046a-4a55-a83d-3b558bfbfcc2,0c96a57e-6cc1-400f-bf3a-5740b699ac21,6f58e5f8-b85c-4f92-89b7-1cf3ca9f22b6,2026-07-05,2026-07-05 17:00:41.284+00,2,email,2026-07-05 17:01:02.389+00
3d472e60-c6fc-4e7f-9bfc-47d4c701b789,0c96a57e-6cc1-400f-bf3a-5740b699ac21,8cab859b-a1e1-4edb-af95-4e847e1c93e4,2026-07-05,2026-07-05 17:00:41.284+00,2,email,2026-07-05 17:01:03.173+00
ae7c17f2-b93d-4a6a-bd38-2dd3a803ab63,0c96a57e-6cc1-400f-bf3a-5740b699ac21,968fc8e6-f918-4579-b0d1-26570ce5e94b,2026-07-06,2026-07-06 11:00:02.926+00,1,in_app,2026-07-06 11:00:03.2+00
5a4b9174-a4c8-4fb1-865b-2ed3c3c2012f,0c96a57e-6cc1-400f-bf3a-5740b699ac21,968fc8e6-f918-4579-b0d1-26570ce5e94b,2026-07-06,2026-07-06 11:00:02.926+00,1,email,2026-07-06 11:00:04.857+00
98b0100a-2a46-4204-8e1b-2621458f5885,b16b90c0-67c9-46c5-ac6f-2ccb8f3b2a08,5d7214cd-c7d1-42ac-b859-b9e84dee9fab,2026-07-06,2026-07-06 11:00:02.926+00,2,in_app,2026-07-06 11:00:04.966+00
18c8b263-30b5-4927-aade-e95b7b089903,b16b90c0-67c9-46c5-ac6f-2ccb8f3b2a08,5d7214cd-c7d1-42ac-b859-b9e84dee9fab,2026-07-06,2026-07-06 11:00:02.926+00,2,email,2026-07-06 11:00:05.455+00
3beb6421-90bd-41d8-9438-09fa46f5e8a6,8474aaf6-e7d1-4165-9bef-bf76bc701038,90bb1d12-5855-4f3e-aecb-e92f597e650c,2026-07-06,2026-07-06 11:00:02.926+00,1,in_app,2026-07-06 11:00:05.547+00
88ddff82-fb2d-41bd-8244-9d0691a722bd,8474aaf6-e7d1-4165-9bef-bf76bc701038,90bb1d12-5855-4f3e-aecb-e92f597e650c,2026-07-06,2026-07-06 11:00:02.926+00,1,email,2026-07-06 11:00:06.102+00
1d57bf5e-436e-4974-bd4c-96f3447e6c2a,8396bd66-e3ed-4593-b985-3e380cd308eb,b0faf762-848b-4737-a04d-b2b4e1e8cc5b,2026-07-06,2026-07-06 11:00:02.926+00,2,in_app,2026-07-06 11:00:06.2+00
03afde15-3618-47a2-b7c8-d5efd250c825,8396bd66-e3ed-4593-b985-3e380cd308eb,b0faf762-848b-4737-a04d-b2b4e1e8cc5b,2026-07-06,2026-07-06 11:00:02.926+00,2,email,2026-07-06 11:00:07.089+00
9d2a3562-4df6-4c5d-b07c-e3410eaec389,72aeb445-484f-4979-8c2a-d34ec40b22b0,bdef184d-6217-4cdf-a59f-dc37008d13fd,2026-07-06,2026-07-06 11:00:02.926+00,7,in_app,2026-07-06 11:00:07.16+00
f9a8dda2-d5eb-416c-87d1-cf3132ef0ed3,72aeb445-484f-4979-8c2a-d34ec40b22b0,bdef184d-6217-4cdf-a59f-dc37008d13fd,2026-07-06,2026-07-06 11:00:02.926+00,7,email,2026-07-06 11:00:07.639+00
b016dc0e-1331-4f93-924a-f76860c1d443,2a72272f-56f2-4104-9952-5d3d8b19ff1d,27edf455-e61a-48a9-a846-e2c6f42999b5,2026-07-06,2026-07-06 11:00:02.926+00,2,in_app,2026-07-06 11:00:07.745+00
78c90398-e5a2-405c-9c31-7704ac019cf3,2a72272f-56f2-4104-9952-5d3d8b19ff1d,27edf455-e61a-48a9-a846-e2c6f42999b5,2026-07-06,2026-07-06 11:00:02.926+00,2,email,2026-07-06 11:00:08.43+00
b5bf8c60-b906-4967-bfee-5ed4ac22fd4f,0c96a57e-6cc1-400f-bf3a-5740b699ac21,7b577c22-5513-42cc-ab19-2bf867e14ebc,2026-07-06,2026-07-06 11:00:02.926+00,2,in_app,2026-07-06 11:00:08.496+00
4f006616-be36-4b64-a87b-bffbb56456d5,0c96a57e-6cc1-400f-bf3a-5740b699ac21,7b577c22-5513-42cc-ab19-2bf867e14ebc,2026-07-06,2026-07-06 11:00:02.926+00,2,email,2026-07-06 11:00:08.905+00
c77e6776-b6c3-4cd7-9a7e-717d5377437c,c1f13659-b28c-4d50-8375-5bf200294992,3519d0a1-12b5-4a38-bbd5-a5b9d518cb53,2026-07-06,2026-07-06 11:00:02.926+00,1,in_app,2026-07-06 11:00:09.005+00
59637ac8-23a8-4adb-a741-93d1270d01af,c1f13659-b28c-4d50-8375-5bf200294992,3519d0a1-12b5-4a38-bbd5-a5b9d518cb53,2026-07-06,2026-07-06 11:00:02.926+00,1,email,2026-07-06 11:00:09.427+00
1d5286b6-e09e-4dae-b0b2-90982aa8d299,62a2569e-4be2-4326-bddd-3c6116ed18b0,6d3f8a2c-1a05-4e2a-b57e-d969b668049b,2026-07-06,2026-07-06 11:00:02.926+00,1,in_app,2026-07-06 11:00:09.517+00
2114811c-3534-4e95-97f7-4e99fee3f2a5,62a2569e-4be2-4326-bddd-3c6116ed18b0,6d3f8a2c-1a05-4e2a-b57e-d969b668049b,2026-07-06,2026-07-06 11:00:02.926+00,1,email,2026-07-06 11:00:09.925+00
0e6c2da6-0b8c-477d-b326-723c5dda563f,62a2569e-4be2-4326-bddd-3c6116ed18b0,7b577c22-5513-42cc-ab19-2bf867e14ebc,2026-07-06,2026-07-06 11:00:02.926+00,1,in_app,2026-07-06 11:00:10.019+00
4c9426e3-3b7b-45d8-82b2-2eedd2219c96,62a2569e-4be2-4326-bddd-3c6116ed18b0,7b577c22-5513-42cc-ab19-2bf867e14ebc,2026-07-06,2026-07-06 11:00:02.926+00,1,email,2026-07-06 11:00:10.422+00
f5902974-d034-48f9-9388-5bae2e548a90,9066ac12-d1c6-4a15-ad74-4932bf8dd987,968fc8e6-f918-4579-b0d1-26570ce5e94b,2026-07-27,2026-07-27 11:00:02.405+00,3,email,2026-07-27 11:00:17.894+00
d98f5956-f94e-4b84-9de8-0c214869df47,2528e875-ab7b-4905-a98b-998a318b883e,e51c5c55-1e13-45da-8a37-ed0f36f3d16c,2026-07-27,2026-07-27 11:00:02.405+00,1,in_app,2026-07-27 11:00:17.984+00
7128d5cd-b18d-41b7-8e22-3273edf9263a,62a2569e-4be2-4326-bddd-3c6116ed18b0,bdef184d-6217-4cdf-a59f-dc37008d13fd,2026-07-06,2026-07-06 11:00:02.926+00,1,in_app,2026-07-06 11:00:10.998+00
c2c8eada-e375-4899-92e2-a204dcdafeb9,62a2569e-4be2-4326-bddd-3c6116ed18b0,bdef184d-6217-4cdf-a59f-dc37008d13fd,2026-07-06,2026-07-06 11:00:02.926+00,1,email,2026-07-06 11:00:11.431+00
e17f3909-e6b9-4fc4-a4f7-7ac3083447e0,b0737bfd-7bea-493b-8cfc-14946fcea8cd,90bb1d12-5855-4f3e-aecb-e92f597e650c,2026-07-06,2026-07-06 11:00:02.926+00,1,in_app,2026-07-06 11:00:11.517+00
655597ac-6bce-4145-a0fd-6aad164a8c2d,b0737bfd-7bea-493b-8cfc-14946fcea8cd,90bb1d12-5855-4f3e-aecb-e92f597e650c,2026-07-06,2026-07-06 11:00:02.926+00,1,email,2026-07-06 11:00:11.943+00
1a873712-5e19-45b6-97e5-2433cb25a6e6,9b5aa503-44ec-40de-9ceb-b1475639767e,2a266637-be4e-4088-9918-a51576912f5c,2026-07-06,2026-07-06 11:00:02.926+00,4,in_app,2026-07-06 11:00:12.038+00
cce18aaf-acc4-4b11-9076-17f77940fc1f,9b5aa503-44ec-40de-9ceb-b1475639767e,2a266637-be4e-4088-9918-a51576912f5c,2026-07-06,2026-07-06 11:00:02.926+00,4,email,2026-07-06 11:00:12.432+00
8ebd2134-c142-4904-a8c4-e837977448b2,b6617c09-9b4a-4ebc-bf50-e584b67edaa3,e5efecc9-f05f-479b-b2ea-81a2ed90fba4,2026-07-06,2026-07-06 11:00:02.926+00,1,in_app,2026-07-06 11:00:12.526+00
882fbfb0-0d4f-4154-9778-e29af8d79822,b6617c09-9b4a-4ebc-bf50-e584b67edaa3,e5efecc9-f05f-479b-b2ea-81a2ed90fba4,2026-07-06,2026-07-06 11:00:02.926+00,1,email,2026-07-06 11:00:12.91+00
6e893495-48f7-47a9-8c6b-d2ae0e59f4d7,fd63bafa-9a78-43fb-9311-f78b8cbfb667,d8eb23c1-2c90-4dfe-872a-aa3e3dcd6478,2026-07-06,2026-07-06 11:00:02.926+00,8,in_app,2026-07-06 11:00:13.01+00
12b0ce34-f011-40cc-8e33-3d48695a0d90,fd63bafa-9a78-43fb-9311-f78b8cbfb667,d8eb23c1-2c90-4dfe-872a-aa3e3dcd6478,2026-07-06,2026-07-06 11:00:02.926+00,8,email,2026-07-06 11:00:13.438+00
5bf3e893-82d1-49c6-897a-2257edb00521,0c96a57e-6cc1-400f-bf3a-5740b699ac21,6237fa09-ec4a-46ca-a99b-4f8afb3bf259,2026-07-06,2026-07-06 11:00:02.926+00,1,in_app,2026-07-06 11:00:13.535+00
a4bf7771-92ac-4d28-8dce-ad2e15c29d46,0c96a57e-6cc1-400f-bf3a-5740b699ac21,6237fa09-ec4a-46ca-a99b-4f8afb3bf259,2026-07-06,2026-07-06 11:00:02.926+00,1,email,2026-07-06 11:00:13.942+00
3db808eb-eb55-4fc9-8a81-dd4c68ddb223,b0737bfd-7bea-493b-8cfc-14946fcea8cd,32ccdbe1-627f-4fe3-a506-056b997ed89b,2026-07-06,2026-07-06 11:00:02.926+00,3,in_app,2026-07-06 11:00:14.039+00
1b5b537d-7f88-4d13-93b0-dd96bb3279fd,b0737bfd-7bea-493b-8cfc-14946fcea8cd,32ccdbe1-627f-4fe3-a506-056b997ed89b,2026-07-06,2026-07-06 11:00:02.926+00,3,email,2026-07-06 11:00:14.427+00
bf4db2e4-b163-49b3-aaf9-300adb4969fb,3870aadb-8625-4184-ac60-c6e20be4cdc5,a94fc469-4603-487f-ab7f-e2712197d510,2026-07-06,2026-07-06 11:00:02.926+00,3,in_app,2026-07-06 11:00:14.514+00
77cb50be-6afd-4598-adf6-a4293274c99b,3870aadb-8625-4184-ac60-c6e20be4cdc5,a94fc469-4603-487f-ab7f-e2712197d510,2026-07-06,2026-07-06 11:00:02.926+00,3,email,2026-07-06 11:00:14.902+00
7e7c8315-67ca-4fe9-952f-958750e79c0b,493aecc1-6791-4d62-bc63-f4f55c78e44e,a9c81e05-8b1a-47ad-a80d-dbc45603f068,2026-07-06,2026-07-06 11:00:02.926+00,1,in_app,2026-07-06 11:00:14.991+00
51436e27-01d3-49bb-bc27-b5f1a06943e6,493aecc1-6791-4d62-bc63-f4f55c78e44e,a9c81e05-8b1a-47ad-a80d-dbc45603f068,2026-07-06,2026-07-06 11:00:02.926+00,1,email,2026-07-06 11:00:15.352+00
e06c6d39-7b65-4087-8439-366b74975349,bdcaf0e7-94cb-4745-ae1d-944ab5404b4d,c30e3590-04a3-4544-bf66-43228037bfc9,2026-07-06,2026-07-06 11:00:02.926+00,1,in_app,2026-07-06 11:00:15.443+00
e0c10542-3e24-4b90-ad19-c44a6de841d5,bdcaf0e7-94cb-4745-ae1d-944ab5404b4d,c30e3590-04a3-4544-bf66-43228037bfc9,2026-07-06,2026-07-06 11:00:02.926+00,1,email,2026-07-06 11:00:15.817+00
f16773b0-229f-4b31-9eae-89b68d955cc3,8474aaf6-e7d1-4165-9bef-bf76bc701038,32ccdbe1-627f-4fe3-a506-056b997ed89b,2026-07-06,2026-07-06 11:00:02.926+00,3,in_app,2026-07-06 11:00:15.911+00
0a237aa0-37ec-46d0-a5d7-17c2f1ce6b81,8474aaf6-e7d1-4165-9bef-bf76bc701038,32ccdbe1-627f-4fe3-a506-056b997ed89b,2026-07-06,2026-07-06 11:00:02.926+00,3,email,2026-07-06 11:00:16.307+00
e1a6e157-81b1-473b-a650-0760873f153d,c1f13659-b28c-4d50-8375-5bf200294992,658a0146-2d8a-4b2e-81e5-aa16fa9d0a30,2026-07-06,2026-07-06 11:00:02.926+00,1,in_app,2026-07-06 11:00:16.392+00
6e2e5245-c3e5-4bec-815d-585edd0fae65,c1f13659-b28c-4d50-8375-5bf200294992,658a0146-2d8a-4b2e-81e5-aa16fa9d0a30,2026-07-06,2026-07-06 11:00:02.926+00,1,email,2026-07-06 11:00:16.714+00
b8d9ca32-8e65-4005-8c9a-d6c656c0663d,9066ac12-d1c6-4a15-ad74-4932bf8dd987,968fc8e6-f918-4579-b0d1-26570ce5e94b,2026-07-06,2026-07-06 11:00:02.926+00,2,in_app,2026-07-06 11:00:16.774+00
9101756e-58fb-41ab-aad4-6639276a9d46,9066ac12-d1c6-4a15-ad74-4932bf8dd987,968fc8e6-f918-4579-b0d1-26570ce5e94b,2026-07-06,2026-07-06 11:00:02.926+00,2,email,2026-07-06 11:00:17.13+00
50cce076-2abc-4726-a282-791adbea2b94,04b00ab5-856d-4f95-962b-e9d97b33f207,a3c5b629-15d3-48a7-b5ab-694e63dc8b63,2026-07-06,2026-07-06 11:00:02.926+00,8,in_app,2026-07-06 11:00:17.215+00
d66f26d0-5a9c-44ad-af11-f59365af4deb,04b00ab5-856d-4f95-962b-e9d97b33f207,a3c5b629-15d3-48a7-b5ab-694e63dc8b63,2026-07-06,2026-07-06 11:00:02.926+00,8,email,2026-07-06 11:00:17.594+00
2034e556-f2ba-4abf-9c8d-a825e19601d5,0c96a57e-6cc1-400f-bf3a-5740b699ac21,27edf455-e61a-48a9-a846-e2c6f42999b5,2026-07-06,2026-07-06 11:00:02.926+00,1,in_app,2026-07-06 11:00:17.685+00
849cde6c-1f19-4210-9936-2d4eba24735a,0c96a57e-6cc1-400f-bf3a-5740b699ac21,27edf455-e61a-48a9-a846-e2c6f42999b5,2026-07-06,2026-07-06 11:00:02.926+00,1,email,2026-07-06 11:00:18.08+00
49f6b93f-c1b6-43c9-8043-b00048c99e18,ed586056-17ca-4287-936a-c16e642c63a6,8737f689-7c9e-414a-8391-5bf93d5ba600,2026-07-06,2026-07-06 11:00:02.926+00,1,in_app,2026-07-06 11:00:18.167+00
0d7bb2df-fc76-4bb3-8f69-ad60ac717f22,ed586056-17ca-4287-936a-c16e642c63a6,8737f689-7c9e-414a-8391-5bf93d5ba600,2026-07-06,2026-07-06 11:00:02.926+00,1,email,2026-07-06 11:00:18.525+00
80a56629-c47a-4b4d-9ef6-856c67d28b57,2e6f6612-8033-42e0-b84d-b2ea8aded8ac,b3db042c-4932-4f66-8aff-3136ed50db97,2026-07-06,2026-07-06 11:00:02.926+00,7,in_app,2026-07-06 11:00:18.618+00
458520a1-da4f-4ba3-9a8f-cecdfa8c7772,2e6f6612-8033-42e0-b84d-b2ea8aded8ac,b3db042c-4932-4f66-8aff-3136ed50db97,2026-07-06,2026-07-06 11:00:02.926+00,7,email,2026-07-06 11:00:19.021+00
39806cd6-5fde-4315-95dc-4268bcf1db49,493aecc1-6791-4d62-bc63-f4f55c78e44e,642b0596-7431-4f50-acff-1eb4199fab76,2026-07-06,2026-07-06 11:00:02.926+00,1,in_app,2026-07-06 11:00:19.103+00
4f1ec14d-b2cd-47aa-8a6f-540cfd216bd9,493aecc1-6791-4d62-bc63-f4f55c78e44e,642b0596-7431-4f50-acff-1eb4199fab76,2026-07-06,2026-07-06 11:00:02.926+00,1,email,2026-07-06 11:00:19.448+00
052e2019-decb-4772-ba5c-aab8cebec48f,0c96a57e-6cc1-400f-bf3a-5740b699ac21,c6754833-e150-4c12-9149-45a6dfcd6eec,2026-07-06,2026-07-06 11:00:02.926+00,3,in_app,2026-07-06 11:00:19.541+00
b8900306-7a69-490d-879b-54419c9941fd,0c96a57e-6cc1-400f-bf3a-5740b699ac21,c6754833-e150-4c12-9149-45a6dfcd6eec,2026-07-06,2026-07-06 11:00:02.926+00,3,email,2026-07-06 11:00:19.911+00
8b7b61ef-050d-4187-9235-52ebe261a625,0ece46cd-9571-4f7f-8043-c1f2249b6cf9,6f58e5f8-b85c-4f92-89b7-1cf3ca9f22b6,2026-07-06,2026-07-06 11:00:02.926+00,2,in_app,2026-07-06 11:00:20.349+00
a67173e1-1452-4e50-bd5f-5f731dbad1a9,678b734f-19e2-4622-ab4e-fccd86f4877f,8cab859b-a1e1-4edb-af95-4e847e1c93e4,2026-07-06,2026-07-06 11:00:02.926+00,2,email,2026-07-06 11:00:22.365+00
a255eae2-3276-4279-8d50-51925cf0d2e2,0c96a57e-6cc1-400f-bf3a-5740b699ac21,5d7214cd-c7d1-42ac-b859-b9e84dee9fab,2026-07-06,2026-07-06 11:00:02.926+00,2,in_app,2026-07-06 11:00:22.564+00
3202a732-c9ef-4cfb-8bc4-a1ad99415847,0c96a57e-6cc1-400f-bf3a-5740b699ac21,3519d0a1-12b5-4a38-bbd5-a5b9d518cb53,2026-07-06,2026-07-06 11:00:02.926+00,1,in_app,2026-07-06 11:00:23.727+00
246dae1c-afe8-4da5-8d69-da641b928a02,df71451b-bcd2-4602-9b7b-230b32f08b65,c30e3590-04a3-4544-bf66-43228037bfc9,2026-07-06,2026-07-06 11:00:02.926+00,1,in_app,2026-07-06 11:00:27.671+00
aaecb593-8cd4-40ee-831f-51d780fb8b4f,0c96a57e-6cc1-400f-bf3a-5740b699ac21,a3c5b629-15d3-48a7-b5ab-694e63dc8b63,2026-07-06,2026-07-06 11:00:02.926+00,8,in_app,2026-07-06 11:00:28.796+00
6a71f9f4-070b-4ace-91b9-a64a8f5e6e86,0c96a57e-6cc1-400f-bf3a-5740b699ac21,642b0596-7431-4f50-acff-1eb4199fab76,2026-07-06,2026-07-06 11:00:02.926+00,1,in_app,2026-07-06 11:00:29.795+00
61a66126-e32b-40b9-9d7a-7a115f372af4,fd63bafa-9a78-43fb-9311-f78b8cbfb667,d8eb23c1-2c90-4dfe-872a-aa3e3dcd6478,2026-07-10,2026-07-10 11:00:34.43+00,8,in_app,2026-07-10 11:01:01.028+00
bd907529-bcca-4529-b26a-2613050c44d6,b0737bfd-7bea-493b-8cfc-14946fcea8cd,32ccdbe1-627f-4fe3-a506-056b997ed89b,2026-07-10,2026-07-10 11:00:34.43+00,3,email,2026-07-10 11:01:02.702+00
8f3d362a-d275-4d79-ba58-d6a853368f85,8474aaf6-e7d1-4165-9bef-bf76bc701038,32ccdbe1-627f-4fe3-a506-056b997ed89b,2026-07-10,2026-07-10 11:00:34.43+00,3,email,2026-07-10 11:01:03.169+00
adf981a7-052a-41cd-8e92-523d938c2580,c1f13659-b28c-4d50-8375-5bf200294992,658a0146-2d8a-4b2e-81e5-aa16fa9d0a30,2026-07-10,2026-07-10 11:00:34.43+00,1,in_app,2026-07-10 11:01:03.246+00
ae2fb33b-69ac-4328-96be-fa9fc12a3bc3,c1f13659-b28c-4d50-8375-5bf200294992,658a0146-2d8a-4b2e-81e5-aa16fa9d0a30,2026-07-10,2026-07-10 11:00:34.43+00,1,email,2026-07-10 11:01:03.663+00
656a8d29-fe7d-4413-b257-77a364293302,9066ac12-d1c6-4a15-ad74-4932bf8dd987,968fc8e6-f918-4579-b0d1-26570ce5e94b,2026-07-10,2026-07-10 11:00:34.43+00,2,email,2026-07-10 11:01:04.452+00
742cfaf2-93e0-44c5-87bf-8ce7d29eafd7,0c96a57e-6cc1-400f-bf3a-5740b699ac21,27edf455-e61a-48a9-a846-e2c6f42999b5,2026-07-10,2026-07-10 11:00:34.43+00,1,in_app,2026-07-10 11:01:04.908+00
ab8d7392-941b-44e9-9ccc-083e0919f62e,0c96a57e-6cc1-400f-bf3a-5740b699ac21,27edf455-e61a-48a9-a846-e2c6f42999b5,2026-07-10,2026-07-10 11:00:34.43+00,1,email,2026-07-10 11:01:05.374+00
594dd58b-3f3a-47a9-8783-39ade4087216,ed586056-17ca-4287-936a-c16e642c63a6,8737f689-7c9e-414a-8391-5bf93d5ba600,2026-07-10,2026-07-10 11:00:34.43+00,1,in_app,2026-07-10 11:01:05.447+00
f30f5c00-95ee-43bd-a5fb-f5b6e0b17810,ed586056-17ca-4287-936a-c16e642c63a6,8737f689-7c9e-414a-8391-5bf93d5ba600,2026-07-10,2026-07-10 11:00:34.43+00,1,email,2026-07-10 11:01:05.875+00
43754259-4e0a-477e-8454-5df6e5f07410,0c96a57e-6cc1-400f-bf3a-5740b699ac21,c6754833-e150-4c12-9149-45a6dfcd6eec,2026-07-10,2026-07-10 11:00:34.43+00,3,email,2026-07-10 11:01:07.173+00
180a6a45-73d3-4099-bb85-150e28751757,0ece46cd-9571-4f7f-8043-c1f2249b6cf9,6f58e5f8-b85c-4f92-89b7-1cf3ca9f22b6,2026-07-10,2026-07-10 11:00:34.43+00,2,in_app,2026-07-10 11:01:07.668+00
54a6b4b3-bf29-4e69-980a-6b88dc8f2abb,0ece46cd-9571-4f7f-8043-c1f2249b6cf9,6f58e5f8-b85c-4f92-89b7-1cf3ca9f22b6,2026-07-10,2026-07-10 11:00:34.43+00,2,email,2026-07-10 11:01:08.071+00
cf6b47c1-274a-40f1-aa64-25c74f44cb43,0ae36a43-2ef0-4a7d-b95a-edcc7d9ac3f2,7b577c22-5513-42cc-ab19-2bf867e14ebc,2026-07-10,2026-07-10 11:00:34.43+00,1,in_app,2026-07-10 11:01:08.142+00
8b7ec17a-447e-40f1-8349-5f6d4acaa9ae,0c96a57e-6cc1-400f-bf3a-5740b699ac21,2a266637-be4e-4088-9918-a51576912f5c,2026-07-10,2026-07-10 11:00:34.43+00,4,in_app,2026-07-10 11:01:14.501+00
e1e755e0-3d80-4188-9514-e9d838ad27d0,0c96a57e-6cc1-400f-bf3a-5740b699ac21,28f7b9e8-9516-4a08-864c-9ff3e085ba87,2026-07-10,2026-07-10 11:00:34.43+00,1,in_app,2026-07-10 11:01:15.938+00
6c031b82-8d2e-4567-929c-a32e0b502886,0c96a57e-6cc1-400f-bf3a-5740b699ac21,b3db042c-4932-4f66-8aff-3136ed50db97,2026-07-13,2026-07-13 11:00:34.405+00,8,in_app,2026-07-13 11:00:59.814+00
2e0a96f2-c734-4f37-8e3c-02fb5c7ea77d,0c96a57e-6cc1-400f-bf3a-5740b699ac21,642b0596-7431-4f50-acff-1eb4199fab76,2026-07-13,2026-07-13 11:00:34.405+00,1,in_app,2026-07-13 11:01:00.353+00
498f8122-02f0-4e2d-a66e-4e6ec9b0d189,0c96a57e-6cc1-400f-bf3a-5740b699ac21,8cab859b-a1e1-4edb-af95-4e847e1c93e4,2026-07-13,2026-07-13 11:00:34.405+00,2,email,2026-07-13 11:01:02.549+00
77eef2c0-87d2-4ac6-8551-1005b85521e9,0c96a57e-6cc1-400f-bf3a-5740b699ac21,6237fa09-ec4a-46ca-a99b-4f8afb3bf259,2026-07-16,2026-07-16 11:00:00.525+00,1,email,2026-07-16 11:00:24.146+00
67eb0a01-c702-46cd-a230-4a8b3715cfa5,b0737bfd-7bea-493b-8cfc-14946fcea8cd,32ccdbe1-627f-4fe3-a506-056b997ed89b,2026-07-16,2026-07-16 11:00:00.525+00,3,in_app,2026-07-16 11:00:24.229+00
57a897e9-c3cc-4369-b5d4-1a53ee6e76f7,b0737bfd-7bea-493b-8cfc-14946fcea8cd,32ccdbe1-627f-4fe3-a506-056b997ed89b,2026-07-16,2026-07-16 11:00:00.525+00,3,email,2026-07-16 11:00:24.711+00
6f9431f7-3f6f-4192-bd12-b6e6a77a6afc,0c96a57e-6cc1-400f-bf3a-5740b699ac21,bdef184d-6217-4cdf-a59f-dc37008d13fd,2026-07-17,2026-07-17 17:00:50.216+00,8,email,2026-07-17 17:01:06.012+00
50a720cc-1cd9-4388-afaf-2d824d9d5c0d,0c96a57e-6cc1-400f-bf3a-5740b699ac21,2a266637-be4e-4088-9918-a51576912f5c,2026-07-17,2026-07-17 17:00:50.216+00,4,email,2026-07-17 17:01:07.719+00
1b843890-f082-4599-b4ac-da3e61a33c18,0c96a57e-6cc1-400f-bf3a-5740b699ac21,b3db042c-4932-4f66-8aff-3136ed50db97,2026-07-17,2026-07-17 17:00:50.216+00,8,in_app,2026-07-17 17:01:09.661+00
515cf718-8e64-49b8-a517-54f696f6c6f8,0c96a57e-6cc1-400f-bf3a-5740b699ac21,b3db042c-4932-4f66-8aff-3136ed50db97,2026-07-17,2026-07-17 17:00:50.216+00,8,email,2026-07-17 17:01:09.968+00
0a6b5d8c-fea1-4b13-83b3-89be494b3a47,0c96a57e-6cc1-400f-bf3a-5740b699ac21,6f58e5f8-b85c-4f92-89b7-1cf3ca9f22b6,2026-07-17,2026-07-17 17:00:50.216+00,1,in_app,2026-07-17 17:01:10.441+00
7092f4ba-d625-41e5-b0c2-09e763811f1e,0c96a57e-6cc1-400f-bf3a-5740b699ac21,6f58e5f8-b85c-4f92-89b7-1cf3ca9f22b6,2026-07-17,2026-07-17 17:00:50.216+00,1,email,2026-07-17 17:01:10.744+00
2e9b8fbc-915c-4bcd-8c68-9ada784c3b39,0c96a57e-6cc1-400f-bf3a-5740b699ac21,8cab859b-a1e1-4edb-af95-4e847e1c93e4,2026-07-17,2026-07-17 17:00:50.216+00,2,email,2026-07-17 17:01:11.517+00
af79413d-dcc9-4227-8171-a45d83ed5fbf,0c96a57e-6cc1-400f-bf3a-5740b699ac21,9bd5cccc-e18f-432e-ae67-dc33103d5791,2026-07-19,2026-07-19 17:00:03.46+00,1,in_app,2026-07-19 17:00:06.947+00
c9601bfe-1ea0-49d4-9ad9-7ec0ee46bb49,0c96a57e-6cc1-400f-bf3a-5740b699ac21,9bd5cccc-e18f-432e-ae67-dc33103d5791,2026-07-19,2026-07-19 17:00:03.46+00,1,email,2026-07-19 17:00:07.27+00
8f937205-1fe5-4065-abda-ef5a45a0a0a1,0c96a57e-6cc1-400f-bf3a-5740b699ac21,d8eb23c1-2c90-4dfe-872a-aa3e3dcd6478,2026-07-21,2026-07-21 11:00:03.241+00,8,in_app,2026-07-21 11:00:31.807+00
9436c858-a600-470a-bc0d-a0a4df7bfd33,0c96a57e-6cc1-400f-bf3a-5740b699ac21,d8eb23c1-2c90-4dfe-872a-aa3e3dcd6478,2026-07-21,2026-07-21 11:00:03.241+00,8,email,2026-07-21 11:00:32.188+00
3ae1654f-0de6-48f6-ae9a-4bb99f32777e,0c96a57e-6cc1-400f-bf3a-5740b699ac21,28f7b9e8-9516-4a08-864c-9ff3e085ba87,2026-07-21,2026-07-21 11:00:03.241+00,1,email,2026-07-21 11:00:32.71+00
0c84908e-f674-4b7c-a8b0-9c6dae5fd5c9,0c96a57e-6cc1-400f-bf3a-5740b699ac21,a3c5b629-15d3-48a7-b5ab-694e63dc8b63,2026-07-21,2026-07-21 11:00:03.241+00,8,in_app,2026-07-21 11:00:32.865+00
d1dcfa8b-c87c-4d09-89a1-85071a500182,0c96a57e-6cc1-400f-bf3a-5740b699ac21,a3c5b629-15d3-48a7-b5ab-694e63dc8b63,2026-07-21,2026-07-21 11:00:03.241+00,8,email,2026-07-21 11:00:33.247+00
7bbb833f-84b2-44a3-9ef2-9f846c11fb87,0c96a57e-6cc1-400f-bf3a-5740b699ac21,642b0596-7431-4f50-acff-1eb4199fab76,2026-07-21,2026-07-21 11:00:03.241+00,1,email,2026-07-21 11:00:35.792+00
826f61fc-5961-4b14-b380-8ff989a042b0,0c96a57e-6cc1-400f-bf3a-5740b699ac21,13bbd043-efcc-4c8a-9edd-f34941547546,2026-07-21,2026-07-21 11:00:03.241+00,1,in_app,2026-07-21 11:00:35.945+00
3f6ca2c9-71d3-44bb-96fd-731a6b359310,0c96a57e-6cc1-400f-bf3a-5740b699ac21,1c2d5668-5cd9-49a7-a138-3ccd2bea5cbb,2026-07-21,2026-07-21 11:00:03.241+00,1,email,2026-07-21 11:00:37.905+00
90a24662-95c0-41f5-8fd0-b8f79b2503db,8474aaf6-e7d1-4165-9bef-bf76bc701038,90bb1d12-5855-4f3e-aecb-e92f597e650c,2026-07-21,2026-07-21 17:00:04.437+00,1,in_app,2026-07-21 17:00:06.041+00
e789b996-585e-4d13-b680-718bd563d054,8474aaf6-e7d1-4165-9bef-bf76bc701038,90bb1d12-5855-4f3e-aecb-e92f597e650c,2026-07-21,2026-07-21 17:00:04.437+00,1,email,2026-07-21 17:00:06.387+00
7e4aa2e6-5fcc-41b5-a271-7393ad79f343,0c96a57e-6cc1-400f-bf3a-5740b699ac21,7b577c22-5513-42cc-ab19-2bf867e14ebc,2026-07-21,2026-07-21 17:00:04.437+00,2,in_app,2026-07-21 17:00:07.175+00
26a87fc2-8969-4d7e-9d25-095191d47f31,0c96a57e-6cc1-400f-bf3a-5740b699ac21,7b577c22-5513-42cc-ab19-2bf867e14ebc,2026-07-21,2026-07-21 17:00:04.437+00,2,email,2026-07-21 17:00:07.456+00
1acf14e9-e1ce-419c-ae05-f826f515a3b7,62a2569e-4be2-4326-bddd-3c6116ed18b0,7b577c22-5513-42cc-ab19-2bf867e14ebc,2026-07-21,2026-07-21 17:00:04.437+00,1,email,2026-07-21 17:00:08.23+00
65aaca4c-23c1-4a4d-b116-58cfd35e0d69,62a2569e-4be2-4326-bddd-3c6116ed18b0,bdef184d-6217-4cdf-a59f-dc37008d13fd,2026-07-21,2026-07-21 17:00:04.437+00,1,in_app,2026-07-21 17:00:08.688+00
b45a205f-a3f1-49ea-8013-ba46fb4a8703,62a2569e-4be2-4326-bddd-3c6116ed18b0,bdef184d-6217-4cdf-a59f-dc37008d13fd,2026-07-21,2026-07-21 17:00:04.437+00,1,email,2026-07-21 17:00:08.939+00
66e18027-5031-47dd-8525-c57d590f21a5,9b5aa503-44ec-40de-9ceb-b1475639767e,2a266637-be4e-4088-9918-a51576912f5c,2026-07-21,2026-07-21 17:00:04.437+00,4,in_app,2026-07-21 17:00:09.356+00
2e127a7e-022a-4ba5-a123-a516ad59e64e,9b5aa503-44ec-40de-9ceb-b1475639767e,2a266637-be4e-4088-9918-a51576912f5c,2026-07-21,2026-07-21 17:00:04.437+00,4,email,2026-07-21 17:00:09.893+00
e5679c3e-530e-4699-a869-2c48b7b8477b,fd63bafa-9a78-43fb-9311-f78b8cbfb667,d8eb23c1-2c90-4dfe-872a-aa3e3dcd6478,2026-07-21,2026-07-21 17:00:04.437+00,8,in_app,2026-07-21 17:00:10.3+00
b2eb54ce-b42a-4ad7-917f-b04d5a2a5aff,fd63bafa-9a78-43fb-9311-f78b8cbfb667,d8eb23c1-2c90-4dfe-872a-aa3e3dcd6478,2026-07-21,2026-07-21 17:00:04.437+00,8,email,2026-07-21 17:00:10.562+00
24aa8f5c-d16a-4254-8fb5-34aeb6030ba2,8474aaf6-e7d1-4165-9bef-bf76bc701038,32ccdbe1-627f-4fe3-a506-056b997ed89b,2026-07-21,2026-07-21 17:00:04.437+00,3,email,2026-07-21 17:00:11.975+00
415d7915-390e-427a-adbf-8258cc56b7bb,9647402f-c830-48fb-92a7-e1e0f719045f,9d005015-cf2c-4590-9c46-e55e56c7696d,2026-07-21,2026-07-21 17:00:04.437+00,2,in_app,2026-07-21 17:00:12.045+00
b047841a-e1fe-44be-9dec-451ac5d3c9ca,9647402f-c830-48fb-92a7-e1e0f719045f,9d005015-cf2c-4590-9c46-e55e56c7696d,2026-07-21,2026-07-21 17:00:04.437+00,2,email,2026-07-21 17:00:12.515+00
6eeda3fc-5d31-4d25-8a8d-430330fbe018,9066ac12-d1c6-4a15-ad74-4932bf8dd987,968fc8e6-f918-4579-b0d1-26570ce5e94b,2026-07-21,2026-07-21 17:00:04.437+00,2,in_app,2026-07-21 17:00:12.602+00
8addb7ee-e112-4a9a-a18d-9d4027b465df,9066ac12-d1c6-4a15-ad74-4932bf8dd987,968fc8e6-f918-4579-b0d1-26570ce5e94b,2026-07-21,2026-07-21 17:00:04.437+00,2,email,2026-07-21 17:00:12.84+00
00638800-ba23-4f2a-b3a3-5606ed4d804a,4c1d6869-b323-4864-80a4-fe459ed57fe7,9bd5cccc-e18f-432e-ae67-dc33103d5791,2026-07-21,2026-07-21 17:00:04.437+00,1,in_app,2026-07-21 17:00:13.257+00
232f51bc-9911-4331-bede-686bc5037146,b16b90c0-67c9-46c5-ac6f-2ccb8f3b2a08,5d7214cd-c7d1-42ac-b859-b9e84dee9fab,2026-07-21,2026-07-21 17:00:04.437+00,1,in_app,2026-07-21 17:00:13.869+00
362579a8-02e2-4e66-8873-a691a14903a5,b16b90c0-67c9-46c5-ac6f-2ccb8f3b2a08,5d7214cd-c7d1-42ac-b859-b9e84dee9fab,2026-07-21,2026-07-21 17:00:04.437+00,1,email,2026-07-21 17:00:14.13+00
cd830477-9424-4b01-9807-6c861377ec04,ed586056-17ca-4287-936a-c16e642c63a6,8737f689-7c9e-414a-8391-5bf93d5ba600,2026-07-21,2026-07-21 17:00:04.437+00,1,in_app,2026-07-21 17:00:15.627+00
2919f77d-c6d8-4264-b61a-a518044bd1aa,ed586056-17ca-4287-936a-c16e642c63a6,8737f689-7c9e-414a-8391-5bf93d5ba600,2026-07-21,2026-07-21 17:00:04.437+00,1,email,2026-07-21 17:00:15.876+00
b78dd332-68b3-459e-ac82-5de71e7ee2da,2e6f6612-8033-42e0-b84d-b2ea8aded8ac,b3db042c-4932-4f66-8aff-3136ed50db97,2026-07-21,2026-07-21 17:00:04.437+00,7,in_app,2026-07-21 17:00:15.981+00
770bd521-f20c-4ace-97c0-a4c451675f7b,2e6f6612-8033-42e0-b84d-b2ea8aded8ac,b3db042c-4932-4f66-8aff-3136ed50db97,2026-07-21,2026-07-21 17:00:04.437+00,7,email,2026-07-21 17:00:16.238+00
55100f87-65d8-4711-ae85-56caa209bbb4,493aecc1-6791-4d62-bc63-f4f55c78e44e,7b577c22-5513-42cc-ab19-2bf867e14ebc,2026-07-06,2026-07-06 11:00:02.926+00,8,in_app,2026-07-06 11:00:19.972+00
7c9406ae-7282-49b6-a57c-766bf97babfd,493aecc1-6791-4d62-bc63-f4f55c78e44e,7b577c22-5513-42cc-ab19-2bf867e14ebc,2026-07-06,2026-07-06 11:00:02.926+00,8,email,2026-07-06 11:00:20.292+00
9c9eea91-ae92-4633-8754-710c65f49745,c1f13659-b28c-4d50-8375-5bf200294992,decc7faa-b202-42f1-9a04-fe15fe97a892,2026-07-06,2026-07-06 11:00:02.926+00,1,email,2026-07-06 11:00:21.936+00
ff6b3c52-d12a-4740-a50c-29543fe262dc,0c96a57e-6cc1-400f-bf3a-5740b699ac21,6d3f8a2c-1a05-4e2a-b57e-d969b668049b,2026-07-06,2026-07-06 11:00:02.926+00,1,in_app,2026-07-06 11:00:24.186+00
1f48a61c-d7cd-44a9-b9ed-0100e32f2d4f,0c96a57e-6cc1-400f-bf3a-5740b699ac21,6d3f8a2c-1a05-4e2a-b57e-d969b668049b,2026-07-06,2026-07-06 11:00:02.926+00,1,email,2026-07-06 11:00:24.561+00
631333e2-fe5e-42cb-9b06-a827281e1822,0c96a57e-6cc1-400f-bf3a-5740b699ac21,a94fc469-4603-487f-ab7f-e2712197d510,2026-07-06,2026-07-06 11:00:02.926+00,3,in_app,2026-07-06 11:00:26.21+00
cdd9de51-3ebe-4cc0-a17d-6d6112caded5,0c96a57e-6cc1-400f-bf3a-5740b699ac21,a9c81e05-8b1a-47ad-a80d-dbc45603f068,2026-07-06,2026-07-06 11:00:02.926+00,1,in_app,2026-07-06 11:00:27.202+00
4ebd594f-903a-418c-9cb4-ea6314b0e86b,0c96a57e-6cc1-400f-bf3a-5740b699ac21,658a0146-2d8a-4b2e-81e5-aa16fa9d0a30,2026-07-06,2026-07-06 11:00:02.926+00,1,email,2026-07-06 11:00:28.705+00
8858be66-df31-4b24-af8f-46e14edebf11,0c96a57e-6cc1-400f-bf3a-5740b699ac21,642b0596-7431-4f50-acff-1eb4199fab76,2026-07-06,2026-07-06 11:00:02.926+00,1,email,2026-07-06 11:00:30.186+00
5695844c-e181-4261-9cee-a52840ba9c98,0c96a57e-6cc1-400f-bf3a-5740b699ac21,6f58e5f8-b85c-4f92-89b7-1cf3ca9f22b6,2026-07-06,2026-07-06 11:00:02.926+00,2,in_app,2026-07-06 11:00:30.339+00
9e97aa82-682b-4171-9ef3-2f89d487d886,0c96a57e-6cc1-400f-bf3a-5740b699ac21,6f58e5f8-b85c-4f92-89b7-1cf3ca9f22b6,2026-07-06,2026-07-06 11:00:02.926+00,2,email,2026-07-06 11:00:30.718+00
3718b1ac-c0d2-4ef8-a0c6-1b5e3bf304c1,0c96a57e-6cc1-400f-bf3a-5740b699ac21,8cab859b-a1e1-4edb-af95-4e847e1c93e4,2026-07-06,2026-07-06 11:00:02.926+00,2,in_app,2026-07-06 11:00:31.284+00
89c5d675-4853-42d7-ad1b-a809779b3eea,0c96a57e-6cc1-400f-bf3a-5740b699ac21,b3db042c-4932-4f66-8aff-3136ed50db97,2026-07-10,2026-07-10 11:00:34.43+00,8,in_app,2026-07-10 11:01:17.363+00
fea4af30-c4c3-464f-b137-d52f814f6b9a,0c96a57e-6cc1-400f-bf3a-5740b699ac21,b3db042c-4932-4f66-8aff-3136ed50db97,2026-07-10,2026-07-10 11:00:34.43+00,8,email,2026-07-10 11:01:17.704+00
6258ea74-1b22-4ce7-856e-9c9edd4bf14c,0c96a57e-6cc1-400f-bf3a-5740b699ac21,1c2d5668-5cd9-49a7-a138-3ccd2bea5cbb,2026-07-10,2026-07-10 11:00:34.43+00,1,in_app,2026-07-10 11:01:20.012+00
2324e15f-a695-447c-97cd-4d0ffc0dde59,0c96a57e-6cc1-400f-bf3a-5740b699ac21,b3db042c-4932-4f66-8aff-3136ed50db97,2026-07-13,2026-07-13 11:00:34.405+00,8,email,2026-07-13 11:01:00.21+00
a42821ed-b863-4ab6-8132-575b06193e7e,0c96a57e-6cc1-400f-bf3a-5740b699ac21,decc7faa-b202-42f1-9a04-fe15fe97a892,2026-07-13,2026-07-13 11:00:34.405+00,1,in_app,2026-07-13 11:01:01.626+00
4fce1aa5-8060-4dd8-abb9-0b8873625b96,0c96a57e-6cc1-400f-bf3a-5740b699ac21,decc7faa-b202-42f1-9a04-fe15fe97a892,2026-07-13,2026-07-13 11:00:34.405+00,1,email,2026-07-13 11:01:02.062+00
9de51a44-1363-4b0e-885e-2553b400531f,0c96a57e-6cc1-400f-bf3a-5740b699ac21,968fc8e6-f918-4579-b0d1-26570ce5e94b,2026-07-18,2026-07-18 11:00:23.202+00,1,in_app,2026-07-18 11:00:23.49+00
18f147ea-ae40-4c49-9439-47be2ac6eef4,0c96a57e-6cc1-400f-bf3a-5740b699ac21,968fc8e6-f918-4579-b0d1-26570ce5e94b,2026-07-18,2026-07-18 11:00:23.202+00,1,email,2026-07-18 11:00:23.981+00
d63c400a-6ed6-4864-8f20-e2aa5f2ea2d7,8474aaf6-e7d1-4165-9bef-bf76bc701038,90bb1d12-5855-4f3e-aecb-e92f597e650c,2026-07-18,2026-07-18 11:00:23.202+00,1,in_app,2026-07-18 11:00:24.529+00
e07ce4db-0ec6-408a-b234-f38dd1aa5e7b,8474aaf6-e7d1-4165-9bef-bf76bc701038,90bb1d12-5855-4f3e-aecb-e92f597e650c,2026-07-18,2026-07-18 11:00:23.202+00,1,email,2026-07-18 11:00:24.892+00
dc67ddf1-e4b2-45ad-bb31-b017eef6eda9,62a2569e-4be2-4326-bddd-3c6116ed18b0,6d3f8a2c-1a05-4e2a-b57e-d969b668049b,2026-07-18,2026-07-18 11:00:23.202+00,1,in_app,2026-07-18 11:00:25.866+00
185de3d3-bda2-4dda-bc2b-844dd66d5ac0,62a2569e-4be2-4326-bddd-3c6116ed18b0,6d3f8a2c-1a05-4e2a-b57e-d969b668049b,2026-07-18,2026-07-18 11:00:23.202+00,1,email,2026-07-18 11:00:26.225+00
d24d275f-87a4-4a22-a645-6bfe0a5ceccf,2528e875-ab7b-4905-a98b-998a318b883e,e51c5c55-1e13-45da-8a37-ed0f36f3d16c,2026-07-27,2026-07-27 11:00:02.405+00,1,email,2026-07-27 11:00:18.335+00
cf138a44-bf42-4888-adf9-3f6a9d317fc0,b0737bfd-7bea-493b-8cfc-14946fcea8cd,90bb1d12-5855-4f3e-aecb-e92f597e650c,2026-07-18,2026-07-18 11:00:23.202+00,1,in_app,2026-07-18 11:00:28.123+00
7696786f-e7eb-4c3a-a501-96259fcb5f99,9b5aa503-44ec-40de-9ceb-b1475639767e,2a266637-be4e-4088-9918-a51576912f5c,2026-07-18,2026-07-18 11:00:23.202+00,4,email,2026-07-18 11:00:29.089+00
d872dd24-06cd-4218-8bae-df65f564a7fb,b6617c09-9b4a-4ebc-bf50-e584b67edaa3,e5efecc9-f05f-479b-b2ea-81a2ed90fba4,2026-07-18,2026-07-18 11:00:23.202+00,1,email,2026-07-18 11:00:29.54+00
4b35bf7d-ddd6-49ba-adf4-b3bae11ef79b,0c96a57e-6cc1-400f-bf3a-5740b699ac21,6237fa09-ec4a-46ca-a99b-4f8afb3bf259,2026-07-18,2026-07-18 11:00:23.202+00,1,in_app,2026-07-18 11:00:30.524+00
6f828d77-4bcc-44e0-b601-3d513a5928d1,b0737bfd-7bea-493b-8cfc-14946fcea8cd,32ccdbe1-627f-4fe3-a506-056b997ed89b,2026-07-18,2026-07-18 11:00:23.202+00,3,in_app,2026-07-18 11:00:30.952+00
13b885ab-6982-4f45-a1c8-3c8f0bdb7010,0c96a57e-6cc1-400f-bf3a-5740b699ac21,28f7b9e8-9516-4a08-864c-9ff3e085ba87,2026-07-18,2026-07-18 11:00:23.202+00,1,in_app,2026-07-18 11:00:42.412+00
3e2c172c-c0b1-4861-bedd-68b9de36b3c2,0c96a57e-6cc1-400f-bf3a-5740b699ac21,28f7b9e8-9516-4a08-864c-9ff3e085ba87,2026-07-18,2026-07-18 11:00:23.202+00,1,email,2026-07-18 11:00:42.759+00
6b0f99ea-9910-4a03-bb2f-08575c09f98d,0c96a57e-6cc1-400f-bf3a-5740b699ac21,a3c5b629-15d3-48a7-b5ab-694e63dc8b63,2026-07-18,2026-07-18 11:00:23.202+00,8,in_app,2026-07-18 11:00:42.887+00
3e93cd40-3ceb-44c7-9c45-a75a2ae15397,0c96a57e-6cc1-400f-bf3a-5740b699ac21,decc7faa-b202-42f1-9a04-fe15fe97a892,2026-07-18,2026-07-18 11:00:23.202+00,1,email,2026-07-18 11:00:45.75+00
ff366870-89e5-4f0e-81e8-b0229e2fbab3,0c96a57e-6cc1-400f-bf3a-5740b699ac21,1c2d5668-5cd9-49a7-a138-3ccd2bea5cbb,2026-07-18,2026-07-18 11:00:23.202+00,1,in_app,2026-07-18 11:00:46.272+00
df947fb2-282a-4138-b326-a3864abcd44d,0c96a57e-6cc1-400f-bf3a-5740b699ac21,1c2d5668-5cd9-49a7-a138-3ccd2bea5cbb,2026-07-18,2026-07-18 11:00:23.202+00,1,email,2026-07-18 11:00:46.619+00
8fd8e918-4f86-405c-a7a4-63d4185f5428,0c96a57e-6cc1-400f-bf3a-5740b699ac21,968fc8e6-f918-4579-b0d1-26570ce5e94b,2026-07-20,2026-07-20 11:01:03.985+00,1,in_app,2026-07-20 11:01:04.227+00
3b867d6c-a481-40ef-aa40-3d9633a72c3d,0c96a57e-6cc1-400f-bf3a-5740b699ac21,968fc8e6-f918-4579-b0d1-26570ce5e94b,2026-07-20,2026-07-20 11:01:03.985+00,1,email,2026-07-20 11:01:04.618+00
b4631ed4-0688-4111-99dd-4dde1a30b2ff,8474aaf6-e7d1-4165-9bef-bf76bc701038,90bb1d12-5855-4f3e-aecb-e92f597e650c,2026-07-20,2026-07-20 11:01:03.985+00,1,email,2026-07-20 11:01:05.299+00
3604fd4a-25f8-423e-b56e-26dafa5544e6,b0737bfd-7bea-493b-8cfc-14946fcea8cd,90bb1d12-5855-4f3e-aecb-e92f597e650c,2026-07-20,2026-07-20 11:01:03.985+00,1,in_app,2026-07-20 11:01:08.035+00
41618dbf-bcc7-41ec-a456-95f80079719e,b0737bfd-7bea-493b-8cfc-14946fcea8cd,90bb1d12-5855-4f3e-aecb-e92f597e650c,2026-07-20,2026-07-20 11:01:03.985+00,1,email,2026-07-20 11:01:08.288+00
45f4db08-4aff-42e4-aece-3328d0b64a7c,b0737bfd-7bea-493b-8cfc-14946fcea8cd,32ccdbe1-627f-4fe3-a506-056b997ed89b,2026-07-20,2026-07-20 11:01:03.985+00,3,in_app,2026-07-20 11:01:10.089+00
bbc63efd-5775-4945-a8e8-ea75ee2f4907,b0737bfd-7bea-493b-8cfc-14946fcea8cd,32ccdbe1-627f-4fe3-a506-056b997ed89b,2026-07-20,2026-07-20 11:01:03.985+00,3,email,2026-07-20 11:01:10.343+00
f6c2a06d-9ce9-4fb4-826b-9d0b47665099,9647402f-c830-48fb-92a7-e1e0f719045f,9d005015-cf2c-4590-9c46-e55e56c7696d,2026-07-20,2026-07-20 11:01:03.985+00,2,in_app,2026-07-20 11:01:10.402+00
4d50b6df-4def-4050-9637-788aa90460a6,9647402f-c830-48fb-92a7-e1e0f719045f,9d005015-cf2c-4590-9c46-e55e56c7696d,2026-07-20,2026-07-20 11:01:03.985+00,2,email,2026-07-20 11:01:10.656+00
eabe4128-eeca-4643-b40f-2a977fba86c5,b16b90c0-67c9-46c5-ac6f-2ccb8f3b2a08,5d7214cd-c7d1-42ac-b859-b9e84dee9fab,2026-07-20,2026-07-20 11:01:03.985+00,1,in_app,2026-07-20 11:01:11.683+00
9c3b320c-7e3f-49c1-9c74-dd148397e9a7,b16b90c0-67c9-46c5-ac6f-2ccb8f3b2a08,5d7214cd-c7d1-42ac-b859-b9e84dee9fab,2026-07-20,2026-07-20 11:01:03.985+00,1,email,2026-07-20 11:01:11.925+00
a464067f-8fe1-4772-af88-5f1c23036bfb,8396bd66-e3ed-4593-b985-3e380cd308eb,b0faf762-848b-4737-a04d-b2b4e1e8cc5b,2026-07-20,2026-07-20 11:01:03.985+00,1,in_app,2026-07-20 11:01:12.331+00
01648824-68e9-419f-a435-fc987f203b01,8396bd66-e3ed-4593-b985-3e380cd308eb,b0faf762-848b-4737-a04d-b2b4e1e8cc5b,2026-07-20,2026-07-20 11:01:03.985+00,1,email,2026-07-20 11:01:12.777+00
0b2b365a-2903-4613-aaec-6eb8f8deea34,2a72272f-56f2-4104-9952-5d3d8b19ff1d,27edf455-e61a-48a9-a846-e2c6f42999b5,2026-07-20,2026-07-20 11:01:03.985+00,1,in_app,2026-07-20 11:01:12.836+00
4330d454-3082-4408-b942-df3faf538169,2a72272f-56f2-4104-9952-5d3d8b19ff1d,27edf455-e61a-48a9-a846-e2c6f42999b5,2026-07-20,2026-07-20 11:01:03.985+00,1,email,2026-07-20 11:01:13.273+00
3e653fdc-2054-473f-9620-fbb3474d0ff6,ed586056-17ca-4287-936a-c16e642c63a6,8737f689-7c9e-414a-8391-5bf93d5ba600,2026-07-20,2026-07-20 11:01:03.985+00,1,in_app,2026-07-20 11:01:13.653+00
febf7853-0b4a-472c-8ea9-76e73dde87d1,ed586056-17ca-4287-936a-c16e642c63a6,8737f689-7c9e-414a-8391-5bf93d5ba600,2026-07-20,2026-07-20 11:01:03.985+00,1,email,2026-07-20 11:01:13.887+00
6e1df601-5980-4c3e-8efa-9107faa43cca,0ece46cd-9571-4f7f-8043-c1f2249b6cf9,6f58e5f8-b85c-4f92-89b7-1cf3ca9f22b6,2026-07-20,2026-07-20 11:01:03.985+00,1,in_app,2026-07-20 11:01:15.19+00
75a391d6-4df6-40df-a0e8-b20dd115ecd2,0ece46cd-9571-4f7f-8043-c1f2249b6cf9,6f58e5f8-b85c-4f92-89b7-1cf3ca9f22b6,2026-07-20,2026-07-20 11:01:03.985+00,1,email,2026-07-20 11:01:15.437+00
2d9aae4e-170f-4858-a8bf-62b5951895f3,678b734f-19e2-4622-ab4e-fccd86f4877f,8cab859b-a1e1-4edb-af95-4e847e1c93e4,2026-07-20,2026-07-20 11:01:03.985+00,2,in_app,2026-07-20 11:01:16.145+00
4a87bf16-a2a7-43e0-93e4-987d5a47fbb7,678b734f-19e2-4622-ab4e-fccd86f4877f,8cab859b-a1e1-4edb-af95-4e847e1c93e4,2026-07-20,2026-07-20 11:01:03.985+00,2,email,2026-07-20 11:01:16.393+00
a55823cf-0163-41e4-bdb7-db3d44e5a10b,0c96a57e-6cc1-400f-bf3a-5740b699ac21,6d3f8a2c-1a05-4e2a-b57e-d969b668049b,2026-07-20,2026-07-20 11:01:03.985+00,1,in_app,2026-07-20 11:01:17.545+00
8e70d851-cd5b-4312-a1ed-31de9b56e362,0c96a57e-6cc1-400f-bf3a-5740b699ac21,6d3f8a2c-1a05-4e2a-b57e-d969b668049b,2026-07-20,2026-07-20 11:01:03.985+00,1,email,2026-07-20 11:01:17.798+00
b2136497-6b41-4854-837e-d717679c00ae,0c96a57e-6cc1-400f-bf3a-5740b699ac21,b874694b-f463-4dbd-bb6f-b04f121a8802,2026-07-20,2026-07-20 11:01:03.985+00,1,in_app,2026-07-20 11:01:17.873+00
831b342f-4009-4aa5-9f05-2ace3ddb80a8,0c96a57e-6cc1-400f-bf3a-5740b699ac21,b874694b-f463-4dbd-bb6f-b04f121a8802,2026-07-20,2026-07-20 11:01:03.985+00,1,email,2026-07-20 11:01:18.124+00
ef613a52-5f3f-405b-b428-04d90038db3d,0c96a57e-6cc1-400f-bf3a-5740b699ac21,ebe67fdd-2e23-43c0-8e9b-8abec2682d09,2026-07-20,2026-07-20 11:01:03.985+00,2,in_app,2026-07-20 11:01:18.184+00
5ff08a31-4023-45bc-89c5-1fdfcc0fc970,0c96a57e-6cc1-400f-bf3a-5740b699ac21,ebe67fdd-2e23-43c0-8e9b-8abec2682d09,2026-07-20,2026-07-20 11:01:03.985+00,2,email,2026-07-20 11:01:18.438+00
12c15798-f9c1-4a41-860b-3508b0b21055,0c96a57e-6cc1-400f-bf3a-5740b699ac21,d8eb23c1-2c90-4dfe-872a-aa3e3dcd6478,2026-07-20,2026-07-20 11:01:03.985+00,8,in_app,2026-07-20 11:01:18.849+00
f9fb01c3-9d8c-410e-80fa-bf98bf1f9907,0c96a57e-6cc1-400f-bf3a-5740b699ac21,d8eb23c1-2c90-4dfe-872a-aa3e3dcd6478,2026-07-20,2026-07-20 11:01:03.985+00,8,email,2026-07-20 11:01:19.098+00
91f54336-2056-4c0c-89f6-4d9ba0ad9339,0c96a57e-6cc1-400f-bf3a-5740b699ac21,a3c5b629-15d3-48a7-b5ab-694e63dc8b63,2026-07-20,2026-07-20 11:01:03.985+00,8,email,2026-07-20 11:01:19.833+00
abf7d194-ae79-46ff-b856-3c0cd4e5e841,0c96a57e-6cc1-400f-bf3a-5740b699ac21,b3db042c-4932-4f66-8aff-3136ed50db97,2026-07-20,2026-07-20 11:01:03.985+00,8,in_app,2026-07-20 11:01:20.941+00
568c1eed-4c3f-49de-8b87-9e393a75cde9,0c96a57e-6cc1-400f-bf3a-5740b699ac21,b3db042c-4932-4f66-8aff-3136ed50db97,2026-07-20,2026-07-20 11:01:03.985+00,8,email,2026-07-20 11:01:21.195+00
a2ab38ad-9192-4276-b378-474598fcdf1d,0c96a57e-6cc1-400f-bf3a-5740b699ac21,642b0596-7431-4f50-acff-1eb4199fab76,2026-07-20,2026-07-20 11:01:03.985+00,1,in_app,2026-07-20 11:01:21.254+00
384f0d41-1c94-4d0e-84c0-9cecfddc319f,0c96a57e-6cc1-400f-bf3a-5740b699ac21,642b0596-7431-4f50-acff-1eb4199fab76,2026-07-20,2026-07-20 11:01:03.985+00,1,email,2026-07-20 11:01:21.51+00
50fdfdb7-58fc-44f3-93ba-c526f59779cd,0ece46cd-9571-4f7f-8043-c1f2249b6cf9,6f58e5f8-b85c-4f92-89b7-1cf3ca9f22b6,2026-07-06,2026-07-06 11:00:02.926+00,2,email,2026-07-06 11:00:20.756+00
41eaba85-9c83-4215-b706-1ea3effff200,0ae36a43-2ef0-4a7d-b95a-edcc7d9ac3f2,7b577c22-5513-42cc-ab19-2bf867e14ebc,2026-07-06,2026-07-06 11:00:02.926+00,1,email,2026-07-06 11:00:21.46+00
c9db6a14-179f-43a0-9c46-33cec808a84a,c1f13659-b28c-4d50-8375-5bf200294992,decc7faa-b202-42f1-9a04-fe15fe97a892,2026-07-06,2026-07-06 11:00:02.926+00,1,in_app,2026-07-06 11:00:21.547+00
5619c431-8745-4f8e-b8c6-ba357038fad5,678b734f-19e2-4622-ab4e-fccd86f4877f,8cab859b-a1e1-4edb-af95-4e847e1c93e4,2026-07-06,2026-07-06 11:00:02.926+00,2,in_app,2026-07-06 11:00:22.005+00
a64010b2-2377-40c9-8d37-c38d0ffcc8ea,0c96a57e-6cc1-400f-bf3a-5740b699ac21,3519d0a1-12b5-4a38-bbd5-a5b9d518cb53,2026-07-06,2026-07-06 11:00:02.926+00,1,email,2026-07-06 11:00:24.1+00
43e890c2-0af0-4129-8e3f-669dae59bc10,0c96a57e-6cc1-400f-bf3a-5740b699ac21,2a266637-be4e-4088-9918-a51576912f5c,2026-07-06,2026-07-06 11:00:02.926+00,4,email,2026-07-06 11:00:25.519+00
071a37c4-2224-490f-a261-9b8d7e62af79,0c96a57e-6cc1-400f-bf3a-5740b699ac21,d8eb23c1-2c90-4dfe-872a-aa3e3dcd6478,2026-07-06,2026-07-06 11:00:02.926+00,8,in_app,2026-07-06 11:00:25.671+00
8f42252b-b235-4fd1-a003-02dd4125a9ac,0c96a57e-6cc1-400f-bf3a-5740b699ac21,968fc8e6-f918-4579-b0d1-26570ce5e94b,2026-07-10,2026-07-10 17:00:35.327+00,1,in_app,2026-07-10 17:00:35.672+00
dbd655da-ed4b-4fc1-9005-9672c209c7e8,0c96a57e-6cc1-400f-bf3a-5740b699ac21,968fc8e6-f918-4579-b0d1-26570ce5e94b,2026-07-10,2026-07-10 17:00:35.327+00,1,email,2026-07-10 17:00:36.278+00
68694533-89e0-44b4-9529-c7b964cb76be,b16b90c0-67c9-46c5-ac6f-2ccb8f3b2a08,5d7214cd-c7d1-42ac-b859-b9e84dee9fab,2026-07-10,2026-07-10 17:00:35.327+00,1,in_app,2026-07-10 17:00:37.057+00
563433cc-44e3-4497-a00d-d600d6922c3d,b16b90c0-67c9-46c5-ac6f-2ccb8f3b2a08,5d7214cd-c7d1-42ac-b859-b9e84dee9fab,2026-07-10,2026-07-10 17:00:35.327+00,1,email,2026-07-10 17:00:37.521+00
d7cf6270-aa8d-46b8-8c78-2548f5b0d356,8474aaf6-e7d1-4165-9bef-bf76bc701038,90bb1d12-5855-4f3e-aecb-e92f597e650c,2026-07-10,2026-07-10 17:00:35.327+00,1,in_app,2026-07-10 17:00:37.644+00
c3889bc3-61cc-4364-8d87-60de2e64b67c,0c96a57e-6cc1-400f-bf3a-5740b699ac21,7b577c22-5513-42cc-ab19-2bf867e14ebc,2026-07-10,2026-07-10 17:00:35.327+00,2,email,2026-07-10 17:00:40.227+00
ac5a48b9-42be-4a7b-a36d-4912708f3d5f,62a2569e-4be2-4326-bddd-3c6116ed18b0,6d3f8a2c-1a05-4e2a-b57e-d969b668049b,2026-07-10,2026-07-10 17:00:35.327+00,1,email,2026-07-10 17:00:41.384+00
a75a6898-ca23-4831-8f0a-bdaf679e1b5c,0e2a45ad-2133-4d3e-822a-b61d069d1e56,3cbe0dd1-c806-4171-8fdf-002c7fe52d74,2026-07-27,2026-07-27 11:00:02.405+00,1,in_app,2026-07-27 11:00:18.424+00
d4ef4420-d4c1-4a06-a78f-02e64ff28f41,0e2a45ad-2133-4d3e-822a-b61d069d1e56,3cbe0dd1-c806-4171-8fdf-002c7fe52d74,2026-07-27,2026-07-27 11:00:02.405+00,1,email,2026-07-27 11:00:19.269+00
5f0e8439-6c8e-49cc-bff5-929afba1b4d7,0c96a57e-6cc1-400f-bf3a-5740b699ac21,6237fa09-ec4a-46ca-a99b-4f8afb3bf259,2026-07-10,2026-07-10 17:00:35.327+00,1,email,2026-07-10 17:00:45.834+00
793eafb5-55bd-49dc-829e-ab8960b3186b,b0737bfd-7bea-493b-8cfc-14946fcea8cd,32ccdbe1-627f-4fe3-a506-056b997ed89b,2026-07-10,2026-07-10 17:00:35.327+00,3,in_app,2026-07-10 17:00:45.956+00
f64fe610-4802-43ed-88c3-49fc6ee5894c,b0737bfd-7bea-493b-8cfc-14946fcea8cd,32ccdbe1-627f-4fe3-a506-056b997ed89b,2026-07-10,2026-07-10 17:00:35.327+00,3,email,2026-07-10 17:00:46.368+00
5ffab34b-e6c2-4191-bcc8-a2a397f16e9b,c1f13659-b28c-4d50-8375-5bf200294992,658a0146-2d8a-4b2e-81e5-aa16fa9d0a30,2026-07-10,2026-07-10 17:00:35.327+00,1,in_app,2026-07-10 17:00:47.055+00
529b53d3-179f-4a23-9c28-7da0c9e42623,9647402f-c830-48fb-92a7-e1e0f719045f,9d005015-cf2c-4590-9c46-e55e56c7696d,2026-07-10,2026-07-10 17:00:35.327+00,1,in_app,2026-07-10 17:00:47.585+00
3cf5ddd2-3d2d-4825-a76b-d08f06b3fc2c,04b00ab5-856d-4f95-962b-e9d97b33f207,a3c5b629-15d3-48a7-b5ab-694e63dc8b63,2026-07-10,2026-07-10 17:00:35.327+00,8,in_app,2026-07-10 17:00:48.681+00
6fe871d8-f275-45c1-bcd2-488d7e9e5c98,04b00ab5-856d-4f95-962b-e9d97b33f207,a3c5b629-15d3-48a7-b5ab-694e63dc8b63,2026-07-10,2026-07-10 17:00:35.327+00,8,email,2026-07-10 17:00:49.115+00
5fc88299-f68f-43bc-9e37-3fa5dc3237d1,0c96a57e-6cc1-400f-bf3a-5740b699ac21,27edf455-e61a-48a9-a846-e2c6f42999b5,2026-07-10,2026-07-10 17:00:35.327+00,1,in_app,2026-07-10 17:00:49.238+00
f92fba4f-c7b2-420d-81a0-a2a212b41ab1,0c96a57e-6cc1-400f-bf3a-5740b699ac21,27edf455-e61a-48a9-a846-e2c6f42999b5,2026-07-10,2026-07-10 17:00:35.327+00,1,email,2026-07-10 17:00:49.87+00
bba394ff-8ea6-4182-92ae-ea60d40375af,ed586056-17ca-4287-936a-c16e642c63a6,8737f689-7c9e-414a-8391-5bf93d5ba600,2026-07-10,2026-07-10 17:00:35.327+00,1,email,2026-07-10 17:00:50.556+00
b8e9e02f-0099-40ef-a2af-31acaa3b7f52,493aecc1-6791-4d62-bc63-f4f55c78e44e,642b0596-7431-4f50-acff-1eb4199fab76,2026-07-10,2026-07-10 17:00:35.327+00,1,email,2026-07-10 17:00:51.638+00
8beddbf6-7ef3-4938-b027-93abc5cf1b7d,493aecc1-6791-4d62-bc63-f4f55c78e44e,7b577c22-5513-42cc-ab19-2bf867e14ebc,2026-07-10,2026-07-10 17:00:35.327+00,8,in_app,2026-07-10 17:00:52.363+00
a427e340-b9c1-439d-927c-c289eb1dac71,493aecc1-6791-4d62-bc63-f4f55c78e44e,7b577c22-5513-42cc-ab19-2bf867e14ebc,2026-07-10,2026-07-10 17:00:35.327+00,8,email,2026-07-10 17:00:52.724+00
09f0dba5-ac81-40e6-aefd-369e6d8a662d,0ae36a43-2ef0-4a7d-b95a-edcc7d9ac3f2,7b577c22-5513-42cc-ab19-2bf867e14ebc,2026-07-10,2026-07-10 17:00:35.327+00,1,in_app,2026-07-10 17:00:53.389+00
a8e700e2-cdc9-426d-a6f7-60541cb01920,0ae36a43-2ef0-4a7d-b95a-edcc7d9ac3f2,7b577c22-5513-42cc-ab19-2bf867e14ebc,2026-07-10,2026-07-10 17:00:35.327+00,1,email,2026-07-10 17:00:53.785+00
71f77500-f377-40b5-9341-4c8375b34b3d,c1f13659-b28c-4d50-8375-5bf200294992,decc7faa-b202-42f1-9a04-fe15fe97a892,2026-07-10,2026-07-10 17:00:35.327+00,1,email,2026-07-10 17:00:54.282+00
0aa4589d-4c0d-4951-bf30-41c996365208,0c96a57e-6cc1-400f-bf3a-5740b699ac21,a94fc469-4603-487f-ab7f-e2712197d510,2026-07-10,2026-07-10 17:00:35.327+00,8,email,2026-07-10 17:00:55.912+00
fe2be431-b576-4cbb-9495-a18e3b867328,0c96a57e-6cc1-400f-bf3a-5740b699ac21,5d7214cd-c7d1-42ac-b859-b9e84dee9fab,2026-07-10,2026-07-10 17:00:35.327+00,1,in_app,2026-07-10 17:00:56.033+00
9bcf3fe1-6811-4afb-ba97-4f973dfd717d,0c96a57e-6cc1-400f-bf3a-5740b699ac21,bdef184d-6217-4cdf-a59f-dc37008d13fd,2026-07-10,2026-07-10 17:00:35.327+00,8,in_app,2026-07-10 17:00:56.584+00
b3cf5741-7e08-4a40-b5e1-7fe79d1a0b69,0c96a57e-6cc1-400f-bf3a-5740b699ac21,28f7b9e8-9516-4a08-864c-9ff3e085ba87,2026-07-10,2026-07-10 17:00:35.327+00,1,email,2026-07-10 17:01:00.593+00
214c3e87-4cca-4ffe-a2bb-e0f8e5d61ad2,0c96a57e-6cc1-400f-bf3a-5740b699ac21,642b0596-7431-4f50-acff-1eb4199fab76,2026-07-13,2026-07-13 11:00:34.405+00,1,email,2026-07-13 11:01:00.843+00
c8650668-21b2-4667-a371-49ea99b0c081,0c96a57e-6cc1-400f-bf3a-5740b699ac21,8cab859b-a1e1-4edb-af95-4e847e1c93e4,2026-07-13,2026-07-13 11:00:34.405+00,2,in_app,2026-07-13 11:01:02.157+00
10c3b2f9-6d07-4d1a-8f88-6093b8327921,3870aadb-8625-4184-ac60-c6e20be4cdc5,a94fc469-4603-487f-ab7f-e2712197d510,2026-07-18,2026-07-18 11:00:23.202+00,11,in_app,2026-07-18 11:00:24.073+00
d17a7440-a347-49c8-8453-abd9d071036a,3870aadb-8625-4184-ac60-c6e20be4cdc5,a94fc469-4603-487f-ab7f-e2712197d510,2026-07-18,2026-07-18 11:00:23.202+00,11,email,2026-07-18 11:00:24.44+00
aac0a793-013f-431d-a973-eaad477c1783,72aeb445-484f-4979-8c2a-d34ec40b22b0,bdef184d-6217-4cdf-a59f-dc37008d13fd,2026-07-18,2026-07-18 11:00:23.202+00,7,in_app,2026-07-18 11:00:24.981+00
a29487f9-0bba-432c-bcf8-1b8f81def3ef,72aeb445-484f-4979-8c2a-d34ec40b22b0,bdef184d-6217-4cdf-a59f-dc37008d13fd,2026-07-18,2026-07-18 11:00:23.202+00,7,email,2026-07-18 11:00:25.342+00
63d1bed8-df98-43dc-adec-e0bb5856d1ef,62a2569e-4be2-4326-bddd-3c6116ed18b0,7b577c22-5513-42cc-ab19-2bf867e14ebc,2026-07-18,2026-07-18 11:00:23.202+00,1,in_app,2026-07-18 11:00:26.309+00
4808b602-fc30-43ad-bae3-7eb221d0d249,62a2569e-4be2-4326-bddd-3c6116ed18b0,7b577c22-5513-42cc-ab19-2bf867e14ebc,2026-07-18,2026-07-18 11:00:23.202+00,1,email,2026-07-18 11:00:26.676+00
2d218369-a4a3-4572-8f68-2bdd3c53f441,b0737bfd-7bea-493b-8cfc-14946fcea8cd,90bb1d12-5855-4f3e-aecb-e92f597e650c,2026-07-18,2026-07-18 11:00:23.202+00,1,email,2026-07-18 11:00:28.488+00
69566041-8951-4b50-b2fe-fbe54e2bd781,9b5aa503-44ec-40de-9ceb-b1475639767e,2a266637-be4e-4088-9918-a51576912f5c,2026-07-18,2026-07-18 11:00:23.202+00,4,in_app,2026-07-18 11:00:28.576+00
b1b6ee11-094f-47c5-9e9b-af8890e83d5e,b6617c09-9b4a-4ebc-bf50-e584b67edaa3,e5efecc9-f05f-479b-b2ea-81a2ed90fba4,2026-07-18,2026-07-18 11:00:23.202+00,1,in_app,2026-07-18 11:00:29.174+00
9d3aa282-347b-483f-b94f-6b91f694174c,fd63bafa-9a78-43fb-9311-f78b8cbfb667,d8eb23c1-2c90-4dfe-872a-aa3e3dcd6478,2026-07-18,2026-07-18 11:00:23.202+00,8,in_app,2026-07-18 11:00:29.628+00
92d8ca89-b54c-4123-a2c3-1713293a7c78,fd63bafa-9a78-43fb-9311-f78b8cbfb667,d8eb23c1-2c90-4dfe-872a-aa3e3dcd6478,2026-07-18,2026-07-18 11:00:23.202+00,8,email,2026-07-18 11:00:29.991+00
53501e81-0fd7-4ac8-bcae-1420b0694575,8474aaf6-e7d1-4165-9bef-bf76bc701038,32ccdbe1-627f-4fe3-a506-056b997ed89b,2026-07-18,2026-07-18 11:00:23.202+00,4,in_app,2026-07-18 11:00:30.077+00
03b5d0a8-e7e1-478e-986a-dd812355b482,8474aaf6-e7d1-4165-9bef-bf76bc701038,32ccdbe1-627f-4fe3-a506-056b997ed89b,2026-07-18,2026-07-18 11:00:23.202+00,4,email,2026-07-18 11:00:30.434+00
903f6827-01c9-4dd9-92df-0e226ff942ad,b0737bfd-7bea-493b-8cfc-14946fcea8cd,32ccdbe1-627f-4fe3-a506-056b997ed89b,2026-07-18,2026-07-18 11:00:23.202+00,3,email,2026-07-18 11:00:31.335+00
42a40054-871b-437d-b739-7f4d65e2ecc8,9647402f-c830-48fb-92a7-e1e0f719045f,9d005015-cf2c-4590-9c46-e55e56c7696d,2026-07-18,2026-07-18 11:00:23.202+00,1,in_app,2026-07-18 11:00:31.418+00
da3d6ef5-cb33-4624-83fb-e692e41f93d4,9066ac12-d1c6-4a15-ad74-4932bf8dd987,968fc8e6-f918-4579-b0d1-26570ce5e94b,2026-07-18,2026-07-18 11:00:23.202+00,2,email,2026-07-18 11:00:32.2+00
b3c3aee8-9b9d-43d5-8560-a01e81d15830,493aecc1-6791-4d62-bc63-f4f55c78e44e,642b0596-7431-4f50-acff-1eb4199fab76,2026-07-18,2026-07-18 11:00:23.202+00,1,in_app,2026-07-18 11:00:35.285+00
5b84dbfb-1258-46ae-a3ec-c74a1220b920,493aecc1-6791-4d62-bc63-f4f55c78e44e,642b0596-7431-4f50-acff-1eb4199fab76,2026-07-18,2026-07-18 11:00:23.202+00,1,email,2026-07-18 11:00:35.623+00
094a5a88-0699-4987-bfda-6d7b5c24546a,0c96a57e-6cc1-400f-bf3a-5740b699ac21,c6754833-e150-4c12-9149-45a6dfcd6eec,2026-07-18,2026-07-18 11:00:23.202+00,3,email,2026-07-18 11:00:36.058+00
0c4c8a7e-c75c-42e5-be60-65b7fdb1abcf,c1f13659-b28c-4d50-8375-5bf200294992,1c2d5668-5cd9-49a7-a138-3ccd2bea5cbb,2026-07-18,2026-07-18 11:00:23.202+00,1,in_app,2026-07-18 11:00:38.542+00
c20a58d2-9e89-4d4f-b55a-f18c525b52bb,c1f13659-b28c-4d50-8375-5bf200294992,1c2d5668-5cd9-49a7-a138-3ccd2bea5cbb,2026-07-18,2026-07-18 11:00:23.202+00,1,email,2026-07-18 11:00:38.929+00
939058bd-340b-4031-a7fd-feead3369b9d,0c96a57e-6cc1-400f-bf3a-5740b699ac21,a94fc469-4603-487f-ab7f-e2712197d510,2026-07-18,2026-07-18 11:00:23.202+00,11,in_app,2026-07-18 11:00:39.112+00
2c9919e7-04d6-4480-98e0-f380482ffa18,0c96a57e-6cc1-400f-bf3a-5740b699ac21,b874694b-f463-4dbd-bb6f-b04f121a8802,2026-07-18,2026-07-18 11:00:23.202+00,1,in_app,2026-07-18 11:00:40.495+00
3df3b3bf-0f67-4b92-b4ce-97abd2d20752,0c96a57e-6cc1-400f-bf3a-5740b699ac21,b874694b-f463-4dbd-bb6f-b04f121a8802,2026-07-18,2026-07-18 11:00:23.202+00,1,email,2026-07-18 11:00:40.848+00
c423c448-abcb-48db-af44-d76b46ffab11,0c96a57e-6cc1-400f-bf3a-5740b699ac21,2a266637-be4e-4088-9918-a51576912f5c,2026-07-18,2026-07-18 11:00:23.202+00,4,in_app,2026-07-18 11:00:41.38+00
379f31b9-cdd2-48d8-9e6c-8e33a22b599a,0c96a57e-6cc1-400f-bf3a-5740b699ac21,2a266637-be4e-4088-9918-a51576912f5c,2026-07-18,2026-07-18 11:00:23.202+00,4,email,2026-07-18 11:00:41.809+00
2f97a691-bbd6-4995-8665-3cc1f77530d0,3870aadb-8625-4184-ac60-c6e20be4cdc5,a94fc469-4603-487f-ab7f-e2712197d510,2026-07-20,2026-07-20 11:01:03.985+00,12,in_app,2026-07-20 11:01:04.688+00
feff648d-2b6c-4bec-88b7-e6a224233e9b,3870aadb-8625-4184-ac60-c6e20be4cdc5,a94fc469-4603-487f-ab7f-e2712197d510,2026-07-20,2026-07-20 11:01:03.985+00,12,email,2026-07-20 11:01:04.968+00
ce1f1c1a-2e24-4e27-9ff7-85171334f0e3,62a2569e-4be2-4326-bddd-3c6116ed18b0,7b577c22-5513-42cc-ab19-2bf867e14ebc,2026-07-20,2026-07-20 11:01:03.985+00,1,in_app,2026-07-20 11:01:06.541+00
ba644d71-19ac-4939-8f6e-2bb67e50db22,62a2569e-4be2-4326-bddd-3c6116ed18b0,7b577c22-5513-42cc-ab19-2bf867e14ebc,2026-07-20,2026-07-20 11:01:03.985+00,1,email,2026-07-20 11:01:06.799+00
5be3d7a2-459c-41fb-aea2-2d9269ac7366,ed586056-17ca-4287-936a-c16e642c63a6,8737f689-7c9e-414a-8391-5bf93d5ba600,2026-07-27,2026-07-27 11:00:02.405+00,1,email,2026-07-27 11:00:24.853+00
df271fc4-a49b-4512-97fa-f3065fb4e095,493aecc1-6791-4d62-bc63-f4f55c78e44e,7b577c22-5513-42cc-ab19-2bf867e14ebc,2026-07-27,2026-07-27 11:00:02.405+00,7,in_app,2026-07-27 11:00:26.153+00
a6968c3b-1c9b-4211-8236-484ef2308e2b,0ae36a43-2ef0-4a7d-b95a-edcc7d9ac3f2,7b577c22-5513-42cc-ab19-2bf867e14ebc,2026-07-06,2026-07-06 11:00:02.926+00,1,in_app,2026-07-06 11:00:20.844+00
fa8d0ceb-24f7-4ed6-914b-41fcf4435c7f,0c96a57e-6cc1-400f-bf3a-5740b699ac21,5d7214cd-c7d1-42ac-b859-b9e84dee9fab,2026-07-06,2026-07-06 11:00:02.926+00,2,email,2026-07-06 11:00:22.926+00
579628ef-5d3d-47f2-ba08-6db16e51c37f,0c96a57e-6cc1-400f-bf3a-5740b699ac21,bdef184d-6217-4cdf-a59f-dc37008d13fd,2026-07-06,2026-07-06 11:00:02.926+00,8,in_app,2026-07-06 11:00:23.141+00
e6f0c432-a562-4b99-a1ff-64bd9f3236b4,0c96a57e-6cc1-400f-bf3a-5740b699ac21,bdef184d-6217-4cdf-a59f-dc37008d13fd,2026-07-06,2026-07-06 11:00:02.926+00,8,email,2026-07-06 11:00:23.601+00
1d53f491-2261-4bd6-9d94-cd7b54e97fe9,0c96a57e-6cc1-400f-bf3a-5740b699ac21,ebe67fdd-2e23-43c0-8e9b-8abec2682d09,2026-07-06,2026-07-06 11:00:02.926+00,2,in_app,2026-07-06 11:00:24.652+00
7db219f0-3481-4acd-be11-3618a5d126c3,0c96a57e-6cc1-400f-bf3a-5740b699ac21,ebe67fdd-2e23-43c0-8e9b-8abec2682d09,2026-07-06,2026-07-06 11:00:02.926+00,2,email,2026-07-06 11:00:25.043+00
795361ac-9ac9-4cda-b3d4-60a4f2858240,0c96a57e-6cc1-400f-bf3a-5740b699ac21,2a266637-be4e-4088-9918-a51576912f5c,2026-07-06,2026-07-06 11:00:02.926+00,4,in_app,2026-07-06 11:00:25.137+00
0d4411aa-e593-45e5-bd53-53c02c2e62ea,0c96a57e-6cc1-400f-bf3a-5740b699ac21,d8eb23c1-2c90-4dfe-872a-aa3e3dcd6478,2026-07-06,2026-07-06 11:00:02.926+00,8,email,2026-07-06 11:00:26.056+00
a3a9a4d3-6f46-493f-80d0-c566b1986ac9,0c96a57e-6cc1-400f-bf3a-5740b699ac21,a94fc469-4603-487f-ab7f-e2712197d510,2026-07-06,2026-07-06 11:00:02.926+00,3,email,2026-07-06 11:00:26.649+00
705349b5-2c74-476c-a0bf-a8609fb12105,0c96a57e-6cc1-400f-bf3a-5740b699ac21,28f7b9e8-9516-4a08-864c-9ff3e085ba87,2026-07-06,2026-07-06 11:00:02.926+00,1,in_app,2026-07-06 11:00:26.746+00
b524e057-dfc9-4533-91aa-a5759f93dfb4,0c96a57e-6cc1-400f-bf3a-5740b699ac21,28f7b9e8-9516-4a08-864c-9ff3e085ba87,2026-07-06,2026-07-06 11:00:02.926+00,1,email,2026-07-06 11:00:27.114+00
c3b623c0-2364-4c87-8c17-d8a46fa313cf,0c96a57e-6cc1-400f-bf3a-5740b699ac21,a9c81e05-8b1a-47ad-a80d-dbc45603f068,2026-07-06,2026-07-06 11:00:02.926+00,1,email,2026-07-06 11:00:27.58+00
26e883a9-9716-4da5-87ce-59e518c298b9,df71451b-bcd2-4602-9b7b-230b32f08b65,c30e3590-04a3-4544-bf66-43228037bfc9,2026-07-06,2026-07-06 11:00:02.926+00,1,email,2026-07-06 11:00:28.209+00
9c13e836-ddeb-425a-8c9c-e201e9dba5c3,0c96a57e-6cc1-400f-bf3a-5740b699ac21,658a0146-2d8a-4b2e-81e5-aa16fa9d0a30,2026-07-06,2026-07-06 11:00:02.926+00,1,in_app,2026-07-06 11:00:28.301+00
94f879d0-c204-4e8e-b411-420840a2274a,0c96a57e-6cc1-400f-bf3a-5740b699ac21,a3c5b629-15d3-48a7-b5ab-694e63dc8b63,2026-07-06,2026-07-06 11:00:02.926+00,8,email,2026-07-06 11:00:29.171+00
59e98def-971f-4910-9bdb-8d8a1d519d17,0c96a57e-6cc1-400f-bf3a-5740b699ac21,b3db042c-4932-4f66-8aff-3136ed50db97,2026-07-06,2026-07-06 11:00:02.926+00,8,in_app,2026-07-06 11:00:29.322+00
d6545819-00ff-4aca-b985-f9d9adfa7618,0c96a57e-6cc1-400f-bf3a-5740b699ac21,b3db042c-4932-4f66-8aff-3136ed50db97,2026-07-06,2026-07-06 11:00:02.926+00,8,email,2026-07-06 11:00:29.702+00
bb0aa4b7-12dd-493c-b218-b16ab5b48e5f,0c96a57e-6cc1-400f-bf3a-5740b699ac21,decc7faa-b202-42f1-9a04-fe15fe97a892,2026-07-06,2026-07-06 11:00:02.926+00,1,in_app,2026-07-06 11:00:30.81+00
e22f1798-dacf-406b-a35f-d59bb5066a76,0c96a57e-6cc1-400f-bf3a-5740b699ac21,decc7faa-b202-42f1-9a04-fe15fe97a892,2026-07-06,2026-07-06 11:00:02.926+00,1,email,2026-07-06 11:00:31.201+00
e96a57e6-cee6-40e8-b39f-20ea6f33524b,0c96a57e-6cc1-400f-bf3a-5740b699ac21,8cab859b-a1e1-4edb-af95-4e847e1c93e4,2026-07-06,2026-07-06 11:00:02.926+00,2,email,2026-07-06 11:00:31.667+00
f9b5152d-e51f-4060-83fd-8988e563a6a9,0c96a57e-6cc1-400f-bf3a-5740b699ac21,968fc8e6-f918-4579-b0d1-26570ce5e94b,2026-07-06,2026-07-06 17:00:41.185+00,1,in_app,2026-07-06 17:00:41.416+00
24154a03-e01f-401f-9c1b-9b3cf04a7ca2,0c96a57e-6cc1-400f-bf3a-5740b699ac21,968fc8e6-f918-4579-b0d1-26570ce5e94b,2026-07-06,2026-07-06 17:00:41.185+00,1,email,2026-07-06 17:00:41.934+00
22cf25f3-4d14-4af3-9cb8-fd83a3d06357,b16b90c0-67c9-46c5-ac6f-2ccb8f3b2a08,5d7214cd-c7d1-42ac-b859-b9e84dee9fab,2026-07-06,2026-07-06 17:00:41.185+00,2,in_app,2026-07-06 17:00:42.021+00
b4038782-5da8-4991-91e8-b41c13108602,b16b90c0-67c9-46c5-ac6f-2ccb8f3b2a08,5d7214cd-c7d1-42ac-b859-b9e84dee9fab,2026-07-06,2026-07-06 17:00:41.185+00,2,email,2026-07-06 17:00:42.544+00
142a1ce3-5ad5-4797-9a01-42610ef1004d,8474aaf6-e7d1-4165-9bef-bf76bc701038,90bb1d12-5855-4f3e-aecb-e92f597e650c,2026-07-06,2026-07-06 17:00:41.185+00,1,in_app,2026-07-06 17:00:42.617+00
f687f232-c92d-4f80-8745-f6b2f6853f7d,8474aaf6-e7d1-4165-9bef-bf76bc701038,90bb1d12-5855-4f3e-aecb-e92f597e650c,2026-07-06,2026-07-06 17:00:41.185+00,1,email,2026-07-06 17:00:42.976+00
b62f6ad0-4223-4dfa-bfbe-fd09f9781326,8396bd66-e3ed-4593-b985-3e380cd308eb,b0faf762-848b-4737-a04d-b2b4e1e8cc5b,2026-07-06,2026-07-06 17:00:41.185+00,2,in_app,2026-07-06 17:00:43.047+00
33f99618-c9c6-46da-a8de-f4bfcfa45d4e,8396bd66-e3ed-4593-b985-3e380cd308eb,b0faf762-848b-4737-a04d-b2b4e1e8cc5b,2026-07-06,2026-07-06 17:00:41.185+00,2,email,2026-07-06 17:00:43.685+00
62a2ae3c-c3a2-4e1d-9da5-61216649d8c4,72aeb445-484f-4979-8c2a-d34ec40b22b0,bdef184d-6217-4cdf-a59f-dc37008d13fd,2026-07-06,2026-07-06 17:00:41.185+00,7,in_app,2026-07-06 17:00:43.761+00
a9518789-c826-49dd-86e8-5dccf4570a62,72aeb445-484f-4979-8c2a-d34ec40b22b0,bdef184d-6217-4cdf-a59f-dc37008d13fd,2026-07-06,2026-07-06 17:00:41.185+00,7,email,2026-07-06 17:00:44.118+00
e89a3627-df34-4ecd-9eaf-2a1461d77be7,2a72272f-56f2-4104-9952-5d3d8b19ff1d,27edf455-e61a-48a9-a846-e2c6f42999b5,2026-07-06,2026-07-06 17:00:41.185+00,2,in_app,2026-07-06 17:00:44.197+00
91b9a116-12db-4439-b44b-d70d0ebe7e71,2a72272f-56f2-4104-9952-5d3d8b19ff1d,27edf455-e61a-48a9-a846-e2c6f42999b5,2026-07-06,2026-07-06 17:00:41.185+00,2,email,2026-07-06 17:00:44.872+00
fdc334e5-876d-454a-8e66-a378c6b86089,0c96a57e-6cc1-400f-bf3a-5740b699ac21,7b577c22-5513-42cc-ab19-2bf867e14ebc,2026-07-06,2026-07-06 17:00:41.185+00,2,in_app,2026-07-06 17:00:44.947+00
ca026b05-e772-4bdf-8c06-9f444123c1be,0c96a57e-6cc1-400f-bf3a-5740b699ac21,7b577c22-5513-42cc-ab19-2bf867e14ebc,2026-07-06,2026-07-06 17:00:41.185+00,2,email,2026-07-06 17:00:45.268+00
825cc399-a7a0-4c84-a447-317b1966a95b,c1f13659-b28c-4d50-8375-5bf200294992,3519d0a1-12b5-4a38-bbd5-a5b9d518cb53,2026-07-06,2026-07-06 17:00:41.185+00,1,in_app,2026-07-06 17:00:45.346+00
1b46c4ba-48a1-4c81-96b6-818e1fb381bf,c1f13659-b28c-4d50-8375-5bf200294992,3519d0a1-12b5-4a38-bbd5-a5b9d518cb53,2026-07-06,2026-07-06 17:00:41.185+00,1,email,2026-07-06 17:00:45.658+00
40a16dde-2a9b-4efe-9d63-bb904392acf2,62a2569e-4be2-4326-bddd-3c6116ed18b0,6d3f8a2c-1a05-4e2a-b57e-d969b668049b,2026-07-06,2026-07-06 17:00:41.185+00,1,in_app,2026-07-06 17:00:45.73+00
12b0fc6b-6363-4d05-826c-0edd1dd34be3,62a2569e-4be2-4326-bddd-3c6116ed18b0,6d3f8a2c-1a05-4e2a-b57e-d969b668049b,2026-07-06,2026-07-06 17:00:41.185+00,1,email,2026-07-06 17:00:46.2+00
862280be-7d38-483e-9220-23d5a6ecf762,62a2569e-4be2-4326-bddd-3c6116ed18b0,7b577c22-5513-42cc-ab19-2bf867e14ebc,2026-07-06,2026-07-06 17:00:41.185+00,1,in_app,2026-07-06 17:00:46.274+00
423f7828-8b7c-434a-a3b6-e9ad2f95e592,62a2569e-4be2-4326-bddd-3c6116ed18b0,7b577c22-5513-42cc-ab19-2bf867e14ebc,2026-07-06,2026-07-06 17:00:41.185+00,1,email,2026-07-06 17:00:46.62+00
73fb35cb-fde3-4620-9b38-e6d1bc23c99a,9647402f-c830-48fb-92a7-e1e0f719045f,9d005015-cf2c-4590-9c46-e55e56c7696d,2026-07-27,2026-07-27 11:00:02.405+00,2,in_app,2026-07-27 11:00:19.359+00
fd66a69c-0cfb-4ebf-9018-0144417fcc92,9647402f-c830-48fb-92a7-e1e0f719045f,9d005015-cf2c-4590-9c46-e55e56c7696d,2026-07-27,2026-07-27 11:00:02.405+00,2,email,2026-07-27 11:00:19.736+00
fb06b2b6-5370-4433-876b-d8c4931ecdbe,62a2569e-4be2-4326-bddd-3c6116ed18b0,bdef184d-6217-4cdf-a59f-dc37008d13fd,2026-07-06,2026-07-06 17:00:41.185+00,1,in_app,2026-07-06 17:00:47.125+00
1876c189-d835-4d3b-bd5d-3b3a5deefb3c,62a2569e-4be2-4326-bddd-3c6116ed18b0,bdef184d-6217-4cdf-a59f-dc37008d13fd,2026-07-06,2026-07-06 17:00:41.185+00,1,email,2026-07-06 17:00:47.549+00
229483e7-6737-465e-85e7-6df03cd0a926,b0737bfd-7bea-493b-8cfc-14946fcea8cd,90bb1d12-5855-4f3e-aecb-e92f597e650c,2026-07-06,2026-07-06 17:00:41.185+00,1,in_app,2026-07-06 17:00:47.657+00
064f660b-a3f5-44fb-bbf8-97a6cfbb0520,b0737bfd-7bea-493b-8cfc-14946fcea8cd,90bb1d12-5855-4f3e-aecb-e92f597e650c,2026-07-06,2026-07-06 17:00:41.185+00,1,email,2026-07-06 17:00:48.01+00
453f9902-50fb-427f-b463-a67c8e8645f7,9b5aa503-44ec-40de-9ceb-b1475639767e,2a266637-be4e-4088-9918-a51576912f5c,2026-07-06,2026-07-06 17:00:41.185+00,4,in_app,2026-07-06 17:00:48.105+00
717dade9-ae24-46b7-962d-5254a4e5ef1b,9b5aa503-44ec-40de-9ceb-b1475639767e,2a266637-be4e-4088-9918-a51576912f5c,2026-07-06,2026-07-06 17:00:41.185+00,4,email,2026-07-06 17:00:48.443+00
c3a8ec0a-f9fc-4b6c-92d4-a9fa907312de,b6617c09-9b4a-4ebc-bf50-e584b67edaa3,e5efecc9-f05f-479b-b2ea-81a2ed90fba4,2026-07-06,2026-07-06 17:00:41.185+00,1,in_app,2026-07-06 17:00:48.533+00
17980896-fbcb-4d59-8cee-ecea4cad0aad,b6617c09-9b4a-4ebc-bf50-e584b67edaa3,e5efecc9-f05f-479b-b2ea-81a2ed90fba4,2026-07-06,2026-07-06 17:00:41.185+00,1,email,2026-07-06 17:00:48.857+00
f866c9c8-6fbe-45b2-8c49-fd5ca48b2be8,fd63bafa-9a78-43fb-9311-f78b8cbfb667,d8eb23c1-2c90-4dfe-872a-aa3e3dcd6478,2026-07-06,2026-07-06 17:00:41.185+00,8,in_app,2026-07-06 17:00:48.932+00
fb6f4275-8391-4ffe-bbdf-baa018bfcec1,fd63bafa-9a78-43fb-9311-f78b8cbfb667,d8eb23c1-2c90-4dfe-872a-aa3e3dcd6478,2026-07-06,2026-07-06 17:00:41.185+00,8,email,2026-07-06 17:00:49.263+00
b6d23251-6255-4d01-88ec-41e49e2545a6,0c96a57e-6cc1-400f-bf3a-5740b699ac21,6237fa09-ec4a-46ca-a99b-4f8afb3bf259,2026-07-06,2026-07-06 17:00:41.185+00,1,in_app,2026-07-06 17:00:49.336+00
ffaccdec-be33-4b48-b26a-33fac608cf34,0c96a57e-6cc1-400f-bf3a-5740b699ac21,6237fa09-ec4a-46ca-a99b-4f8afb3bf259,2026-07-06,2026-07-06 17:00:41.185+00,1,email,2026-07-06 17:00:49.651+00
77d8ec96-fbe3-46e8-9721-b4e961c888c8,b0737bfd-7bea-493b-8cfc-14946fcea8cd,32ccdbe1-627f-4fe3-a506-056b997ed89b,2026-07-06,2026-07-06 17:00:41.185+00,3,in_app,2026-07-06 17:00:49.723+00
7d302af5-a9d8-4d8e-8f73-a97f9ecd36b1,b0737bfd-7bea-493b-8cfc-14946fcea8cd,32ccdbe1-627f-4fe3-a506-056b997ed89b,2026-07-06,2026-07-06 17:00:41.185+00,3,email,2026-07-06 17:00:50.056+00
b6e5a5b8-ce4e-4d6e-90ed-4638ceebb7eb,3870aadb-8625-4184-ac60-c6e20be4cdc5,a94fc469-4603-487f-ab7f-e2712197d510,2026-07-06,2026-07-06 17:00:41.185+00,4,in_app,2026-07-06 17:00:50.127+00
0fde314a-f548-4997-b6f0-9e4d53441cb5,3870aadb-8625-4184-ac60-c6e20be4cdc5,a94fc469-4603-487f-ab7f-e2712197d510,2026-07-06,2026-07-06 17:00:41.185+00,4,email,2026-07-06 17:00:50.446+00
2dff1872-6072-4790-bbd1-0729ce4a2cf2,493aecc1-6791-4d62-bc63-f4f55c78e44e,a9c81e05-8b1a-47ad-a80d-dbc45603f068,2026-07-06,2026-07-06 17:00:41.185+00,1,in_app,2026-07-06 17:00:50.52+00
e95135cc-d0d3-4ae1-ab00-95aeba4660e2,493aecc1-6791-4d62-bc63-f4f55c78e44e,a9c81e05-8b1a-47ad-a80d-dbc45603f068,2026-07-06,2026-07-06 17:00:41.185+00,1,email,2026-07-06 17:00:50.846+00
90458ff2-f402-46cb-9f51-9729d8e8fc94,8474aaf6-e7d1-4165-9bef-bf76bc701038,32ccdbe1-627f-4fe3-a506-056b997ed89b,2026-07-06,2026-07-06 17:00:41.185+00,3,in_app,2026-07-06 17:00:50.911+00
7d5de722-355e-462d-9c44-096c6ab0bf3a,8474aaf6-e7d1-4165-9bef-bf76bc701038,32ccdbe1-627f-4fe3-a506-056b997ed89b,2026-07-06,2026-07-06 17:00:41.185+00,3,email,2026-07-06 17:00:51.218+00
03fc6b60-e858-44e5-a7eb-c4aefdf9f4a7,c1f13659-b28c-4d50-8375-5bf200294992,658a0146-2d8a-4b2e-81e5-aa16fa9d0a30,2026-07-06,2026-07-06 17:00:41.185+00,1,in_app,2026-07-06 17:00:51.287+00
91de1345-73b3-43ca-a119-80ee9a8d8899,c1f13659-b28c-4d50-8375-5bf200294992,658a0146-2d8a-4b2e-81e5-aa16fa9d0a30,2026-07-06,2026-07-06 17:00:41.185+00,1,email,2026-07-06 17:00:51.612+00
6e80c666-c8ef-44fe-b5a9-c5c4788039c6,9066ac12-d1c6-4a15-ad74-4932bf8dd987,968fc8e6-f918-4579-b0d1-26570ce5e94b,2026-07-06,2026-07-06 17:00:41.185+00,2,in_app,2026-07-06 17:00:51.721+00
4fdbfcb4-4980-4a3c-b204-0a25ea69906a,9066ac12-d1c6-4a15-ad74-4932bf8dd987,968fc8e6-f918-4579-b0d1-26570ce5e94b,2026-07-06,2026-07-06 17:00:41.185+00,2,email,2026-07-06 17:00:52.217+00
e2023b06-16ee-4c19-88ff-882327933d16,04b00ab5-856d-4f95-962b-e9d97b33f207,a3c5b629-15d3-48a7-b5ab-694e63dc8b63,2026-07-06,2026-07-06 17:00:41.185+00,8,in_app,2026-07-06 17:00:52.289+00
294bca98-08d0-4a39-a4f6-7a769289cdea,04b00ab5-856d-4f95-962b-e9d97b33f207,a3c5b629-15d3-48a7-b5ab-694e63dc8b63,2026-07-06,2026-07-06 17:00:41.185+00,8,email,2026-07-06 17:00:52.605+00
02df7965-978b-493e-b60a-78a5176bbcd1,0c96a57e-6cc1-400f-bf3a-5740b699ac21,27edf455-e61a-48a9-a846-e2c6f42999b5,2026-07-06,2026-07-06 17:00:41.185+00,1,in_app,2026-07-06 17:00:52.726+00
20c919d3-58ff-4528-bd88-c1906b157ce6,0c96a57e-6cc1-400f-bf3a-5740b699ac21,27edf455-e61a-48a9-a846-e2c6f42999b5,2026-07-06,2026-07-06 17:00:41.185+00,1,email,2026-07-06 17:00:53.054+00
eb1e53f6-7cb4-477a-88da-f4cb6fd63a4e,ed586056-17ca-4287-936a-c16e642c63a6,8737f689-7c9e-414a-8391-5bf93d5ba600,2026-07-06,2026-07-06 17:00:41.185+00,1,in_app,2026-07-06 17:00:53.154+00
334ee0a0-5936-4c14-aa22-3a32f1dad542,493aecc1-6791-4d62-bc63-f4f55c78e44e,642b0596-7431-4f50-acff-1eb4199fab76,2026-07-06,2026-07-06 17:00:41.185+00,1,email,2026-07-06 17:00:54.635+00
0292a078-1731-40bb-a665-802e44b108d4,493aecc1-6791-4d62-bc63-f4f55c78e44e,7b577c22-5513-42cc-ab19-2bf867e14ebc,2026-07-06,2026-07-06 17:00:41.185+00,8,in_app,2026-07-06 17:00:55.123+00
53fab5cf-5019-434e-bdd0-f6157eefb9b7,0ae36a43-2ef0-4a7d-b95a-edcc7d9ac3f2,7b577c22-5513-42cc-ab19-2bf867e14ebc,2026-07-06,2026-07-06 17:00:41.185+00,1,in_app,2026-07-06 17:00:55.871+00
9f61ec6a-2d22-4adb-811f-6d5d2cfa0325,0c96a57e-6cc1-400f-bf3a-5740b699ac21,d8eb23c1-2c90-4dfe-872a-aa3e3dcd6478,2026-07-06,2026-07-06 17:00:41.185+00,8,in_app,2026-07-06 17:00:59.45+00
8c12835a-001a-4203-b780-17b2095ddf07,0c96a57e-6cc1-400f-bf3a-5740b699ac21,d8eb23c1-2c90-4dfe-872a-aa3e3dcd6478,2026-07-06,2026-07-06 17:00:41.185+00,8,email,2026-07-06 17:00:59.766+00
fd0139d8-8ee8-43ef-b440-ec349cc1a0cf,0c96a57e-6cc1-400f-bf3a-5740b699ac21,b3db042c-4932-4f66-8aff-3136ed50db97,2026-07-06,2026-07-06 17:00:41.185+00,8,in_app,2026-07-06 17:01:02.354+00
e60da30a-a4d5-4ab1-b598-c528bd611dbb,0c96a57e-6cc1-400f-bf3a-5740b699ac21,642b0596-7431-4f50-acff-1eb4199fab76,2026-07-06,2026-07-06 17:00:41.185+00,1,email,2026-07-06 17:01:03.082+00
e43d7776-57fc-43e7-bba4-5b3db6f43015,3870aadb-8625-4184-ac60-c6e20be4cdc5,a94fc469-4603-487f-ab7f-e2712197d510,2026-07-10,2026-07-10 17:00:35.327+00,8,in_app,2026-07-10 17:00:36.41+00
441c4586-d581-4eed-8752-749b8d9316db,3870aadb-8625-4184-ac60-c6e20be4cdc5,a94fc469-4603-487f-ab7f-e2712197d510,2026-07-10,2026-07-10 17:00:35.327+00,8,email,2026-07-10 17:00:36.908+00
612ee01e-7922-4d59-827e-00c32e608e76,8474aaf6-e7d1-4165-9bef-bf76bc701038,90bb1d12-5855-4f3e-aecb-e92f597e650c,2026-07-10,2026-07-10 17:00:35.327+00,1,email,2026-07-10 17:00:38.05+00
46aa8ce6-1461-4ff3-8b34-af2c582dea67,8396bd66-e3ed-4593-b985-3e380cd308eb,b0faf762-848b-4737-a04d-b2b4e1e8cc5b,2026-07-10,2026-07-10 17:00:35.327+00,2,in_app,2026-07-10 17:00:38.182+00
f43672c9-ac0b-4c36-96fb-17a65d06b34a,8396bd66-e3ed-4593-b985-3e380cd308eb,b0faf762-848b-4737-a04d-b2b4e1e8cc5b,2026-07-10,2026-07-10 17:00:35.327+00,2,email,2026-07-10 17:00:38.967+00
cd9b3692-4531-46ce-b432-83d3ca48c80e,72aeb445-484f-4979-8c2a-d34ec40b22b0,bdef184d-6217-4cdf-a59f-dc37008d13fd,2026-07-10,2026-07-10 17:00:35.327+00,7,in_app,2026-07-10 17:00:39.136+00
74fbb732-b2bb-4dc3-86f7-7ff775102b11,72aeb445-484f-4979-8c2a-d34ec40b22b0,bdef184d-6217-4cdf-a59f-dc37008d13fd,2026-07-10,2026-07-10 17:00:35.327+00,7,email,2026-07-10 17:00:39.546+00
aa24de41-737c-45ac-9e98-b5d0067e9a4a,62a2569e-4be2-4326-bddd-3c6116ed18b0,6d3f8a2c-1a05-4e2a-b57e-d969b668049b,2026-07-10,2026-07-10 17:00:35.327+00,1,in_app,2026-07-10 17:00:40.918+00
57af187b-9755-407a-8636-67b5da46582f,62a2569e-4be2-4326-bddd-3c6116ed18b0,7b577c22-5513-42cc-ab19-2bf867e14ebc,2026-07-10,2026-07-10 17:00:35.327+00,1,in_app,2026-07-10 17:00:41.501+00
c5e44ff9-6ab0-4136-9abf-2307909272fe,62a2569e-4be2-4326-bddd-3c6116ed18b0,7b577c22-5513-42cc-ab19-2bf867e14ebc,2026-07-10,2026-07-10 17:00:35.327+00,1,email,2026-07-10 17:00:41.937+00
c8843884-95fa-4d49-9a22-5b543a2c2c6c,b0737bfd-7bea-493b-8cfc-14946fcea8cd,90bb1d12-5855-4f3e-aecb-e92f597e650c,2026-07-10,2026-07-10 17:00:35.327+00,1,in_app,2026-07-10 17:00:43.245+00
2784a244-5c09-48bf-86b4-f40c996a215d,b0737bfd-7bea-493b-8cfc-14946fcea8cd,90bb1d12-5855-4f3e-aecb-e92f597e650c,2026-07-10,2026-07-10 17:00:35.327+00,1,email,2026-07-10 17:00:43.64+00
dd885c44-f103-4e1b-a813-f412051993a8,0c96a57e-6cc1-400f-bf3a-5740b699ac21,6237fa09-ec4a-46ca-a99b-4f8afb3bf259,2026-07-10,2026-07-10 17:00:35.327+00,1,in_app,2026-07-10 17:00:45.4+00
68194f23-440e-4ce5-9a4d-c5f7994d7bcf,8474aaf6-e7d1-4165-9bef-bf76bc701038,32ccdbe1-627f-4fe3-a506-056b997ed89b,2026-07-10,2026-07-10 17:00:35.327+00,3,in_app,2026-07-10 17:00:46.483+00
f552ad01-65f7-42ec-abbd-866c9c0e667a,8474aaf6-e7d1-4165-9bef-bf76bc701038,32ccdbe1-627f-4fe3-a506-056b997ed89b,2026-07-10,2026-07-10 17:00:35.327+00,3,email,2026-07-10 17:00:46.933+00
318ac100-7c03-4f5a-ab34-b7eebf61ee5d,9647402f-c830-48fb-92a7-e1e0f719045f,9d005015-cf2c-4590-9c46-e55e56c7696d,2026-07-10,2026-07-10 17:00:35.327+00,1,email,2026-07-10 17:00:48.042+00
d7138c16-bd1f-458f-a0a9-a5c1ae4e3df7,2e6f6612-8033-42e0-b84d-b2ea8aded8ac,b3db042c-4932-4f66-8aff-3136ed50db97,2026-07-10,2026-07-10 17:00:35.327+00,7,in_app,2026-07-10 17:00:50.677+00
1b93d350-e05e-4f55-9a5e-4c5044fc4152,2e6f6612-8033-42e0-b84d-b2ea8aded8ac,b3db042c-4932-4f66-8aff-3136ed50db97,2026-07-10,2026-07-10 17:00:35.327+00,7,email,2026-07-10 17:00:51.09+00
45c0239c-92ec-4fa5-9c9d-34883bdd7dfa,0c96a57e-6cc1-400f-bf3a-5740b699ac21,c6754833-e150-4c12-9149-45a6dfcd6eec,2026-07-10,2026-07-10 17:00:35.327+00,3,in_app,2026-07-10 17:00:51.76+00
71cc9d0f-77e8-4442-a8b9-0861a76f2042,0c96a57e-6cc1-400f-bf3a-5740b699ac21,c6754833-e150-4c12-9149-45a6dfcd6eec,2026-07-10,2026-07-10 17:00:35.327+00,3,email,2026-07-10 17:00:52.238+00
f6025fc5-3bf6-44c8-ae6a-67ebf4276d24,678b734f-19e2-4622-ab4e-fccd86f4877f,8cab859b-a1e1-4edb-af95-4e847e1c93e4,2026-07-10,2026-07-10 17:00:35.327+00,2,in_app,2026-07-10 17:00:54.398+00
be9a9c46-2191-4f9b-8b70-509d366fe66b,c1f13659-b28c-4d50-8375-5bf200294992,1c2d5668-5cd9-49a7-a138-3ccd2bea5cbb,2026-07-10,2026-07-10 17:00:35.327+00,1,in_app,2026-07-10 17:00:54.94+00
0ff9e9d6-fb0f-4e7e-80e5-f11e91bdde93,c1f13659-b28c-4d50-8375-5bf200294992,1c2d5668-5cd9-49a7-a138-3ccd2bea5cbb,2026-07-10,2026-07-10 17:00:35.327+00,1,email,2026-07-10 17:00:55.34+00
3e639481-e23d-4a5c-85d6-c95eb4b0266a,0c96a57e-6cc1-400f-bf3a-5740b699ac21,a94fc469-4603-487f-ab7f-e2712197d510,2026-07-10,2026-07-10 17:00:35.327+00,8,in_app,2026-07-10 17:00:55.511+00
0be242b3-adbb-41ab-bbc1-533835a1c77b,0c96a57e-6cc1-400f-bf3a-5740b699ac21,2a266637-be4e-4088-9918-a51576912f5c,2026-07-10,2026-07-10 17:00:35.327+00,4,email,2026-07-10 17:00:59.482+00
efd1c7ad-10ea-450a-b387-629d4b666253,0c96a57e-6cc1-400f-bf3a-5740b699ac21,a3c5b629-15d3-48a7-b5ab-694e63dc8b63,2026-07-10,2026-07-10 17:00:35.327+00,8,in_app,2026-07-10 17:01:01.285+00
e7d83161-b9f1-466b-8c2e-fd17535c1725,0c96a57e-6cc1-400f-bf3a-5740b699ac21,6f58e5f8-b85c-4f92-89b7-1cf3ca9f22b6,2026-07-10,2026-07-10 17:00:35.327+00,2,in_app,2026-07-10 17:01:03.09+00
7477bda1-a30d-4321-adeb-0d7e35cb5e11,0c96a57e-6cc1-400f-bf3a-5740b699ac21,6f58e5f8-b85c-4f92-89b7-1cf3ca9f22b6,2026-07-10,2026-07-10 17:00:35.327+00,2,email,2026-07-10 17:01:03.547+00
201e988a-d8c2-4c8d-9601-362ada06187e,0c96a57e-6cc1-400f-bf3a-5740b699ac21,decc7faa-b202-42f1-9a04-fe15fe97a892,2026-07-10,2026-07-10 17:00:35.327+00,1,email,2026-07-10 17:01:04.347+00
6ce43749-ba27-4bcf-b579-4609bf8cb6c7,0c96a57e-6cc1-400f-bf3a-5740b699ac21,968fc8e6-f918-4579-b0d1-26570ce5e94b,2026-07-13,2026-07-13 17:00:35.43+00,1,in_app,2026-07-13 17:00:35.69+00
05d6b370-24b1-43d1-b4d6-c2c31ce38fed,0c96a57e-6cc1-400f-bf3a-5740b699ac21,968fc8e6-f918-4579-b0d1-26570ce5e94b,2026-07-13,2026-07-13 17:00:35.43+00,1,email,2026-07-13 17:00:36.212+00
f1bfb88b-55cc-4627-8647-4752ada369b4,8474aaf6-e7d1-4165-9bef-bf76bc701038,90bb1d12-5855-4f3e-aecb-e92f597e650c,2026-07-13,2026-07-13 17:00:35.43+00,1,in_app,2026-07-13 17:00:36.888+00
c02d36dd-6180-4c66-85a2-e8dc9196e1e1,8474aaf6-e7d1-4165-9bef-bf76bc701038,90bb1d12-5855-4f3e-aecb-e92f597e650c,2026-07-13,2026-07-13 17:00:35.43+00,1,email,2026-07-13 17:00:37.232+00
438f07b4-21ab-4188-841c-ce8b2c632e7f,bdcaf0e7-94cb-4745-ae1d-944ab5404b4d,c30e3590-04a3-4544-bf66-43228037bfc9,2026-07-13,2026-07-13 17:00:35.43+00,1,in_app,2026-07-13 17:00:37.334+00
d4703b51-9de8-4428-9a9a-1dee540a92db,0c96a57e-6cc1-400f-bf3a-5740b699ac21,7b577c22-5513-42cc-ab19-2bf867e14ebc,2026-07-13,2026-07-13 17:00:35.43+00,2,email,2026-07-13 17:00:38.751+00
cf70ac38-e400-4999-91c8-6e461d8b09e1,c1f13659-b28c-4d50-8375-5bf200294992,3519d0a1-12b5-4a38-bbd5-a5b9d518cb53,2026-07-13,2026-07-13 17:00:35.43+00,1,in_app,2026-07-13 17:00:38.852+00
4307311c-7d19-45f6-889a-20ad7340045b,c1f13659-b28c-4d50-8375-5bf200294992,3519d0a1-12b5-4a38-bbd5-a5b9d518cb53,2026-07-13,2026-07-13 17:00:35.43+00,1,email,2026-07-13 17:00:39.2+00
2ffa1ac0-9ebd-4f3d-84bb-4a20d7fbfd66,62a2569e-4be2-4326-bddd-3c6116ed18b0,7b577c22-5513-42cc-ab19-2bf867e14ebc,2026-07-13,2026-07-13 17:00:35.43+00,1,email,2026-07-13 17:00:40.134+00
356c1de4-1feb-4408-b983-c9df5cbe8622,2f940451-4cf3-44e3-9040-07942e4146c1,b874694b-f463-4dbd-bb6f-b04f121a8802,2026-07-13,2026-07-13 17:00:35.43+00,1,email,2026-07-13 17:00:40.562+00
81337f60-fb7a-40ec-8472-88bc76319e95,0c96a57e-6cc1-400f-bf3a-5740b699ac21,a3c5b629-15d3-48a7-b5ab-694e63dc8b63,2026-07-13,2026-07-13 17:00:35.43+00,8,in_app,2026-07-13 17:00:58.215+00
ad6c1267-bde6-4916-bdc8-0825e8d7ae06,0c96a57e-6cc1-400f-bf3a-5740b699ac21,6f58e5f8-b85c-4f92-89b7-1cf3ca9f22b6,2026-07-13,2026-07-13 17:00:35.43+00,2,in_app,2026-07-13 17:01:00.281+00
05407118-0032-4ff3-9bde-4bc28a3ef7e0,0c96a57e-6cc1-400f-bf3a-5740b699ac21,8cab859b-a1e1-4edb-af95-4e847e1c93e4,2026-07-13,2026-07-13 17:00:35.43+00,2,email,2026-07-13 17:01:01.681+00
453e8d2c-2a56-422f-8ca6-e75500eb91ee,0c96a57e-6cc1-400f-bf3a-5740b699ac21,7b577c22-5513-42cc-ab19-2bf867e14ebc,2026-07-18,2026-07-18 11:00:23.202+00,2,in_app,2026-07-18 11:00:25.426+00
5fb6b47d-68a2-4e87-949a-eb70dd48fa0f,0c96a57e-6cc1-400f-bf3a-5740b699ac21,7b577c22-5513-42cc-ab19-2bf867e14ebc,2026-07-18,2026-07-18 11:00:23.202+00,2,email,2026-07-18 11:00:25.775+00
357bfd34-3eb2-4699-854a-158ea8015753,2f940451-4cf3-44e3-9040-07942e4146c1,b874694b-f463-4dbd-bb6f-b04f121a8802,2026-07-18,2026-07-18 11:00:23.202+00,1,in_app,2026-07-18 11:00:26.761+00
f7cfd009-e285-444a-89f6-60e5350bdc53,2f940451-4cf3-44e3-9040-07942e4146c1,b874694b-f463-4dbd-bb6f-b04f121a8802,2026-07-18,2026-07-18 11:00:23.202+00,1,email,2026-07-18 11:00:27.128+00
348addf9-8fa6-430d-8818-ac216139d530,04b00ab5-856d-4f95-962b-e9d97b33f207,a3c5b629-15d3-48a7-b5ab-694e63dc8b63,2026-07-27,2026-07-27 11:00:02.405+00,8,email,2026-07-27 11:00:20.188+00
2424fcb1-eed0-458c-8609-1f8788b40469,62a2569e-4be2-4326-bddd-3c6116ed18b0,bdef184d-6217-4cdf-a59f-dc37008d13fd,2026-07-18,2026-07-18 11:00:23.202+00,1,in_app,2026-07-18 11:00:27.691+00
dbe0a860-3e50-4c4b-b9b8-86be016783ab,62a2569e-4be2-4326-bddd-3c6116ed18b0,bdef184d-6217-4cdf-a59f-dc37008d13fd,2026-07-18,2026-07-18 11:00:23.202+00,1,email,2026-07-18 11:00:28.039+00
bfc72902-0628-4585-9e79-ec37fb491022,0c96a57e-6cc1-400f-bf3a-5740b699ac21,6237fa09-ec4a-46ca-a99b-4f8afb3bf259,2026-07-18,2026-07-18 11:00:23.202+00,1,email,2026-07-18 11:00:30.87+00
15df210a-304f-4a3a-a08c-7d37fd49a72f,9647402f-c830-48fb-92a7-e1e0f719045f,9d005015-cf2c-4590-9c46-e55e56c7696d,2026-07-18,2026-07-18 11:00:23.202+00,1,email,2026-07-18 11:00:31.776+00
a7d31cf2-7ca1-47c3-847c-704eb2f5828b,04b00ab5-856d-4f95-962b-e9d97b33f207,a3c5b629-15d3-48a7-b5ab-694e63dc8b63,2026-07-18,2026-07-18 11:00:23.202+00,8,email,2026-07-18 11:00:32.653+00
09c222e4-4645-4b57-bd2d-c37ff409e5a0,678c949f-b372-4aba-9d9b-26d422134531,3258f102-8146-4986-964f-8c8f53441300,2026-07-18,2026-07-18 11:00:23.202+00,2,in_app,2026-07-18 11:00:32.735+00
df3f1249-bd39-4184-b1a1-031e2ac9d290,8396bd66-e3ed-4593-b985-3e380cd308eb,b0faf762-848b-4737-a04d-b2b4e1e8cc5b,2026-07-18,2026-07-18 11:00:23.202+00,1,in_app,2026-07-18 11:00:33.185+00
37a9714c-02db-454f-84f0-48f94a131527,8396bd66-e3ed-4593-b985-3e380cd308eb,b0faf762-848b-4737-a04d-b2b4e1e8cc5b,2026-07-18,2026-07-18 11:00:23.202+00,1,email,2026-07-18 11:00:33.933+00
cae6e474-7300-4531-884c-31edfa2fca02,0c96a57e-6cc1-400f-bf3a-5740b699ac21,27edf455-e61a-48a9-a846-e2c6f42999b5,2026-07-18,2026-07-18 11:00:23.202+00,1,in_app,2026-07-18 11:00:34.019+00
953e5604-c5b8-4fdd-aa04-1129cbc605fa,2e6f6612-8033-42e0-b84d-b2ea8aded8ac,b3db042c-4932-4f66-8aff-3136ed50db97,2026-07-18,2026-07-18 11:00:23.202+00,7,email,2026-07-18 11:00:35.206+00
076e70a7-a2eb-458c-a201-889f26de39e7,0ae36a43-2ef0-4a7d-b95a-edcc7d9ac3f2,7b577c22-5513-42cc-ab19-2bf867e14ebc,2026-07-18,2026-07-18 11:00:23.202+00,1,in_app,2026-07-18 11:00:37.032+00
4bea2966-b4c8-4e03-9686-7faaa6ee187e,c1f13659-b28c-4d50-8375-5bf200294992,decc7faa-b202-42f1-9a04-fe15fe97a892,2026-07-18,2026-07-18 11:00:23.202+00,1,in_app,2026-07-18 11:00:37.7+00
dd9f5b23-1cee-4336-9faf-5d57fd2fe16f,0c96a57e-6cc1-400f-bf3a-5740b699ac21,a94fc469-4603-487f-ab7f-e2712197d510,2026-07-18,2026-07-18 11:00:23.202+00,11,email,2026-07-18 11:00:39.473+00
a2286430-718f-46a9-a524-9c3dc5a48595,0c96a57e-6cc1-400f-bf3a-5740b699ac21,6d3f8a2c-1a05-4e2a-b57e-d969b668049b,2026-07-18,2026-07-18 11:00:23.202+00,1,in_app,2026-07-18 11:00:40.08+00
c06a2c9e-c5eb-4c44-adc4-78ed510602c6,0c96a57e-6cc1-400f-bf3a-5740b699ac21,3258f102-8146-4986-964f-8c8f53441300,2026-07-18,2026-07-18 11:00:23.202+00,2,in_app,2026-07-18 11:00:43.309+00
2dbe2505-dcde-4622-b9ac-474aa28948ef,ed586056-17ca-4287-936a-c16e642c63a6,8737f689-7c9e-414a-8391-5bf93d5ba600,2026-07-06,2026-07-06 17:00:41.185+00,1,email,2026-07-06 17:00:53.508+00
1305573b-9747-4cd7-bc7f-ca96e8829241,0c96a57e-6cc1-400f-bf3a-5740b699ac21,c6754833-e150-4c12-9149-45a6dfcd6eec,2026-07-06,2026-07-06 17:00:41.185+00,3,in_app,2026-07-06 17:00:54.711+00
94bb65d8-8f5d-427e-9d68-8b6ad7b4d194,0c96a57e-6cc1-400f-bf3a-5740b699ac21,c6754833-e150-4c12-9149-45a6dfcd6eec,2026-07-06,2026-07-06 17:00:41.185+00,3,email,2026-07-06 17:00:55.056+00
41abf72a-6729-42ca-b753-4ef9969a1484,0ece46cd-9571-4f7f-8043-c1f2249b6cf9,6f58e5f8-b85c-4f92-89b7-1cf3ca9f22b6,2026-07-06,2026-07-06 17:00:41.185+00,2,email,2026-07-06 17:00:55.802+00
5153822d-628d-4f58-997b-4e00126f43a1,0c96a57e-6cc1-400f-bf3a-5740b699ac21,5d7214cd-c7d1-42ac-b859-b9e84dee9fab,2026-07-06,2026-07-06 17:00:41.185+00,2,in_app,2026-07-06 17:00:57.024+00
58eba8ed-be66-4375-92a3-ff9a074299df,0c96a57e-6cc1-400f-bf3a-5740b699ac21,bdef184d-6217-4cdf-a59f-dc37008d13fd,2026-07-06,2026-07-06 17:00:41.185+00,8,in_app,2026-07-06 17:00:57.491+00
9cf35a6f-ef42-40ce-a9cf-77584e8f03a7,0c96a57e-6cc1-400f-bf3a-5740b699ac21,ebe67fdd-2e23-43c0-8e9b-8abec2682d09,2026-07-06,2026-07-06 17:00:41.185+00,2,in_app,2026-07-06 17:00:58.683+00
6850c286-38a2-4459-aba7-4a646aa0f166,0c96a57e-6cc1-400f-bf3a-5740b699ac21,a9c81e05-8b1a-47ad-a80d-dbc45603f068,2026-07-06,2026-07-06 17:00:41.185+00,1,in_app,2026-07-06 17:01:01.051+00
cf15bec5-5922-46cf-a9f1-5484bc8a58a2,0c96a57e-6cc1-400f-bf3a-5740b699ac21,a9c81e05-8b1a-47ad-a80d-dbc45603f068,2026-07-06,2026-07-06 17:00:41.185+00,1,email,2026-07-06 17:01:01.443+00
e45733b6-8727-4e8f-b9a8-245895f939ce,0c96a57e-6cc1-400f-bf3a-5740b699ac21,658a0146-2d8a-4b2e-81e5-aa16fa9d0a30,2026-07-06,2026-07-06 17:00:41.185+00,1,in_app,2026-07-06 17:01:01.515+00
bf7dfb96-d523-4b57-89e3-3bf47d303e01,0c96a57e-6cc1-400f-bf3a-5740b699ac21,a3c5b629-15d3-48a7-b5ab-694e63dc8b63,2026-07-06,2026-07-06 17:00:41.185+00,8,in_app,2026-07-06 17:01:01.956+00
2c7c6e8e-2052-48fd-a328-c66ccfc39efa,0c96a57e-6cc1-400f-bf3a-5740b699ac21,7b577c22-5513-42cc-ab19-2bf867e14ebc,2026-07-10,2026-07-10 17:00:35.327+00,2,in_app,2026-07-10 17:00:39.67+00
0b2b3c3e-c717-4253-8eed-75e04b066e8c,c1f13659-b28c-4d50-8375-5bf200294992,3519d0a1-12b5-4a38-bbd5-a5b9d518cb53,2026-07-10,2026-07-10 17:00:35.327+00,1,in_app,2026-07-10 17:00:40.362+00
24d4a71f-925b-493f-94c7-73c400bd69e7,c1f13659-b28c-4d50-8375-5bf200294992,3519d0a1-12b5-4a38-bbd5-a5b9d518cb53,2026-07-10,2026-07-10 17:00:35.327+00,1,email,2026-07-10 17:00:40.793+00
9de50e5b-dfa8-4ae5-b7e9-b9d8c401e234,9b5aa503-44ec-40de-9ceb-b1475639767e,2a266637-be4e-4088-9918-a51576912f5c,2026-07-10,2026-07-10 17:00:35.327+00,4,in_app,2026-07-10 17:00:43.761+00
771c6fdd-7532-42ea-bd3a-ec3106642406,9b5aa503-44ec-40de-9ceb-b1475639767e,2a266637-be4e-4088-9918-a51576912f5c,2026-07-10,2026-07-10 17:00:35.327+00,4,email,2026-07-10 17:00:44.209+00
fe5681c7-9b54-4bd5-99b7-957fdddbedce,b6617c09-9b4a-4ebc-bf50-e584b67edaa3,e5efecc9-f05f-479b-b2ea-81a2ed90fba4,2026-07-10,2026-07-10 17:00:35.327+00,1,in_app,2026-07-10 17:00:44.344+00
9220d50f-4fcb-4e6b-8edc-bc0d3dff879f,b6617c09-9b4a-4ebc-bf50-e584b67edaa3,e5efecc9-f05f-479b-b2ea-81a2ed90fba4,2026-07-10,2026-07-10 17:00:35.327+00,1,email,2026-07-10 17:00:44.735+00
23e9cc7e-4b29-43ed-9844-17c78b153d19,fd63bafa-9a78-43fb-9311-f78b8cbfb667,d8eb23c1-2c90-4dfe-872a-aa3e3dcd6478,2026-07-10,2026-07-10 17:00:35.327+00,8,in_app,2026-07-10 17:00:44.864+00
969bc53a-7394-4996-9b07-89b3c79a2e56,fd63bafa-9a78-43fb-9311-f78b8cbfb667,d8eb23c1-2c90-4dfe-872a-aa3e3dcd6478,2026-07-10,2026-07-10 17:00:35.327+00,8,email,2026-07-10 17:00:45.281+00
bdc147b8-3006-4d51-8346-289d01b040cd,c1f13659-b28c-4d50-8375-5bf200294992,658a0146-2d8a-4b2e-81e5-aa16fa9d0a30,2026-07-10,2026-07-10 17:00:35.327+00,1,email,2026-07-10 17:00:47.467+00
2fcb416b-0c04-41c1-be75-dec55bb36a59,9066ac12-d1c6-4a15-ad74-4932bf8dd987,968fc8e6-f918-4579-b0d1-26570ce5e94b,2026-07-10,2026-07-10 17:00:35.327+00,2,email,2026-07-10 17:00:48.557+00
01432654-8773-4f36-b85a-99f8a3eda960,493aecc1-6791-4d62-bc63-f4f55c78e44e,642b0596-7431-4f50-acff-1eb4199fab76,2026-07-10,2026-07-10 17:00:35.327+00,1,in_app,2026-07-10 17:00:51.222+00
d28a721a-bb52-4cb2-9547-48360ae060bb,0c96a57e-6cc1-400f-bf3a-5740b699ac21,bdef184d-6217-4cdf-a59f-dc37008d13fd,2026-07-10,2026-07-10 17:00:35.327+00,8,email,2026-07-10 17:00:56.95+00
2c264c17-f49d-4f4f-bd41-ad8c93e20798,0c96a57e-6cc1-400f-bf3a-5740b699ac21,3519d0a1-12b5-4a38-bbd5-a5b9d518cb53,2026-07-10,2026-07-10 17:00:35.327+00,1,in_app,2026-07-10 17:00:57.09+00
48b91893-9e73-4575-b70e-6e1a9822f93f,0c96a57e-6cc1-400f-bf3a-5740b699ac21,ebe67fdd-2e23-43c0-8e9b-8abec2682d09,2026-07-10,2026-07-10 17:00:35.327+00,2,email,2026-07-10 17:00:58.953+00
fe4e540b-a43f-4097-9a98-9409f4fb3a61,0c96a57e-6cc1-400f-bf3a-5740b699ac21,28f7b9e8-9516-4a08-864c-9ff3e085ba87,2026-07-10,2026-07-10 17:00:35.327+00,1,in_app,2026-07-10 17:01:00.176+00
48b72be6-d8d8-4975-a886-cc7b706fe503,0c96a57e-6cc1-400f-bf3a-5740b699ac21,658a0146-2d8a-4b2e-81e5-aa16fa9d0a30,2026-07-10,2026-07-10 17:00:35.327+00,1,email,2026-07-10 17:01:01.132+00
02d5f7e8-5219-4afc-948e-212c8ac1a803,0c96a57e-6cc1-400f-bf3a-5740b699ac21,b3db042c-4932-4f66-8aff-3136ed50db97,2026-07-10,2026-07-10 17:00:35.327+00,8,email,2026-07-10 17:01:02.404+00
f0b36182-68a2-4807-be02-300ad917b797,0c96a57e-6cc1-400f-bf3a-5740b699ac21,642b0596-7431-4f50-acff-1eb4199fab76,2026-07-10,2026-07-10 17:00:35.327+00,1,email,2026-07-10 17:01:02.939+00
5539e489-01e2-476f-abd9-0769430c2b0d,3870aadb-8625-4184-ac60-c6e20be4cdc5,a94fc469-4603-487f-ab7f-e2712197d510,2026-07-13,2026-07-13 17:00:35.43+00,11,in_app,2026-07-13 17:00:36.323+00
9f1bbc91-f403-46d3-b7e9-06ab51648692,3870aadb-8625-4184-ac60-c6e20be4cdc5,a94fc469-4603-487f-ab7f-e2712197d510,2026-07-13,2026-07-13 17:00:35.43+00,11,email,2026-07-13 17:00:36.768+00
10bd6ef3-950c-4767-9e88-82d128e1c775,bdcaf0e7-94cb-4745-ae1d-944ab5404b4d,c30e3590-04a3-4544-bf66-43228037bfc9,2026-07-13,2026-07-13 17:00:35.43+00,1,email,2026-07-13 17:00:37.691+00
e0f51ad6-2ac0-4277-9981-bfbf42fcd25f,72aeb445-484f-4979-8c2a-d34ec40b22b0,bdef184d-6217-4cdf-a59f-dc37008d13fd,2026-07-13,2026-07-13 17:00:35.43+00,7,email,2026-07-13 17:00:38.172+00
eea8af63-861d-41c1-9f1f-ae033b665fa0,0c96a57e-6cc1-400f-bf3a-5740b699ac21,7b577c22-5513-42cc-ab19-2bf867e14ebc,2026-07-13,2026-07-13 17:00:35.43+00,2,in_app,2026-07-13 17:00:38.272+00
d3f90324-010a-43db-a28c-e6eb5e7565d0,62a2569e-4be2-4326-bddd-3c6116ed18b0,6d3f8a2c-1a05-4e2a-b57e-d969b668049b,2026-07-13,2026-07-13 17:00:35.43+00,1,in_app,2026-07-13 17:00:39.296+00
ffaa129c-dccb-488b-a7c6-650daec25d45,62a2569e-4be2-4326-bddd-3c6116ed18b0,7b577c22-5513-42cc-ab19-2bf867e14ebc,2026-07-13,2026-07-13 17:00:35.43+00,1,in_app,2026-07-13 17:00:39.78+00
9ba7dbff-a04d-48ee-85bd-242d8f1bfb2d,2f940451-4cf3-44e3-9040-07942e4146c1,b874694b-f463-4dbd-bb6f-b04f121a8802,2026-07-13,2026-07-13 17:00:35.43+00,1,in_app,2026-07-13 17:00:40.216+00
9c85fd8f-1dc9-412d-ab37-1e9c49ae8ea5,0c96a57e-6cc1-400f-bf3a-5740b699ac21,9e39aa76-bf9c-4630-afb4-5ea10a9cb738,2026-07-13,2026-07-13 17:00:35.43+00,1,in_app,2026-07-13 17:00:40.658+00
c897a39e-0902-4f56-97f2-c57ae75c20bb,0c96a57e-6cc1-400f-bf3a-5740b699ac21,1c2d5668-5cd9-49a7-a138-3ccd2bea5cbb,2026-07-27,2026-07-27 11:00:02.405+00,1,in_app,2026-07-27 11:00:20.277+00
1129958b-e5d9-4540-998e-a1d7d6c3eb63,8396bd66-e3ed-4593-b985-3e380cd308eb,b0faf762-848b-4737-a04d-b2b4e1e8cc5b,2026-07-27,2026-07-27 11:00:02.405+00,1,in_app,2026-07-27 11:00:21.595+00
518a9690-79f6-41f8-a4c6-d64ddd2432e4,b0737bfd-7bea-493b-8cfc-14946fcea8cd,90bb1d12-5855-4f3e-aecb-e92f597e650c,2026-07-13,2026-07-13 17:00:35.43+00,1,email,2026-07-13 17:00:42.28+00
61a823b8-a729-4de5-987e-13c6d5f050b9,b0737bfd-7bea-493b-8cfc-14946fcea8cd,32ccdbe1-627f-4fe3-a506-056b997ed89b,2026-07-13,2026-07-13 17:00:35.43+00,3,email,2026-07-13 17:00:44.875+00
16032324-9eca-4c3a-8d65-2220d9ad260b,9066ac12-d1c6-4a15-ad74-4932bf8dd987,968fc8e6-f918-4579-b0d1-26570ce5e94b,2026-07-13,2026-07-13 17:00:35.43+00,2,email,2026-07-13 17:00:46.701+00
cb31887e-8c59-4af6-bc53-30d041ab328c,0c96a57e-6cc1-400f-bf3a-5740b699ac21,27edf455-e61a-48a9-a846-e2c6f42999b5,2026-07-13,2026-07-13 17:00:35.43+00,1,in_app,2026-07-13 17:00:48.229+00
735bcaa2-ef23-4c2b-b3b1-d0c4950de75e,ed586056-17ca-4287-936a-c16e642c63a6,8737f689-7c9e-414a-8391-5bf93d5ba600,2026-07-13,2026-07-13 17:00:35.43+00,1,in_app,2026-07-13 17:00:48.718+00
1371feac-b54a-4b33-a9d3-888c3eba2260,2e6f6612-8033-42e0-b84d-b2ea8aded8ac,b3db042c-4932-4f66-8aff-3136ed50db97,2026-07-13,2026-07-13 17:00:35.43+00,7,email,2026-07-13 17:00:49.845+00
4e1c046d-b29f-47a8-ba46-f38a45187f6d,0c96a57e-6cc1-400f-bf3a-5740b699ac21,c6754833-e150-4c12-9149-45a6dfcd6eec,2026-07-13,2026-07-13 17:00:35.43+00,3,in_app,2026-07-13 17:00:50.378+00
6cac67dd-0752-4075-b7fe-062406df1163,0c96a57e-6cc1-400f-bf3a-5740b699ac21,c6754833-e150-4c12-9149-45a6dfcd6eec,2026-07-13,2026-07-13 17:00:35.43+00,3,email,2026-07-13 17:00:50.666+00
359fb343-c87d-495e-913f-1e6b1b79556a,493aecc1-6791-4d62-bc63-f4f55c78e44e,7b577c22-5513-42cc-ab19-2bf867e14ebc,2026-07-13,2026-07-13 17:00:35.43+00,7,in_app,2026-07-13 17:00:50.72+00
8ade5fc7-140b-4b99-af0a-95b609caa849,493aecc1-6791-4d62-bc63-f4f55c78e44e,7b577c22-5513-42cc-ab19-2bf867e14ebc,2026-07-13,2026-07-13 17:00:35.43+00,7,email,2026-07-13 17:00:50.993+00
effcd8c8-76a9-4196-b11c-e8c47cfe14db,9066ac12-d1c6-4a15-ad74-4932bf8dd987,968fc8e6-f918-4579-b0d1-26570ce5e94b,2026-07-18,2026-07-18 11:00:23.202+00,2,in_app,2026-07-18 11:00:31.853+00
24576d36-f8a8-4521-976c-297c6d7a7903,04b00ab5-856d-4f95-962b-e9d97b33f207,a3c5b629-15d3-48a7-b5ab-694e63dc8b63,2026-07-18,2026-07-18 11:00:23.202+00,8,in_app,2026-07-18 11:00:32.283+00
d9af9654-13f4-44d1-9c44-285687e2e966,678c949f-b372-4aba-9d9b-26d422134531,3258f102-8146-4986-964f-8c8f53441300,2026-07-18,2026-07-18 11:00:23.202+00,2,email,2026-07-18 11:00:33.103+00
85d46969-0259-4f9b-ac4b-f67ca354e086,0c96a57e-6cc1-400f-bf3a-5740b699ac21,27edf455-e61a-48a9-a846-e2c6f42999b5,2026-07-18,2026-07-18 11:00:23.202+00,1,email,2026-07-18 11:00:34.367+00
dc326716-01c1-4216-ad95-36b4822b0542,ed586056-17ca-4287-936a-c16e642c63a6,8737f689-7c9e-414a-8391-5bf93d5ba600,2026-07-18,2026-07-18 11:00:23.202+00,1,in_app,2026-07-18 11:00:34.453+00
cb487d59-466e-4558-8dc7-749d53eb22f7,ed586056-17ca-4287-936a-c16e642c63a6,8737f689-7c9e-414a-8391-5bf93d5ba600,2026-07-18,2026-07-18 11:00:23.202+00,1,email,2026-07-18 11:00:34.778+00
3ebc14a8-ce04-4c83-8778-668f763d2258,493aecc1-6791-4d62-bc63-f4f55c78e44e,7b577c22-5513-42cc-ab19-2bf867e14ebc,2026-07-18,2026-07-18 11:00:23.202+00,7,email,2026-07-18 11:00:36.512+00
e69688ee-1567-48fc-aa03-fefacda418c7,0ae36a43-2ef0-4a7d-b95a-edcc7d9ac3f2,7b577c22-5513-42cc-ab19-2bf867e14ebc,2026-07-18,2026-07-18 11:00:23.202+00,1,email,2026-07-18 11:00:37.621+00
e2529358-9f10-4eef-904b-1170108b2640,0c96a57e-6cc1-400f-bf3a-5740b699ac21,ebe67fdd-2e23-43c0-8e9b-8abec2682d09,2026-07-18,2026-07-18 11:00:23.202+00,2,in_app,2026-07-18 11:00:40.928+00
13cde479-49a5-4711-86b8-90eb24b19948,0c96a57e-6cc1-400f-bf3a-5740b699ac21,ebe67fdd-2e23-43c0-8e9b-8abec2682d09,2026-07-18,2026-07-18 11:00:23.202+00,2,email,2026-07-18 11:00:41.3+00
eeaeb2c0-8183-4c0a-b8fa-913c8c3ca332,0c96a57e-6cc1-400f-bf3a-5740b699ac21,d8eb23c1-2c90-4dfe-872a-aa3e3dcd6478,2026-07-18,2026-07-18 11:00:23.202+00,8,in_app,2026-07-18 11:00:41.936+00
91986e24-f15b-43ff-9eb9-c88359cd6eab,8474aaf6-e7d1-4165-9bef-bf76bc701038,90bb1d12-5855-4f3e-aecb-e92f597e650c,2026-07-20,2026-07-20 11:01:03.985+00,1,in_app,2026-07-20 11:01:05.036+00
f82765f5-8436-4ec8-b138-c6fbf63c8cd4,72aeb445-484f-4979-8c2a-d34ec40b22b0,bdef184d-6217-4cdf-a59f-dc37008d13fd,2026-07-20,2026-07-20 11:01:03.985+00,7,in_app,2026-07-20 11:01:05.368+00
80e56c89-0335-4f90-bce7-490005b37231,72aeb445-484f-4979-8c2a-d34ec40b22b0,bdef184d-6217-4cdf-a59f-dc37008d13fd,2026-07-20,2026-07-20 11:01:03.985+00,7,email,2026-07-20 11:01:05.723+00
2b5473fc-369f-4ef2-9a40-b35ada1413e7,0c96a57e-6cc1-400f-bf3a-5740b699ac21,7b577c22-5513-42cc-ab19-2bf867e14ebc,2026-07-20,2026-07-20 11:01:03.985+00,2,in_app,2026-07-20 11:01:05.789+00
8b6a48f2-4324-459c-821b-d6ef2f12112e,0c96a57e-6cc1-400f-bf3a-5740b699ac21,7b577c22-5513-42cc-ab19-2bf867e14ebc,2026-07-20,2026-07-20 11:01:03.985+00,2,email,2026-07-20 11:01:06.151+00
eb03fc66-e3e1-41ad-ba9c-e4d31c245b82,62a2569e-4be2-4326-bddd-3c6116ed18b0,6d3f8a2c-1a05-4e2a-b57e-d969b668049b,2026-07-20,2026-07-20 11:01:03.985+00,1,in_app,2026-07-20 11:01:06.216+00
845e1722-6c5f-4ac9-b100-e12fc4fb7727,62a2569e-4be2-4326-bddd-3c6116ed18b0,6d3f8a2c-1a05-4e2a-b57e-d969b668049b,2026-07-20,2026-07-20 11:01:03.985+00,1,email,2026-07-20 11:01:06.482+00
025b40d5-c6db-49f5-9a13-74cbdcee4b17,2f940451-4cf3-44e3-9040-07942e4146c1,b874694b-f463-4dbd-bb6f-b04f121a8802,2026-07-20,2026-07-20 11:01:03.985+00,1,in_app,2026-07-20 11:01:06.863+00
593fed85-4dbe-4682-94b1-cbae9345325d,2e6f6612-8033-42e0-b84d-b2ea8aded8ac,b3db042c-4932-4f66-8aff-3136ed50db97,2026-07-06,2026-07-06 17:00:41.185+00,7,in_app,2026-07-06 17:00:53.831+00
f07500a0-1dd1-4b5d-914f-2b7dbd218311,2e6f6612-8033-42e0-b84d-b2ea8aded8ac,b3db042c-4932-4f66-8aff-3136ed50db97,2026-07-06,2026-07-06 17:00:41.185+00,7,email,2026-07-06 17:00:54.214+00
22c2c31d-b372-4f61-9822-c6f49f35f3b2,493aecc1-6791-4d62-bc63-f4f55c78e44e,642b0596-7431-4f50-acff-1eb4199fab76,2026-07-06,2026-07-06 17:00:41.185+00,1,in_app,2026-07-06 17:00:54.302+00
9e232fc6-f274-4e43-91b3-c1011847d91a,493aecc1-6791-4d62-bc63-f4f55c78e44e,7b577c22-5513-42cc-ab19-2bf867e14ebc,2026-07-06,2026-07-06 17:00:41.185+00,8,email,2026-07-06 17:00:55.419+00
10c694ed-5d99-49d7-8b15-89937d5e772e,0ece46cd-9571-4f7f-8043-c1f2249b6cf9,6f58e5f8-b85c-4f92-89b7-1cf3ca9f22b6,2026-07-06,2026-07-06 17:00:41.185+00,2,in_app,2026-07-06 17:00:55.492+00
b7290019-7967-4dcd-bc81-e8cd934e14f6,0ae36a43-2ef0-4a7d-b95a-edcc7d9ac3f2,7b577c22-5513-42cc-ab19-2bf867e14ebc,2026-07-06,2026-07-06 17:00:41.185+00,1,email,2026-07-06 17:00:56.169+00
90edbb1b-1743-4e7a-b581-f6924b1a519e,c1f13659-b28c-4d50-8375-5bf200294992,decc7faa-b202-42f1-9a04-fe15fe97a892,2026-07-06,2026-07-06 17:00:41.185+00,1,email,2026-07-06 17:00:56.531+00
a188e920-f368-48fd-b161-59acdd72917e,678b734f-19e2-4622-ab4e-fccd86f4877f,8cab859b-a1e1-4edb-af95-4e847e1c93e4,2026-07-06,2026-07-06 17:00:41.185+00,2,in_app,2026-07-06 17:00:56.61+00
bd6d64eb-fa51-45eb-8982-33659e764ddc,678b734f-19e2-4622-ab4e-fccd86f4877f,8cab859b-a1e1-4edb-af95-4e847e1c93e4,2026-07-06,2026-07-06 17:00:41.185+00,2,email,2026-07-06 17:00:56.912+00
c5dad636-2eed-4895-a426-e3d67b448462,0c96a57e-6cc1-400f-bf3a-5740b699ac21,5d7214cd-c7d1-42ac-b859-b9e84dee9fab,2026-07-06,2026-07-06 17:00:41.185+00,2,email,2026-07-06 17:00:57.39+00
47f29980-c05e-4028-901a-60e4e16437b0,0c96a57e-6cc1-400f-bf3a-5740b699ac21,3519d0a1-12b5-4a38-bbd5-a5b9d518cb53,2026-07-06,2026-07-06 17:00:41.185+00,1,in_app,2026-07-06 17:00:57.9+00
a274a4ef-628e-48a4-964a-1416a7ae7870,0c96a57e-6cc1-400f-bf3a-5740b699ac21,ebe67fdd-2e23-43c0-8e9b-8abec2682d09,2026-07-06,2026-07-06 17:00:41.185+00,2,email,2026-07-06 17:00:58.983+00
b6775cdb-3a08-4d1c-86c6-780cdfbed101,0c96a57e-6cc1-400f-bf3a-5740b699ac21,2a266637-be4e-4088-9918-a51576912f5c,2026-07-06,2026-07-06 17:00:41.185+00,4,in_app,2026-07-06 17:00:59.054+00
f385bee9-2db9-45e2-828f-1733b0836e2c,0c96a57e-6cc1-400f-bf3a-5740b699ac21,a94fc469-4603-487f-ab7f-e2712197d510,2026-07-06,2026-07-06 17:00:41.185+00,4,email,2026-07-06 17:01:00.169+00
773934ef-587f-4fbe-875c-23937d0683b4,0c96a57e-6cc1-400f-bf3a-5740b699ac21,b3db042c-4932-4f66-8aff-3136ed50db97,2026-07-06,2026-07-06 17:00:41.185+00,8,email,2026-07-06 17:01:02.66+00
027db1bc-a186-4fee-ac94-9ea5fb3c7242,0c96a57e-6cc1-400f-bf3a-5740b699ac21,6f58e5f8-b85c-4f92-89b7-1cf3ca9f22b6,2026-07-06,2026-07-06 17:00:41.185+00,2,in_app,2026-07-06 17:01:03.171+00
d65c1b28-0578-42e0-8e8e-b80552072e98,0c96a57e-6cc1-400f-bf3a-5740b699ac21,decc7faa-b202-42f1-9a04-fe15fe97a892,2026-07-06,2026-07-06 17:00:41.185+00,1,in_app,2026-07-06 17:01:03.553+00
fac5b724-4ec3-4547-903c-5f9b0c3c95f2,62a2569e-4be2-4326-bddd-3c6116ed18b0,bdef184d-6217-4cdf-a59f-dc37008d13fd,2026-07-10,2026-07-10 17:00:35.327+00,1,in_app,2026-07-10 17:00:42.608+00
f6c5f60d-ef7c-49e8-b8da-41ab6154ab58,62a2569e-4be2-4326-bddd-3c6116ed18b0,bdef184d-6217-4cdf-a59f-dc37008d13fd,2026-07-10,2026-07-10 17:00:35.327+00,1,email,2026-07-10 17:00:43.113+00
9f0e0639-7754-41c6-9932-58e58df8731f,9066ac12-d1c6-4a15-ad74-4932bf8dd987,968fc8e6-f918-4579-b0d1-26570ce5e94b,2026-07-10,2026-07-10 17:00:35.327+00,2,in_app,2026-07-10 17:00:48.165+00
64e02531-a542-4869-9299-68606c67feda,0c96a57e-6cc1-400f-bf3a-5740b699ac21,5d7214cd-c7d1-42ac-b859-b9e84dee9fab,2026-07-10,2026-07-10 17:00:35.327+00,1,email,2026-07-10 17:00:56.411+00
31b014b4-337a-4376-86b2-097ff70840b4,0c96a57e-6cc1-400f-bf3a-5740b699ac21,6d3f8a2c-1a05-4e2a-b57e-d969b668049b,2026-07-10,2026-07-10 17:00:35.327+00,1,in_app,2026-07-10 17:00:57.641+00
e7cd1d1a-1fb8-4a98-aa7d-61449384c673,0c96a57e-6cc1-400f-bf3a-5740b699ac21,d8eb23c1-2c90-4dfe-872a-aa3e3dcd6478,2026-07-10,2026-07-10 17:00:35.327+00,8,email,2026-07-10 17:01:00.034+00
584d7863-2cbe-4d5f-8be2-2be22a9d9c01,0c96a57e-6cc1-400f-bf3a-5740b699ac21,658a0146-2d8a-4b2e-81e5-aa16fa9d0a30,2026-07-10,2026-07-10 17:00:35.327+00,1,in_app,2026-07-10 17:01:00.707+00
5d2ac40d-2502-4f96-a4db-757e8dbd1f4c,0c96a57e-6cc1-400f-bf3a-5740b699ac21,a3c5b629-15d3-48a7-b5ab-694e63dc8b63,2026-07-10,2026-07-10 17:00:35.327+00,8,email,2026-07-10 17:01:01.795+00
427eef58-d823-456d-afa0-cdce3fd01431,0c96a57e-6cc1-400f-bf3a-5740b699ac21,b3db042c-4932-4f66-8aff-3136ed50db97,2026-07-10,2026-07-10 17:00:35.327+00,8,in_app,2026-07-10 17:01:01.98+00
51107010-c68c-4a25-9cf7-00389b47af61,72aeb445-484f-4979-8c2a-d34ec40b22b0,bdef184d-6217-4cdf-a59f-dc37008d13fd,2026-07-13,2026-07-13 17:00:35.43+00,7,in_app,2026-07-13 17:00:37.815+00
b036c141-fb82-4c81-a6da-e4246b8f531f,62a2569e-4be2-4326-bddd-3c6116ed18b0,6d3f8a2c-1a05-4e2a-b57e-d969b668049b,2026-07-13,2026-07-13 17:00:35.43+00,1,email,2026-07-13 17:00:39.682+00
669bd682-74f2-45c8-a446-1b6032d8d42a,b0737bfd-7bea-493b-8cfc-14946fcea8cd,90bb1d12-5855-4f3e-aecb-e92f597e650c,2026-07-13,2026-07-13 17:00:35.43+00,1,in_app,2026-07-13 17:00:41.928+00
f1371fb2-83ed-461b-bce0-14ded07eb85b,9b5aa503-44ec-40de-9ceb-b1475639767e,2a266637-be4e-4088-9918-a51576912f5c,2026-07-13,2026-07-13 17:00:35.43+00,4,in_app,2026-07-13 17:00:42.379+00
bafd7396-512c-4cb9-a47f-1815be654293,9b5aa503-44ec-40de-9ceb-b1475639767e,2a266637-be4e-4088-9918-a51576912f5c,2026-07-13,2026-07-13 17:00:35.43+00,4,email,2026-07-13 17:00:42.704+00
5d1e73f2-55f4-4a1c-a6b3-cab414bfbf41,b6617c09-9b4a-4ebc-bf50-e584b67edaa3,e5efecc9-f05f-479b-b2ea-81a2ed90fba4,2026-07-13,2026-07-13 17:00:35.43+00,1,in_app,2026-07-13 17:00:42.801+00
f642f32a-3098-485f-be00-2dcb02037c8e,b6617c09-9b4a-4ebc-bf50-e584b67edaa3,e5efecc9-f05f-479b-b2ea-81a2ed90fba4,2026-07-13,2026-07-13 17:00:35.43+00,1,email,2026-07-13 17:00:43.108+00
1082ea2d-0369-4225-82f1-11d19c26bb27,fd63bafa-9a78-43fb-9311-f78b8cbfb667,d8eb23c1-2c90-4dfe-872a-aa3e3dcd6478,2026-07-13,2026-07-13 17:00:35.43+00,8,in_app,2026-07-13 17:00:43.215+00
0a9670a3-8c0f-4559-ba70-3499c93b3b76,fd63bafa-9a78-43fb-9311-f78b8cbfb667,d8eb23c1-2c90-4dfe-872a-aa3e3dcd6478,2026-07-13,2026-07-13 17:00:35.43+00,8,email,2026-07-13 17:00:43.519+00
fe1b4463-3103-44a1-8e2d-2a336a7a7005,8474aaf6-e7d1-4165-9bef-bf76bc701038,32ccdbe1-627f-4fe3-a506-056b997ed89b,2026-07-13,2026-07-13 17:00:35.43+00,4,email,2026-07-13 17:00:43.978+00
2d578d98-5448-4081-8b17-e599c4b1f744,0e2a45ad-2133-4d3e-822a-b61d069d1e56,3cbe0dd1-c806-4171-8fdf-002c7fe52d74,2026-07-13,2026-07-13 17:00:35.43+00,1,email,2026-07-13 17:00:45.255+00
120eec10-65cd-44a9-980b-c32681c7e5df,9647402f-c830-48fb-92a7-e1e0f719045f,9d005015-cf2c-4590-9c46-e55e56c7696d,2026-07-13,2026-07-13 17:00:35.43+00,1,in_app,2026-07-13 17:00:45.356+00
d3356874-89ce-4f1c-b197-9393b5754d4b,9647402f-c830-48fb-92a7-e1e0f719045f,9d005015-cf2c-4590-9c46-e55e56c7696d,2026-07-13,2026-07-13 17:00:35.43+00,1,email,2026-07-13 17:00:45.666+00
ca4803cf-463d-435d-baab-a4a168dc16f8,04b00ab5-856d-4f95-962b-e9d97b33f207,a3c5b629-15d3-48a7-b5ab-694e63dc8b63,2026-07-13,2026-07-13 17:00:35.43+00,8,in_app,2026-07-13 17:00:46.805+00
896f5cba-53a7-4e43-be79-19d687c5c4f2,04b00ab5-856d-4f95-962b-e9d97b33f207,a3c5b629-15d3-48a7-b5ab-694e63dc8b63,2026-07-13,2026-07-13 17:00:35.43+00,8,email,2026-07-13 17:00:47.132+00
8897c8bb-a5e2-4d9c-a96d-719f611e8b12,8396bd66-e3ed-4593-b985-3e380cd308eb,b0faf762-848b-4737-a04d-b2b4e1e8cc5b,2026-07-13,2026-07-13 17:00:35.43+00,1,email,2026-07-13 17:00:48.167+00
82efedb9-3107-4814-b3ac-f2ec8f833c01,2e6f6612-8033-42e0-b84d-b2ea8aded8ac,b3db042c-4932-4f66-8aff-3136ed50db97,2026-07-13,2026-07-13 17:00:35.43+00,7,in_app,2026-07-13 17:00:49.152+00
7daebb81-5878-4a50-b786-c3cfb9e4d6ce,493aecc1-6791-4d62-bc63-f4f55c78e44e,642b0596-7431-4f50-acff-1eb4199fab76,2026-07-13,2026-07-13 17:00:35.43+00,1,in_app,2026-07-13 17:00:49.947+00
09d38ab3-752b-4ee6-9144-c67c34e09a49,493aecc1-6791-4d62-bc63-f4f55c78e44e,642b0596-7431-4f50-acff-1eb4199fab76,2026-07-13,2026-07-13 17:00:35.43+00,1,email,2026-07-13 17:00:50.299+00
4bbe3280-6ae1-4f83-81bc-a835f254817c,0ece46cd-9571-4f7f-8043-c1f2249b6cf9,6f58e5f8-b85c-4f92-89b7-1cf3ca9f22b6,2026-07-13,2026-07-13 17:00:35.43+00,2,in_app,2026-07-13 17:00:51.075+00
ef14409c-42f9-4a07-9901-8d69fe4acf22,0ae36a43-2ef0-4a7d-b95a-edcc7d9ac3f2,7b577c22-5513-42cc-ab19-2bf867e14ebc,2026-07-13,2026-07-13 17:00:35.43+00,1,email,2026-07-13 17:00:51.826+00
f982f62b-332a-410e-ac55-a3a72e07e0a7,df71451b-bcd2-4602-9b7b-230b32f08b65,c30e3590-04a3-4544-bf66-43228037bfc9,2026-07-13,2026-07-13 17:00:35.43+00,1,in_app,2026-07-13 17:00:53.844+00
664c7b85-33e1-44ef-82c8-b412a30d2455,0c96a57e-6cc1-400f-bf3a-5740b699ac21,b874694b-f463-4dbd-bb6f-b04f121a8802,2026-07-13,2026-07-13 17:00:35.43+00,1,email,2026-07-13 17:00:55.887+00
e960e5c6-82a9-4a61-8d7e-e401618b2257,0c96a57e-6cc1-400f-bf3a-5740b699ac21,2a266637-be4e-4088-9918-a51576912f5c,2026-07-13,2026-07-13 17:00:35.43+00,4,in_app,2026-07-13 17:00:56.464+00
44f4f900-63d9-4051-9055-03c8752ae0c4,0c96a57e-6cc1-400f-bf3a-5740b699ac21,2a266637-be4e-4088-9918-a51576912f5c,2026-07-13,2026-07-13 17:00:35.43+00,4,email,2026-07-13 17:00:56.783+00
cc8b4616-56bc-41e5-a468-435bee553ba5,0c96a57e-6cc1-400f-bf3a-5740b699ac21,d8eb23c1-2c90-4dfe-872a-aa3e3dcd6478,2026-07-13,2026-07-13 17:00:35.43+00,8,email,2026-07-13 17:00:57.279+00
95bf0854-c8c7-444e-8635-5d6826b93188,2e6f6612-8033-42e0-b84d-b2ea8aded8ac,b3db042c-4932-4f66-8aff-3136ed50db97,2026-07-18,2026-07-18 11:00:23.202+00,7,in_app,2026-07-18 11:00:34.859+00
e346f6b9-711d-4d58-9a4b-1409eb03caf4,0c96a57e-6cc1-400f-bf3a-5740b699ac21,c6754833-e150-4c12-9149-45a6dfcd6eec,2026-07-18,2026-07-18 11:00:23.202+00,3,in_app,2026-07-18 11:00:35.705+00
a6993dd2-28f6-49d2-84b2-a6a1c62ec376,493aecc1-6791-4d62-bc63-f4f55c78e44e,7b577c22-5513-42cc-ab19-2bf867e14ebc,2026-07-18,2026-07-18 11:00:23.202+00,7,in_app,2026-07-18 11:00:36.139+00
2b12f55a-7826-46db-bb6e-e76cd45fc870,0c96a57e-6cc1-400f-bf3a-5740b699ac21,bdef184d-6217-4cdf-a59f-dc37008d13fd,2026-07-18,2026-07-18 11:00:23.202+00,8,in_app,2026-07-18 11:00:39.601+00
6bf72751-865f-44bc-9b1a-e6d0da3508fc,0c96a57e-6cc1-400f-bf3a-5740b699ac21,bdef184d-6217-4cdf-a59f-dc37008d13fd,2026-07-18,2026-07-18 11:00:23.202+00,8,email,2026-07-18 11:00:39.953+00
a16670de-b2ba-4a14-9a7e-8a02e22a41f6,0c96a57e-6cc1-400f-bf3a-5740b699ac21,8cab859b-a1e1-4edb-af95-4e847e1c93e4,2026-07-18,2026-07-18 11:00:23.202+00,2,email,2026-07-18 11:00:46.192+00
33e58445-8098-427d-a2a8-81d23535c234,2f940451-4cf3-44e3-9040-07942e4146c1,b874694b-f463-4dbd-bb6f-b04f121a8802,2026-07-20,2026-07-20 11:01:03.985+00,1,email,2026-07-20 11:01:07.319+00
36d96df2-901a-43e1-bc9e-cf07fa809c66,9b5aa503-44ec-40de-9ceb-b1475639767e,2a266637-be4e-4088-9918-a51576912f5c,2026-07-20,2026-07-20 11:01:03.985+00,4,in_app,2026-07-20 11:01:08.349+00
3b6ca8dd-e2c6-486e-8c41-166887a11339,9b5aa503-44ec-40de-9ceb-b1475639767e,2a266637-be4e-4088-9918-a51576912f5c,2026-07-20,2026-07-20 11:01:03.985+00,4,email,2026-07-20 11:01:08.599+00
6df9fa96-f26c-4c16-824f-21667737c850,b6617c09-9b4a-4ebc-bf50-e584b67edaa3,e5efecc9-f05f-479b-b2ea-81a2ed90fba4,2026-07-20,2026-07-20 11:01:03.985+00,1,in_app,2026-07-20 11:01:08.664+00
8aaf0ed5-5203-4072-bb01-5c9c4b01bb97,b6617c09-9b4a-4ebc-bf50-e584b67edaa3,e5efecc9-f05f-479b-b2ea-81a2ed90fba4,2026-07-20,2026-07-20 11:01:03.985+00,1,email,2026-07-20 11:01:08.917+00
035459a5-a984-4b97-a8d6-44f4f779ea9e,fd63bafa-9a78-43fb-9311-f78b8cbfb667,d8eb23c1-2c90-4dfe-872a-aa3e3dcd6478,2026-07-20,2026-07-20 11:01:03.985+00,8,in_app,2026-07-20 11:01:08.981+00
912f8732-c45a-419f-8a72-5dedc04ef687,fd63bafa-9a78-43fb-9311-f78b8cbfb667,d8eb23c1-2c90-4dfe-872a-aa3e3dcd6478,2026-07-20,2026-07-20 11:01:03.985+00,8,email,2026-07-20 11:01:09.236+00
d18f15e2-57f2-41f6-8e89-c74c54c3daf3,9066ac12-d1c6-4a15-ad74-4932bf8dd987,968fc8e6-f918-4579-b0d1-26570ce5e94b,2026-07-20,2026-07-20 11:01:03.985+00,2,in_app,2026-07-20 11:01:10.713+00
424691f9-a30a-4ad3-a5b4-86e1dacd0927,9066ac12-d1c6-4a15-ad74-4932bf8dd987,968fc8e6-f918-4579-b0d1-26570ce5e94b,2026-07-20,2026-07-20 11:01:03.985+00,2,email,2026-07-20 11:01:10.956+00
bc64b48f-2adc-4908-8031-435f8bce4e04,04b00ab5-856d-4f95-962b-e9d97b33f207,a3c5b629-15d3-48a7-b5ab-694e63dc8b63,2026-07-20,2026-07-20 11:01:03.985+00,8,in_app,2026-07-20 11:01:11.042+00
33675bda-b0ee-4797-b9ce-33ad63bebc6e,04b00ab5-856d-4f95-962b-e9d97b33f207,a3c5b629-15d3-48a7-b5ab-694e63dc8b63,2026-07-20,2026-07-20 11:01:03.985+00,8,email,2026-07-20 11:01:11.299+00
6e972514-1992-4531-8589-18db4eececb8,4c1d6869-b323-4864-80a4-fe459ed57fe7,9bd5cccc-e18f-432e-ae67-dc33103d5791,2026-07-20,2026-07-20 11:01:03.985+00,1,in_app,2026-07-20 11:01:11.358+00
1eceda60-d368-4efa-9736-6747a17d46f8,c1f13659-b28c-4d50-8375-5bf200294992,decc7faa-b202-42f1-9a04-fe15fe97a892,2026-07-06,2026-07-06 17:00:41.185+00,1,in_app,2026-07-06 17:00:56.237+00
1dc9ee23-3cdb-4713-9d85-13bc4b3687ce,0c96a57e-6cc1-400f-bf3a-5740b699ac21,bdef184d-6217-4cdf-a59f-dc37008d13fd,2026-07-06,2026-07-06 17:00:41.185+00,8,email,2026-07-06 17:00:57.796+00
fb1b1d63-6166-4af6-970e-50538161af3f,0c96a57e-6cc1-400f-bf3a-5740b699ac21,3519d0a1-12b5-4a38-bbd5-a5b9d518cb53,2026-07-06,2026-07-06 17:00:41.185+00,1,email,2026-07-06 17:00:58.213+00
c697acd7-9f1c-4931-90b0-2642da94ec3a,0c96a57e-6cc1-400f-bf3a-5740b699ac21,6d3f8a2c-1a05-4e2a-b57e-d969b668049b,2026-07-06,2026-07-06 17:00:41.185+00,1,in_app,2026-07-06 17:00:58.282+00
7f84712c-7037-4bdc-a069-8cb9960fc67a,0c96a57e-6cc1-400f-bf3a-5740b699ac21,6d3f8a2c-1a05-4e2a-b57e-d969b668049b,2026-07-06,2026-07-06 17:00:41.185+00,1,email,2026-07-06 17:00:58.609+00
e5d70f46-2b7c-4fe3-b39d-65ca6d67c586,0c96a57e-6cc1-400f-bf3a-5740b699ac21,2a266637-be4e-4088-9918-a51576912f5c,2026-07-06,2026-07-06 17:00:41.185+00,4,email,2026-07-06 17:00:59.363+00
99b521ff-5a78-4294-9a9d-c9bbc0c2ff3b,0c96a57e-6cc1-400f-bf3a-5740b699ac21,a94fc469-4603-487f-ab7f-e2712197d510,2026-07-06,2026-07-06 17:00:41.185+00,4,in_app,2026-07-06 17:00:59.849+00
5dc5421b-c7d5-44f0-9cec-cedd3fe1eaae,0c96a57e-6cc1-400f-bf3a-5740b699ac21,28f7b9e8-9516-4a08-864c-9ff3e085ba87,2026-07-06,2026-07-06 17:00:41.185+00,1,in_app,2026-07-06 17:01:00.239+00
d7661d6f-1576-49aa-8b29-c625640f4a43,0c96a57e-6cc1-400f-bf3a-5740b699ac21,642b0596-7431-4f50-acff-1eb4199fab76,2026-07-06,2026-07-06 17:00:41.185+00,1,in_app,2026-07-06 17:01:02.728+00
f153ec0e-b530-4bf7-a6d5-8f780ca272f2,0c96a57e-6cc1-400f-bf3a-5740b699ac21,6f58e5f8-b85c-4f92-89b7-1cf3ca9f22b6,2026-07-06,2026-07-06 17:00:41.185+00,2,email,2026-07-06 17:01:03.482+00
c893b5c7-f247-4585-b582-fca36cdfe094,0c96a57e-6cc1-400f-bf3a-5740b699ac21,8cab859b-a1e1-4edb-af95-4e847e1c93e4,2026-07-06,2026-07-06 17:00:41.185+00,2,in_app,2026-07-06 17:01:03.943+00
d7fb571a-d3af-4d3b-873a-6b88d0ef5aa6,ed586056-17ca-4287-936a-c16e642c63a6,8737f689-7c9e-414a-8391-5bf93d5ba600,2026-07-10,2026-07-10 17:00:35.327+00,1,in_app,2026-07-10 17:00:49.991+00
8ca2f3bb-98dd-4819-81c0-767bbeb65456,0ece46cd-9571-4f7f-8043-c1f2249b6cf9,6f58e5f8-b85c-4f92-89b7-1cf3ca9f22b6,2026-07-10,2026-07-10 17:00:35.327+00,2,in_app,2026-07-10 17:00:52.845+00
275394f9-5cbf-4807-95b7-dc5a5ca4dd7a,0ece46cd-9571-4f7f-8043-c1f2249b6cf9,6f58e5f8-b85c-4f92-89b7-1cf3ca9f22b6,2026-07-10,2026-07-10 17:00:35.327+00,2,email,2026-07-10 17:00:53.265+00
4c7745cd-bc7b-4667-abb9-d892eabddb19,c1f13659-b28c-4d50-8375-5bf200294992,decc7faa-b202-42f1-9a04-fe15fe97a892,2026-07-10,2026-07-10 17:00:35.327+00,1,in_app,2026-07-10 17:00:53.902+00
3fee1131-4c20-497c-89dc-bfdcc781530f,678b734f-19e2-4622-ab4e-fccd86f4877f,8cab859b-a1e1-4edb-af95-4e847e1c93e4,2026-07-10,2026-07-10 17:00:35.327+00,2,email,2026-07-10 17:00:54.783+00
987bb981-8909-40d7-857a-fcb8f8d275b2,0c96a57e-6cc1-400f-bf3a-5740b699ac21,1c2d5668-5cd9-49a7-a138-3ccd2bea5cbb,2026-07-10,2026-07-10 17:00:35.327+00,1,in_app,2026-07-10 17:01:05.042+00
2267057b-27db-4766-b3da-59b2c18fe7cc,0c96a57e-6cc1-400f-bf3a-5740b699ac21,1c2d5668-5cd9-49a7-a138-3ccd2bea5cbb,2026-07-10,2026-07-10 17:00:35.327+00,1,email,2026-07-10 17:01:05.426+00
ab07dcaf-1f51-4243-8048-15b65c8685da,0c96a57e-6cc1-400f-bf3a-5740b699ac21,9e39aa76-bf9c-4630-afb4-5ea10a9cb738,2026-07-13,2026-07-13 17:00:35.43+00,1,email,2026-07-13 17:00:40.959+00
8ef679b3-bb7b-481e-b25d-d0bc3781d216,62a2569e-4be2-4326-bddd-3c6116ed18b0,bdef184d-6217-4cdf-a59f-dc37008d13fd,2026-07-13,2026-07-13 17:00:35.43+00,1,in_app,2026-07-13 17:00:41.473+00
c8828cce-c842-4ba7-aadc-df885c65db73,62a2569e-4be2-4326-bddd-3c6116ed18b0,bdef184d-6217-4cdf-a59f-dc37008d13fd,2026-07-13,2026-07-13 17:00:35.43+00,1,email,2026-07-13 17:00:41.831+00
5d686878-2122-4680-8e67-23123f97d78b,8474aaf6-e7d1-4165-9bef-bf76bc701038,32ccdbe1-627f-4fe3-a506-056b997ed89b,2026-07-13,2026-07-13 17:00:35.43+00,4,in_app,2026-07-13 17:00:43.578+00
a49e7f4f-43a5-4262-abc0-84b56a07e55c,678c949f-b372-4aba-9d9b-26d422134531,3258f102-8146-4986-964f-8c8f53441300,2026-07-13,2026-07-13 17:00:35.43+00,2,in_app,2026-07-13 17:00:47.225+00
a9b9d3e0-23b9-4457-9c85-61e27ef34067,678c949f-b372-4aba-9d9b-26d422134531,3258f102-8146-4986-964f-8c8f53441300,2026-07-13,2026-07-13 17:00:35.43+00,2,email,2026-07-13 17:00:47.562+00
f678cbb9-f532-468e-9eb2-d74b3314bb68,8396bd66-e3ed-4593-b985-3e380cd308eb,b0faf762-848b-4737-a04d-b2b4e1e8cc5b,2026-07-13,2026-07-13 17:00:35.43+00,1,in_app,2026-07-13 17:00:47.627+00
4c9b1d34-543c-464b-8a20-7b23371961e7,678b734f-19e2-4622-ab4e-fccd86f4877f,8cab859b-a1e1-4edb-af95-4e847e1c93e4,2026-07-13,2026-07-13 17:00:35.43+00,2,in_app,2026-07-13 17:00:52.319+00
49fc6aa6-add2-4822-a001-c6c809fb50a8,c1f13659-b28c-4d50-8375-5bf200294992,1c2d5668-5cd9-49a7-a138-3ccd2bea5cbb,2026-07-13,2026-07-13 17:00:35.43+00,1,in_app,2026-07-13 17:00:52.708+00
0c3a73e2-d704-4ae4-9c78-ff9b73363ef1,c1f13659-b28c-4d50-8375-5bf200294992,1c2d5668-5cd9-49a7-a138-3ccd2bea5cbb,2026-07-13,2026-07-13 17:00:35.43+00,1,email,2026-07-13 17:00:53.398+00
70ca0bb2-c632-44a4-b007-f076123909ee,0c96a57e-6cc1-400f-bf3a-5740b699ac21,a94fc469-4603-487f-ab7f-e2712197d510,2026-07-13,2026-07-13 17:00:35.43+00,11,in_app,2026-07-13 17:00:53.479+00
6f565b7b-5bf3-4c6a-92da-96576891d655,0c96a57e-6cc1-400f-bf3a-5740b699ac21,a94fc469-4603-487f-ab7f-e2712197d510,2026-07-13,2026-07-13 17:00:35.43+00,11,email,2026-07-13 17:00:53.775+00
b0634b77-6427-4880-95b8-bc0882ccc1d7,0c96a57e-6cc1-400f-bf3a-5740b699ac21,bdef184d-6217-4cdf-a59f-dc37008d13fd,2026-07-13,2026-07-13 17:00:35.43+00,8,in_app,2026-07-13 17:00:54.265+00
bf69f8c2-511b-4f78-a794-7d9fa0d71879,0c96a57e-6cc1-400f-bf3a-5740b699ac21,bdef184d-6217-4cdf-a59f-dc37008d13fd,2026-07-13,2026-07-13 17:00:35.43+00,8,email,2026-07-13 17:00:54.598+00
7481d0eb-4429-432f-8ddd-3c03b8f0bf53,0c96a57e-6cc1-400f-bf3a-5740b699ac21,3519d0a1-12b5-4a38-bbd5-a5b9d518cb53,2026-07-13,2026-07-13 17:00:35.43+00,1,in_app,2026-07-13 17:00:54.714+00
417b130d-bdba-44c5-9f57-fb01ad38d3f7,0c96a57e-6cc1-400f-bf3a-5740b699ac21,3519d0a1-12b5-4a38-bbd5-a5b9d518cb53,2026-07-13,2026-07-13 17:00:35.43+00,1,email,2026-07-13 17:00:55.034+00
fd156396-240a-46f4-95bf-e6178c2a9ce9,0c96a57e-6cc1-400f-bf3a-5740b699ac21,b874694b-f463-4dbd-bb6f-b04f121a8802,2026-07-13,2026-07-13 17:00:35.43+00,1,in_app,2026-07-13 17:00:55.555+00
352b8717-730a-4f1c-9e5e-9ccd088d76ec,0c96a57e-6cc1-400f-bf3a-5740b699ac21,ebe67fdd-2e23-43c0-8e9b-8abec2682d09,2026-07-13,2026-07-13 17:00:35.43+00,2,in_app,2026-07-13 17:00:56.003+00
a0577632-8e96-4ca9-8bd3-5c10981333f4,0c96a57e-6cc1-400f-bf3a-5740b699ac21,decc7faa-b202-42f1-9a04-fe15fe97a892,2026-07-13,2026-07-13 17:00:35.43+00,1,in_app,2026-07-13 17:01:00.802+00
4db8de1c-3b36-481a-9dde-04a8e58638d9,0ece46cd-9571-4f7f-8043-c1f2249b6cf9,6f58e5f8-b85c-4f92-89b7-1cf3ca9f22b6,2026-07-18,2026-07-18 11:00:23.202+00,1,in_app,2026-07-18 11:00:36.592+00
07a662fa-d8f6-46aa-b514-113ac351394d,0ece46cd-9571-4f7f-8043-c1f2249b6cf9,6f58e5f8-b85c-4f92-89b7-1cf3ca9f22b6,2026-07-18,2026-07-18 11:00:23.202+00,1,email,2026-07-18 11:00:36.944+00
ed8100cc-9fac-4385-84cc-8cd83bd1f69c,c1f13659-b28c-4d50-8375-5bf200294992,decc7faa-b202-42f1-9a04-fe15fe97a892,2026-07-18,2026-07-18 11:00:23.202+00,1,email,2026-07-18 11:00:38.052+00
e5623668-947e-4fa5-803c-4bf53c072011,678b734f-19e2-4622-ab4e-fccd86f4877f,8cab859b-a1e1-4edb-af95-4e847e1c93e4,2026-07-18,2026-07-18 11:00:23.202+00,2,in_app,2026-07-18 11:00:38.132+00
3dc46ba3-f4ae-4930-bb6d-819e1010563b,678b734f-19e2-4622-ab4e-fccd86f4877f,8cab859b-a1e1-4edb-af95-4e847e1c93e4,2026-07-18,2026-07-18 11:00:23.202+00,2,email,2026-07-18 11:00:38.458+00
e0e65bea-67be-4e6e-974f-7990f6da8730,0c96a57e-6cc1-400f-bf3a-5740b699ac21,6d3f8a2c-1a05-4e2a-b57e-d969b668049b,2026-07-18,2026-07-18 11:00:23.202+00,1,email,2026-07-18 11:00:40.415+00
63d8ec16-0155-4dbc-b73b-be7553ea5652,0c96a57e-6cc1-400f-bf3a-5740b699ac21,d8eb23c1-2c90-4dfe-872a-aa3e3dcd6478,2026-07-18,2026-07-18 11:00:23.202+00,8,email,2026-07-18 11:00:42.284+00
884436c0-535a-4be3-9d94-119d3add3fb5,0c96a57e-6cc1-400f-bf3a-5740b699ac21,a3c5b629-15d3-48a7-b5ab-694e63dc8b63,2026-07-18,2026-07-18 11:00:23.202+00,8,email,2026-07-18 11:00:43.229+00
6f53f257-32ad-4111-8fa2-4a34426cf048,0c96a57e-6cc1-400f-bf3a-5740b699ac21,b3db042c-4932-4f66-8aff-3136ed50db97,2026-07-18,2026-07-18 11:00:23.202+00,8,in_app,2026-07-18 11:00:43.891+00
877a4b19-bcaa-4f82-abef-432200b91400,0c96a57e-6cc1-400f-bf3a-5740b699ac21,642b0596-7431-4f50-acff-1eb4199fab76,2026-07-18,2026-07-18 11:00:23.202+00,1,in_app,2026-07-18 11:00:44.327+00
81433bc1-ee5e-462d-a466-a5522cb8d155,0c96a57e-6cc1-400f-bf3a-5740b699ac21,6f58e5f8-b85c-4f92-89b7-1cf3ca9f22b6,2026-07-18,2026-07-18 11:00:23.202+00,1,in_app,2026-07-18 11:00:44.92+00
5f9576b0-64c6-4dbf-a05f-fd7bb1c78618,0c96a57e-6cc1-400f-bf3a-5740b699ac21,6f58e5f8-b85c-4f92-89b7-1cf3ca9f22b6,2026-07-18,2026-07-18 11:00:23.202+00,1,email,2026-07-18 11:00:45.265+00
98b994db-bdf1-4f11-a1b2-5aa7a9a0a697,0c96a57e-6cc1-400f-bf3a-5740b699ac21,decc7faa-b202-42f1-9a04-fe15fe97a892,2026-07-18,2026-07-18 11:00:23.202+00,1,in_app,2026-07-18 11:00:45.342+00
04dde6a0-42b4-4be3-8a4d-6c7962e668d6,0c96a57e-6cc1-400f-bf3a-5740b699ac21,8cab859b-a1e1-4edb-af95-4e847e1c93e4,2026-07-18,2026-07-18 11:00:23.202+00,2,in_app,2026-07-18 11:00:45.831+00
8650e790-640a-43be-b5fe-90f7068d955a,62a2569e-4be2-4326-bddd-3c6116ed18b0,bdef184d-6217-4cdf-a59f-dc37008d13fd,2026-07-20,2026-07-20 11:01:03.985+00,1,in_app,2026-07-20 11:01:07.701+00
5f179243-9fc6-455f-b3fb-d4cb3d7752a6,62a2569e-4be2-4326-bddd-3c6116ed18b0,bdef184d-6217-4cdf-a59f-dc37008d13fd,2026-07-20,2026-07-20 11:01:03.985+00,1,email,2026-07-20 11:01:07.969+00
1099dd3b-631d-4c3e-9134-d23f2aa04f70,8474aaf6-e7d1-4165-9bef-bf76bc701038,32ccdbe1-627f-4fe3-a506-056b997ed89b,2026-07-20,2026-07-20 11:01:03.985+00,4,in_app,2026-07-20 11:01:09.312+00
bd1560db-1025-441c-8024-9e4103440ced,8474aaf6-e7d1-4165-9bef-bf76bc701038,32ccdbe1-627f-4fe3-a506-056b997ed89b,2026-07-20,2026-07-20 11:01:03.985+00,4,email,2026-07-20 11:01:09.613+00
ab0b287a-f826-4122-bb72-dd0f7d0beb33,0c96a57e-6cc1-400f-bf3a-5740b699ac21,6237fa09-ec4a-46ca-a99b-4f8afb3bf259,2026-07-20,2026-07-20 11:01:03.985+00,1,in_app,2026-07-20 11:01:09.677+00
3de97942-c239-4302-aff9-12a6e349eeec,0c96a57e-6cc1-400f-bf3a-5740b699ac21,6237fa09-ec4a-46ca-a99b-4f8afb3bf259,2026-07-20,2026-07-20 11:01:03.985+00,1,email,2026-07-20 11:01:10.03+00
71e11793-a362-49cb-a55d-39c30c94fd5e,678c949f-b372-4aba-9d9b-26d422134531,3258f102-8146-4986-964f-8c8f53441300,2026-07-20,2026-07-20 11:01:03.985+00,2,in_app,2026-07-20 11:01:11.989+00
c6cff93f-1af6-4e38-8e5f-c7a28448da51,678c949f-b372-4aba-9d9b-26d422134531,3258f102-8146-4986-964f-8c8f53441300,2026-07-20,2026-07-20 11:01:03.985+00,2,email,2026-07-20 11:01:12.268+00
b881ffa1-6839-4ead-ac0c-918d22d27073,0c96a57e-6cc1-400f-bf3a-5740b699ac21,27edf455-e61a-48a9-a846-e2c6f42999b5,2026-07-20,2026-07-20 11:01:03.985+00,1,in_app,2026-07-20 11:01:13.333+00
8f7a8136-8b47-486e-b257-af6ad8d3befc,0c96a57e-6cc1-400f-bf3a-5740b699ac21,27edf455-e61a-48a9-a846-e2c6f42999b5,2026-07-20,2026-07-20 11:01:03.985+00,1,email,2026-07-20 11:01:13.59+00
0a8492a4-f1d8-4c5a-8ba4-782f50cdc447,2e6f6612-8033-42e0-b84d-b2ea8aded8ac,b3db042c-4932-4f66-8aff-3136ed50db97,2026-07-20,2026-07-20 11:01:03.985+00,7,in_app,2026-07-20 11:01:13.946+00
c6334224-57f3-4cf6-b947-571dc86a0d88,2e6f6612-8033-42e0-b84d-b2ea8aded8ac,b3db042c-4932-4f66-8aff-3136ed50db97,2026-07-20,2026-07-20 11:01:03.985+00,7,email,2026-07-20 11:01:14.206+00
6cf0c788-f47f-4db9-bf63-c9610104ea09,0c96a57e-6cc1-400f-bf3a-5740b699ac21,c6754833-e150-4c12-9149-45a6dfcd6eec,2026-07-20,2026-07-20 11:01:03.985+00,3,in_app,2026-07-20 11:01:14.573+00
7431bb31-6fc2-4adb-96e4-f1c0db115dd3,0c96a57e-6cc1-400f-bf3a-5740b699ac21,c6754833-e150-4c12-9149-45a6dfcd6eec,2026-07-20,2026-07-20 11:01:03.985+00,3,email,2026-07-20 11:01:14.826+00
8dab8433-a9d1-4314-9504-dd0c9c2b5f0c,493aecc1-6791-4d62-bc63-f4f55c78e44e,7b577c22-5513-42cc-ab19-2bf867e14ebc,2026-07-20,2026-07-20 11:01:03.985+00,7,in_app,2026-07-20 11:01:14.886+00
c6da4ecb-2748-4f55-84fb-c57c69727bc9,493aecc1-6791-4d62-bc63-f4f55c78e44e,7b577c22-5513-42cc-ab19-2bf867e14ebc,2026-07-20,2026-07-20 11:01:03.985+00,7,email,2026-07-20 11:01:15.126+00
840e6c59-55ae-4826-bcf4-f9437e0b5bb3,c1f13659-b28c-4d50-8375-5bf200294992,decc7faa-b202-42f1-9a04-fe15fe97a892,2026-07-20,2026-07-20 11:01:03.985+00,1,in_app,2026-07-20 11:01:15.812+00
9a01299b-465e-4ace-a15a-a06166edef01,c1f13659-b28c-4d50-8375-5bf200294992,decc7faa-b202-42f1-9a04-fe15fe97a892,2026-07-20,2026-07-20 11:01:03.985+00,1,email,2026-07-20 11:01:16.084+00
22c80fb2-b18a-4a37-beea-6c0ff09a3c61,c1f13659-b28c-4d50-8375-5bf200294992,1c2d5668-5cd9-49a7-a138-3ccd2bea5cbb,2026-07-20,2026-07-20 11:01:03.985+00,1,in_app,2026-07-20 11:01:16.451+00
cd7ef2e1-025b-44af-b21f-b861e15663e3,0c96a57e-6cc1-400f-bf3a-5740b699ac21,28f7b9e8-9516-4a08-864c-9ff3e085ba87,2026-07-06,2026-07-06 17:00:41.185+00,1,email,2026-07-06 17:01:00.974+00
0043c724-7632-4a57-84b3-19bd1ede98fb,0c96a57e-6cc1-400f-bf3a-5740b699ac21,658a0146-2d8a-4b2e-81e5-aa16fa9d0a30,2026-07-06,2026-07-06 17:00:41.185+00,1,email,2026-07-06 17:01:01.887+00
449c6337-fa7d-4ac8-a7c3-1b965e821d39,0c96a57e-6cc1-400f-bf3a-5740b699ac21,a3c5b629-15d3-48a7-b5ab-694e63dc8b63,2026-07-06,2026-07-06 17:00:41.185+00,8,email,2026-07-06 17:01:02.266+00
16e7eed8-497a-4275-8e37-a15644bd25db,0c96a57e-6cc1-400f-bf3a-5740b699ac21,decc7faa-b202-42f1-9a04-fe15fe97a892,2026-07-06,2026-07-06 17:00:41.185+00,1,email,2026-07-06 17:01:03.874+00
4f9eab53-f364-4836-9f29-48e7a65bb4f7,0c96a57e-6cc1-400f-bf3a-5740b699ac21,8cab859b-a1e1-4edb-af95-4e847e1c93e4,2026-07-06,2026-07-06 17:00:41.185+00,2,email,2026-07-06 17:01:04.244+00
b8c7f1a4-f547-4979-b3f7-9dda0d1bfc81,0c96a57e-6cc1-400f-bf3a-5740b699ac21,968fc8e6-f918-4579-b0d1-26570ce5e94b,2026-07-07,2026-07-07 11:00:25.217+00,1,in_app,2026-07-07 11:00:25.512+00
ed2e5d70-6d16-424e-9582-44a550235ec6,0c96a57e-6cc1-400f-bf3a-5740b699ac21,968fc8e6-f918-4579-b0d1-26570ce5e94b,2026-07-07,2026-07-07 11:00:25.217+00,1,email,2026-07-07 11:00:26.036+00
3b183af6-853b-46b7-9ea9-cbac3050ce40,b16b90c0-67c9-46c5-ac6f-2ccb8f3b2a08,5d7214cd-c7d1-42ac-b859-b9e84dee9fab,2026-07-07,2026-07-07 11:00:25.217+00,2,in_app,2026-07-07 11:00:26.11+00
d517c507-6b21-4e4d-94b0-af6e41dfdd42,b16b90c0-67c9-46c5-ac6f-2ccb8f3b2a08,5d7214cd-c7d1-42ac-b859-b9e84dee9fab,2026-07-07,2026-07-07 11:00:25.217+00,2,email,2026-07-07 11:00:26.546+00
1bebe5c0-3470-4aeb-8bc5-38b3ac0425e7,8474aaf6-e7d1-4165-9bef-bf76bc701038,90bb1d12-5855-4f3e-aecb-e92f597e650c,2026-07-07,2026-07-07 11:00:25.217+00,1,in_app,2026-07-07 11:00:26.614+00
e88740e3-338a-448c-b6f0-9bead6cdbd48,8474aaf6-e7d1-4165-9bef-bf76bc701038,90bb1d12-5855-4f3e-aecb-e92f597e650c,2026-07-07,2026-07-07 11:00:25.217+00,1,email,2026-07-07 11:00:26.934+00
1403e125-5976-4760-95ea-ca8340e5697c,8396bd66-e3ed-4593-b985-3e380cd308eb,b0faf762-848b-4737-a04d-b2b4e1e8cc5b,2026-07-07,2026-07-07 11:00:25.217+00,2,in_app,2026-07-07 11:00:26.996+00
2bfbfec8-7ee6-496a-89ba-d224e67c27ce,8396bd66-e3ed-4593-b985-3e380cd308eb,b0faf762-848b-4737-a04d-b2b4e1e8cc5b,2026-07-07,2026-07-07 11:00:25.217+00,2,email,2026-07-07 11:00:27.59+00
019c0fc0-64f0-4ae3-8dfa-e70d75552865,72aeb445-484f-4979-8c2a-d34ec40b22b0,bdef184d-6217-4cdf-a59f-dc37008d13fd,2026-07-07,2026-07-07 11:00:25.217+00,7,in_app,2026-07-07 11:00:27.657+00
fc40e39e-a755-4f80-ba1f-1443dbbe6bb1,72aeb445-484f-4979-8c2a-d34ec40b22b0,bdef184d-6217-4cdf-a59f-dc37008d13fd,2026-07-07,2026-07-07 11:00:25.217+00,7,email,2026-07-07 11:00:27.972+00
4381712a-c513-49fe-8359-be9cd7fd885e,0c96a57e-6cc1-400f-bf3a-5740b699ac21,7b577c22-5513-42cc-ab19-2bf867e14ebc,2026-07-07,2026-07-07 11:00:25.217+00,2,in_app,2026-07-07 11:00:28.035+00
178639dc-e8bd-408a-bf64-754e28911898,0c96a57e-6cc1-400f-bf3a-5740b699ac21,7b577c22-5513-42cc-ab19-2bf867e14ebc,2026-07-07,2026-07-07 11:00:25.217+00,2,email,2026-07-07 11:00:28.38+00
7e274ea8-169c-4dad-87b2-bba04845c832,c1f13659-b28c-4d50-8375-5bf200294992,3519d0a1-12b5-4a38-bbd5-a5b9d518cb53,2026-07-07,2026-07-07 11:00:25.217+00,1,in_app,2026-07-07 11:00:28.445+00
3d46da3a-648b-441f-8b7f-b5a567daded7,c1f13659-b28c-4d50-8375-5bf200294992,3519d0a1-12b5-4a38-bbd5-a5b9d518cb53,2026-07-07,2026-07-07 11:00:25.217+00,1,email,2026-07-07 11:00:28.754+00
031333c8-678e-47ea-9a6c-16d97b209078,62a2569e-4be2-4326-bddd-3c6116ed18b0,6d3f8a2c-1a05-4e2a-b57e-d969b668049b,2026-07-07,2026-07-07 11:00:25.217+00,1,in_app,2026-07-07 11:00:28.821+00
094bde15-9fe9-47bc-a133-0ff1b79c38ad,62a2569e-4be2-4326-bddd-3c6116ed18b0,6d3f8a2c-1a05-4e2a-b57e-d969b668049b,2026-07-07,2026-07-07 11:00:25.217+00,1,email,2026-07-07 11:00:29.127+00
d65fbac3-e634-4aed-83d7-e627ae17830c,62a2569e-4be2-4326-bddd-3c6116ed18b0,7b577c22-5513-42cc-ab19-2bf867e14ebc,2026-07-07,2026-07-07 11:00:25.217+00,1,in_app,2026-07-07 11:00:29.196+00
f07d85fa-3873-435b-ae68-4f6195f086aa,62a2569e-4be2-4326-bddd-3c6116ed18b0,7b577c22-5513-42cc-ab19-2bf867e14ebc,2026-07-07,2026-07-07 11:00:25.217+00,1,email,2026-07-07 11:00:29.542+00
9b42884f-07cd-4dcd-b39e-ed83e278b1de,b16b90c0-67c9-46c5-ac6f-2ccb8f3b2a08,5d7214cd-c7d1-42ac-b859-b9e84dee9fab,2026-07-27,2026-07-27 11:00:02.405+00,1,in_app,2026-07-27 11:00:20.743+00
1c5568a8-a008-4fda-b74a-308beca6a806,b16b90c0-67c9-46c5-ac6f-2ccb8f3b2a08,5d7214cd-c7d1-42ac-b859-b9e84dee9fab,2026-07-27,2026-07-27 11:00:02.405+00,1,email,2026-07-27 11:00:21.507+00
17b7f6b5-db52-43e0-a6e4-82fee5bfeae0,62a2569e-4be2-4326-bddd-3c6116ed18b0,bdef184d-6217-4cdf-a59f-dc37008d13fd,2026-07-07,2026-07-07 11:00:25.217+00,1,in_app,2026-07-07 11:00:29.977+00
368a3bea-ff1a-4f57-876a-de0a6deaf986,62a2569e-4be2-4326-bddd-3c6116ed18b0,bdef184d-6217-4cdf-a59f-dc37008d13fd,2026-07-07,2026-07-07 11:00:25.217+00,1,email,2026-07-07 11:00:30.325+00
d242a85b-d525-49fa-b35a-a88f29282a36,b0737bfd-7bea-493b-8cfc-14946fcea8cd,90bb1d12-5855-4f3e-aecb-e92f597e650c,2026-07-07,2026-07-07 11:00:25.217+00,1,in_app,2026-07-07 11:00:30.388+00
6c3ac1d5-db5a-4a56-bba9-5e9a18f88277,b0737bfd-7bea-493b-8cfc-14946fcea8cd,90bb1d12-5855-4f3e-aecb-e92f597e650c,2026-07-07,2026-07-07 11:00:25.217+00,1,email,2026-07-07 11:00:30.813+00
78d94d82-40d3-4129-b260-d35a163ec0ad,9b5aa503-44ec-40de-9ceb-b1475639767e,2a266637-be4e-4088-9918-a51576912f5c,2026-07-07,2026-07-07 11:00:25.217+00,4,in_app,2026-07-07 11:00:30.872+00
ef281db4-1c97-4058-9c6d-b11ed10d64f2,9b5aa503-44ec-40de-9ceb-b1475639767e,2a266637-be4e-4088-9918-a51576912f5c,2026-07-07,2026-07-07 11:00:25.217+00,4,email,2026-07-07 11:00:31.2+00
c66c9ee0-0e2d-45ad-a7c9-6227b749ba76,b6617c09-9b4a-4ebc-bf50-e584b67edaa3,e5efecc9-f05f-479b-b2ea-81a2ed90fba4,2026-07-07,2026-07-07 11:00:25.217+00,1,in_app,2026-07-07 11:00:31.259+00
ef4ca2e6-6971-4746-a8b9-acf7b4c46dce,b6617c09-9b4a-4ebc-bf50-e584b67edaa3,e5efecc9-f05f-479b-b2ea-81a2ed90fba4,2026-07-07,2026-07-07 11:00:25.217+00,1,email,2026-07-07 11:00:31.574+00
777e7503-4aea-4cbf-9157-854231fe6504,fd63bafa-9a78-43fb-9311-f78b8cbfb667,d8eb23c1-2c90-4dfe-872a-aa3e3dcd6478,2026-07-07,2026-07-07 11:00:25.217+00,8,in_app,2026-07-07 11:00:31.677+00
9b7bc2b0-968c-48db-8a4b-6a3a07ccb441,fd63bafa-9a78-43fb-9311-f78b8cbfb667,d8eb23c1-2c90-4dfe-872a-aa3e3dcd6478,2026-07-07,2026-07-07 11:00:25.217+00,8,email,2026-07-07 11:00:32.021+00
af7874e7-f4d3-4de4-8f02-7878c1c9c1e1,0c96a57e-6cc1-400f-bf3a-5740b699ac21,6237fa09-ec4a-46ca-a99b-4f8afb3bf259,2026-07-07,2026-07-07 11:00:25.217+00,1,in_app,2026-07-07 11:00:32.085+00
bb0d128e-fe61-418c-a9e9-cabda8565dbe,0c96a57e-6cc1-400f-bf3a-5740b699ac21,6237fa09-ec4a-46ca-a99b-4f8afb3bf259,2026-07-07,2026-07-07 11:00:25.217+00,1,email,2026-07-07 11:00:32.449+00
77ecc157-fd1b-4935-b597-acc9a79d4742,b0737bfd-7bea-493b-8cfc-14946fcea8cd,32ccdbe1-627f-4fe3-a506-056b997ed89b,2026-07-07,2026-07-07 11:00:25.217+00,3,in_app,2026-07-07 11:00:32.511+00
5ec05bce-a115-43bb-baee-5e0c9e4fc78b,b0737bfd-7bea-493b-8cfc-14946fcea8cd,32ccdbe1-627f-4fe3-a506-056b997ed89b,2026-07-07,2026-07-07 11:00:25.217+00,3,email,2026-07-07 11:00:32.821+00
26309d9e-6833-4206-9f33-74be86e36d18,3870aadb-8625-4184-ac60-c6e20be4cdc5,a94fc469-4603-487f-ab7f-e2712197d510,2026-07-07,2026-07-07 11:00:25.217+00,6,in_app,2026-07-07 11:00:32.887+00
e786bdf4-9d20-4e68-98c2-197ddc8afdef,3870aadb-8625-4184-ac60-c6e20be4cdc5,a94fc469-4603-487f-ab7f-e2712197d510,2026-07-07,2026-07-07 11:00:25.217+00,6,email,2026-07-07 11:00:33.213+00
4e9b3534-8115-4117-9962-1fc48edb0f9e,bdcaf0e7-94cb-4745-ae1d-944ab5404b4d,c30e3590-04a3-4544-bf66-43228037bfc9,2026-07-07,2026-07-07 11:00:25.217+00,1,in_app,2026-07-07 11:00:33.266+00
32162450-893b-41c2-a996-bb1cf384acaa,bdcaf0e7-94cb-4745-ae1d-944ab5404b4d,c30e3590-04a3-4544-bf66-43228037bfc9,2026-07-07,2026-07-07 11:00:25.217+00,1,email,2026-07-07 11:00:33.589+00
902c9de5-54c4-492c-a6fa-272360225177,493aecc1-6791-4d62-bc63-f4f55c78e44e,a9c81e05-8b1a-47ad-a80d-dbc45603f068,2026-07-07,2026-07-07 11:00:25.217+00,1,in_app,2026-07-07 11:00:33.653+00
93dbfe16-4d4b-436b-b1ad-d5b264d4628d,493aecc1-6791-4d62-bc63-f4f55c78e44e,a9c81e05-8b1a-47ad-a80d-dbc45603f068,2026-07-07,2026-07-07 11:00:25.217+00,1,email,2026-07-07 11:00:33.967+00
2a75a9eb-0cf7-46d2-907f-79c231a6e241,8474aaf6-e7d1-4165-9bef-bf76bc701038,32ccdbe1-627f-4fe3-a506-056b997ed89b,2026-07-07,2026-07-07 11:00:25.217+00,3,in_app,2026-07-07 11:00:34.036+00
b70c4852-d249-41e6-bd7d-a0403b3067a6,8474aaf6-e7d1-4165-9bef-bf76bc701038,32ccdbe1-627f-4fe3-a506-056b997ed89b,2026-07-07,2026-07-07 11:00:25.217+00,3,email,2026-07-07 11:00:34.378+00
1a2dd2f6-e8e1-4992-9836-caebf3b166d1,c1f13659-b28c-4d50-8375-5bf200294992,658a0146-2d8a-4b2e-81e5-aa16fa9d0a30,2026-07-07,2026-07-07 11:00:25.217+00,1,in_app,2026-07-07 11:00:34.438+00
0d2e7101-b577-4b49-8f64-994f8e00b881,c1f13659-b28c-4d50-8375-5bf200294992,658a0146-2d8a-4b2e-81e5-aa16fa9d0a30,2026-07-07,2026-07-07 11:00:25.217+00,1,email,2026-07-07 11:00:34.76+00
da5a9b80-8729-4ff2-8264-f3f8c7f7912e,9066ac12-d1c6-4a15-ad74-4932bf8dd987,968fc8e6-f918-4579-b0d1-26570ce5e94b,2026-07-07,2026-07-07 11:00:25.217+00,2,in_app,2026-07-07 11:00:34.825+00
b6d8ece7-38d8-4794-bbcf-ebf8e6c60a81,9066ac12-d1c6-4a15-ad74-4932bf8dd987,968fc8e6-f918-4579-b0d1-26570ce5e94b,2026-07-07,2026-07-07 11:00:25.217+00,2,email,2026-07-07 11:00:35.157+00
fac25d7b-cded-435f-8528-3725164bd82c,04b00ab5-856d-4f95-962b-e9d97b33f207,a3c5b629-15d3-48a7-b5ab-694e63dc8b63,2026-07-07,2026-07-07 11:00:25.217+00,8,in_app,2026-07-07 11:00:35.219+00
ecc5834b-f889-4b61-8360-2c4dbd9c8af4,04b00ab5-856d-4f95-962b-e9d97b33f207,a3c5b629-15d3-48a7-b5ab-694e63dc8b63,2026-07-07,2026-07-07 11:00:25.217+00,8,email,2026-07-07 11:00:35.552+00
983044f0-652d-477c-9c03-c30e9c414119,0c96a57e-6cc1-400f-bf3a-5740b699ac21,27edf455-e61a-48a9-a846-e2c6f42999b5,2026-07-07,2026-07-07 11:00:25.217+00,1,in_app,2026-07-07 11:00:35.618+00
fd67e0ac-b7eb-4fb3-9e6a-1976e19a4532,0c96a57e-6cc1-400f-bf3a-5740b699ac21,27edf455-e61a-48a9-a846-e2c6f42999b5,2026-07-07,2026-07-07 11:00:25.217+00,1,email,2026-07-07 11:00:35.971+00
2d4b9b4c-45df-4279-8445-c3fe561364e9,ed586056-17ca-4287-936a-c16e642c63a6,8737f689-7c9e-414a-8391-5bf93d5ba600,2026-07-07,2026-07-07 11:00:25.217+00,1,in_app,2026-07-07 11:00:36.033+00
65755bfe-0d2d-47fc-9962-5437e2605505,ed586056-17ca-4287-936a-c16e642c63a6,8737f689-7c9e-414a-8391-5bf93d5ba600,2026-07-07,2026-07-07 11:00:25.217+00,1,email,2026-07-07 11:00:36.329+00
8976f611-156b-4a9a-ac44-6ee2e0581d22,2e6f6612-8033-42e0-b84d-b2ea8aded8ac,b3db042c-4932-4f66-8aff-3136ed50db97,2026-07-07,2026-07-07 11:00:25.217+00,7,in_app,2026-07-07 11:00:36.387+00
6c25f929-f61e-42cb-bbf2-d6883b06ac1a,2e6f6612-8033-42e0-b84d-b2ea8aded8ac,b3db042c-4932-4f66-8aff-3136ed50db97,2026-07-07,2026-07-07 11:00:25.217+00,7,email,2026-07-07 11:00:36.723+00
2284deac-a837-49c3-b181-de492e5a749b,493aecc1-6791-4d62-bc63-f4f55c78e44e,642b0596-7431-4f50-acff-1eb4199fab76,2026-07-07,2026-07-07 11:00:25.217+00,1,in_app,2026-07-07 11:00:36.781+00
d4373a4e-06b1-4187-b18a-a5751b117d41,493aecc1-6791-4d62-bc63-f4f55c78e44e,642b0596-7431-4f50-acff-1eb4199fab76,2026-07-07,2026-07-07 11:00:25.217+00,1,email,2026-07-07 11:00:37.076+00
3142c299-7f54-4d88-b5a0-d31d31bacb78,0c96a57e-6cc1-400f-bf3a-5740b699ac21,c6754833-e150-4c12-9149-45a6dfcd6eec,2026-07-07,2026-07-07 11:00:25.217+00,3,in_app,2026-07-07 11:00:37.134+00
b880431f-1a7e-4d35-aa12-a2d8a31bfeed,0c96a57e-6cc1-400f-bf3a-5740b699ac21,c6754833-e150-4c12-9149-45a6dfcd6eec,2026-07-07,2026-07-07 11:00:25.217+00,3,email,2026-07-07 11:00:37.461+00
9de4116c-b63b-40ab-943d-88b4a1331717,493aecc1-6791-4d62-bc63-f4f55c78e44e,7b577c22-5513-42cc-ab19-2bf867e14ebc,2026-07-07,2026-07-07 11:00:25.217+00,8,in_app,2026-07-07 11:00:37.519+00
62d5650d-7d33-4b35-88b8-58e8dfec350f,493aecc1-6791-4d62-bc63-f4f55c78e44e,7b577c22-5513-42cc-ab19-2bf867e14ebc,2026-07-07,2026-07-07 11:00:25.217+00,8,email,2026-07-07 11:00:38.3+00
bd6aaa0d-1e4a-4b2d-9c0c-4f3225bd894e,0ece46cd-9571-4f7f-8043-c1f2249b6cf9,6f58e5f8-b85c-4f92-89b7-1cf3ca9f22b6,2026-07-07,2026-07-07 11:00:25.217+00,2,in_app,2026-07-07 11:00:38.36+00
3e453dbc-f0f0-4167-b1c6-945aaecf2525,0ece46cd-9571-4f7f-8043-c1f2249b6cf9,6f58e5f8-b85c-4f92-89b7-1cf3ca9f22b6,2026-07-07,2026-07-07 11:00:25.217+00,2,email,2026-07-07 11:00:38.662+00
e469b187-718b-4570-a3d6-503af28f6c69,0ae36a43-2ef0-4a7d-b95a-edcc7d9ac3f2,7b577c22-5513-42cc-ab19-2bf867e14ebc,2026-07-07,2026-07-07 11:00:25.217+00,1,in_app,2026-07-07 11:00:38.718+00
05937b2e-42b4-4071-a03d-0dac2b2fa186,0ae36a43-2ef0-4a7d-b95a-edcc7d9ac3f2,7b577c22-5513-42cc-ab19-2bf867e14ebc,2026-07-07,2026-07-07 11:00:25.217+00,1,email,2026-07-07 11:00:39.034+00
88a371ff-1c49-4b4a-a05d-8db38e335d27,c1f13659-b28c-4d50-8375-5bf200294992,decc7faa-b202-42f1-9a04-fe15fe97a892,2026-07-07,2026-07-07 11:00:25.217+00,1,in_app,2026-07-07 11:00:39.089+00
707cb939-c680-492d-a180-0d209a022bc9,c1f13659-b28c-4d50-8375-5bf200294992,decc7faa-b202-42f1-9a04-fe15fe97a892,2026-07-07,2026-07-07 11:00:25.217+00,1,email,2026-07-07 11:00:39.405+00
982ca116-3561-42fe-b38d-28ab50a38aeb,678b734f-19e2-4622-ab4e-fccd86f4877f,8cab859b-a1e1-4edb-af95-4e847e1c93e4,2026-07-07,2026-07-07 11:00:25.217+00,2,email,2026-07-07 11:00:39.767+00
0b09c4fc-27f3-474b-b01a-1de720859dc2,0c96a57e-6cc1-400f-bf3a-5740b699ac21,5d7214cd-c7d1-42ac-b859-b9e84dee9fab,2026-07-07,2026-07-07 11:00:25.217+00,2,in_app,2026-07-07 11:00:39.905+00
890625e9-b002-4eef-853b-9dbf5f34ce3c,0c96a57e-6cc1-400f-bf3a-5740b699ac21,bdef184d-6217-4cdf-a59f-dc37008d13fd,2026-07-07,2026-07-07 11:00:25.217+00,8,in_app,2026-07-07 11:00:40.371+00
28b2b400-30d8-4abf-a1e6-be222a40b134,0c96a57e-6cc1-400f-bf3a-5740b699ac21,3519d0a1-12b5-4a38-bbd5-a5b9d518cb53,2026-07-07,2026-07-07 11:00:25.217+00,1,email,2026-07-07 11:00:41.076+00
e0e6a717-77cd-4534-b5c4-2c930a2ae86b,0c96a57e-6cc1-400f-bf3a-5740b699ac21,6d3f8a2c-1a05-4e2a-b57e-d969b668049b,2026-07-07,2026-07-07 11:00:25.217+00,1,email,2026-07-07 11:00:41.474+00
75033bef-2b9e-4937-9550-09ba3c6dbf56,0c96a57e-6cc1-400f-bf3a-5740b699ac21,ebe67fdd-2e23-43c0-8e9b-8abec2682d09,2026-07-07,2026-07-07 11:00:25.217+00,2,in_app,2026-07-07 11:00:41.533+00
03081110-0c75-4016-9157-cb2d6ae11c78,0c96a57e-6cc1-400f-bf3a-5740b699ac21,ebe67fdd-2e23-43c0-8e9b-8abec2682d09,2026-07-07,2026-07-07 11:00:25.217+00,2,email,2026-07-07 11:00:41.884+00
7b8fa12d-8e6f-44a4-8733-39d7202333ba,0c96a57e-6cc1-400f-bf3a-5740b699ac21,a94fc469-4603-487f-ab7f-e2712197d510,2026-07-07,2026-07-07 11:00:25.217+00,6,email,2026-07-07 11:00:43.085+00
5cccbfd3-abaf-4f16-9c00-a3da6e2fd489,0c96a57e-6cc1-400f-bf3a-5740b699ac21,658a0146-2d8a-4b2e-81e5-aa16fa9d0a30,2026-07-07,2026-07-07 11:00:25.217+00,1,in_app,2026-07-07 11:00:44.277+00
a5514079-5428-433e-b533-72f2df8b421b,0c96a57e-6cc1-400f-bf3a-5740b699ac21,b3db042c-4932-4f66-8aff-3136ed50db97,2026-07-07,2026-07-07 11:00:25.217+00,8,in_app,2026-07-07 11:00:45.102+00
db3f8fe5-0934-4f1d-9f06-92b951f81802,0c96a57e-6cc1-400f-bf3a-5740b699ac21,642b0596-7431-4f50-acff-1eb4199fab76,2026-07-07,2026-07-07 11:00:25.217+00,1,email,2026-07-07 11:00:45.807+00
ee4c6d81-b71f-44aa-a145-94b3f777c3fc,0c96a57e-6cc1-400f-bf3a-5740b699ac21,6f58e5f8-b85c-4f92-89b7-1cf3ca9f22b6,2026-07-07,2026-07-07 11:00:25.217+00,2,in_app,2026-07-07 11:00:45.895+00
e58e4c05-ea94-4457-859f-66dcb270b923,0c96a57e-6cc1-400f-bf3a-5740b699ac21,6f58e5f8-b85c-4f92-89b7-1cf3ca9f22b6,2026-07-07,2026-07-07 11:00:25.217+00,2,email,2026-07-07 11:00:46.201+00
05132359-bdee-45a9-8386-bbecc1e36ac1,0c96a57e-6cc1-400f-bf3a-5740b699ac21,8cab859b-a1e1-4edb-af95-4e847e1c93e4,2026-07-07,2026-07-07 11:00:25.217+00,2,in_app,2026-07-07 11:00:46.64+00
7fd05dff-07cb-4daf-922e-ba594a3ae05e,0c96a57e-6cc1-400f-bf3a-5740b699ac21,3519d0a1-12b5-4a38-bbd5-a5b9d518cb53,2026-07-10,2026-07-10 17:00:35.327+00,1,email,2026-07-10 17:00:57.496+00
227f3161-5526-418b-9090-75320dd58748,0c96a57e-6cc1-400f-bf3a-5740b699ac21,6d3f8a2c-1a05-4e2a-b57e-d969b668049b,2026-07-10,2026-07-10 17:00:35.327+00,1,email,2026-07-10 17:00:58.027+00
fc5839a3-416e-432b-935a-787822ff0cd8,0c96a57e-6cc1-400f-bf3a-5740b699ac21,ebe67fdd-2e23-43c0-8e9b-8abec2682d09,2026-07-10,2026-07-10 17:00:35.327+00,2,in_app,2026-07-10 17:00:58.151+00
13ad6d34-e776-4226-83ef-4abf5315b1c7,0c96a57e-6cc1-400f-bf3a-5740b699ac21,2a266637-be4e-4088-9918-a51576912f5c,2026-07-10,2026-07-10 17:00:35.327+00,4,in_app,2026-07-10 17:00:59.077+00
2975e137-b7af-446e-b5e2-6c802516ec9b,0c96a57e-6cc1-400f-bf3a-5740b699ac21,d8eb23c1-2c90-4dfe-872a-aa3e3dcd6478,2026-07-10,2026-07-10 17:00:35.327+00,8,in_app,2026-07-10 17:00:59.637+00
5098ed6d-bccb-4476-921e-9670b1befc32,0c96a57e-6cc1-400f-bf3a-5740b699ac21,642b0596-7431-4f50-acff-1eb4199fab76,2026-07-10,2026-07-10 17:00:35.327+00,1,in_app,2026-07-10 17:01:02.533+00
46870e90-453a-4bc0-b4ff-889d6159d128,0c96a57e-6cc1-400f-bf3a-5740b699ac21,decc7faa-b202-42f1-9a04-fe15fe97a892,2026-07-10,2026-07-10 17:00:35.327+00,1,in_app,2026-07-10 17:01:03.67+00
add50005-5e46-4142-a47e-5e5960342099,0c96a57e-6cc1-400f-bf3a-5740b699ac21,8cab859b-a1e1-4edb-af95-4e847e1c93e4,2026-07-10,2026-07-10 17:00:35.327+00,2,in_app,2026-07-10 17:01:04.467+00
0aef60e7-6f1a-4495-83b7-7463b092c187,0c96a57e-6cc1-400f-bf3a-5740b699ac21,8cab859b-a1e1-4edb-af95-4e847e1c93e4,2026-07-10,2026-07-10 17:00:35.327+00,2,email,2026-07-10 17:01:04.916+00
e583e94e-35e5-47a5-8aae-9329083fbcc2,0c96a57e-6cc1-400f-bf3a-5740b699ac21,6237fa09-ec4a-46ca-a99b-4f8afb3bf259,2026-07-13,2026-07-13 17:00:35.43+00,1,in_app,2026-07-13 17:00:44.077+00
5ddf85c6-b761-4fa1-804d-4d3989736807,0c96a57e-6cc1-400f-bf3a-5740b699ac21,6237fa09-ec4a-46ca-a99b-4f8afb3bf259,2026-07-13,2026-07-13 17:00:35.43+00,1,email,2026-07-13 17:00:44.473+00
0fc7ec82-35d2-4b1a-9bb3-24ba2af722f9,b0737bfd-7bea-493b-8cfc-14946fcea8cd,32ccdbe1-627f-4fe3-a506-056b997ed89b,2026-07-13,2026-07-13 17:00:35.43+00,3,in_app,2026-07-13 17:00:44.574+00
86a56e72-8ad3-40b4-8253-dcb8147ee429,0e2a45ad-2133-4d3e-822a-b61d069d1e56,3cbe0dd1-c806-4171-8fdf-002c7fe52d74,2026-07-13,2026-07-13 17:00:35.43+00,1,in_app,2026-07-13 17:00:44.926+00
2b1deabc-6357-45fc-af26-b94af3b2da68,9066ac12-d1c6-4a15-ad74-4932bf8dd987,968fc8e6-f918-4579-b0d1-26570ce5e94b,2026-07-13,2026-07-13 17:00:35.43+00,2,in_app,2026-07-13 17:00:45.725+00
3b144c5a-cc8f-4952-a974-4222d1d28678,0c96a57e-6cc1-400f-bf3a-5740b699ac21,27edf455-e61a-48a9-a846-e2c6f42999b5,2026-07-13,2026-07-13 17:00:35.43+00,1,email,2026-07-13 17:00:48.616+00
723f7776-a996-409b-bbbe-e0c23540e92b,ed586056-17ca-4287-936a-c16e642c63a6,8737f689-7c9e-414a-8391-5bf93d5ba600,2026-07-13,2026-07-13 17:00:35.43+00,1,email,2026-07-13 17:00:49.05+00
a12f5abe-159a-4024-910c-7f55bd54c5a3,0ece46cd-9571-4f7f-8043-c1f2249b6cf9,6f58e5f8-b85c-4f92-89b7-1cf3ca9f22b6,2026-07-13,2026-07-13 17:00:35.43+00,2,email,2026-07-13 17:00:51.41+00
a5a65a2f-9d99-432c-a6eb-8abfa0fd2a89,0ae36a43-2ef0-4a7d-b95a-edcc7d9ac3f2,7b577c22-5513-42cc-ab19-2bf867e14ebc,2026-07-13,2026-07-13 17:00:35.43+00,1,in_app,2026-07-13 17:00:51.478+00
5b82d3af-17ed-477d-9c73-0180c7257428,c1f13659-b28c-4d50-8375-5bf200294992,decc7faa-b202-42f1-9a04-fe15fe97a892,2026-07-13,2026-07-13 17:00:35.43+00,1,in_app,2026-07-13 17:00:51.911+00
d3cdc15c-5ff9-4b0d-ae0d-149589e231d1,c1f13659-b28c-4d50-8375-5bf200294992,decc7faa-b202-42f1-9a04-fe15fe97a892,2026-07-13,2026-07-13 17:00:35.43+00,1,email,2026-07-13 17:00:52.263+00
a7fca90b-499f-4e1e-8268-8258cc3449fa,678b734f-19e2-4622-ab4e-fccd86f4877f,8cab859b-a1e1-4edb-af95-4e847e1c93e4,2026-07-13,2026-07-13 17:00:35.43+00,2,email,2026-07-13 17:00:52.626+00
b817dcb7-897d-4004-a47c-42db7646c217,df71451b-bcd2-4602-9b7b-230b32f08b65,c30e3590-04a3-4544-bf66-43228037bfc9,2026-07-13,2026-07-13 17:00:35.43+00,1,email,2026-07-13 17:00:54.167+00
815d6f7c-aa84-4749-b453-97186f6ca876,0c96a57e-6cc1-400f-bf3a-5740b699ac21,6d3f8a2c-1a05-4e2a-b57e-d969b668049b,2026-07-13,2026-07-13 17:00:35.43+00,1,in_app,2026-07-13 17:00:55.094+00
b89ff7f2-c348-4dc3-ab64-f71c1db1cf78,0c96a57e-6cc1-400f-bf3a-5740b699ac21,6d3f8a2c-1a05-4e2a-b57e-d969b668049b,2026-07-13,2026-07-13 17:00:35.43+00,1,email,2026-07-13 17:00:55.48+00
cd5664ce-9c27-4eb4-bea8-426d032e0dd3,0c96a57e-6cc1-400f-bf3a-5740b699ac21,d8eb23c1-2c90-4dfe-872a-aa3e3dcd6478,2026-07-13,2026-07-13 17:00:35.43+00,8,in_app,2026-07-13 17:00:56.947+00
663c171f-493d-4962-bcbf-ce79f8c2c07c,0c96a57e-6cc1-400f-bf3a-5740b699ac21,28f7b9e8-9516-4a08-864c-9ff3e085ba87,2026-07-13,2026-07-13 17:00:35.43+00,1,in_app,2026-07-13 17:00:57.396+00
6af17955-1c4e-40b1-9824-9cee15201dab,0c96a57e-6cc1-400f-bf3a-5740b699ac21,3cbe0dd1-c806-4171-8fdf-002c7fe52d74,2026-07-13,2026-07-13 17:00:35.43+00,1,in_app,2026-07-13 17:00:57.747+00
82d8280a-aff5-432e-9d48-f0d248430b43,0c96a57e-6cc1-400f-bf3a-5740b699ac21,642b0596-7431-4f50-acff-1eb4199fab76,2026-07-13,2026-07-13 17:00:35.43+00,1,in_app,2026-07-13 17:00:59.633+00
9b2b79e4-245c-4dde-a352-d18c465a5477,0c96a57e-6cc1-400f-bf3a-5740b699ac21,642b0596-7431-4f50-acff-1eb4199fab76,2026-07-13,2026-07-13 17:00:35.43+00,1,email,2026-07-13 17:01:00.15+00
a32c148a-5bed-4d69-8290-a175829852bc,0c96a57e-6cc1-400f-bf3a-5740b699ac21,6f58e5f8-b85c-4f92-89b7-1cf3ca9f22b6,2026-07-13,2026-07-13 17:00:35.43+00,2,email,2026-07-13 17:01:00.706+00
8f7883a3-2edf-466c-87ac-2e15636fef0c,0c96a57e-6cc1-400f-bf3a-5740b699ac21,decc7faa-b202-42f1-9a04-fe15fe97a892,2026-07-13,2026-07-13 17:00:35.43+00,1,email,2026-07-13 17:01:01.147+00
90450941-f0ea-4700-bb96-adb2111aeb4d,0c96a57e-6cc1-400f-bf3a-5740b699ac21,8cab859b-a1e1-4edb-af95-4e847e1c93e4,2026-07-13,2026-07-13 17:00:35.43+00,2,in_app,2026-07-13 17:01:01.243+00
252bf7a0-5eb9-4c63-836a-9d852d74a87a,0c96a57e-6cc1-400f-bf3a-5740b699ac21,1c2d5668-5cd9-49a7-a138-3ccd2bea5cbb,2026-07-13,2026-07-13 17:00:35.43+00,1,email,2026-07-13 17:01:02.342+00
00dc53b5-edf5-4a0f-b9a6-262f62d7b96c,0c96a57e-6cc1-400f-bf3a-5740b699ac21,3258f102-8146-4986-964f-8c8f53441300,2026-07-18,2026-07-18 11:00:23.202+00,2,email,2026-07-18 11:00:43.656+00
c92b3643-ec09-4944-a804-16477f24ba32,0c96a57e-6cc1-400f-bf3a-5740b699ac21,b3db042c-4932-4f66-8aff-3136ed50db97,2026-07-18,2026-07-18 11:00:23.202+00,8,email,2026-07-18 11:00:44.246+00
133aa7de-2bbc-414c-bb8b-d9112ff36cc9,0c96a57e-6cc1-400f-bf3a-5740b699ac21,642b0596-7431-4f50-acff-1eb4199fab76,2026-07-18,2026-07-18 11:00:23.202+00,1,email,2026-07-18 11:00:44.793+00
134ac967-2996-4efa-a36d-a93d90dd7373,4c1d6869-b323-4864-80a4-fe459ed57fe7,9bd5cccc-e18f-432e-ae67-dc33103d5791,2026-07-20,2026-07-20 11:01:03.985+00,1,email,2026-07-20 11:01:11.618+00
031b96d2-d96a-4c17-a229-44b7a0010909,493aecc1-6791-4d62-bc63-f4f55c78e44e,642b0596-7431-4f50-acff-1eb4199fab76,2026-07-20,2026-07-20 11:01:03.985+00,1,in_app,2026-07-20 11:01:14.273+00
219953d9-397f-47a4-bd04-225a4b11b77e,493aecc1-6791-4d62-bc63-f4f55c78e44e,642b0596-7431-4f50-acff-1eb4199fab76,2026-07-20,2026-07-20 11:01:03.985+00,1,email,2026-07-20 11:01:14.511+00
52d24af0-aa84-435e-bcc7-c41a5e9ea102,0ae36a43-2ef0-4a7d-b95a-edcc7d9ac3f2,7b577c22-5513-42cc-ab19-2bf867e14ebc,2026-07-20,2026-07-20 11:01:03.985+00,1,in_app,2026-07-20 11:01:15.496+00
768d18b5-ad0d-4fa6-9cfe-7c9889810af2,0ae36a43-2ef0-4a7d-b95a-edcc7d9ac3f2,7b577c22-5513-42cc-ab19-2bf867e14ebc,2026-07-20,2026-07-20 11:01:03.985+00,1,email,2026-07-20 11:01:15.752+00
537d0b23-cd4b-4631-80ca-f4d17bced9f7,0c96a57e-6cc1-400f-bf3a-5740b699ac21,a94fc469-4603-487f-ab7f-e2712197d510,2026-07-20,2026-07-20 11:01:03.985+00,12,in_app,2026-07-20 11:01:16.845+00
6cff13e9-f9b5-4892-ae5b-1534d716a771,0c96a57e-6cc1-400f-bf3a-5740b699ac21,a94fc469-4603-487f-ab7f-e2712197d510,2026-07-20,2026-07-20 11:01:03.985+00,12,email,2026-07-20 11:01:17.095+00
685bc594-ec2d-46e9-9e26-3afca29b9e83,0c96a57e-6cc1-400f-bf3a-5740b699ac21,28f7b9e8-9516-4a08-864c-9ff3e085ba87,2026-07-20,2026-07-20 11:01:03.985+00,1,in_app,2026-07-20 11:01:19.191+00
15d481ec-a338-4dd1-b57b-0112d50045cb,0c96a57e-6cc1-400f-bf3a-5740b699ac21,a3c5b629-15d3-48a7-b5ab-694e63dc8b63,2026-07-20,2026-07-20 11:01:03.985+00,8,in_app,2026-07-20 11:01:19.586+00
06b3fcd9-61b1-4520-bced-18fbf109db4d,0c96a57e-6cc1-400f-bf3a-5740b699ac21,9bd5cccc-e18f-432e-ae67-dc33103d5791,2026-07-20,2026-07-20 11:01:03.985+00,1,in_app,2026-07-20 11:01:19.888+00
aa4cc75a-5d1f-4af9-ba69-0bf7449b41dd,0c96a57e-6cc1-400f-bf3a-5740b699ac21,9bd5cccc-e18f-432e-ae67-dc33103d5791,2026-07-20,2026-07-20 11:01:03.985+00,1,email,2026-07-20 11:01:20.138+00
f9729deb-8801-4b83-bd38-678ce029e490,0c96a57e-6cc1-400f-bf3a-5740b699ac21,3258f102-8146-4986-964f-8c8f53441300,2026-07-20,2026-07-20 11:01:03.985+00,2,in_app,2026-07-20 11:01:20.52+00
f620fdf2-bb6c-465a-b43e-e488f19b76a0,0c96a57e-6cc1-400f-bf3a-5740b699ac21,3258f102-8146-4986-964f-8c8f53441300,2026-07-20,2026-07-20 11:01:03.985+00,2,email,2026-07-20 11:01:20.773+00
0d446a88-1e86-4c80-be4d-0e63b9475ef2,0c96a57e-6cc1-400f-bf3a-5740b699ac21,6f58e5f8-b85c-4f92-89b7-1cf3ca9f22b6,2026-07-20,2026-07-20 11:01:03.985+00,1,in_app,2026-07-20 11:01:21.602+00
dd892a42-0c28-49ab-bf91-895819fe7d06,0c96a57e-6cc1-400f-bf3a-5740b699ac21,6f58e5f8-b85c-4f92-89b7-1cf3ca9f22b6,2026-07-20,2026-07-20 11:01:03.985+00,1,email,2026-07-20 11:01:21.867+00
1cbdeb0c-5dcd-4c5a-936f-d7aae8db6f87,0c96a57e-6cc1-400f-bf3a-5740b699ac21,8cab859b-a1e1-4edb-af95-4e847e1c93e4,2026-07-20,2026-07-20 11:01:03.985+00,2,in_app,2026-07-20 11:01:22.251+00
b34d07b0-6d2a-4d7c-b900-7c384aa71eb3,0c96a57e-6cc1-400f-bf3a-5740b699ac21,8cab859b-a1e1-4edb-af95-4e847e1c93e4,2026-07-20,2026-07-20 11:01:03.985+00,2,email,2026-07-20 11:01:22.518+00
135a9e53-b14b-470c-8ad3-45c2ce2db88d,0c96a57e-6cc1-400f-bf3a-5740b699ac21,1c2d5668-5cd9-49a7-a138-3ccd2bea5cbb,2026-07-20,2026-07-20 11:01:03.985+00,1,in_app,2026-07-20 11:01:22.578+00
407cf532-6a14-4e7d-83f7-9668b99dce15,0c96a57e-6cc1-400f-bf3a-5740b699ac21,1c2d5668-5cd9-49a7-a138-3ccd2bea5cbb,2026-07-20,2026-07-20 11:01:03.985+00,1,email,2026-07-20 11:01:22.838+00
6ff9885b-25b4-4322-9c57-0396c77d517f,678b734f-19e2-4622-ab4e-fccd86f4877f,8cab859b-a1e1-4edb-af95-4e847e1c93e4,2026-07-07,2026-07-07 11:00:25.217+00,2,in_app,2026-07-07 11:00:39.467+00
eb24b633-61c1-49b5-ac80-c9a657091d67,0c96a57e-6cc1-400f-bf3a-5740b699ac21,5d7214cd-c7d1-42ac-b859-b9e84dee9fab,2026-07-07,2026-07-07 11:00:25.217+00,2,email,2026-07-07 11:00:40.24+00
7392d388-1555-4c2d-a327-22d66d79a4c2,0c96a57e-6cc1-400f-bf3a-5740b699ac21,d8eb23c1-2c90-4dfe-872a-aa3e3dcd6478,2026-07-07,2026-07-07 11:00:25.217+00,8,email,2026-07-07 11:00:42.646+00
48b79ea1-8c3d-47d8-a741-c352288a2b0f,0c96a57e-6cc1-400f-bf3a-5740b699ac21,a94fc469-4603-487f-ab7f-e2712197d510,2026-07-07,2026-07-07 11:00:25.217+00,6,in_app,2026-07-07 11:00:42.734+00
e8e3ecd4-2dc3-4414-8c48-b73fbc761a79,df71451b-bcd2-4602-9b7b-230b32f08b65,c30e3590-04a3-4544-bf66-43228037bfc9,2026-07-07,2026-07-07 11:00:25.217+00,1,in_app,2026-07-07 11:00:43.14+00
f17618e3-f555-4b4b-a139-f25e45de4c12,0c96a57e-6cc1-400f-bf3a-5740b699ac21,28f7b9e8-9516-4a08-864c-9ff3e085ba87,2026-07-07,2026-07-07 11:00:25.217+00,1,in_app,2026-07-07 11:00:43.525+00
390c4bbd-808d-4efc-b4ef-6d57ac34c483,0c96a57e-6cc1-400f-bf3a-5740b699ac21,decc7faa-b202-42f1-9a04-fe15fe97a892,2026-07-07,2026-07-07 11:00:25.217+00,1,email,2026-07-07 11:00:46.582+00
62a698ec-fe2b-4539-9f97-94cecba07a4d,0c96a57e-6cc1-400f-bf3a-5740b699ac21,968fc8e6-f918-4579-b0d1-26570ce5e94b,2026-07-11,2026-07-11 11:00:34.494+00,1,in_app,2026-07-11 11:00:34.819+00
0f0948f2-fd88-4d9a-9824-117aa682b98a,0c96a57e-6cc1-400f-bf3a-5740b699ac21,968fc8e6-f918-4579-b0d1-26570ce5e94b,2026-07-11,2026-07-11 11:00:34.494+00,1,email,2026-07-11 11:00:35.292+00
3e875213-cca0-4146-aa20-54e29c518aa6,3870aadb-8625-4184-ac60-c6e20be4cdc5,a94fc469-4603-487f-ab7f-e2712197d510,2026-07-11,2026-07-11 11:00:34.494+00,10,in_app,2026-07-11 11:00:35.361+00
1791d0cc-679b-48bb-b859-1c9f225ef573,3870aadb-8625-4184-ac60-c6e20be4cdc5,a94fc469-4603-487f-ab7f-e2712197d510,2026-07-11,2026-07-11 11:00:34.494+00,10,email,2026-07-11 11:00:35.679+00
9b695906-6513-45f1-8a6e-3355df5b4431,0c96a57e-6cc1-400f-bf3a-5740b699ac21,7b577c22-5513-42cc-ab19-2bf867e14ebc,2026-07-11,2026-07-11 11:00:34.494+00,2,email,2026-07-11 11:00:37.487+00
bcd68707-cff6-4739-b178-0da7a7500aa4,62a2569e-4be2-4326-bddd-3c6116ed18b0,6d3f8a2c-1a05-4e2a-b57e-d969b668049b,2026-07-11,2026-07-11 11:00:34.494+00,1,in_app,2026-07-11 11:00:37.939+00
d53e9ba9-56a5-4ce9-a9aa-22bfa90a5b6c,62a2569e-4be2-4326-bddd-3c6116ed18b0,6d3f8a2c-1a05-4e2a-b57e-d969b668049b,2026-07-11,2026-07-11 11:00:34.494+00,1,email,2026-07-11 11:00:38.245+00
4a8971a3-1099-4282-b07e-bd5bb9175d50,62a2569e-4be2-4326-bddd-3c6116ed18b0,bdef184d-6217-4cdf-a59f-dc37008d13fd,2026-07-11,2026-07-11 11:00:34.494+00,1,email,2026-07-11 11:00:39.408+00
eafb717e-a753-4ba3-a3a2-205d7ea279ca,b0737bfd-7bea-493b-8cfc-14946fcea8cd,90bb1d12-5855-4f3e-aecb-e92f597e650c,2026-07-11,2026-07-11 11:00:34.494+00,1,in_app,2026-07-11 11:00:39.463+00
7c1bcd04-d911-459e-bf65-a6176508f750,9b5aa503-44ec-40de-9ceb-b1475639767e,2a266637-be4e-4088-9918-a51576912f5c,2026-07-11,2026-07-11 11:00:34.494+00,4,in_app,2026-07-11 11:00:39.843+00
5cceca45-d005-427d-9265-03ee21728982,b6617c09-9b4a-4ebc-bf50-e584b67edaa3,e5efecc9-f05f-479b-b2ea-81a2ed90fba4,2026-07-11,2026-07-11 11:00:34.494+00,1,email,2026-07-11 11:00:40.538+00
c311039a-40ee-449a-bbc9-856356a51bd8,b0737bfd-7bea-493b-8cfc-14946fcea8cd,32ccdbe1-627f-4fe3-a506-056b997ed89b,2026-07-11,2026-07-11 11:00:34.494+00,3,in_app,2026-07-11 11:00:41.327+00
b38fccaa-ba51-435d-9dda-37d536419023,8474aaf6-e7d1-4165-9bef-bf76bc701038,32ccdbe1-627f-4fe3-a506-056b997ed89b,2026-07-11,2026-07-11 11:00:34.494+00,3,email,2026-07-11 11:00:42.027+00
279bf1eb-aacc-416e-8b9d-9e6251b208b4,0c96a57e-6cc1-400f-bf3a-5740b699ac21,ebe67fdd-2e23-43c0-8e9b-8abec2682d09,2026-07-13,2026-07-13 17:00:35.43+00,2,email,2026-07-13 17:00:56.345+00
aa21ee81-de26-46b5-90cd-5a22c0b779c7,0c96a57e-6cc1-400f-bf3a-5740b699ac21,3cbe0dd1-c806-4171-8fdf-002c7fe52d74,2026-07-13,2026-07-13 17:00:35.43+00,1,email,2026-07-13 17:00:58.094+00
34e3d6c7-b097-45b9-a52b-155c355a7520,0c96a57e-6cc1-400f-bf3a-5740b699ac21,a3c5b629-15d3-48a7-b5ab-694e63dc8b63,2026-07-13,2026-07-13 17:00:35.43+00,8,email,2026-07-13 17:00:58.556+00
bccb8b41-3a12-4438-a297-bd366e5b66bd,0c96a57e-6cc1-400f-bf3a-5740b699ac21,b3db042c-4932-4f66-8aff-3136ed50db97,2026-07-13,2026-07-13 17:00:35.43+00,8,email,2026-07-13 17:00:59.539+00
e5ea4905-5bdf-47bc-86f3-3d6b5fe3db3d,0c96a57e-6cc1-400f-bf3a-5740b699ac21,1c2d5668-5cd9-49a7-a138-3ccd2bea5cbb,2026-07-13,2026-07-13 17:00:35.43+00,1,in_app,2026-07-13 17:01:01.778+00
db5af3a9-9771-43c9-9248-bd20fb572161,0c96a57e-6cc1-400f-bf3a-5740b699ac21,968fc8e6-f918-4579-b0d1-26570ce5e94b,2026-07-18,2026-07-18 17:00:49.245+00,1,in_app,2026-07-18 17:00:49.457+00
59def6f6-5d7c-4f89-9380-c60f0228a2d9,0c96a57e-6cc1-400f-bf3a-5740b699ac21,968fc8e6-f918-4579-b0d1-26570ce5e94b,2026-07-18,2026-07-18 17:00:49.245+00,1,email,2026-07-18 17:00:49.974+00
bdba8747-1d92-4f38-bdd3-7296e1a7e06e,8474aaf6-e7d1-4165-9bef-bf76bc701038,90bb1d12-5855-4f3e-aecb-e92f597e650c,2026-07-18,2026-07-18 17:00:49.245+00,1,in_app,2026-07-18 17:00:50.502+00
af02bc43-46af-412b-9a95-43f6b51168d5,8474aaf6-e7d1-4165-9bef-bf76bc701038,90bb1d12-5855-4f3e-aecb-e92f597e650c,2026-07-18,2026-07-18 17:00:49.245+00,1,email,2026-07-18 17:00:50.786+00
2fbc074d-c560-4725-83f7-72c26ff9c27d,72aeb445-484f-4979-8c2a-d34ec40b22b0,bdef184d-6217-4cdf-a59f-dc37008d13fd,2026-07-18,2026-07-18 17:00:49.245+00,7,email,2026-07-18 17:00:51.146+00
1324e59f-8c37-4e93-85c9-38b1fb727577,62a2569e-4be2-4326-bddd-3c6116ed18b0,6d3f8a2c-1a05-4e2a-b57e-d969b668049b,2026-07-18,2026-07-18 17:00:49.245+00,1,email,2026-07-18 17:00:51.839+00
79d7ce14-d6d4-4301-bb7e-617a0e754edd,2f940451-4cf3-44e3-9040-07942e4146c1,b874694b-f463-4dbd-bb6f-b04f121a8802,2026-07-18,2026-07-18 17:00:49.245+00,1,email,2026-07-18 17:00:52.528+00
a880885a-12eb-4e6a-8e5c-d3e7236b0ede,62a2569e-4be2-4326-bddd-3c6116ed18b0,bdef184d-6217-4cdf-a59f-dc37008d13fd,2026-07-18,2026-07-18 17:00:49.245+00,1,email,2026-07-18 17:00:53.369+00
5c5be825-41cd-4356-ab50-b1836a59054d,b6617c09-9b4a-4ebc-bf50-e584b67edaa3,e5efecc9-f05f-479b-b2ea-81a2ed90fba4,2026-07-18,2026-07-18 17:00:49.245+00,1,in_app,2026-07-18 17:00:54.096+00
83fdcec0-11d5-4038-8f18-c310ff74ede7,fd63bafa-9a78-43fb-9311-f78b8cbfb667,d8eb23c1-2c90-4dfe-872a-aa3e3dcd6478,2026-07-18,2026-07-18 17:00:49.245+00,8,in_app,2026-07-18 17:00:54.657+00
72a26cd7-62a3-469a-88a9-8b8c893b8d4b,fd63bafa-9a78-43fb-9311-f78b8cbfb667,d8eb23c1-2c90-4dfe-872a-aa3e3dcd6478,2026-07-18,2026-07-18 17:00:49.245+00,8,email,2026-07-18 17:00:54.944+00
254bd9ab-d3c5-4688-89e1-76422607d35c,8474aaf6-e7d1-4165-9bef-bf76bc701038,32ccdbe1-627f-4fe3-a506-056b997ed89b,2026-07-18,2026-07-18 17:00:49.245+00,4,in_app,2026-07-18 17:00:55.002+00
7a8b32c1-1550-477d-ba7e-c578cb9a9873,0c96a57e-6cc1-400f-bf3a-5740b699ac21,6237fa09-ec4a-46ca-a99b-4f8afb3bf259,2026-07-18,2026-07-18 17:00:49.245+00,1,in_app,2026-07-18 17:00:55.336+00
b51b7d19-6082-4cd9-bf1e-d4fe63a84a5a,b0737bfd-7bea-493b-8cfc-14946fcea8cd,32ccdbe1-627f-4fe3-a506-056b997ed89b,2026-07-18,2026-07-18 17:00:49.245+00,3,email,2026-07-18 17:00:55.959+00
dd598960-3d3c-40fc-bb7d-3567f8070700,9647402f-c830-48fb-92a7-e1e0f719045f,9d005015-cf2c-4590-9c46-e55e56c7696d,2026-07-18,2026-07-18 17:00:49.245+00,1,email,2026-07-18 17:00:56.319+00
c76ad088-9bfe-4f79-b2ab-431d9751f248,0c96a57e-6cc1-400f-bf3a-5740b699ac21,d8eb23c1-2c90-4dfe-872a-aa3e3dcd6478,2026-07-18,2026-07-18 17:00:49.245+00,8,in_app,2026-07-18 17:01:04.694+00
fcf03b0e-ed99-4f85-8c41-7dfb292e4047,0c96a57e-6cc1-400f-bf3a-5740b699ac21,3258f102-8146-4986-964f-8c8f53441300,2026-07-18,2026-07-18 17:00:49.245+00,2,in_app,2026-07-18 17:01:06.075+00
3b66d0c3-6d19-4b6d-9ebd-5404b9448e11,0c96a57e-6cc1-400f-bf3a-5740b699ac21,b3db042c-4932-4f66-8aff-3136ed50db97,2026-07-18,2026-07-18 17:00:49.245+00,8,email,2026-07-18 17:01:06.744+00
68dc17d2-9c9c-43ed-89d0-ef59c08d6a62,0c96a57e-6cc1-400f-bf3a-5740b699ac21,8cab859b-a1e1-4edb-af95-4e847e1c93e4,2026-07-18,2026-07-18 17:00:49.245+00,2,in_app,2026-07-18 17:01:07.832+00
c5e8e32f-e24f-4d80-b447-fceb14999fdc,0c96a57e-6cc1-400f-bf3a-5740b699ac21,8cab859b-a1e1-4edb-af95-4e847e1c93e4,2026-07-18,2026-07-18 17:00:49.245+00,2,email,2026-07-18 17:01:08.109+00
4c1adad6-7391-4bc9-9616-9c26540ccdbd,0c96a57e-6cc1-400f-bf3a-5740b699ac21,1c2d5668-5cd9-49a7-a138-3ccd2bea5cbb,2026-07-18,2026-07-18 17:00:49.245+00,1,email,2026-07-18 17:01:08.45+00
2eec08d8-1a39-4670-a868-1a50ed058917,c1f13659-b28c-4d50-8375-5bf200294992,1c2d5668-5cd9-49a7-a138-3ccd2bea5cbb,2026-07-20,2026-07-20 11:01:03.985+00,1,email,2026-07-20 11:01:16.7+00
ca19b642-bfe3-4360-8d51-625e44ec10b6,0c96a57e-6cc1-400f-bf3a-5740b699ac21,bdef184d-6217-4cdf-a59f-dc37008d13fd,2026-07-20,2026-07-20 11:01:03.985+00,8,in_app,2026-07-20 11:01:17.189+00
7fe4ea9d-df55-4a52-8fc8-5dc31272e93c,0c96a57e-6cc1-400f-bf3a-5740b699ac21,bdef184d-6217-4cdf-a59f-dc37008d13fd,2026-07-20,2026-07-20 11:01:03.985+00,8,email,2026-07-20 11:01:17.448+00
91158971-a766-4212-8f4b-5401bb3a514d,0c96a57e-6cc1-400f-bf3a-5740b699ac21,2a266637-be4e-4088-9918-a51576912f5c,2026-07-20,2026-07-20 11:01:03.985+00,4,in_app,2026-07-20 11:01:18.496+00
31eaf5a7-92ee-4324-aefa-13a6352ddcf6,0c96a57e-6cc1-400f-bf3a-5740b699ac21,2a266637-be4e-4088-9918-a51576912f5c,2026-07-20,2026-07-20 11:01:03.985+00,4,email,2026-07-20 11:01:18.754+00
6d8da572-074f-4191-ba5b-f449b28cf907,0c96a57e-6cc1-400f-bf3a-5740b699ac21,28f7b9e8-9516-4a08-864c-9ff3e085ba87,2026-07-20,2026-07-20 11:01:03.985+00,1,email,2026-07-20 11:01:19.489+00
7cf13aee-23c5-4e8f-88cd-9d957c5689d9,0c96a57e-6cc1-400f-bf3a-5740b699ac21,5d7214cd-c7d1-42ac-b859-b9e84dee9fab,2026-07-20,2026-07-20 11:01:03.985+00,1,in_app,2026-07-20 11:01:20.194+00
adbf9ea7-b99c-4846-9af4-9a34c42ae18c,0c96a57e-6cc1-400f-bf3a-5740b699ac21,5d7214cd-c7d1-42ac-b859-b9e84dee9fab,2026-07-20,2026-07-20 11:01:03.985+00,1,email,2026-07-20 11:01:20.461+00
5c8addbd-4773-41bc-b719-b067aaebb4a1,0c96a57e-6cc1-400f-bf3a-5740b699ac21,decc7faa-b202-42f1-9a04-fe15fe97a892,2026-07-20,2026-07-20 11:01:03.985+00,1,in_app,2026-07-20 11:01:21.927+00
d539cbeb-f99f-41d0-9c00-a77ea06b9bb2,0c96a57e-6cc1-400f-bf3a-5740b699ac21,decc7faa-b202-42f1-9a04-fe15fe97a892,2026-07-20,2026-07-20 11:01:03.985+00,1,email,2026-07-20 11:01:22.189+00
4ef008b2-f894-4c0c-9cb8-9c67a701d961,0c96a57e-6cc1-400f-bf3a-5740b699ac21,3258f102-8146-4986-964f-8c8f53441300,2026-07-21,2026-07-21 11:00:03.241+00,2,email,2026-07-21 11:00:34.647+00
bb068809-47aa-4589-be38-de3622b4786e,0c96a57e-6cc1-400f-bf3a-5740b699ac21,8cab859b-a1e1-4edb-af95-4e847e1c93e4,2026-07-21,2026-07-21 11:00:03.241+00,2,email,2026-07-21 11:00:37.41+00
19a18098-31eb-4074-ab0c-03af403f973b,72aeb445-484f-4979-8c2a-d34ec40b22b0,bdef184d-6217-4cdf-a59f-dc37008d13fd,2026-07-21,2026-07-21 17:00:04.437+00,7,in_app,2026-07-21 17:00:06.468+00
2ac30d7b-2ba0-4e05-8029-10a75e2b3e21,72aeb445-484f-4979-8c2a-d34ec40b22b0,bdef184d-6217-4cdf-a59f-dc37008d13fd,2026-07-21,2026-07-21 17:00:04.437+00,7,email,2026-07-21 17:00:07.074+00
08e5608c-66d6-4273-b33b-4bcd590783b6,62a2569e-4be2-4326-bddd-3c6116ed18b0,7b577c22-5513-42cc-ab19-2bf867e14ebc,2026-07-21,2026-07-21 17:00:04.437+00,1,in_app,2026-07-21 17:00:07.906+00
d803bf9c-d9a1-451d-963c-8b7d2c2b792d,2f940451-4cf3-44e3-9040-07942e4146c1,b874694b-f463-4dbd-bb6f-b04f121a8802,2026-07-21,2026-07-21 17:00:04.437+00,1,in_app,2026-07-21 17:00:08.308+00
4236794e-b560-4faa-bb8b-9312a6984e6f,2f940451-4cf3-44e3-9040-07942e4146c1,b874694b-f463-4dbd-bb6f-b04f121a8802,2026-07-21,2026-07-21 17:00:04.437+00,1,email,2026-07-21 17:00:08.611+00
60aa470f-6e41-4677-a825-a5f306a85915,b6617c09-9b4a-4ebc-bf50-e584b67edaa3,e5efecc9-f05f-479b-b2ea-81a2ed90fba4,2026-07-21,2026-07-21 17:00:04.437+00,1,in_app,2026-07-21 17:00:09.967+00
e1c88405-ee17-4e78-9eb5-7b1c65ed36c9,b6617c09-9b4a-4ebc-bf50-e584b67edaa3,e5efecc9-f05f-479b-b2ea-81a2ed90fba4,2026-07-21,2026-07-21 17:00:04.437+00,1,email,2026-07-21 17:00:10.223+00
36010342-55c5-42f7-a799-b7597f218637,0c96a57e-6cc1-400f-bf3a-5740b699ac21,6237fa09-ec4a-46ca-a99b-4f8afb3bf259,2026-07-21,2026-07-21 17:00:04.437+00,1,in_app,2026-07-21 17:00:10.643+00
ea7adb54-10bb-452a-a417-fde1f034cd26,0c96a57e-6cc1-400f-bf3a-5740b699ac21,6237fa09-ec4a-46ca-a99b-4f8afb3bf259,2026-07-21,2026-07-21 17:00:04.437+00,1,email,2026-07-21 17:00:10.906+00
8caffb4f-df12-4827-bba5-9242636ce58c,8396bd66-e3ed-4593-b985-3e380cd308eb,b0faf762-848b-4737-a04d-b2b4e1e8cc5b,2026-07-27,2026-07-27 11:00:02.405+00,1,email,2026-07-27 11:00:22.808+00
fb7bd86a-b58b-4450-960c-1c03ac8a4341,0c96a57e-6cc1-400f-bf3a-5740b699ac21,27edf455-e61a-48a9-a846-e2c6f42999b5,2026-07-27,2026-07-27 11:00:02.405+00,1,in_app,2026-07-27 11:00:24.026+00
7d199b58-caf9-4839-a7a1-7bfccbf1eb28,8474aaf6-e7d1-4165-9bef-bf76bc701038,32ccdbe1-627f-4fe3-a506-056b997ed89b,2026-07-21,2026-07-21 17:00:04.437+00,3,in_app,2026-07-21 17:00:11.72+00
bc69dfdb-a57a-4cd3-8c24-cdf0a22b3738,0c96a57e-6cc1-400f-bf3a-5740b699ac21,bdef184d-6217-4cdf-a59f-dc37008d13fd,2026-07-07,2026-07-07 11:00:25.217+00,8,email,2026-07-07 11:00:40.676+00
18871a6e-2e8d-4bea-97d9-a8f0965b9358,0c96a57e-6cc1-400f-bf3a-5740b699ac21,a9c81e05-8b1a-47ad-a80d-dbc45603f068,2026-07-07,2026-07-07 11:00:25.217+00,1,in_app,2026-07-07 11:00:43.898+00
dfae575a-8a4d-4f6a-b3b1-b6beb86ad584,0c96a57e-6cc1-400f-bf3a-5740b699ac21,a9c81e05-8b1a-47ad-a80d-dbc45603f068,2026-07-07,2026-07-07 11:00:25.217+00,1,email,2026-07-07 11:00:44.217+00
986e908b-4631-4d71-aacd-db84db60a6b9,0c96a57e-6cc1-400f-bf3a-5740b699ac21,b3db042c-4932-4f66-8aff-3136ed50db97,2026-07-07,2026-07-07 11:00:25.217+00,8,email,2026-07-07 11:00:45.418+00
3371b70e-0b5b-4ccf-9741-49e575b148cf,0c96a57e-6cc1-400f-bf3a-5740b699ac21,642b0596-7431-4f50-acff-1eb4199fab76,2026-07-07,2026-07-07 11:00:25.217+00,1,in_app,2026-07-07 11:00:45.476+00
393aabbb-1bca-461f-8dd1-bbca8e13838b,8474aaf6-e7d1-4165-9bef-bf76bc701038,90bb1d12-5855-4f3e-aecb-e92f597e650c,2026-07-11,2026-07-11 11:00:34.494+00,1,in_app,2026-07-11 11:00:35.743+00
a349f0bc-c323-4550-b1f0-eee80e12d7cd,8474aaf6-e7d1-4165-9bef-bf76bc701038,90bb1d12-5855-4f3e-aecb-e92f597e650c,2026-07-11,2026-07-11 11:00:34.494+00,1,email,2026-07-11 11:00:36.067+00
afe10bf4-da4c-45be-aff4-2235a04bafc7,8396bd66-e3ed-4593-b985-3e380cd308eb,b0faf762-848b-4737-a04d-b2b4e1e8cc5b,2026-07-11,2026-07-11 11:00:34.494+00,2,in_app,2026-07-11 11:00:36.126+00
e3a5adbc-f195-4580-9ff1-ce88d14f1ded,8396bd66-e3ed-4593-b985-3e380cd308eb,b0faf762-848b-4737-a04d-b2b4e1e8cc5b,2026-07-11,2026-07-11 11:00:34.494+00,2,email,2026-07-11 11:00:36.728+00
4f61dbe9-cada-4c3b-8639-79d187b2e6a5,72aeb445-484f-4979-8c2a-d34ec40b22b0,bdef184d-6217-4cdf-a59f-dc37008d13fd,2026-07-11,2026-07-11 11:00:34.494+00,7,in_app,2026-07-11 11:00:36.79+00
fc9491b1-46c3-425b-9b22-855a3b172f31,72aeb445-484f-4979-8c2a-d34ec40b22b0,bdef184d-6217-4cdf-a59f-dc37008d13fd,2026-07-11,2026-07-11 11:00:34.494+00,7,email,2026-07-11 11:00:37.099+00
a4d6d54f-3dbb-4fd7-a14f-305d2c8a5852,c1f13659-b28c-4d50-8375-5bf200294992,3519d0a1-12b5-4a38-bbd5-a5b9d518cb53,2026-07-11,2026-07-11 11:00:34.494+00,1,in_app,2026-07-11 11:00:37.554+00
3fda59cd-8804-45aa-acc2-f11465e930b8,62a2569e-4be2-4326-bddd-3c6116ed18b0,7b577c22-5513-42cc-ab19-2bf867e14ebc,2026-07-11,2026-07-11 11:00:34.494+00,1,in_app,2026-07-11 11:00:38.303+00
3bcc527f-113e-4589-a2a6-36859eb9b57e,62a2569e-4be2-4326-bddd-3c6116ed18b0,7b577c22-5513-42cc-ab19-2bf867e14ebc,2026-07-11,2026-07-11 11:00:34.494+00,1,email,2026-07-11 11:00:38.616+00
3e39a21a-f426-45a7-947f-5914dc36b82c,1ed74e00-4a16-47cb-84fc-8021943b5fa3,760fc14a-229e-4212-9aa9-f90de968af69,2026-07-27,2026-07-27 11:00:02.405+00,1,in_app,2026-07-27 11:00:22.897+00
08842cf0-5977-4227-8875-11631752a224,62a2569e-4be2-4326-bddd-3c6116ed18b0,bdef184d-6217-4cdf-a59f-dc37008d13fd,2026-07-11,2026-07-11 11:00:34.494+00,1,in_app,2026-07-11 11:00:39.06+00
93bdf697-c628-4181-9cc5-e66b992077cb,9b5aa503-44ec-40de-9ceb-b1475639767e,2a266637-be4e-4088-9918-a51576912f5c,2026-07-11,2026-07-11 11:00:34.494+00,4,email,2026-07-11 11:00:40.152+00
150d9cd8-9a7d-40a2-80ab-d5fa53d6506e,0c96a57e-6cc1-400f-bf3a-5740b699ac21,6237fa09-ec4a-46ca-a99b-4f8afb3bf259,2026-07-11,2026-07-11 11:00:34.494+00,1,in_app,2026-07-11 11:00:40.973+00
52e1de8e-88a7-4447-954f-bf259fcbae13,0c96a57e-6cc1-400f-bf3a-5740b699ac21,6237fa09-ec4a-46ca-a99b-4f8afb3bf259,2026-07-11,2026-07-11 11:00:34.494+00,1,email,2026-07-11 11:00:41.271+00
179d6b44-2955-432d-bea0-9d569b63ad61,9066ac12-d1c6-4a15-ad74-4932bf8dd987,968fc8e6-f918-4579-b0d1-26570ce5e94b,2026-07-11,2026-07-11 11:00:34.494+00,2,email,2026-07-11 11:00:43.138+00
d44c35fc-2d07-4187-86d3-4063fc332786,04b00ab5-856d-4f95-962b-e9d97b33f207,a3c5b629-15d3-48a7-b5ab-694e63dc8b63,2026-07-11,2026-07-11 11:00:34.494+00,8,email,2026-07-11 11:00:43.526+00
b6c70674-7c09-4c26-bc5b-4fe04b174c15,0c96a57e-6cc1-400f-bf3a-5740b699ac21,c6754833-e150-4c12-9149-45a6dfcd6eec,2026-07-11,2026-07-11 11:00:34.494+00,3,in_app,2026-07-11 11:00:45.003+00
113d77a3-3ff3-46e0-a6de-c5d4fd1b1c08,c1f13659-b28c-4d50-8375-5bf200294992,decc7faa-b202-42f1-9a04-fe15fe97a892,2026-07-11,2026-07-11 11:00:34.494+00,1,email,2026-07-11 11:00:46.829+00
3d7945f9-a325-40f1-9292-c65375b2ab75,0c96a57e-6cc1-400f-bf3a-5740b699ac21,2a266637-be4e-4088-9918-a51576912f5c,2026-07-11,2026-07-11 11:00:34.494+00,4,email,2026-07-11 11:00:50.149+00
0e975225-40a2-4393-bb45-bb24287a1aa3,0c96a57e-6cc1-400f-bf3a-5740b699ac21,28f7b9e8-9516-4a08-864c-9ff3e085ba87,2026-07-13,2026-07-13 17:00:35.43+00,1,email,2026-07-13 17:00:57.683+00
5c68ab4e-cd40-47c3-a92d-b7a9a93f475c,0c96a57e-6cc1-400f-bf3a-5740b699ac21,3258f102-8146-4986-964f-8c8f53441300,2026-07-13,2026-07-13 17:00:35.43+00,2,in_app,2026-07-13 17:00:58.65+00
b28c6034-9624-46d9-9c25-df1bf8ab3ebd,0c96a57e-6cc1-400f-bf3a-5740b699ac21,3258f102-8146-4986-964f-8c8f53441300,2026-07-13,2026-07-13 17:00:35.43+00,2,email,2026-07-13 17:00:59.016+00
b59bf55f-1d68-4312-80bc-164e349e0025,0c96a57e-6cc1-400f-bf3a-5740b699ac21,b3db042c-4932-4f66-8aff-3136ed50db97,2026-07-13,2026-07-13 17:00:35.43+00,8,in_app,2026-07-13 17:00:59.189+00
b8cb99f6-fe66-412f-a1cb-17a4b1352a81,3870aadb-8625-4184-ac60-c6e20be4cdc5,a94fc469-4603-487f-ab7f-e2712197d510,2026-07-18,2026-07-18 17:00:49.245+00,11,in_app,2026-07-18 17:00:50.059+00
ff277406-6488-487a-81dc-e0d7c4341264,3870aadb-8625-4184-ac60-c6e20be4cdc5,a94fc469-4603-487f-ab7f-e2712197d510,2026-07-18,2026-07-18 17:00:49.245+00,11,email,2026-07-18 17:00:50.433+00
d59a2e8f-eb19-4a01-84dd-cd6d86dfa22c,72aeb445-484f-4979-8c2a-d34ec40b22b0,bdef184d-6217-4cdf-a59f-dc37008d13fd,2026-07-18,2026-07-18 17:00:49.245+00,7,in_app,2026-07-18 17:00:50.85+00
70ceb9a2-3f64-4e59-87c6-4f44d9f7f7df,62a2569e-4be2-4326-bddd-3c6116ed18b0,7b577c22-5513-42cc-ab19-2bf867e14ebc,2026-07-18,2026-07-18 17:00:49.245+00,1,in_app,2026-07-18 17:00:51.9+00
3ff48e84-4d3f-4d8e-b250-7a9cad552c4a,62a2569e-4be2-4326-bddd-3c6116ed18b0,7b577c22-5513-42cc-ab19-2bf867e14ebc,2026-07-18,2026-07-18 17:00:49.245+00,1,email,2026-07-18 17:00:52.177+00
4c782bad-55e9-4364-a82a-18195950dc4f,1ed74e00-4a16-47cb-84fc-8021943b5fa3,760fc14a-229e-4212-9aa9-f90de968af69,2026-07-27,2026-07-27 11:00:02.405+00,1,email,2026-07-27 11:00:23.247+00
f9efd803-f34c-48ee-aa60-ac6d0fd63718,2a72272f-56f2-4104-9952-5d3d8b19ff1d,27edf455-e61a-48a9-a846-e2c6f42999b5,2026-07-27,2026-07-27 11:00:02.405+00,1,in_app,2026-07-27 11:00:23.334+00
090a4fe2-fca0-4a36-b925-3d383b728fae,b6617c09-9b4a-4ebc-bf50-e584b67edaa3,e5efecc9-f05f-479b-b2ea-81a2ed90fba4,2026-07-18,2026-07-18 17:00:49.245+00,1,email,2026-07-18 17:00:54.586+00
4ad5b720-3b80-4c0a-b1a2-8cc2a15373de,0c96a57e-6cc1-400f-bf3a-5740b699ac21,6237fa09-ec4a-46ca-a99b-4f8afb3bf259,2026-07-18,2026-07-18 17:00:49.245+00,1,email,2026-07-18 17:00:55.617+00
fcf13eeb-73ad-4d54-9a0e-cbcc763ab121,b0737bfd-7bea-493b-8cfc-14946fcea8cd,32ccdbe1-627f-4fe3-a506-056b997ed89b,2026-07-18,2026-07-18 17:00:49.245+00,3,in_app,2026-07-18 17:00:55.673+00
9e6c34e6-ec1e-4383-ba04-dc2a3ed6515d,9647402f-c830-48fb-92a7-e1e0f719045f,9d005015-cf2c-4590-9c46-e55e56c7696d,2026-07-18,2026-07-18 17:00:49.245+00,1,in_app,2026-07-18 17:00:56.017+00
3c176179-540f-42c7-bd1d-420e43a48427,9066ac12-d1c6-4a15-ad74-4932bf8dd987,968fc8e6-f918-4579-b0d1-26570ce5e94b,2026-07-18,2026-07-18 17:00:49.245+00,2,email,2026-07-18 17:00:56.718+00
07e2ed5a-1b28-4c64-bae7-02a3b963d3dd,04b00ab5-856d-4f95-962b-e9d97b33f207,a3c5b629-15d3-48a7-b5ab-694e63dc8b63,2026-07-18,2026-07-18 17:00:49.245+00,8,in_app,2026-07-18 17:00:56.781+00
e423f295-d707-4a8a-b2ba-0661d7fbaa37,04b00ab5-856d-4f95-962b-e9d97b33f207,a3c5b629-15d3-48a7-b5ab-694e63dc8b63,2026-07-18,2026-07-18 17:00:49.245+00,8,email,2026-07-18 17:00:57.071+00
cd922b4d-688e-4cf4-a0ba-26a20b5aa2df,b16b90c0-67c9-46c5-ac6f-2ccb8f3b2a08,5d7214cd-c7d1-42ac-b859-b9e84dee9fab,2026-07-18,2026-07-18 17:00:49.245+00,1,email,2026-07-18 17:00:57.386+00
6f235c33-b0f7-4b7e-a27c-a6df90df4431,678c949f-b372-4aba-9d9b-26d422134531,3258f102-8146-4986-964f-8c8f53441300,2026-07-18,2026-07-18 17:00:49.245+00,2,in_app,2026-07-18 17:00:57.442+00
8502ac35-4b3d-4be7-bfa1-c08120ca4b79,678c949f-b372-4aba-9d9b-26d422134531,3258f102-8146-4986-964f-8c8f53441300,2026-07-18,2026-07-18 17:00:49.245+00,2,email,2026-07-18 17:00:57.741+00
0a706bfa-a515-47a3-8faf-73f90ac17467,8396bd66-e3ed-4593-b985-3e380cd308eb,b0faf762-848b-4737-a04d-b2b4e1e8cc5b,2026-07-18,2026-07-18 17:00:49.245+00,1,email,2026-07-18 17:00:58.322+00
cbc99474-1dda-4fb9-803e-a2cb19dd33f6,0c96a57e-6cc1-400f-bf3a-5740b699ac21,27edf455-e61a-48a9-a846-e2c6f42999b5,2026-07-18,2026-07-18 17:00:49.245+00,1,email,2026-07-18 17:00:58.645+00
bc13c983-3e10-4113-ac5f-e771f716123e,2e6f6612-8033-42e0-b84d-b2ea8aded8ac,b3db042c-4932-4f66-8aff-3136ed50db97,2026-07-18,2026-07-18 17:00:49.245+00,7,in_app,2026-07-18 17:00:59.018+00
ac9c6f92-be15-41b1-8b65-c1a21de4c8c1,0c96a57e-6cc1-400f-bf3a-5740b699ac21,a94fc469-4603-487f-ab7f-e2712197d510,2026-07-18,2026-07-18 17:00:49.245+00,11,email,2026-07-18 17:01:02.933+00
91753634-56a1-4fb3-bc51-d2b8eff53464,0c96a57e-6cc1-400f-bf3a-5740b699ac21,28f7b9e8-9516-4a08-864c-9ff3e085ba87,2026-07-18,2026-07-18 17:00:49.245+00,1,in_app,2026-07-18 17:01:05.051+00
e06e4705-f723-411e-a3de-9ac6404f2019,0c96a57e-6cc1-400f-bf3a-5740b699ac21,a3c5b629-15d3-48a7-b5ab-694e63dc8b63,2026-07-18,2026-07-18 17:00:49.245+00,8,in_app,2026-07-18 17:01:05.417+00
bd1bf72f-7d3e-4264-aada-c8ecaf82dea6,0c96a57e-6cc1-400f-bf3a-5740b699ac21,a3c5b629-15d3-48a7-b5ab-694e63dc8b63,2026-07-18,2026-07-18 17:00:49.245+00,8,email,2026-07-18 17:01:05.693+00
69f6bab9-724f-4cdb-bb29-76beda2c81c7,0c96a57e-6cc1-400f-bf3a-5740b699ac21,968fc8e6-f918-4579-b0d1-26570ce5e94b,2026-07-21,2026-07-21 11:00:03.241+00,1,in_app,2026-07-21 11:00:03.519+00
b35482f5-e7c6-4826-b24c-8f84def7fb72,0c96a57e-6cc1-400f-bf3a-5740b699ac21,968fc8e6-f918-4579-b0d1-26570ce5e94b,2026-07-21,2026-07-21 11:00:03.241+00,1,email,2026-07-21 11:00:05.497+00
020e2b00-7408-41dc-ba20-c19e941a41a4,72aeb445-484f-4979-8c2a-d34ec40b22b0,bdef184d-6217-4cdf-a59f-dc37008d13fd,2026-07-21,2026-07-21 11:00:03.241+00,7,in_app,2026-07-21 11:00:07.689+00
0ead0dd6-fc76-4641-a130-2d10131a5524,72aeb445-484f-4979-8c2a-d34ec40b22b0,bdef184d-6217-4cdf-a59f-dc37008d13fd,2026-07-21,2026-07-21 11:00:03.241+00,7,email,2026-07-21 11:00:08.216+00
5f337bfa-91db-4272-a210-e1843b9503c6,0c96a57e-6cc1-400f-bf3a-5740b699ac21,7b577c22-5513-42cc-ab19-2bf867e14ebc,2026-07-21,2026-07-21 11:00:03.241+00,2,in_app,2026-07-21 11:00:08.319+00
989b3a2b-29a9-4515-afa2-d3486d074d0b,62a2569e-4be2-4326-bddd-3c6116ed18b0,7b577c22-5513-42cc-ab19-2bf867e14ebc,2026-07-21,2026-07-21 11:00:03.241+00,1,in_app,2026-07-21 11:00:09.79+00
ffbae05d-5e5a-4885-b5ec-ed7ba6922de7,62a2569e-4be2-4326-bddd-3c6116ed18b0,7b577c22-5513-42cc-ab19-2bf867e14ebc,2026-07-21,2026-07-21 11:00:03.241+00,1,email,2026-07-21 11:00:10.264+00
5971c029-009d-40bc-bbe5-6a6204f7f8a2,2f940451-4cf3-44e3-9040-07942e4146c1,b874694b-f463-4dbd-bb6f-b04f121a8802,2026-07-21,2026-07-21 11:00:03.241+00,1,in_app,2026-07-21 11:00:10.364+00
df1c327a-06ee-4eff-9c81-54183c180320,2f940451-4cf3-44e3-9040-07942e4146c1,b874694b-f463-4dbd-bb6f-b04f121a8802,2026-07-21,2026-07-21 11:00:03.241+00,1,email,2026-07-21 11:00:11.682+00
8dc456b8-7ec8-47d3-bc95-a08174b221c6,b0737bfd-7bea-493b-8cfc-14946fcea8cd,32ccdbe1-627f-4fe3-a506-056b997ed89b,2026-07-21,2026-07-21 11:00:03.241+00,3,in_app,2026-07-21 11:00:16.857+00
09e65f3a-aa88-47e9-a843-6c7f55cb71da,b0737bfd-7bea-493b-8cfc-14946fcea8cd,32ccdbe1-627f-4fe3-a506-056b997ed89b,2026-07-21,2026-07-21 11:00:03.241+00,3,email,2026-07-21 11:00:17.315+00
de3c1689-69ac-4347-bfd5-b69b5989401c,8474aaf6-e7d1-4165-9bef-bf76bc701038,32ccdbe1-627f-4fe3-a506-056b997ed89b,2026-07-21,2026-07-21 11:00:03.241+00,3,in_app,2026-07-21 11:00:17.412+00
4bd878bc-8905-4cd1-bb5c-94e4feace321,9647402f-c830-48fb-92a7-e1e0f719045f,9d005015-cf2c-4590-9c46-e55e56c7696d,2026-07-21,2026-07-21 11:00:03.241+00,2,in_app,2026-07-21 11:00:17.944+00
95b08ff6-757c-4b92-98e7-1181ee67f8ea,9647402f-c830-48fb-92a7-e1e0f719045f,9d005015-cf2c-4590-9c46-e55e56c7696d,2026-07-21,2026-07-21 11:00:03.241+00,2,email,2026-07-21 11:00:18.334+00
e7fc04b1-3d10-43c3-b06b-65169886c1aa,9066ac12-d1c6-4a15-ad74-4932bf8dd987,968fc8e6-f918-4579-b0d1-26570ce5e94b,2026-07-21,2026-07-21 11:00:03.241+00,2,in_app,2026-07-21 11:00:18.438+00
b12d691a-d99a-4a25-8efc-1ff1ad0d941c,4c1d6869-b323-4864-80a4-fe459ed57fe7,9bd5cccc-e18f-432e-ae67-dc33103d5791,2026-07-21,2026-07-21 11:00:03.241+00,1,in_app,2026-07-21 11:00:19.403+00
abe1cc85-f450-4566-926a-1269e9ab7992,8396bd66-e3ed-4593-b985-3e380cd308eb,b0faf762-848b-4737-a04d-b2b4e1e8cc5b,2026-07-21,2026-07-21 11:00:03.241+00,1,in_app,2026-07-21 11:00:21.071+00
4269025b-8ae3-4840-b090-2b3311ab274e,493aecc1-6791-4d62-bc63-f4f55c78e44e,7b577c22-5513-42cc-ab19-2bf867e14ebc,2026-07-21,2026-07-21 11:00:03.241+00,7,in_app,2026-07-21 11:00:26.069+00
02fceb44-2ad9-4a07-83c7-4b6edfe98402,0c96a57e-6cc1-400f-bf3a-5740b699ac21,3519d0a1-12b5-4a38-bbd5-a5b9d518cb53,2026-07-07,2026-07-07 11:00:25.217+00,1,in_app,2026-07-07 11:00:40.765+00
2a002432-3bb5-4b5b-b83e-a6b936fccb62,0c96a57e-6cc1-400f-bf3a-5740b699ac21,6d3f8a2c-1a05-4e2a-b57e-d969b668049b,2026-07-07,2026-07-07 11:00:25.217+00,1,in_app,2026-07-07 11:00:41.14+00
0f4bc4bf-c21d-458c-8268-2adddb60f2c4,0c96a57e-6cc1-400f-bf3a-5740b699ac21,2a266637-be4e-4088-9918-a51576912f5c,2026-07-07,2026-07-07 11:00:25.217+00,4,in_app,2026-07-07 11:00:41.942+00
3dfcd892-043a-4894-93d6-4c8ba319bd6c,0c96a57e-6cc1-400f-bf3a-5740b699ac21,2a266637-be4e-4088-9918-a51576912f5c,2026-07-07,2026-07-07 11:00:25.217+00,4,email,2026-07-07 11:00:42.25+00
d9fd6860-622a-4618-8842-9ace26a5754f,0c96a57e-6cc1-400f-bf3a-5740b699ac21,d8eb23c1-2c90-4dfe-872a-aa3e3dcd6478,2026-07-07,2026-07-07 11:00:25.217+00,8,in_app,2026-07-07 11:00:42.343+00
46bc6100-15a1-467e-84c5-efe2bdc69eda,df71451b-bcd2-4602-9b7b-230b32f08b65,c30e3590-04a3-4544-bf66-43228037bfc9,2026-07-07,2026-07-07 11:00:25.217+00,1,email,2026-07-07 11:00:43.467+00
ce3aa39a-75f6-45e2-8c70-9d92fdb7d73b,0c96a57e-6cc1-400f-bf3a-5740b699ac21,28f7b9e8-9516-4a08-864c-9ff3e085ba87,2026-07-07,2026-07-07 11:00:25.217+00,1,email,2026-07-07 11:00:43.84+00
5b51cd15-6d1d-4d40-b48d-873d977b8be6,0c96a57e-6cc1-400f-bf3a-5740b699ac21,658a0146-2d8a-4b2e-81e5-aa16fa9d0a30,2026-07-07,2026-07-07 11:00:25.217+00,1,email,2026-07-07 11:00:44.589+00
ea5e5911-908a-4e3a-b1bc-9feb82ac92b5,0c96a57e-6cc1-400f-bf3a-5740b699ac21,a3c5b629-15d3-48a7-b5ab-694e63dc8b63,2026-07-07,2026-07-07 11:00:25.217+00,8,in_app,2026-07-07 11:00:44.643+00
7b310d80-5fda-4e5c-8c48-5a2b01617f07,0c96a57e-6cc1-400f-bf3a-5740b699ac21,a3c5b629-15d3-48a7-b5ab-694e63dc8b63,2026-07-07,2026-07-07 11:00:25.217+00,8,email,2026-07-07 11:00:44.972+00
2833bb4a-069b-4017-b0b6-135e62df1afe,0c96a57e-6cc1-400f-bf3a-5740b699ac21,decc7faa-b202-42f1-9a04-fe15fe97a892,2026-07-07,2026-07-07 11:00:25.217+00,1,in_app,2026-07-07 11:00:46.259+00
76482339-2e7e-4f0c-941d-f3e0e367f10f,0c96a57e-6cc1-400f-bf3a-5740b699ac21,8cab859b-a1e1-4edb-af95-4e847e1c93e4,2026-07-07,2026-07-07 11:00:25.217+00,2,email,2026-07-07 11:00:46.977+00
4f717597-356b-4bce-95ff-9338214424d5,0c96a57e-6cc1-400f-bf3a-5740b699ac21,7b577c22-5513-42cc-ab19-2bf867e14ebc,2026-07-11,2026-07-11 11:00:34.494+00,2,in_app,2026-07-11 11:00:37.159+00
f65c10ff-20cc-4167-8003-4d9a1f56c477,2a72272f-56f2-4104-9952-5d3d8b19ff1d,27edf455-e61a-48a9-a846-e2c6f42999b5,2026-07-27,2026-07-27 11:00:02.405+00,1,email,2026-07-27 11:00:23.943+00
510b9511-68b7-47c5-8abe-5292a7706be4,b0737bfd-7bea-493b-8cfc-14946fcea8cd,32ccdbe1-627f-4fe3-a506-056b997ed89b,2026-07-11,2026-07-11 11:00:34.494+00,3,email,2026-07-11 11:00:41.649+00
545e7d0d-73c5-493d-9630-e20ba80ce6ee,c1f13659-b28c-4d50-8375-5bf200294992,658a0146-2d8a-4b2e-81e5-aa16fa9d0a30,2026-07-11,2026-07-11 11:00:34.494+00,1,in_app,2026-07-11 11:00:42.087+00
9334dd88-e439-4573-8bd2-296c53e4c802,9647402f-c830-48fb-92a7-e1e0f719045f,9d005015-cf2c-4590-9c46-e55e56c7696d,2026-07-11,2026-07-11 11:00:34.494+00,1,email,2026-07-11 11:00:42.776+00
4986f6d5-d993-462e-800f-2836cce80dd4,ed586056-17ca-4287-936a-c16e642c63a6,8737f689-7c9e-414a-8391-5bf93d5ba600,2026-07-11,2026-07-11 11:00:34.494+00,1,in_app,2026-07-11 11:00:43.957+00
f195a399-d4ee-4c59-9bca-af14955f989a,2e6f6612-8033-42e0-b84d-b2ea8aded8ac,b3db042c-4932-4f66-8aff-3136ed50db97,2026-07-11,2026-07-11 11:00:34.494+00,7,in_app,2026-07-11 11:00:44.293+00
3f84829a-f453-4ffb-8452-92f4bf0d7797,2e6f6612-8033-42e0-b84d-b2ea8aded8ac,b3db042c-4932-4f66-8aff-3136ed50db97,2026-07-11,2026-07-11 11:00:34.494+00,7,email,2026-07-11 11:00:44.604+00
80a15c41-6260-4451-a247-0e807b33a9cc,493aecc1-6791-4d62-bc63-f4f55c78e44e,7b577c22-5513-42cc-ab19-2bf867e14ebc,2026-07-11,2026-07-11 11:00:34.494+00,7,in_app,2026-07-11 11:00:45.371+00
d66373e6-6cf5-445f-84c8-7eeb884f735c,c1f13659-b28c-4d50-8375-5bf200294992,1c2d5668-5cd9-49a7-a138-3ccd2bea5cbb,2026-07-11,2026-07-11 11:00:34.494+00,1,in_app,2026-07-11 11:00:47.24+00
0e8f0771-e7ee-4ab8-b91f-dd2b3ca125a0,0c96a57e-6cc1-400f-bf3a-5740b699ac21,a94fc469-4603-487f-ab7f-e2712197d510,2026-07-11,2026-07-11 11:00:34.494+00,10,in_app,2026-07-11 11:00:47.724+00
73c4aa0f-a65a-4f3d-9989-f36342751709,0c96a57e-6cc1-400f-bf3a-5740b699ac21,a94fc469-4603-487f-ab7f-e2712197d510,2026-07-11,2026-07-11 11:00:34.494+00,10,email,2026-07-11 11:00:48.042+00
6dcc035a-c775-40dd-82df-c292d094d1ac,0c96a57e-6cc1-400f-bf3a-5740b699ac21,d8eb23c1-2c90-4dfe-872a-aa3e3dcd6478,2026-07-11,2026-07-11 11:00:34.494+00,8,in_app,2026-07-11 11:00:50.238+00
0a0a10ee-c500-417e-be29-a2112e531e08,0c96a57e-6cc1-400f-bf3a-5740b699ac21,a3c5b629-15d3-48a7-b5ab-694e63dc8b63,2026-07-11,2026-07-11 11:00:34.494+00,8,email,2026-07-11 11:00:51.748+00
f9cad9b0-9952-4f15-b6c9-9a50e05d8bba,0c96a57e-6cc1-400f-bf3a-5740b699ac21,1c2d5668-5cd9-49a7-a138-3ccd2bea5cbb,2026-07-11,2026-07-11 11:00:34.494+00,1,in_app,2026-07-11 11:00:53.744+00
ae76d1e3-53dd-46b0-bb29-0cc84da93b44,0c96a57e-6cc1-400f-bf3a-5740b699ac21,968fc8e6-f918-4579-b0d1-26570ce5e94b,2026-07-14,2026-07-14 11:01:25.445+00,1,in_app,2026-07-14 11:01:25.73+00
0e7e2beb-ece2-450c-b198-3adab7f13b05,0c96a57e-6cc1-400f-bf3a-5740b699ac21,968fc8e6-f918-4579-b0d1-26570ce5e94b,2026-07-14,2026-07-14 11:01:25.445+00,1,email,2026-07-14 11:01:26.143+00
2edbfaa0-1ea2-4a9b-b591-729ffe3f6035,3870aadb-8625-4184-ac60-c6e20be4cdc5,a94fc469-4603-487f-ab7f-e2712197d510,2026-07-14,2026-07-14 11:01:25.445+00,11,email,2026-07-14 11:01:26.588+00
e85072a0-bb89-4b7e-b80f-e76afcd05d7d,c1f13659-b28c-4d50-8375-5bf200294992,3519d0a1-12b5-4a38-bbd5-a5b9d518cb53,2026-07-14,2026-07-14 11:01:25.445+00,1,in_app,2026-07-14 11:01:28.44+00
3e4aba1e-d3ba-42f2-8ad2-4e35d716b73c,b0737bfd-7bea-493b-8cfc-14946fcea8cd,32ccdbe1-627f-4fe3-a506-056b997ed89b,2026-07-14,2026-07-14 11:01:25.445+00,3,email,2026-07-14 11:01:33.558+00
413285ee-ba38-4237-ba70-0f89942ef43c,9647402f-c830-48fb-92a7-e1e0f719045f,9d005015-cf2c-4590-9c46-e55e56c7696d,2026-07-14,2026-07-14 11:01:25.445+00,1,email,2026-07-14 11:01:34.392+00
c3cfd46a-fad1-4451-8909-5b42b153edcf,678c949f-b372-4aba-9d9b-26d422134531,3258f102-8146-4986-964f-8c8f53441300,2026-07-14,2026-07-14 11:01:25.445+00,2,email,2026-07-14 11:01:35.664+00
ae79ad7d-a4fa-442f-a963-ab390c181318,8396bd66-e3ed-4593-b985-3e380cd308eb,b0faf762-848b-4737-a04d-b2b4e1e8cc5b,2026-07-14,2026-07-14 11:01:25.445+00,1,email,2026-07-14 11:01:36.323+00
7b08e07b-136e-453a-8847-443d23a96f3a,0c96a57e-6cc1-400f-bf3a-5740b699ac21,27edf455-e61a-48a9-a846-e2c6f42999b5,2026-07-14,2026-07-14 11:01:25.445+00,1,email,2026-07-14 11:01:36.727+00
59ec4952-cfa6-4af5-b037-b9ccc75d797e,493aecc1-6791-4d62-bc63-f4f55c78e44e,642b0596-7431-4f50-acff-1eb4199fab76,2026-07-14,2026-07-14 11:01:25.445+00,1,in_app,2026-07-14 11:01:37.535+00
0c1bdc0f-5fa7-421d-be8a-b8f0638f9c81,493aecc1-6791-4d62-bc63-f4f55c78e44e,642b0596-7431-4f50-acff-1eb4199fab76,2026-07-14,2026-07-14 11:01:25.445+00,1,email,2026-07-14 11:01:37.848+00
349d7b81-e027-48ff-baa6-a75053164d8f,0c96a57e-6cc1-400f-bf3a-5740b699ac21,c6754833-e150-4c12-9149-45a6dfcd6eec,2026-07-14,2026-07-14 11:01:25.445+00,3,email,2026-07-14 11:01:38.285+00
50b8c8d6-6647-470f-b0ad-2dc1a5730d2e,0c96a57e-6cc1-400f-bf3a-5740b699ac21,7b577c22-5513-42cc-ab19-2bf867e14ebc,2026-07-18,2026-07-18 17:00:49.245+00,2,in_app,2026-07-18 17:00:51.205+00
f0c373fa-745b-452e-b7fa-da8a0e8e1e67,0c96a57e-6cc1-400f-bf3a-5740b699ac21,7b577c22-5513-42cc-ab19-2bf867e14ebc,2026-07-18,2026-07-18 17:00:49.245+00,2,email,2026-07-18 17:00:51.491+00
f7678400-f6d6-494a-8022-2c8fac5f9def,62a2569e-4be2-4326-bddd-3c6116ed18b0,6d3f8a2c-1a05-4e2a-b57e-d969b668049b,2026-07-18,2026-07-18 17:00:49.245+00,1,in_app,2026-07-18 17:00:51.55+00
5b6039de-527d-48fe-b0d4-8bfb8c7e9ddc,2f940451-4cf3-44e3-9040-07942e4146c1,b874694b-f463-4dbd-bb6f-b04f121a8802,2026-07-18,2026-07-18 17:00:49.245+00,1,in_app,2026-07-18 17:00:52.235+00
aeb0c206-b7b7-436b-965e-9e0c566d9410,ed586056-17ca-4287-936a-c16e642c63a6,8737f689-7c9e-414a-8391-5bf93d5ba600,2026-07-18,2026-07-18 17:00:49.245+00,1,email,2026-07-18 17:00:58.962+00
9250e181-f900-4504-bd29-045947baad07,678b734f-19e2-4622-ab4e-fccd86f4877f,8cab859b-a1e1-4edb-af95-4e847e1c93e4,2026-07-18,2026-07-18 17:00:49.245+00,2,email,2026-07-18 17:01:01.689+00
5f70d280-7912-47bb-af66-6c54a12f0843,c1f13659-b28c-4d50-8375-5bf200294992,1c2d5668-5cd9-49a7-a138-3ccd2bea5cbb,2026-07-18,2026-07-18 17:00:49.245+00,1,email,2026-07-18 17:01:02.572+00
309fe961-b7c0-41ae-aa0a-c61f39213e8c,0c96a57e-6cc1-400f-bf3a-5740b699ac21,bdef184d-6217-4cdf-a59f-dc37008d13fd,2026-07-18,2026-07-18 17:00:49.245+00,8,email,2026-07-18 17:01:03.273+00
0bd113b1-9ce8-4917-9154-052b2df0de52,0c96a57e-6cc1-400f-bf3a-5740b699ac21,6d3f8a2c-1a05-4e2a-b57e-d969b668049b,2026-07-18,2026-07-18 17:00:49.245+00,1,email,2026-07-18 17:01:03.617+00
1693b365-1474-4d4e-aade-36f31d543b3a,0c96a57e-6cc1-400f-bf3a-5740b699ac21,5d7214cd-c7d1-42ac-b859-b9e84dee9fab,2026-07-18,2026-07-18 17:00:49.245+00,1,in_app,2026-07-18 17:01:05.733+00
c4f29db2-4fb3-4663-9831-6e730b0b2f84,0c96a57e-6cc1-400f-bf3a-5740b699ac21,5d7214cd-c7d1-42ac-b859-b9e84dee9fab,2026-07-18,2026-07-18 17:00:49.245+00,1,email,2026-07-18 17:01:06.019+00
80853b2e-d732-4113-988f-153c9e18dd5d,0c96a57e-6cc1-400f-bf3a-5740b699ac21,3258f102-8146-4986-964f-8c8f53441300,2026-07-18,2026-07-18 17:00:49.245+00,2,email,2026-07-18 17:01:06.378+00
f6e6041e-1046-4aae-86d2-1ab17f259864,0c96a57e-6cc1-400f-bf3a-5740b699ac21,b3db042c-4932-4f66-8aff-3136ed50db97,2026-07-18,2026-07-18 17:00:49.245+00,8,in_app,2026-07-18 17:01:06.472+00
fc5d51ee-603d-4ab0-be1c-204fd30245e7,0c96a57e-6cc1-400f-bf3a-5740b699ac21,642b0596-7431-4f50-acff-1eb4199fab76,2026-07-18,2026-07-18 17:00:49.245+00,1,in_app,2026-07-18 17:01:06.801+00
0fc29a1e-8895-42a4-a96d-301919b26e2e,0c96a57e-6cc1-400f-bf3a-5740b699ac21,642b0596-7431-4f50-acff-1eb4199fab76,2026-07-18,2026-07-18 17:00:49.245+00,1,email,2026-07-18 17:01:07.078+00
400611f1-e78c-4935-ab61-900f60d91c47,0c96a57e-6cc1-400f-bf3a-5740b699ac21,6f58e5f8-b85c-4f92-89b7-1cf3ca9f22b6,2026-07-18,2026-07-18 17:00:49.245+00,1,email,2026-07-18 17:01:07.431+00
eec7176c-1f35-4640-8ba7-71e6b186840d,0c96a57e-6cc1-400f-bf3a-5740b699ac21,decc7faa-b202-42f1-9a04-fe15fe97a892,2026-07-18,2026-07-18 17:00:49.245+00,1,email,2026-07-18 17:01:07.777+00
07e31660-d046-46c7-b866-629db97487b7,0c96a57e-6cc1-400f-bf3a-5740b699ac21,1c2d5668-5cd9-49a7-a138-3ccd2bea5cbb,2026-07-18,2026-07-18 17:00:49.245+00,1,in_app,2026-07-18 17:01:08.163+00
1fcf0ac8-9c59-4b1b-ac0a-7756cadb71e3,3870aadb-8625-4184-ac60-c6e20be4cdc5,a94fc469-4603-487f-ab7f-e2712197d510,2026-07-21,2026-07-21 11:00:03.241+00,12,in_app,2026-07-21 11:00:05.605+00
1b3850dc-2a4b-437d-a6e9-0d1f014d6f3c,3870aadb-8625-4184-ac60-c6e20be4cdc5,a94fc469-4603-487f-ab7f-e2712197d510,2026-07-21,2026-07-21 11:00:03.241+00,12,email,2026-07-21 11:00:06.918+00
28057efe-efe4-4b3a-b3e5-caf475e04a5c,8474aaf6-e7d1-4165-9bef-bf76bc701038,90bb1d12-5855-4f3e-aecb-e92f597e650c,2026-07-21,2026-07-21 11:00:03.241+00,1,in_app,2026-07-21 11:00:07.026+00
8aaf7dc7-6b47-4b03-92b8-9cd354575f16,8474aaf6-e7d1-4165-9bef-bf76bc701038,90bb1d12-5855-4f3e-aecb-e92f597e650c,2026-07-21,2026-07-21 11:00:03.241+00,1,email,2026-07-21 11:00:07.59+00
016fb3e1-9343-4ef7-a9a3-dfd9abcf9a5c,0c96a57e-6cc1-400f-bf3a-5740b699ac21,7b577c22-5513-42cc-ab19-2bf867e14ebc,2026-07-21,2026-07-21 11:00:03.241+00,2,email,2026-07-21 11:00:09.178+00
e8c83bcc-95f7-438f-a5a7-8de759037186,2e6f6612-8033-42e0-b84d-b2ea8aded8ac,b3db042c-4932-4f66-8aff-3136ed50db97,2026-07-27,2026-07-27 11:00:02.405+00,7,in_app,2026-07-27 11:00:24.937+00
5622ccfa-b7d7-442b-8a4b-af0598453e2f,2e6f6612-8033-42e0-b84d-b2ea8aded8ac,b3db042c-4932-4f66-8aff-3136ed50db97,2026-07-27,2026-07-27 11:00:02.405+00,7,email,2026-07-27 11:00:25.271+00
171dc4c2-2705-4db7-8cc5-fb57de1a2136,62a2569e-4be2-4326-bddd-3c6116ed18b0,bdef184d-6217-4cdf-a59f-dc37008d13fd,2026-07-21,2026-07-21 11:00:03.241+00,1,in_app,2026-07-21 11:00:12.28+00
ae7a605c-6388-4b5c-8d30-246de38a84a6,62a2569e-4be2-4326-bddd-3c6116ed18b0,bdef184d-6217-4cdf-a59f-dc37008d13fd,2026-07-21,2026-07-21 11:00:03.241+00,1,email,2026-07-21 11:00:13.889+00
9db8d873-0545-4ec4-9d0d-03b24ed4e9f5,b0737bfd-7bea-493b-8cfc-14946fcea8cd,90bb1d12-5855-4f3e-aecb-e92f597e650c,2026-07-21,2026-07-21 11:00:03.241+00,1,email,2026-07-21 11:00:14.376+00
d2073739-89f6-493d-82a6-ac3086c3b041,0c96a57e-6cc1-400f-bf3a-5740b699ac21,6237fa09-ec4a-46ca-a99b-4f8afb3bf259,2026-07-21,2026-07-21 11:00:03.241+00,1,email,2026-07-21 11:00:16.757+00
d2dc1567-7535-4871-a6a6-63f2df43bf94,8474aaf6-e7d1-4165-9bef-bf76bc701038,32ccdbe1-627f-4fe3-a506-056b997ed89b,2026-07-21,2026-07-21 11:00:03.241+00,3,email,2026-07-21 11:00:17.854+00
c4aa952b-2015-4bfc-ad8f-85d3234c0e9b,04b00ab5-856d-4f95-962b-e9d97b33f207,a3c5b629-15d3-48a7-b5ab-694e63dc8b63,2026-07-21,2026-07-21 11:00:03.241+00,8,email,2026-07-21 11:00:19.309+00
fa637063-9c1a-4ef4-a331-1479ce2d0201,493aecc1-6791-4d62-bc63-f4f55c78e44e,642b0596-7431-4f50-acff-1eb4199fab76,2026-07-21,2026-07-21 17:00:04.437+00,1,in_app,2026-07-21 17:00:16.311+00
f040957f-367e-4b0d-8853-6d55f84b403c,493aecc1-6791-4d62-bc63-f4f55c78e44e,642b0596-7431-4f50-acff-1eb4199fab76,2026-07-21,2026-07-21 17:00:04.437+00,1,email,2026-07-21 17:00:16.56+00
b45929e7-5c22-4ec7-a504-e8087394ab1e,0c96a57e-6cc1-400f-bf3a-5740b699ac21,c6754833-e150-4c12-9149-45a6dfcd6eec,2026-07-21,2026-07-21 17:00:04.437+00,3,in_app,2026-07-21 17:00:16.635+00
da60ff77-c814-4990-984f-a65990592564,0c96a57e-6cc1-400f-bf3a-5740b699ac21,c6754833-e150-4c12-9149-45a6dfcd6eec,2026-07-21,2026-07-21 17:00:04.437+00,3,email,2026-07-21 17:00:16.894+00
fbf69169-be8c-44fa-b7c7-838b43978b8c,493aecc1-6791-4d62-bc63-f4f55c78e44e,7b577c22-5513-42cc-ab19-2bf867e14ebc,2026-07-21,2026-07-21 17:00:04.437+00,7,in_app,2026-07-21 17:00:17.645+00
42dfd071-e2bf-4020-acc1-c74fbcc6675a,493aecc1-6791-4d62-bc63-f4f55c78e44e,7b577c22-5513-42cc-ab19-2bf867e14ebc,2026-07-21,2026-07-21 17:00:04.437+00,7,email,2026-07-21 17:00:17.87+00
62929442-a347-44ad-af54-29a29f3f04b8,678b734f-19e2-4622-ab4e-fccd86f4877f,8cab859b-a1e1-4edb-af95-4e847e1c93e4,2026-07-21,2026-07-21 17:00:04.437+00,2,in_app,2026-07-21 17:00:18.659+00
a38bbffd-babd-4196-a280-415d92ed59c1,678b734f-19e2-4622-ab4e-fccd86f4877f,8cab859b-a1e1-4edb-af95-4e847e1c93e4,2026-07-21,2026-07-21 17:00:04.437+00,2,email,2026-07-21 17:00:18.932+00
52b3b103-0705-4b22-9b0e-a875e2eaf575,0c96a57e-6cc1-400f-bf3a-5740b699ac21,bdef184d-6217-4cdf-a59f-dc37008d13fd,2026-07-21,2026-07-21 17:00:04.437+00,8,in_app,2026-07-21 17:00:20.383+00
659e2fb9-f550-48c5-89c4-c15291ffdfa7,0c96a57e-6cc1-400f-bf3a-5740b699ac21,bdef184d-6217-4cdf-a59f-dc37008d13fd,2026-07-21,2026-07-21 17:00:04.437+00,8,email,2026-07-21 17:00:20.65+00
cabff799-9340-4293-9b6c-78a856dff2b6,0c96a57e-6cc1-400f-bf3a-5740b699ac21,d8eb23c1-2c90-4dfe-872a-aa3e3dcd6478,2026-07-21,2026-07-21 17:00:04.437+00,8,in_app,2026-07-21 17:00:21.8+00
11a0f42a-96c7-4e14-9980-c6c42f07dc81,0c96a57e-6cc1-400f-bf3a-5740b699ac21,d8eb23c1-2c90-4dfe-872a-aa3e3dcd6478,2026-07-21,2026-07-21 17:00:04.437+00,8,email,2026-07-21 17:00:22.041+00
ac5cfe2b-1f2d-4e9c-9753-3f19fb746fdf,0c96a57e-6cc1-400f-bf3a-5740b699ac21,ebe67fdd-2e23-43c0-8e9b-8abec2682d09,2026-07-21,2026-07-21 17:00:04.437+00,1,in_app,2026-07-21 17:00:22.126+00
29f0693f-f5e8-4f98-b6b6-7492b65765e4,0c96a57e-6cc1-400f-bf3a-5740b699ac21,ebe67fdd-2e23-43c0-8e9b-8abec2682d09,2026-07-21,2026-07-21 17:00:04.437+00,1,email,2026-07-21 17:00:22.379+00
01e99d29-c63f-455a-90e5-76e48801a122,0c96a57e-6cc1-400f-bf3a-5740b699ac21,9bd5cccc-e18f-432e-ae67-dc33103d5791,2026-07-21,2026-07-21 17:00:04.437+00,1,in_app,2026-07-21 17:00:23.126+00
2c1529b5-ff1d-4e41-9d36-403d813f3431,0c96a57e-6cc1-400f-bf3a-5740b699ac21,27edf455-e61a-48a9-a846-e2c6f42999b5,2026-07-27,2026-07-27 11:00:02.405+00,1,email,2026-07-27 11:00:24.435+00
bca111e5-663c-4402-9c53-8c96fcd4a1c6,0c96a57e-6cc1-400f-bf3a-5740b699ac21,c6754833-e150-4c12-9149-45a6dfcd6eec,2026-07-27,2026-07-27 11:00:02.405+00,3,email,2026-07-27 11:00:25.644+00
ad6b48f8-6d9a-48bb-9bac-85211dce9470,678c949f-b372-4aba-9d9b-26d422134531,3258f102-8146-4986-964f-8c8f53441300,2026-07-27,2026-07-27 11:00:02.405+00,1,email,2026-07-27 11:00:26.089+00
b2598249-a6be-45ee-8c4a-51dde948b8d4,c1f13659-b28c-4d50-8375-5bf200294992,decc7faa-b202-42f1-9a04-fe15fe97a892,2026-07-27,2026-07-27 11:00:02.405+00,1,email,2026-07-27 11:00:29.805+00
5f3929ad-eaa8-4fc7-a472-584bd9c8daf8,0c96a57e-6cc1-400f-bf3a-5740b699ac21,bdef184d-6217-4cdf-a59f-dc37008d13fd,2026-07-27,2026-07-27 11:00:02.405+00,6,email,2026-07-27 11:00:31.798+00
850402b1-dcde-4ac1-945c-a7a7f8220a40,0c96a57e-6cc1-400f-bf3a-5740b699ac21,a94fc469-4603-487f-ab7f-e2712197d510,2026-07-27,2026-07-27 11:00:02.405+00,20,in_app,2026-07-27 11:00:31.881+00
1a2fce86-e019-4dbb-b4f3-67ac1e07510d,0c96a57e-6cc1-400f-bf3a-5740b699ac21,a94fc469-4603-487f-ab7f-e2712197d510,2026-07-27,2026-07-27 11:00:02.405+00,20,email,2026-07-27 11:00:32.464+00
35b2f784-7e38-4f0c-b35f-0d736305ad87,0c96a57e-6cc1-400f-bf3a-5740b699ac21,e51c5c55-1e13-45da-8a37-ed0f36f3d16c,2026-07-27,2026-07-27 11:00:02.405+00,1,in_app,2026-07-27 11:00:34.961+00
a595acfa-0866-47e7-ad44-441754a40354,0c96a57e-6cc1-400f-bf3a-5740b699ac21,5d7214cd-c7d1-42ac-b859-b9e84dee9fab,2026-07-27,2026-07-27 11:00:02.405+00,1,email,2026-07-27 11:00:38.005+00
4d9bcb32-7ead-4bc6-8895-1263e295b343,0c96a57e-6cc1-400f-bf3a-5740b699ac21,760fc14a-229e-4212-9aa9-f90de968af69,2026-07-27,2026-07-27 11:00:02.405+00,1,in_app,2026-07-27 11:00:38.162+00
2f6ad21f-426b-43e5-a428-f9279fffcfa4,0c96a57e-6cc1-400f-bf3a-5740b699ac21,decc7faa-b202-42f1-9a04-fe15fe97a892,2026-07-27,2026-07-27 11:00:02.405+00,1,in_app,2026-07-27 11:00:40.125+00
8cc06a67-cb33-4a0a-a1ad-f56aa3568179,2528e875-ab7b-4905-a98b-998a318b883e,13bbd043-efcc-4c8a-9edd-f34941547546,2026-07-21,2026-07-21 17:00:04.437+00,1,in_app,2026-07-21 17:00:16.967+00
920a347e-5e92-4424-97a0-2cfc8de5f6d2,2528e875-ab7b-4905-a98b-998a318b883e,13bbd043-efcc-4c8a-9edd-f34941547546,2026-07-21,2026-07-21 17:00:04.437+00,1,email,2026-07-21 17:00:17.219+00
21dcb5d8-8315-4758-8e6e-1c08afc005bb,678c949f-b372-4aba-9d9b-26d422134531,3258f102-8146-4986-964f-8c8f53441300,2026-07-21,2026-07-21 17:00:04.437+00,1,in_app,2026-07-21 17:00:17.292+00
6dc5d159-dcda-4d87-8b1d-cb7543248743,678c949f-b372-4aba-9d9b-26d422134531,3258f102-8146-4986-964f-8c8f53441300,2026-07-21,2026-07-21 17:00:04.437+00,1,email,2026-07-21 17:00:17.576+00
3ab5413b-2857-42a2-a479-265fe81b8834,c1f13659-b28c-4d50-8375-5bf200294992,decc7faa-b202-42f1-9a04-fe15fe97a892,2026-07-21,2026-07-21 17:00:04.437+00,1,in_app,2026-07-21 17:00:18.294+00
30f2cf8d-580c-46a0-af86-25fb9db26887,c1f13659-b28c-4d50-8375-5bf200294992,decc7faa-b202-42f1-9a04-fe15fe97a892,2026-07-21,2026-07-21 17:00:04.437+00,1,email,2026-07-21 17:00:18.588+00
9320a3ca-a090-4c75-95a4-41b21ca4179e,0c96a57e-6cc1-400f-bf3a-5740b699ac21,a94fc469-4603-487f-ab7f-e2712197d510,2026-07-21,2026-07-21 17:00:04.437+00,12,in_app,2026-07-21 17:00:19.679+00
92cc7137-9446-401c-87da-59c3e069226f,0c96a57e-6cc1-400f-bf3a-5740b699ac21,c6754833-e150-4c12-9149-45a6dfcd6eec,2026-07-27,2026-07-27 11:00:02.405+00,3,in_app,2026-07-27 11:00:25.316+00
c0c7607c-c6e1-4202-a241-be86f4bcf58f,678c949f-b372-4aba-9d9b-26d422134531,3258f102-8146-4986-964f-8c8f53441300,2026-07-27,2026-07-27 11:00:02.405+00,1,in_app,2026-07-27 11:00:25.725+00
19a404b2-ff61-40f7-b13a-95fe6204777d,2f940451-4cf3-44e3-9040-07942e4146c1,b874694b-f463-4dbd-bb6f-b04f121a8802,2026-07-27,2026-07-27 11:00:02.405+00,1,email,2026-07-27 11:00:27.106+00
0d93fa6c-6c06-46ca-a321-e0d15f5e2de1,c1f13659-b28c-4d50-8375-5bf200294992,decc7faa-b202-42f1-9a04-fe15fe97a892,2026-07-27,2026-07-27 11:00:02.405+00,1,in_app,2026-07-27 11:00:27.85+00
c00d10d4-7cb2-42af-afee-a98affe86059,0c96a57e-6cc1-400f-bf3a-5740b699ac21,2a266637-be4e-4088-9918-a51576912f5c,2026-07-27,2026-07-27 11:00:02.405+00,4,in_app,2026-07-27 11:00:33.459+00
5d4e0f15-f773-4326-8a35-8c1d0d8eb2ca,0ae36a43-2ef0-4a7d-b95a-edcc7d9ac3f2,7b577c22-5513-42cc-ab19-2bf867e14ebc,2026-07-21,2026-07-21 17:00:04.437+00,1,in_app,2026-07-21 17:00:17.939+00
3190e80f-3b56-4cfa-834e-0d7581ae4135,0ae36a43-2ef0-4a7d-b95a-edcc7d9ac3f2,7b577c22-5513-42cc-ab19-2bf867e14ebc,2026-07-21,2026-07-21 17:00:04.437+00,1,email,2026-07-21 17:00:18.222+00
2fb899c7-8e1f-4c12-b00a-752dfe1b1c9a,c1f13659-b28c-4d50-8375-5bf200294992,1c2d5668-5cd9-49a7-a138-3ccd2bea5cbb,2026-07-21,2026-07-21 17:00:04.437+00,1,in_app,2026-07-21 17:00:19.005+00
afc87a40-4a09-4dd5-bcd6-8c2c33bd53fe,c1f13659-b28c-4d50-8375-5bf200294992,1c2d5668-5cd9-49a7-a138-3ccd2bea5cbb,2026-07-21,2026-07-21 17:00:04.437+00,1,email,2026-07-21 17:00:19.267+00
65ebec6c-2d34-416e-a45f-ccf5d49588f3,0c96a57e-6cc1-400f-bf3a-5740b699ac21,e51c5c55-1e13-45da-8a37-ed0f36f3d16c,2026-07-21,2026-07-21 17:00:04.437+00,1,in_app,2026-07-21 17:00:19.322+00
01594e86-24fa-4b90-b54b-6fa317b17c18,0c96a57e-6cc1-400f-bf3a-5740b699ac21,e51c5c55-1e13-45da-8a37-ed0f36f3d16c,2026-07-21,2026-07-21 17:00:04.437+00,1,email,2026-07-21 17:00:19.574+00
f6ba343d-5342-4d1a-99f4-f624fc57987b,0c96a57e-6cc1-400f-bf3a-5740b699ac21,a94fc469-4603-487f-ab7f-e2712197d510,2026-07-21,2026-07-21 17:00:04.437+00,12,email,2026-07-21 17:00:20.23+00
f66ec957-bd17-4393-a4f1-9aea62ed7bff,0c96a57e-6cc1-400f-bf3a-5740b699ac21,6d3f8a2c-1a05-4e2a-b57e-d969b668049b,2026-07-21,2026-07-21 17:00:04.437+00,1,in_app,2026-07-21 17:00:20.739+00
f0c9944a-d967-4751-afdd-13ec999a504a,0c96a57e-6cc1-400f-bf3a-5740b699ac21,6d3f8a2c-1a05-4e2a-b57e-d969b668049b,2026-07-21,2026-07-21 17:00:04.437+00,1,email,2026-07-21 17:00:21+00
97747cf1-743f-48ae-96ef-014252f3b9b2,0c96a57e-6cc1-400f-bf3a-5740b699ac21,2a266637-be4e-4088-9918-a51576912f5c,2026-07-21,2026-07-21 17:00:04.437+00,4,in_app,2026-07-21 17:00:21.431+00
ad48d433-7f6f-47f3-84c2-992806ade3e1,0c96a57e-6cc1-400f-bf3a-5740b699ac21,2a266637-be4e-4088-9918-a51576912f5c,2026-07-21,2026-07-21 17:00:04.437+00,4,email,2026-07-21 17:00:21.713+00
8f4aac01-98bc-4ab4-9664-37ebbebead7f,0c96a57e-6cc1-400f-bf3a-5740b699ac21,28f7b9e8-9516-4a08-864c-9ff3e085ba87,2026-07-21,2026-07-21 17:00:04.437+00,1,in_app,2026-07-21 17:00:22.453+00
e842812c-dc9a-4d52-afbf-a53c24d41fc1,0c96a57e-6cc1-400f-bf3a-5740b699ac21,28f7b9e8-9516-4a08-864c-9ff3e085ba87,2026-07-21,2026-07-21 17:00:04.437+00,1,email,2026-07-21 17:00:22.72+00
72dc1fd5-7c94-4ab8-81c0-ef47157fffe4,0c96a57e-6cc1-400f-bf3a-5740b699ac21,a3c5b629-15d3-48a7-b5ab-694e63dc8b63,2026-07-21,2026-07-21 17:00:04.437+00,8,in_app,2026-07-21 17:00:22.808+00
2b1c0623-3760-4d62-865a-122804eb63ba,0c96a57e-6cc1-400f-bf3a-5740b699ac21,a3c5b629-15d3-48a7-b5ab-694e63dc8b63,2026-07-21,2026-07-21 17:00:04.437+00,8,email,2026-07-21 17:00:23.055+00
b4a6ff3b-aaee-4bab-a92f-47e050bf24d4,0c96a57e-6cc1-400f-bf3a-5740b699ac21,5d7214cd-c7d1-42ac-b859-b9e84dee9fab,2026-07-21,2026-07-21 17:00:04.437+00,1,in_app,2026-07-21 17:00:23.631+00
42c31ae8-02ef-4c72-9528-c791e9fd77c9,0c96a57e-6cc1-400f-bf3a-5740b699ac21,5d7214cd-c7d1-42ac-b859-b9e84dee9fab,2026-07-21,2026-07-21 17:00:04.437+00,1,email,2026-07-21 17:00:23.878+00
faff8dd2-7145-442d-83a6-f9bb18e9bfa2,0c96a57e-6cc1-400f-bf3a-5740b699ac21,3258f102-8146-4986-964f-8c8f53441300,2026-07-21,2026-07-21 17:00:04.437+00,1,in_app,2026-07-21 17:00:25.074+00
e1f1dfdd-b48a-4877-93d2-ddf46e7551b4,0c96a57e-6cc1-400f-bf3a-5740b699ac21,3258f102-8146-4986-964f-8c8f53441300,2026-07-21,2026-07-21 17:00:04.437+00,1,email,2026-07-21 17:00:25.335+00
4fe7c681-093b-40db-952e-0196fc6025ce,0c96a57e-6cc1-400f-bf3a-5740b699ac21,1c2d5668-5cd9-49a7-a138-3ccd2bea5cbb,2026-07-21,2026-07-21 17:00:04.437+00,1,in_app,2026-07-21 17:00:26.214+00
71f5aeb1-e4c8-4fd0-9e34-65146db706c8,0c96a57e-6cc1-400f-bf3a-5740b699ac21,1c2d5668-5cd9-49a7-a138-3ccd2bea5cbb,2026-07-21,2026-07-21 17:00:04.437+00,1,email,2026-07-21 17:00:26.633+00
7a893f49-8b0f-4189-af14-a5001be85f95,493aecc1-6791-4d62-bc63-f4f55c78e44e,7b577c22-5513-42cc-ab19-2bf867e14ebc,2026-07-27,2026-07-27 11:00:02.405+00,7,email,2026-07-27 11:00:26.514+00
ca1686d8-0b2d-4c59-a024-18b995a09b89,2f940451-4cf3-44e3-9040-07942e4146c1,b874694b-f463-4dbd-bb6f-b04f121a8802,2026-07-27,2026-07-27 11:00:02.405+00,1,in_app,2026-07-27 11:00:26.601+00
c12c6947-c662-43a6-8d0d-4d6a93e80a99,678b734f-19e2-4622-ab4e-fccd86f4877f,8cab859b-a1e1-4edb-af95-4e847e1c93e4,2026-07-27,2026-07-27 11:00:02.405+00,2,email,2026-07-27 11:00:31.196+00
7dbc4d6a-fc11-458b-a45a-9a037c79f6f4,0c96a57e-6cc1-400f-bf3a-5740b699ac21,bdef184d-6217-4cdf-a59f-dc37008d13fd,2026-07-27,2026-07-27 11:00:02.405+00,6,in_app,2026-07-27 11:00:31.447+00
f3bd7c10-c97a-432c-8f74-5f61793775f8,0c96a57e-6cc1-400f-bf3a-5740b699ac21,6d3f8a2c-1a05-4e2a-b57e-d969b668049b,2026-07-27,2026-07-27 11:00:02.405+00,1,email,2026-07-27 11:00:32.92+00
9f8990ad-fba0-45b4-b326-aab9cd9cf3ff,0c96a57e-6cc1-400f-bf3a-5740b699ac21,658a0146-2d8a-4b2e-81e5-aa16fa9d0a30,2026-07-27,2026-07-27 11:00:02.405+00,3,in_app,2026-07-27 11:00:33.001+00
8a60161c-abf2-4a34-82da-58e2181b42fd,0c96a57e-6cc1-400f-bf3a-5740b699ac21,a3c5b629-15d3-48a7-b5ab-694e63dc8b63,2026-07-27,2026-07-27 11:00:02.405+00,8,in_app,2026-07-27 11:00:37.143+00
608ddaf8-0402-4d6a-abb3-2329a71ed4e3,0c96a57e-6cc1-400f-bf3a-5740b699ac21,b874694b-f463-4dbd-bb6f-b04f121a8802,2026-07-21,2026-07-21 17:00:04.437+00,1,in_app,2026-07-21 17:00:21.073+00
93f1a4d1-33b8-4103-b84e-ac7667a86b1c,0c96a57e-6cc1-400f-bf3a-5740b699ac21,b874694b-f463-4dbd-bb6f-b04f121a8802,2026-07-21,2026-07-21 17:00:04.437+00,1,email,2026-07-21 17:00:21.358+00
6dc3484e-a138-4bc4-b65b-e84cb583a5ea,0c96a57e-6cc1-400f-bf3a-5740b699ac21,9bd5cccc-e18f-432e-ae67-dc33103d5791,2026-07-21,2026-07-21 17:00:04.437+00,1,email,2026-07-21 17:00:23.5+00
f343f027-67ed-44fc-86fe-5e480ec69675,0c96a57e-6cc1-400f-bf3a-5740b699ac21,b3db042c-4932-4f66-8aff-3136ed50db97,2026-07-21,2026-07-21 17:00:04.437+00,8,in_app,2026-07-21 17:00:23.995+00
86b0b1ca-ebd6-4823-b269-d445248c3d9d,0c96a57e-6cc1-400f-bf3a-5740b699ac21,b3db042c-4932-4f66-8aff-3136ed50db97,2026-07-21,2026-07-21 17:00:04.437+00,8,email,2026-07-21 17:00:24.279+00
c8ea0840-9432-49f2-85f9-3650de1c7c59,0c96a57e-6cc1-400f-bf3a-5740b699ac21,642b0596-7431-4f50-acff-1eb4199fab76,2026-07-21,2026-07-21 17:00:04.437+00,1,in_app,2026-07-21 17:00:24.358+00
f222fc4e-00af-4e40-87b5-9c4e383506b6,0c96a57e-6cc1-400f-bf3a-5740b699ac21,642b0596-7431-4f50-acff-1eb4199fab76,2026-07-21,2026-07-21 17:00:04.437+00,1,email,2026-07-21 17:00:24.669+00
4eb855c0-b672-4745-b860-3f36c3c26d27,0c96a57e-6cc1-400f-bf3a-5740b699ac21,13bbd043-efcc-4c8a-9edd-f34941547546,2026-07-21,2026-07-21 17:00:04.437+00,1,in_app,2026-07-21 17:00:24.755+00
327901f4-7b4e-4faa-bdc5-eddad40bca4a,0c96a57e-6cc1-400f-bf3a-5740b699ac21,13bbd043-efcc-4c8a-9edd-f34941547546,2026-07-21,2026-07-21 17:00:04.437+00,1,email,2026-07-21 17:00:25.004+00
4ef6a71e-1318-45ad-ac7b-54cea44fe5b0,0c96a57e-6cc1-400f-bf3a-5740b699ac21,decc7faa-b202-42f1-9a04-fe15fe97a892,2026-07-21,2026-07-21 17:00:04.437+00,1,in_app,2026-07-21 17:00:25.408+00
d9a9c99c-dd07-4e0b-b0e7-88301b331ae3,0c96a57e-6cc1-400f-bf3a-5740b699ac21,decc7faa-b202-42f1-9a04-fe15fe97a892,2026-07-21,2026-07-21 17:00:04.437+00,1,email,2026-07-21 17:00:25.814+00
f6abd4f8-ee63-4127-ad1a-a254fd5db1b9,0c96a57e-6cc1-400f-bf3a-5740b699ac21,8cab859b-a1e1-4edb-af95-4e847e1c93e4,2026-07-21,2026-07-21 17:00:04.437+00,2,in_app,2026-07-21 17:00:25.884+00
fbe6d4af-21e0-4aa6-aeb5-104f1762d1c8,0c96a57e-6cc1-400f-bf3a-5740b699ac21,8cab859b-a1e1-4edb-af95-4e847e1c93e4,2026-07-21,2026-07-21 17:00:04.437+00,2,email,2026-07-21 17:00:26.146+00
cbbb4fb2-cb73-4917-95fd-3971ed65f257,bcd8d8ed-7d85-4ef1-b232-2d78f1fd9636,e51c5c55-1e13-45da-8a37-ed0f36f3d16c,2026-07-22,2026-07-22 11:00:16.546+00,1,in_app,2026-07-22 11:00:16.772+00
29e36dda-4fa8-4c80-9609-4d1736c5e8dc,bcd8d8ed-7d85-4ef1-b232-2d78f1fd9636,e51c5c55-1e13-45da-8a37-ed0f36f3d16c,2026-07-22,2026-07-22 11:00:16.546+00,1,email,2026-07-22 11:00:17.216+00
b7b5f4a5-9e68-44b4-b910-dcd5e740b0af,0c96a57e-6cc1-400f-bf3a-5740b699ac21,968fc8e6-f918-4579-b0d1-26570ce5e94b,2026-07-22,2026-07-22 11:00:16.546+00,1,in_app,2026-07-22 11:00:17.288+00
73864be7-e306-4a2c-9c48-e1d9b33c02b6,0c96a57e-6cc1-400f-bf3a-5740b699ac21,968fc8e6-f918-4579-b0d1-26570ce5e94b,2026-07-22,2026-07-22 11:00:16.546+00,1,email,2026-07-22 11:00:17.682+00
0d3b1d4a-983d-4433-b539-47325c839ea2,3870aadb-8625-4184-ac60-c6e20be4cdc5,a94fc469-4603-487f-ab7f-e2712197d510,2026-07-22,2026-07-22 11:00:16.546+00,12,in_app,2026-07-22 11:00:17.756+00
c827dd41-c957-4e8e-b55b-0103e16dba9c,3870aadb-8625-4184-ac60-c6e20be4cdc5,a94fc469-4603-487f-ab7f-e2712197d510,2026-07-22,2026-07-22 11:00:16.546+00,12,email,2026-07-22 11:00:18.097+00
79f2b0e1-c382-46b6-b632-144cb33bf956,8474aaf6-e7d1-4165-9bef-bf76bc701038,90bb1d12-5855-4f3e-aecb-e92f597e650c,2026-07-22,2026-07-22 11:00:16.546+00,1,in_app,2026-07-22 11:00:18.17+00
5c6ff8f9-8d0e-40c2-bd55-9996611980ee,8474aaf6-e7d1-4165-9bef-bf76bc701038,90bb1d12-5855-4f3e-aecb-e92f597e650c,2026-07-22,2026-07-22 11:00:16.546+00,1,email,2026-07-22 11:00:18.521+00
0c7fdbd8-cc4c-467c-a941-49179ca95824,72aeb445-484f-4979-8c2a-d34ec40b22b0,bdef184d-6217-4cdf-a59f-dc37008d13fd,2026-07-22,2026-07-22 11:00:16.546+00,7,in_app,2026-07-22 11:00:18.594+00
c1532885-151a-4e8b-a90f-77e5cad7ea2c,72aeb445-484f-4979-8c2a-d34ec40b22b0,bdef184d-6217-4cdf-a59f-dc37008d13fd,2026-07-22,2026-07-22 11:00:16.546+00,7,email,2026-07-22 11:00:18.922+00
4c6f5af9-9ec6-4f30-acb7-8c09a5585e92,0c96a57e-6cc1-400f-bf3a-5740b699ac21,7b577c22-5513-42cc-ab19-2bf867e14ebc,2026-07-22,2026-07-22 11:00:16.546+00,2,in_app,2026-07-22 11:00:18.993+00
4a64f22f-2054-445c-94c8-c23e46cca15f,0c96a57e-6cc1-400f-bf3a-5740b699ac21,7b577c22-5513-42cc-ab19-2bf867e14ebc,2026-07-22,2026-07-22 11:00:16.546+00,2,email,2026-07-22 11:00:19.336+00
7b6c19ed-80d2-4813-8bf4-f35ffac7efd6,62a2569e-4be2-4326-bddd-3c6116ed18b0,6d3f8a2c-1a05-4e2a-b57e-d969b668049b,2026-07-22,2026-07-22 11:00:16.546+00,1,in_app,2026-07-22 11:00:19.405+00
130c2e27-96b3-441d-9ecc-39242e72abe8,62a2569e-4be2-4326-bddd-3c6116ed18b0,6d3f8a2c-1a05-4e2a-b57e-d969b668049b,2026-07-22,2026-07-22 11:00:16.546+00,1,email,2026-07-22 11:00:19.977+00
64978675-ad08-436f-b85a-62a7c976d01f,62a2569e-4be2-4326-bddd-3c6116ed18b0,7b577c22-5513-42cc-ab19-2bf867e14ebc,2026-07-22,2026-07-22 11:00:16.546+00,1,in_app,2026-07-22 11:00:20.047+00
2ec4b2d0-0378-4a94-8437-adfe0812cfb2,62a2569e-4be2-4326-bddd-3c6116ed18b0,7b577c22-5513-42cc-ab19-2bf867e14ebc,2026-07-22,2026-07-22 11:00:16.546+00,1,email,2026-07-22 11:00:20.387+00
d1bcd267-6fb7-4b89-93c0-24302c488fa6,2f940451-4cf3-44e3-9040-07942e4146c1,b874694b-f463-4dbd-bb6f-b04f121a8802,2026-07-22,2026-07-22 11:00:16.546+00,1,in_app,2026-07-22 11:00:20.456+00
e53823e5-9865-4175-94dc-38993d267c0b,2f940451-4cf3-44e3-9040-07942e4146c1,b874694b-f463-4dbd-bb6f-b04f121a8802,2026-07-22,2026-07-22 11:00:16.546+00,1,email,2026-07-22 11:00:20.84+00
2237525d-c6d7-41cc-94f4-d4a12c70d9e4,62a2569e-4be2-4326-bddd-3c6116ed18b0,bdef184d-6217-4cdf-a59f-dc37008d13fd,2026-07-22,2026-07-22 11:00:16.546+00,1,in_app,2026-07-22 11:00:20.91+00
49f42593-1be5-4bbf-99fc-cc7e93651d75,62a2569e-4be2-4326-bddd-3c6116ed18b0,bdef184d-6217-4cdf-a59f-dc37008d13fd,2026-07-22,2026-07-22 11:00:16.546+00,1,email,2026-07-22 11:00:21.28+00
f4d979f2-2cf4-441d-bfea-db0d27f1758e,b0737bfd-7bea-493b-8cfc-14946fcea8cd,90bb1d12-5855-4f3e-aecb-e92f597e650c,2026-07-22,2026-07-22 11:00:16.546+00,1,in_app,2026-07-22 11:00:21.35+00
fbba2585-ecea-459a-a1f9-51b34b7a61aa,b0737bfd-7bea-493b-8cfc-14946fcea8cd,90bb1d12-5855-4f3e-aecb-e92f597e650c,2026-07-22,2026-07-22 11:00:16.546+00,1,email,2026-07-22 11:00:21.669+00
46c754bb-a185-4546-9c27-661fbe6fcc1e,9b5aa503-44ec-40de-9ceb-b1475639767e,2a266637-be4e-4088-9918-a51576912f5c,2026-07-22,2026-07-22 11:00:16.546+00,4,in_app,2026-07-22 11:00:21.735+00
893e4ad3-55d0-47bb-84d6-a856d9fab179,9b5aa503-44ec-40de-9ceb-b1475639767e,2a266637-be4e-4088-9918-a51576912f5c,2026-07-22,2026-07-22 11:00:16.546+00,4,email,2026-07-22 11:00:22.059+00
34e95370-9deb-497f-b478-c57b12bb48e4,b6617c09-9b4a-4ebc-bf50-e584b67edaa3,e5efecc9-f05f-479b-b2ea-81a2ed90fba4,2026-07-22,2026-07-22 11:00:16.546+00,1,in_app,2026-07-22 11:00:22.125+00
84819f22-deb2-49eb-9bd0-5cc121be31d8,b6617c09-9b4a-4ebc-bf50-e584b67edaa3,e5efecc9-f05f-479b-b2ea-81a2ed90fba4,2026-07-22,2026-07-22 11:00:16.546+00,1,email,2026-07-22 11:00:22.448+00
617924cb-59e5-424c-8fd3-1a91002602e7,fd63bafa-9a78-43fb-9311-f78b8cbfb667,d8eb23c1-2c90-4dfe-872a-aa3e3dcd6478,2026-07-22,2026-07-22 11:00:16.546+00,8,in_app,2026-07-22 11:00:22.52+00
75ff690f-df12-4394-b2c9-0a844fde22ce,fd63bafa-9a78-43fb-9311-f78b8cbfb667,d8eb23c1-2c90-4dfe-872a-aa3e3dcd6478,2026-07-22,2026-07-22 11:00:16.546+00,8,email,2026-07-22 11:00:22.85+00
ea5e2f6c-6e87-4476-95fc-dc3b429dd7ad,0c96a57e-6cc1-400f-bf3a-5740b699ac21,6237fa09-ec4a-46ca-a99b-4f8afb3bf259,2026-07-22,2026-07-22 11:00:16.546+00,1,in_app,2026-07-22 11:00:22.92+00
ef290a51-e955-42f8-8968-11b1a529ae75,0c96a57e-6cc1-400f-bf3a-5740b699ac21,6237fa09-ec4a-46ca-a99b-4f8afb3bf259,2026-07-22,2026-07-22 11:00:16.546+00,1,email,2026-07-22 11:00:23.241+00
95f07f01-482f-4bbd-abd9-f290939215f6,b0737bfd-7bea-493b-8cfc-14946fcea8cd,32ccdbe1-627f-4fe3-a506-056b997ed89b,2026-07-22,2026-07-22 11:00:16.546+00,3,in_app,2026-07-22 11:00:23.309+00
2f281475-7590-46fb-b1d3-89bc76aba69a,b0737bfd-7bea-493b-8cfc-14946fcea8cd,32ccdbe1-627f-4fe3-a506-056b997ed89b,2026-07-22,2026-07-22 11:00:16.546+00,3,email,2026-07-22 11:00:23.645+00
44e5862c-498a-401b-8a01-ec64ac4e86be,0ae36a43-2ef0-4a7d-b95a-edcc7d9ac3f2,7b577c22-5513-42cc-ab19-2bf867e14ebc,2026-07-27,2026-07-27 11:00:02.405+00,1,in_app,2026-07-27 11:00:27.185+00
ba8a92ad-8f04-4d3e-8b0b-a899f0fed485,0ae36a43-2ef0-4a7d-b95a-edcc7d9ac3f2,7b577c22-5513-42cc-ab19-2bf867e14ebc,2026-07-27,2026-07-27 11:00:02.405+00,1,email,2026-07-27 11:00:27.768+00
b8c0579a-0669-422f-a870-ae1121039620,8474aaf6-e7d1-4165-9bef-bf76bc701038,32ccdbe1-627f-4fe3-a506-056b997ed89b,2026-07-22,2026-07-22 11:00:16.546+00,3,in_app,2026-07-22 11:00:24.191+00
b3952057-7f27-414b-98bd-a91c44db8eaf,8474aaf6-e7d1-4165-9bef-bf76bc701038,32ccdbe1-627f-4fe3-a506-056b997ed89b,2026-07-22,2026-07-22 11:00:16.546+00,3,email,2026-07-22 11:00:24.513+00
1fc364e2-ebf1-4ee2-8bab-b77395ac6df6,9647402f-c830-48fb-92a7-e1e0f719045f,9d005015-cf2c-4590-9c46-e55e56c7696d,2026-07-22,2026-07-22 11:00:16.546+00,2,in_app,2026-07-22 11:00:24.58+00
184eb370-0f05-4456-8d82-d0da31654154,9647402f-c830-48fb-92a7-e1e0f719045f,9d005015-cf2c-4590-9c46-e55e56c7696d,2026-07-22,2026-07-22 11:00:16.546+00,2,email,2026-07-22 11:00:24.909+00
30913ecc-91b4-416c-b8ad-1de949145b72,9066ac12-d1c6-4a15-ad74-4932bf8dd987,968fc8e6-f918-4579-b0d1-26570ce5e94b,2026-07-22,2026-07-22 11:00:16.546+00,2,in_app,2026-07-22 11:00:24.973+00
d76b8c8a-0dae-4899-8f72-bae844e0fdea,9066ac12-d1c6-4a15-ad74-4932bf8dd987,968fc8e6-f918-4579-b0d1-26570ce5e94b,2026-07-22,2026-07-22 11:00:16.546+00,2,email,2026-07-22 11:00:25.274+00
487a9b71-b14e-4e45-9b3d-440bc63d98de,04b00ab5-856d-4f95-962b-e9d97b33f207,a3c5b629-15d3-48a7-b5ab-694e63dc8b63,2026-07-22,2026-07-22 11:00:16.546+00,8,in_app,2026-07-22 11:00:25.345+00
9da8fb7d-41d6-4c50-85a8-60423f0c2d92,04b00ab5-856d-4f95-962b-e9d97b33f207,a3c5b629-15d3-48a7-b5ab-694e63dc8b63,2026-07-22,2026-07-22 11:00:16.546+00,8,email,2026-07-22 11:00:25.673+00
4af9d7dd-1987-433d-9d9c-0ee22eb12168,4c1d6869-b323-4864-80a4-fe459ed57fe7,9bd5cccc-e18f-432e-ae67-dc33103d5791,2026-07-22,2026-07-22 11:00:16.546+00,1,in_app,2026-07-22 11:00:25.741+00
4f35634b-6a4d-49b8-8b13-fa573ca989eb,4c1d6869-b323-4864-80a4-fe459ed57fe7,9bd5cccc-e18f-432e-ae67-dc33103d5791,2026-07-22,2026-07-22 11:00:16.546+00,1,email,2026-07-22 11:00:26.056+00
d5786487-67f5-4452-9c5d-2a5fb0664028,b16b90c0-67c9-46c5-ac6f-2ccb8f3b2a08,5d7214cd-c7d1-42ac-b859-b9e84dee9fab,2026-07-22,2026-07-22 11:00:16.546+00,1,in_app,2026-07-22 11:00:26.119+00
739d04aa-7295-4e00-88af-0eb91db2d5a8,b16b90c0-67c9-46c5-ac6f-2ccb8f3b2a08,5d7214cd-c7d1-42ac-b859-b9e84dee9fab,2026-07-22,2026-07-22 11:00:16.546+00,1,email,2026-07-22 11:00:26.44+00
b3d077c8-698e-410e-aa98-df44ddf2371a,8396bd66-e3ed-4593-b985-3e380cd308eb,b0faf762-848b-4737-a04d-b2b4e1e8cc5b,2026-07-22,2026-07-22 11:00:16.546+00,1,in_app,2026-07-22 11:00:26.507+00
9a784f35-6c4f-4e3a-9562-f0694f6823a8,8396bd66-e3ed-4593-b985-3e380cd308eb,b0faf762-848b-4737-a04d-b2b4e1e8cc5b,2026-07-22,2026-07-22 11:00:16.546+00,1,email,2026-07-22 11:00:27.085+00
24243f6e-08bd-4891-a742-13e764cfe02f,2a72272f-56f2-4104-9952-5d3d8b19ff1d,27edf455-e61a-48a9-a846-e2c6f42999b5,2026-07-22,2026-07-22 11:00:16.546+00,1,in_app,2026-07-22 11:00:27.154+00
4fa1a0c7-9d54-4a85-ba58-8c761a6c5e54,2a72272f-56f2-4104-9952-5d3d8b19ff1d,27edf455-e61a-48a9-a846-e2c6f42999b5,2026-07-22,2026-07-22 11:00:16.546+00,1,email,2026-07-22 11:00:27.797+00
803f7767-9499-4b8e-9156-6a707bd71cde,0c96a57e-6cc1-400f-bf3a-5740b699ac21,27edf455-e61a-48a9-a846-e2c6f42999b5,2026-07-22,2026-07-22 11:00:16.546+00,1,in_app,2026-07-22 11:00:27.862+00
30f97236-c79d-486c-918e-ac407bf9b127,0c96a57e-6cc1-400f-bf3a-5740b699ac21,27edf455-e61a-48a9-a846-e2c6f42999b5,2026-07-22,2026-07-22 11:00:16.546+00,1,email,2026-07-22 11:00:28.21+00
0550e59e-f248-4931-8171-3c4e6003cc06,ed586056-17ca-4287-936a-c16e642c63a6,8737f689-7c9e-414a-8391-5bf93d5ba600,2026-07-22,2026-07-22 11:00:16.546+00,1,in_app,2026-07-22 11:00:28.276+00
8cd5bb03-5292-4188-87a5-f62e00fc7ce3,ed586056-17ca-4287-936a-c16e642c63a6,8737f689-7c9e-414a-8391-5bf93d5ba600,2026-07-22,2026-07-22 11:00:16.546+00,1,email,2026-07-22 11:00:28.607+00
4509482e-51a6-44de-a5b5-cc9d217b3bc6,2e6f6612-8033-42e0-b84d-b2ea8aded8ac,b3db042c-4932-4f66-8aff-3136ed50db97,2026-07-22,2026-07-22 11:00:16.546+00,7,in_app,2026-07-22 11:00:28.676+00
c340699d-8f9f-492d-b609-e2006cc45901,2e6f6612-8033-42e0-b84d-b2ea8aded8ac,b3db042c-4932-4f66-8aff-3136ed50db97,2026-07-22,2026-07-22 11:00:16.546+00,7,email,2026-07-22 11:00:29.015+00
4f0fe033-ae67-455e-899e-7ac0478ddd3e,493aecc1-6791-4d62-bc63-f4f55c78e44e,642b0596-7431-4f50-acff-1eb4199fab76,2026-07-22,2026-07-22 11:00:16.546+00,1,in_app,2026-07-22 11:00:29.076+00
3f4a83f9-2bb0-4abb-bd88-db2fdee677b6,493aecc1-6791-4d62-bc63-f4f55c78e44e,642b0596-7431-4f50-acff-1eb4199fab76,2026-07-22,2026-07-22 11:00:16.546+00,1,email,2026-07-22 11:00:29.423+00
2ec3b3d5-0919-45a6-9056-5a84e045a2bf,0c96a57e-6cc1-400f-bf3a-5740b699ac21,c6754833-e150-4c12-9149-45a6dfcd6eec,2026-07-22,2026-07-22 11:00:16.546+00,3,in_app,2026-07-22 11:00:29.497+00
c8159e0a-d8b2-4dc1-9f6d-066ca2117cc1,c1f13659-b28c-4d50-8375-5bf200294992,decc7faa-b202-42f1-9a04-fe15fe97a892,2026-07-22,2026-07-22 11:00:16.546+00,1,email,2026-07-22 11:00:31.397+00
704a292f-5444-4e4c-beb9-6c31186e5ffa,0c96a57e-6cc1-400f-bf3a-5740b699ac21,28f7b9e8-9516-4a08-864c-9ff3e085ba87,2026-07-22,2026-07-22 11:00:16.546+00,1,in_app,2026-07-22 11:00:35.811+00
a480292c-6e37-48c2-8e25-81510223b1ad,0c96a57e-6cc1-400f-bf3a-5740b699ac21,28f7b9e8-9516-4a08-864c-9ff3e085ba87,2026-07-22,2026-07-22 11:00:16.546+00,1,email,2026-07-22 11:00:36.184+00
d9eaba78-8cb6-418f-8be2-0fa6d8f68892,0c96a57e-6cc1-400f-bf3a-5740b699ac21,642b0596-7431-4f50-acff-1eb4199fab76,2026-07-22,2026-07-22 11:00:16.546+00,1,in_app,2026-07-22 11:00:38.144+00
1fcdaa7b-d907-4e20-a64b-aa54aec7c7b5,0c96a57e-6cc1-400f-bf3a-5740b699ac21,3258f102-8146-4986-964f-8c8f53441300,2026-07-22,2026-07-22 11:00:16.546+00,1,email,2026-07-22 11:00:38.921+00
c598cf01-f948-4a4c-8814-e6fc75ac1941,0c96a57e-6cc1-400f-bf3a-5740b699ac21,8cab859b-a1e1-4edb-af95-4e847e1c93e4,2026-07-22,2026-07-22 11:00:16.546+00,2,in_app,2026-07-22 11:00:39.363+00
094c578e-5c9c-4657-bd41-07228f6548a7,0c96a57e-6cc1-400f-bf3a-5740b699ac21,1c2d5668-5cd9-49a7-a138-3ccd2bea5cbb,2026-07-22,2026-07-22 11:00:16.546+00,1,in_app,2026-07-22 11:00:39.754+00
eaa3ec78-66c4-4ec7-a89f-4fc0b27de1e3,678b734f-19e2-4622-ab4e-fccd86f4877f,8cab859b-a1e1-4edb-af95-4e847e1c93e4,2026-07-27,2026-07-27 11:00:02.405+00,2,in_app,2026-07-27 11:00:29.888+00
2162707b-0c31-4b79-a2d9-e7af7992d4cc,0c96a57e-6cc1-400f-bf3a-5740b699ac21,658a0146-2d8a-4b2e-81e5-aa16fa9d0a30,2026-07-27,2026-07-27 11:00:02.405+00,3,email,2026-07-27 11:00:33.374+00
fc15e7e1-9022-4b84-948d-51ed171fedeb,0c96a57e-6cc1-400f-bf3a-5740b699ac21,d8eb23c1-2c90-4dfe-872a-aa3e3dcd6478,2026-07-27,2026-07-27 11:00:02.405+00,8,email,2026-07-27 11:00:34.347+00
9e30c55d-28f7-4ab4-8877-ed21dfbe144e,0c96a57e-6cc1-400f-bf3a-5740b699ac21,3cbe0dd1-c806-4171-8fdf-002c7fe52d74,2026-07-27,2026-07-27 11:00:02.405+00,1,in_app,2026-07-27 11:00:36.645+00
176a0072-c357-40ab-8816-1cf99ed6059c,0c96a57e-6cc1-400f-bf3a-5740b699ac21,5d7214cd-c7d1-42ac-b859-b9e84dee9fab,2026-07-27,2026-07-27 11:00:02.405+00,1,in_app,2026-07-27 11:00:37.642+00
b4b3f94d-48ad-473a-96c9-e3d9bb5d8aa8,0c96a57e-6cc1-400f-bf3a-5740b699ac21,b874694b-f463-4dbd-bb6f-b04f121a8802,2026-07-27,2026-07-27 11:00:02.405+00,1,email,2026-07-27 11:00:40.043+00
313272fa-46d0-43de-88b3-092093683382,0c96a57e-6cc1-400f-bf3a-5740b699ac21,8cab859b-a1e1-4edb-af95-4e847e1c93e4,2026-07-27,2026-07-27 11:00:02.405+00,2,in_app,2026-07-27 11:00:40.633+00
0ef934f6-300d-4d0d-a40e-640a1c22d396,0c96a57e-6cc1-400f-bf3a-5740b699ac21,c6754833-e150-4c12-9149-45a6dfcd6eec,2026-07-22,2026-07-22 11:00:16.546+00,3,email,2026-07-22 11:00:29.825+00
57b8bc76-8c0a-4296-88df-afba872d098f,678b734f-19e2-4622-ab4e-fccd86f4877f,8cab859b-a1e1-4edb-af95-4e847e1c93e4,2026-07-22,2026-07-22 11:00:16.546+00,2,in_app,2026-07-22 11:00:31.458+00
4e82b68b-40ff-43bf-a129-4ccc797767a7,0c96a57e-6cc1-400f-bf3a-5740b699ac21,a94fc469-4603-487f-ab7f-e2712197d510,2026-07-22,2026-07-22 11:00:16.546+00,12,in_app,2026-07-22 11:00:32.673+00
766dabec-4875-4a96-9532-89c8fd798edb,0c96a57e-6cc1-400f-bf3a-5740b699ac21,a94fc469-4603-487f-ab7f-e2712197d510,2026-07-22,2026-07-22 11:00:16.546+00,12,email,2026-07-22 11:00:33.009+00
3c91c28d-25e6-4259-9b2d-9e4c6cb61133,0c96a57e-6cc1-400f-bf3a-5740b699ac21,6d3f8a2c-1a05-4e2a-b57e-d969b668049b,2026-07-22,2026-07-22 11:00:16.546+00,1,email,2026-07-22 11:00:33.877+00
6dafe954-bbf9-4d28-88a4-3c47f70a3492,0c96a57e-6cc1-400f-bf3a-5740b699ac21,b874694b-f463-4dbd-bb6f-b04f121a8802,2026-07-22,2026-07-22 11:00:16.546+00,1,in_app,2026-07-22 11:00:33.945+00
7bbef8cf-92ae-401b-aa97-37078bc63149,0c96a57e-6cc1-400f-bf3a-5740b699ac21,b874694b-f463-4dbd-bb6f-b04f121a8802,2026-07-22,2026-07-22 11:00:16.546+00,1,email,2026-07-22 11:00:34.276+00
726c525a-ba22-452d-b14b-3751093297d0,0c96a57e-6cc1-400f-bf3a-5740b699ac21,2a266637-be4e-4088-9918-a51576912f5c,2026-07-22,2026-07-22 11:00:16.546+00,4,in_app,2026-07-22 11:00:34.348+00
38e565c5-ac1e-45f1-8ae8-db2f82aa32db,0c96a57e-6cc1-400f-bf3a-5740b699ac21,d8eb23c1-2c90-4dfe-872a-aa3e3dcd6478,2026-07-22,2026-07-22 11:00:16.546+00,8,in_app,2026-07-22 11:00:34.778+00
7baa866e-969b-4560-9eee-82cc74c0b0ed,0c96a57e-6cc1-400f-bf3a-5740b699ac21,d8eb23c1-2c90-4dfe-872a-aa3e3dcd6478,2026-07-22,2026-07-22 11:00:16.546+00,8,email,2026-07-22 11:00:35.176+00
1d05a5e7-4240-45c7-8d11-b5635e71be08,0c96a57e-6cc1-400f-bf3a-5740b699ac21,a3c5b629-15d3-48a7-b5ab-694e63dc8b63,2026-07-22,2026-07-22 11:00:16.546+00,8,in_app,2026-07-22 11:00:36.292+00
63c3382f-4e3c-43cd-80cb-12af50abc41d,0c96a57e-6cc1-400f-bf3a-5740b699ac21,9bd5cccc-e18f-432e-ae67-dc33103d5791,2026-07-22,2026-07-22 11:00:16.546+00,1,email,2026-07-22 11:00:37.115+00
d44531d6-55fe-413c-91ec-a41848ebd03d,0c96a57e-6cc1-400f-bf3a-5740b699ac21,5d7214cd-c7d1-42ac-b859-b9e84dee9fab,2026-07-22,2026-07-22 11:00:16.546+00,1,email,2026-07-22 11:00:37.559+00
e77691ba-2e3a-4355-83b5-d1bb5f102ae2,0c96a57e-6cc1-400f-bf3a-5740b699ac21,b3db042c-4932-4f66-8aff-3136ed50db97,2026-07-22,2026-07-22 11:00:16.546+00,8,in_app,2026-07-22 11:00:37.745+00
2cf0c4bc-580e-4f97-8cfa-6179aa9653d8,0c96a57e-6cc1-400f-bf3a-5740b699ac21,3258f102-8146-4986-964f-8c8f53441300,2026-07-22,2026-07-22 11:00:16.546+00,1,in_app,2026-07-22 11:00:38.605+00
febb5b28-d272-4703-b1f5-0eabb7bbda58,0c96a57e-6cc1-400f-bf3a-5740b699ac21,6d3f8a2c-1a05-4e2a-b57e-d969b668049b,2026-07-27,2026-07-27 11:00:02.405+00,1,in_app,2026-07-27 11:00:32.563+00
a7f3f703-5063-4b41-93e2-a332a034f6e3,0c96a57e-6cc1-400f-bf3a-5740b699ac21,d8eb23c1-2c90-4dfe-872a-aa3e3dcd6478,2026-07-27,2026-07-27 11:00:02.405+00,8,in_app,2026-07-27 11:00:33.976+00
8d29c951-e87c-4c95-ad54-7f996bdcaa5e,0c96a57e-6cc1-400f-bf3a-5740b699ac21,28f7b9e8-9516-4a08-864c-9ff3e085ba87,2026-07-27,2026-07-27 11:00:02.405+00,1,in_app,2026-07-27 11:00:34.482+00
fb35932e-4d84-45a1-ae71-1897b48ac89c,0c96a57e-6cc1-400f-bf3a-5740b699ac21,28f7b9e8-9516-4a08-864c-9ff3e085ba87,2026-07-27,2026-07-27 11:00:02.405+00,1,email,2026-07-27 11:00:34.87+00
489c522d-31ad-499c-a62a-75ec4926906c,0c96a57e-6cc1-400f-bf3a-5740b699ac21,3cbe0dd1-c806-4171-8fdf-002c7fe52d74,2026-07-27,2026-07-27 11:00:02.405+00,1,email,2026-07-27 11:00:37.006+00
f53120df-9afb-467f-8c62-2cc8dba3195c,0c96a57e-6cc1-400f-bf3a-5740b699ac21,760fc14a-229e-4212-9aa9-f90de968af69,2026-07-27,2026-07-27 11:00:02.405+00,1,email,2026-07-27 11:00:38.558+00
ab130419-66c3-4098-9f11-81aefd5c6220,0c96a57e-6cc1-400f-bf3a-5740b699ac21,b3db042c-4932-4f66-8aff-3136ed50db97,2026-07-27,2026-07-27 11:00:02.405+00,8,in_app,2026-07-27 11:00:38.75+00
003acd1e-69c8-484f-9b36-e159eae10be0,0c96a57e-6cc1-400f-bf3a-5740b699ac21,b3db042c-4932-4f66-8aff-3136ed50db97,2026-07-27,2026-07-27 11:00:02.405+00,8,email,2026-07-27 11:00:39.117+00
9dd2abbb-b245-4ef4-98fc-ed2338c27b00,0c96a57e-6cc1-400f-bf3a-5740b699ac21,3258f102-8146-4986-964f-8c8f53441300,2026-07-27,2026-07-27 11:00:02.405+00,1,in_app,2026-07-27 11:00:39.252+00
c77bbf03-a8fd-4d07-ac89-125261bc5903,0c96a57e-6cc1-400f-bf3a-5740b699ac21,3258f102-8146-4986-964f-8c8f53441300,2026-07-27,2026-07-27 11:00:02.405+00,1,email,2026-07-27 11:00:39.595+00
16834b9d-1cfc-43cd-913c-6cf97f60bb3d,678c949f-b372-4aba-9d9b-26d422134531,3258f102-8146-4986-964f-8c8f53441300,2026-07-22,2026-07-22 11:00:16.546+00,1,in_app,2026-07-22 11:00:29.893+00
8967fc61-9960-4d88-9065-2b0c2dfac60b,493aecc1-6791-4d62-bc63-f4f55c78e44e,7b577c22-5513-42cc-ab19-2bf867e14ebc,2026-07-22,2026-07-22 11:00:16.546+00,7,in_app,2026-07-22 11:00:30.281+00
d916db12-7578-48fc-9521-d8260425c437,0ae36a43-2ef0-4a7d-b95a-edcc7d9ac3f2,7b577c22-5513-42cc-ab19-2bf867e14ebc,2026-07-22,2026-07-22 11:00:16.546+00,1,in_app,2026-07-22 11:00:30.639+00
96c97cec-467f-48fc-aab9-a05f1b08f1f7,678b734f-19e2-4622-ab4e-fccd86f4877f,8cab859b-a1e1-4edb-af95-4e847e1c93e4,2026-07-22,2026-07-22 11:00:16.546+00,2,email,2026-07-22 11:00:31.788+00
f3c3f9ba-83f8-45ad-a152-b972816fc8ce,c1f13659-b28c-4d50-8375-5bf200294992,1c2d5668-5cd9-49a7-a138-3ccd2bea5cbb,2026-07-22,2026-07-22 11:00:16.546+00,1,in_app,2026-07-22 11:00:31.857+00
b8264089-ad98-40b1-aaf8-07449c1510b6,c1f13659-b28c-4d50-8375-5bf200294992,1c2d5668-5cd9-49a7-a138-3ccd2bea5cbb,2026-07-22,2026-07-22 11:00:16.546+00,1,email,2026-07-22 11:00:32.16+00
664f5264-33aa-4246-ab58-fb94ba0699d7,0c96a57e-6cc1-400f-bf3a-5740b699ac21,e51c5c55-1e13-45da-8a37-ed0f36f3d16c,2026-07-22,2026-07-22 11:00:16.546+00,1,in_app,2026-07-22 11:00:32.216+00
ee4242eb-c8ed-45b8-91f3-9ab2476f808e,0c96a57e-6cc1-400f-bf3a-5740b699ac21,2a266637-be4e-4088-9918-a51576912f5c,2026-07-22,2026-07-22 11:00:16.546+00,4,email,2026-07-22 11:00:34.674+00
b2751c3e-4380-4c69-b5ec-12428bbf0e41,0c96a57e-6cc1-400f-bf3a-5740b699ac21,ebe67fdd-2e23-43c0-8e9b-8abec2682d09,2026-07-22,2026-07-22 11:00:16.546+00,1,in_app,2026-07-22 11:00:35.285+00
2fbd7c56-c718-47b9-9347-a381e76670a4,0c96a57e-6cc1-400f-bf3a-5740b699ac21,ebe67fdd-2e23-43c0-8e9b-8abec2682d09,2026-07-22,2026-07-22 11:00:16.546+00,1,email,2026-07-22 11:00:35.743+00
c3d79552-ab3a-406f-aff8-83447845703e,0c96a57e-6cc1-400f-bf3a-5740b699ac21,642b0596-7431-4f50-acff-1eb4199fab76,2026-07-22,2026-07-22 11:00:16.546+00,1,email,2026-07-22 11:00:38.499+00
5f270576-c945-4010-8370-6df1f3af3189,0c96a57e-6cc1-400f-bf3a-5740b699ac21,8cab859b-a1e1-4edb-af95-4e847e1c93e4,2026-07-22,2026-07-22 11:00:16.546+00,2,email,2026-07-22 11:00:39.689+00
1ce36323-cafa-4790-b95a-c6215d474002,0c96a57e-6cc1-400f-bf3a-5740b699ac21,2a266637-be4e-4088-9918-a51576912f5c,2026-07-27,2026-07-27 11:00:02.405+00,4,email,2026-07-27 11:00:33.83+00
2acac615-4f56-4eeb-9be4-6f4a334682f5,0c96a57e-6cc1-400f-bf3a-5740b699ac21,e51c5c55-1e13-45da-8a37-ed0f36f3d16c,2026-07-27,2026-07-27 11:00:02.405+00,1,email,2026-07-27 11:00:36.549+00
0def4118-f330-4cda-80f8-bed9ac470423,0c96a57e-6cc1-400f-bf3a-5740b699ac21,a3c5b629-15d3-48a7-b5ab-694e63dc8b63,2026-07-27,2026-07-27 11:00:02.405+00,8,email,2026-07-27 11:00:37.507+00
57762bbc-69c3-413f-bc93-64a2f37304eb,0c96a57e-6cc1-400f-bf3a-5740b699ac21,b874694b-f463-4dbd-bb6f-b04f121a8802,2026-07-27,2026-07-27 11:00:02.405+00,1,in_app,2026-07-27 11:00:39.677+00
ffed394e-32c1-4e13-b268-552c1079e50a,0c96a57e-6cc1-400f-bf3a-5740b699ac21,decc7faa-b202-42f1-9a04-fe15fe97a892,2026-07-27,2026-07-27 11:00:02.405+00,1,email,2026-07-27 11:00:40.546+00
69e41cb2-cace-4298-9cfa-c5a9a2c200ca,0c96a57e-6cc1-400f-bf3a-5740b699ac21,8cab859b-a1e1-4edb-af95-4e847e1c93e4,2026-07-27,2026-07-27 11:00:02.405+00,2,email,2026-07-27 11:00:40.996+00
9bc356dc-8fb9-46e7-acd5-2807ad5629ce,678c949f-b372-4aba-9d9b-26d422134531,3258f102-8146-4986-964f-8c8f53441300,2026-07-22,2026-07-22 11:00:16.546+00,1,email,2026-07-22 11:00:30.219+00
ff03b416-60bd-4721-9c6b-13c4d40fbf04,493aecc1-6791-4d62-bc63-f4f55c78e44e,7b577c22-5513-42cc-ab19-2bf867e14ebc,2026-07-22,2026-07-22 11:00:16.546+00,7,email,2026-07-22 11:00:30.574+00
75fb1f4a-65a8-4494-9a85-b79f6eb53de1,0ae36a43-2ef0-4a7d-b95a-edcc7d9ac3f2,7b577c22-5513-42cc-ab19-2bf867e14ebc,2026-07-22,2026-07-22 11:00:16.546+00,1,email,2026-07-22 11:00:30.978+00
7905a868-f070-44d3-819f-1e1641d40013,c1f13659-b28c-4d50-8375-5bf200294992,decc7faa-b202-42f1-9a04-fe15fe97a892,2026-07-22,2026-07-22 11:00:16.546+00,1,in_app,2026-07-22 11:00:31.044+00
4d9d983b-d4fd-47ad-8b30-5a73b9189e32,0c96a57e-6cc1-400f-bf3a-5740b699ac21,e51c5c55-1e13-45da-8a37-ed0f36f3d16c,2026-07-22,2026-07-22 11:00:16.546+00,1,email,2026-07-22 11:00:32.54+00
d791fa45-0e06-4102-8ee7-d8d3a1f9ca47,0c96a57e-6cc1-400f-bf3a-5740b699ac21,bdef184d-6217-4cdf-a59f-dc37008d13fd,2026-07-22,2026-07-22 11:00:16.546+00,8,in_app,2026-07-22 11:00:33.105+00
900b9bb3-b0dc-4f7e-99f7-755abe59f31e,0c96a57e-6cc1-400f-bf3a-5740b699ac21,bdef184d-6217-4cdf-a59f-dc37008d13fd,2026-07-22,2026-07-22 11:00:16.546+00,8,email,2026-07-22 11:00:33.428+00
de6f448e-9610-4a88-ae0c-27c9d4cd8817,0c96a57e-6cc1-400f-bf3a-5740b699ac21,6d3f8a2c-1a05-4e2a-b57e-d969b668049b,2026-07-22,2026-07-22 11:00:16.546+00,1,in_app,2026-07-22 11:00:33.54+00
9da6664f-e48f-4ad2-990c-530e2a30dfdd,0c96a57e-6cc1-400f-bf3a-5740b699ac21,a3c5b629-15d3-48a7-b5ab-694e63dc8b63,2026-07-22,2026-07-22 11:00:16.546+00,8,email,2026-07-22 11:00:36.63+00
538afd96-adf9-4c7e-af77-7b240a98793b,0c96a57e-6cc1-400f-bf3a-5740b699ac21,9bd5cccc-e18f-432e-ae67-dc33103d5791,2026-07-22,2026-07-22 11:00:16.546+00,1,in_app,2026-07-22 11:00:36.695+00
e5ff76f3-4a27-499e-9332-6f28ce78fd80,0c96a57e-6cc1-400f-bf3a-5740b699ac21,5d7214cd-c7d1-42ac-b859-b9e84dee9fab,2026-07-22,2026-07-22 11:00:16.546+00,1,in_app,2026-07-22 11:00:37.18+00
6f600da3-d974-412a-aea5-e58578cf44f3,0c96a57e-6cc1-400f-bf3a-5740b699ac21,b3db042c-4932-4f66-8aff-3136ed50db97,2026-07-22,2026-07-22 11:00:16.546+00,8,email,2026-07-22 11:00:38.079+00
8757551d-104e-4f1c-95b4-072de30c83e2,0c96a57e-6cc1-400f-bf3a-5740b699ac21,decc7faa-b202-42f1-9a04-fe15fe97a892,2026-07-22,2026-07-22 11:00:16.546+00,1,in_app,2026-07-22 11:00:38.988+00
fd1527dd-0fb0-4c00-83fe-ddcbd2829d65,0c96a57e-6cc1-400f-bf3a-5740b699ac21,decc7faa-b202-42f1-9a04-fe15fe97a892,2026-07-22,2026-07-22 11:00:16.546+00,1,email,2026-07-22 11:00:39.299+00
40d7bdc5-d5f5-4eea-b360-b9ea00a6e58e,0c96a57e-6cc1-400f-bf3a-5740b699ac21,1c2d5668-5cd9-49a7-a138-3ccd2bea5cbb,2026-07-22,2026-07-22 11:00:16.546+00,1,email,2026-07-22 11:00:40.081+00
dc98b6cc-7d7b-4ae5-b6fb-a38559dcd0da,0c96a57e-6cc1-400f-bf3a-5740b699ac21,968fc8e6-f918-4579-b0d1-26570ce5e94b,2026-07-22,2026-07-22 17:00:35.253+00,1,in_app,2026-07-22 17:00:35.412+00
16cdbf97-e2c1-479e-ac56-bb12ec814e98,0c96a57e-6cc1-400f-bf3a-5740b699ac21,968fc8e6-f918-4579-b0d1-26570ce5e94b,2026-07-22,2026-07-22 17:00:35.253+00,1,email,2026-07-22 17:00:35.841+00
490ee6d7-c37c-46dc-84b7-f17b44e264b7,3870aadb-8625-4184-ac60-c6e20be4cdc5,a94fc469-4603-487f-ab7f-e2712197d510,2026-07-22,2026-07-22 17:00:35.253+00,12,in_app,2026-07-22 17:00:35.911+00
e12f4198-67ab-469f-887b-26f14cb0cbf1,3870aadb-8625-4184-ac60-c6e20be4cdc5,a94fc469-4603-487f-ab7f-e2712197d510,2026-07-22,2026-07-22 17:00:35.253+00,12,email,2026-07-22 17:00:36.245+00
e6522522-05c1-4d36-a1f7-eb9c869fba37,8474aaf6-e7d1-4165-9bef-bf76bc701038,90bb1d12-5855-4f3e-aecb-e92f597e650c,2026-07-22,2026-07-22 17:00:35.253+00,1,in_app,2026-07-22 17:00:36.311+00
6f2be0c2-52d8-4138-a0dd-c250cf09932d,8474aaf6-e7d1-4165-9bef-bf76bc701038,90bb1d12-5855-4f3e-aecb-e92f597e650c,2026-07-22,2026-07-22 17:00:35.253+00,1,email,2026-07-22 17:00:36.63+00
9c49d0d2-afd5-4ba4-8185-f3a8987e1d7a,72aeb445-484f-4979-8c2a-d34ec40b22b0,bdef184d-6217-4cdf-a59f-dc37008d13fd,2026-07-22,2026-07-22 17:00:35.253+00,7,in_app,2026-07-22 17:00:36.696+00
0aa6d211-35ba-4722-a546-06b5acd38305,72aeb445-484f-4979-8c2a-d34ec40b22b0,bdef184d-6217-4cdf-a59f-dc37008d13fd,2026-07-22,2026-07-22 17:00:35.253+00,7,email,2026-07-22 17:00:37.012+00
7ed20625-85a6-4bc5-b1c3-8babd948d55c,0c96a57e-6cc1-400f-bf3a-5740b699ac21,7b577c22-5513-42cc-ab19-2bf867e14ebc,2026-07-22,2026-07-22 17:00:35.253+00,2,in_app,2026-07-22 17:00:37.076+00
eeb6d296-b2b3-445d-84c0-a35fdf3d8e0a,0c96a57e-6cc1-400f-bf3a-5740b699ac21,7b577c22-5513-42cc-ab19-2bf867e14ebc,2026-07-22,2026-07-22 17:00:35.253+00,2,email,2026-07-22 17:00:37.371+00
d6b238a2-3189-45ef-a6f5-917b396f2093,62a2569e-4be2-4326-bddd-3c6116ed18b0,6d3f8a2c-1a05-4e2a-b57e-d969b668049b,2026-07-22,2026-07-22 17:00:35.253+00,1,in_app,2026-07-22 17:00:37.433+00
398ac447-d5a2-46eb-9ac5-bad1c04268da,62a2569e-4be2-4326-bddd-3c6116ed18b0,6d3f8a2c-1a05-4e2a-b57e-d969b668049b,2026-07-22,2026-07-22 17:00:35.253+00,1,email,2026-07-22 17:00:37.907+00
34222597-774a-4f4e-af99-377d7c8dd07c,62a2569e-4be2-4326-bddd-3c6116ed18b0,7b577c22-5513-42cc-ab19-2bf867e14ebc,2026-07-22,2026-07-22 17:00:35.253+00,1,in_app,2026-07-22 17:00:37.966+00
351ae1aa-0786-43ee-acd7-db7ce68de7fc,62a2569e-4be2-4326-bddd-3c6116ed18b0,7b577c22-5513-42cc-ab19-2bf867e14ebc,2026-07-22,2026-07-22 17:00:35.253+00,1,email,2026-07-22 17:00:38.282+00
828b0633-8508-4a77-a0ce-2e96c9cbdce1,2f940451-4cf3-44e3-9040-07942e4146c1,b874694b-f463-4dbd-bb6f-b04f121a8802,2026-07-22,2026-07-22 17:00:35.253+00,1,in_app,2026-07-22 17:00:38.342+00
865375a2-1f63-49c5-ac09-c857497a8e0c,2f940451-4cf3-44e3-9040-07942e4146c1,b874694b-f463-4dbd-bb6f-b04f121a8802,2026-07-22,2026-07-22 17:00:35.253+00,1,email,2026-07-22 17:00:38.63+00
f3acd923-7e5a-491c-be79-d7230f461f70,62a2569e-4be2-4326-bddd-3c6116ed18b0,bdef184d-6217-4cdf-a59f-dc37008d13fd,2026-07-22,2026-07-22 17:00:35.253+00,1,in_app,2026-07-22 17:00:38.691+00
24d92c04-5a06-4098-9c02-37ee2c8e7077,62a2569e-4be2-4326-bddd-3c6116ed18b0,bdef184d-6217-4cdf-a59f-dc37008d13fd,2026-07-22,2026-07-22 17:00:35.253+00,1,email,2026-07-22 17:00:39.027+00
2b3c119a-1d43-4f3d-8ac4-1db93597a691,b0737bfd-7bea-493b-8cfc-14946fcea8cd,90bb1d12-5855-4f3e-aecb-e92f597e650c,2026-07-22,2026-07-22 17:00:35.253+00,1,in_app,2026-07-22 17:00:39.088+00
e30bf6ea-2293-4377-9b79-ae871a067a14,b0737bfd-7bea-493b-8cfc-14946fcea8cd,90bb1d12-5855-4f3e-aecb-e92f597e650c,2026-07-22,2026-07-22 17:00:35.253+00,1,email,2026-07-22 17:00:39.455+00
104f73c4-fdad-4c8b-ad77-b9c258751b7d,9b5aa503-44ec-40de-9ceb-b1475639767e,2a266637-be4e-4088-9918-a51576912f5c,2026-07-22,2026-07-22 17:00:35.253+00,4,in_app,2026-07-22 17:00:39.516+00
b9f2cb07-fb7c-4507-8add-6699e0f900a2,9b5aa503-44ec-40de-9ceb-b1475639767e,2a266637-be4e-4088-9918-a51576912f5c,2026-07-22,2026-07-22 17:00:35.253+00,4,email,2026-07-22 17:00:39.883+00
73db66bd-0cbe-4980-a603-7564ece1a960,b6617c09-9b4a-4ebc-bf50-e584b67edaa3,e5efecc9-f05f-479b-b2ea-81a2ed90fba4,2026-07-22,2026-07-22 17:00:35.253+00,1,in_app,2026-07-22 17:00:39.947+00
a7144939-cb07-4f0b-ac3e-03cd40f1121a,b6617c09-9b4a-4ebc-bf50-e584b67edaa3,e5efecc9-f05f-479b-b2ea-81a2ed90fba4,2026-07-22,2026-07-22 17:00:35.253+00,1,email,2026-07-22 17:00:40.285+00
baf789ee-0250-4a0e-8ad5-43affce537b9,fd63bafa-9a78-43fb-9311-f78b8cbfb667,d8eb23c1-2c90-4dfe-872a-aa3e3dcd6478,2026-07-22,2026-07-22 17:00:35.253+00,8,in_app,2026-07-22 17:00:40.343+00
3b410763-0873-47b7-a6b8-e0d3cc9ca3f8,fd63bafa-9a78-43fb-9311-f78b8cbfb667,d8eb23c1-2c90-4dfe-872a-aa3e3dcd6478,2026-07-22,2026-07-22 17:00:35.253+00,8,email,2026-07-22 17:00:40.656+00
a32a2b2b-463c-4694-82c3-d9805305b277,0c96a57e-6cc1-400f-bf3a-5740b699ac21,6237fa09-ec4a-46ca-a99b-4f8afb3bf259,2026-07-22,2026-07-22 17:00:35.253+00,1,in_app,2026-07-22 17:00:40.711+00
673cee16-1707-4625-8111-6eafd412faf4,0c96a57e-6cc1-400f-bf3a-5740b699ac21,6237fa09-ec4a-46ca-a99b-4f8afb3bf259,2026-07-22,2026-07-22 17:00:35.253+00,1,email,2026-07-22 17:00:41.057+00
50196a71-3169-4b59-86d6-bdb78ce6b200,b0737bfd-7bea-493b-8cfc-14946fcea8cd,32ccdbe1-627f-4fe3-a506-056b997ed89b,2026-07-22,2026-07-22 17:00:35.253+00,3,in_app,2026-07-22 17:00:41.119+00
99dad6d1-750c-4686-8ed8-f2a9291fcbb0,b0737bfd-7bea-493b-8cfc-14946fcea8cd,32ccdbe1-627f-4fe3-a506-056b997ed89b,2026-07-22,2026-07-22 17:00:35.253+00,3,email,2026-07-22 17:00:41.452+00
39c71cd4-2659-4f1d-97e9-bf3b827a5ae5,0c96a57e-6cc1-400f-bf3a-5740b699ac21,968fc8e6-f918-4579-b0d1-26570ce5e94b,2026-07-27,2026-07-27 17:01:12.872+00,1,in_app,2026-07-27 17:01:13.217+00
206e6b53-95fd-4201-9944-b245042673d2,b6617c09-9b4a-4ebc-bf50-e584b67edaa3,e5efecc9-f05f-479b-b2ea-81a2ed90fba4,2026-07-27,2026-07-27 17:01:12.872+00,1,in_app,2026-07-27 17:01:20.026+00
7b42d119-eb9e-42df-8dda-ed3d8e8b14b4,8474aaf6-e7d1-4165-9bef-bf76bc701038,32ccdbe1-627f-4fe3-a506-056b997ed89b,2026-07-22,2026-07-22 17:00:35.253+00,3,in_app,2026-07-22 17:00:41.913+00
60881ad1-9233-4add-821b-4caa09918c4c,8474aaf6-e7d1-4165-9bef-bf76bc701038,32ccdbe1-627f-4fe3-a506-056b997ed89b,2026-07-22,2026-07-22 17:00:35.253+00,3,email,2026-07-22 17:00:42.513+00
9bfead20-cd88-4398-8978-5b4e017e408e,9647402f-c830-48fb-92a7-e1e0f719045f,9d005015-cf2c-4590-9c46-e55e56c7696d,2026-07-22,2026-07-22 17:00:35.253+00,2,in_app,2026-07-22 17:00:42.577+00
5eb54510-e9b1-4a5a-a64e-f9e7dba3360c,9647402f-c830-48fb-92a7-e1e0f719045f,9d005015-cf2c-4590-9c46-e55e56c7696d,2026-07-22,2026-07-22 17:00:35.253+00,2,email,2026-07-22 17:00:42.893+00
4494b2fb-9fcb-4b76-8d8a-45a08964e054,9066ac12-d1c6-4a15-ad74-4932bf8dd987,968fc8e6-f918-4579-b0d1-26570ce5e94b,2026-07-22,2026-07-22 17:00:35.253+00,2,in_app,2026-07-22 17:00:42.949+00
084c8d56-d0f7-4450-b483-392b3a51454e,9066ac12-d1c6-4a15-ad74-4932bf8dd987,968fc8e6-f918-4579-b0d1-26570ce5e94b,2026-07-22,2026-07-22 17:00:35.253+00,2,email,2026-07-22 17:00:43.27+00
51a05315-7569-4495-93ac-a4a170cbcda9,04b00ab5-856d-4f95-962b-e9d97b33f207,a3c5b629-15d3-48a7-b5ab-694e63dc8b63,2026-07-22,2026-07-22 17:00:35.253+00,8,in_app,2026-07-22 17:00:43.341+00
506ea373-bd23-4a5c-a29c-5e385655364d,04b00ab5-856d-4f95-962b-e9d97b33f207,a3c5b629-15d3-48a7-b5ab-694e63dc8b63,2026-07-22,2026-07-22 17:00:35.253+00,8,email,2026-07-22 17:00:43.65+00
be6f1a10-5476-4b5b-a644-2353c055f3ed,4c1d6869-b323-4864-80a4-fe459ed57fe7,9bd5cccc-e18f-432e-ae67-dc33103d5791,2026-07-22,2026-07-22 17:00:35.253+00,1,in_app,2026-07-22 17:00:43.708+00
592dc95f-0ce6-4138-abe2-2d59272bb725,4c1d6869-b323-4864-80a4-fe459ed57fe7,9bd5cccc-e18f-432e-ae67-dc33103d5791,2026-07-22,2026-07-22 17:00:35.253+00,1,email,2026-07-22 17:00:44.022+00
a692fc98-088f-4334-93aa-2f624aac6d4c,b16b90c0-67c9-46c5-ac6f-2ccb8f3b2a08,5d7214cd-c7d1-42ac-b859-b9e84dee9fab,2026-07-22,2026-07-22 17:00:35.253+00,1,in_app,2026-07-22 17:00:44.076+00
654a68ba-bb09-4862-b1bd-2f9199fb9c22,b16b90c0-67c9-46c5-ac6f-2ccb8f3b2a08,5d7214cd-c7d1-42ac-b859-b9e84dee9fab,2026-07-22,2026-07-22 17:00:35.253+00,1,email,2026-07-22 17:00:44.367+00
1db57cd3-b668-49ac-a7ba-cf589140413b,8396bd66-e3ed-4593-b985-3e380cd308eb,b0faf762-848b-4737-a04d-b2b4e1e8cc5b,2026-07-22,2026-07-22 17:00:35.253+00,1,in_app,2026-07-22 17:00:44.426+00
d3ec1882-9a83-4f42-8db1-f774c5082ea6,8396bd66-e3ed-4593-b985-3e380cd308eb,b0faf762-848b-4737-a04d-b2b4e1e8cc5b,2026-07-22,2026-07-22 17:00:35.253+00,1,email,2026-07-22 17:00:44.974+00
b87e5b08-af13-4f12-a90b-3e9f426016d4,2a72272f-56f2-4104-9952-5d3d8b19ff1d,27edf455-e61a-48a9-a846-e2c6f42999b5,2026-07-22,2026-07-22 17:00:35.253+00,1,in_app,2026-07-22 17:00:45.034+00
6d55771a-0047-47e4-a122-98cc106e3473,2a72272f-56f2-4104-9952-5d3d8b19ff1d,27edf455-e61a-48a9-a846-e2c6f42999b5,2026-07-22,2026-07-22 17:00:35.253+00,1,email,2026-07-22 17:00:45.586+00
a8c166c4-75e8-4ca3-9950-a7bffee57123,0c96a57e-6cc1-400f-bf3a-5740b699ac21,27edf455-e61a-48a9-a846-e2c6f42999b5,2026-07-22,2026-07-22 17:00:35.253+00,1,in_app,2026-07-22 17:00:45.645+00
7daca670-c87c-4268-9cf2-d94d038a912b,0c96a57e-6cc1-400f-bf3a-5740b699ac21,27edf455-e61a-48a9-a846-e2c6f42999b5,2026-07-22,2026-07-22 17:00:35.253+00,1,email,2026-07-22 17:00:45.963+00
7582c1c9-9aec-4d42-a1a8-8ce71e720efe,ed586056-17ca-4287-936a-c16e642c63a6,8737f689-7c9e-414a-8391-5bf93d5ba600,2026-07-22,2026-07-22 17:00:35.253+00,1,in_app,2026-07-22 17:00:46.023+00
80493db6-a9ea-48b8-8b15-3ecc1aa54254,ed586056-17ca-4287-936a-c16e642c63a6,8737f689-7c9e-414a-8391-5bf93d5ba600,2026-07-22,2026-07-22 17:00:35.253+00,1,email,2026-07-22 17:00:46.385+00
5a1953b5-225e-41dc-a929-5cf42fc4e616,2e6f6612-8033-42e0-b84d-b2ea8aded8ac,b3db042c-4932-4f66-8aff-3136ed50db97,2026-07-22,2026-07-22 17:00:35.253+00,7,in_app,2026-07-22 17:00:46.445+00
2b9a6991-046f-4ced-aa31-99418f7eb6f5,2e6f6612-8033-42e0-b84d-b2ea8aded8ac,b3db042c-4932-4f66-8aff-3136ed50db97,2026-07-22,2026-07-22 17:00:35.253+00,7,email,2026-07-22 17:00:46.847+00
0ca01e59-3178-482e-bbaf-1d02a9e0b304,493aecc1-6791-4d62-bc63-f4f55c78e44e,642b0596-7431-4f50-acff-1eb4199fab76,2026-07-22,2026-07-22 17:00:35.253+00,1,in_app,2026-07-22 17:00:46.908+00
3d97d00b-f373-4bcb-8de9-444c19e658af,493aecc1-6791-4d62-bc63-f4f55c78e44e,642b0596-7431-4f50-acff-1eb4199fab76,2026-07-22,2026-07-22 17:00:35.253+00,1,email,2026-07-22 17:00:47.195+00
35df98b1-5db5-4de9-afbd-98fb1f2a42be,0ae36a43-2ef0-4a7d-b95a-edcc7d9ac3f2,7b577c22-5513-42cc-ab19-2bf867e14ebc,2026-07-22,2026-07-22 17:00:35.253+00,1,email,2026-07-22 17:00:48.748+00
60446a99-5b44-45e3-bcf9-2684c273df79,0c96a57e-6cc1-400f-bf3a-5740b699ac21,968fc8e6-f918-4579-b0d1-26570ce5e94b,2026-07-27,2026-07-27 17:01:12.872+00,1,email,2026-07-27 17:01:13.802+00
14f05be4-dd66-4786-b4de-b8605eeb84c0,72aeb445-484f-4979-8c2a-d34ec40b22b0,bdef184d-6217-4cdf-a59f-dc37008d13fd,2026-07-27,2026-07-27 17:01:12.872+00,6,in_app,2026-07-27 17:01:14.696+00
ce7f13ec-c1fe-48cd-b0a1-a51c8917d167,c1f13659-b28c-4d50-8375-5bf200294992,658a0146-2d8a-4b2e-81e5-aa16fa9d0a30,2026-07-27,2026-07-27 17:01:12.872+00,3,email,2026-07-27 17:01:18.107+00
b0042651-f199-45f3-b09a-178487bffcac,0c96a57e-6cc1-400f-bf3a-5740b699ac21,6237fa09-ec4a-46ca-a99b-4f8afb3bf259,2026-07-27,2026-07-27 17:01:12.872+00,1,in_app,2026-07-27 17:01:21.816+00
e90dd950-20f7-4f26-a15a-8197dda09747,b0737bfd-7bea-493b-8cfc-14946fcea8cd,32ccdbe1-627f-4fe3-a506-056b997ed89b,2026-07-27,2026-07-27 17:01:12.872+00,4,email,2026-07-27 17:01:22.8+00
2a74fd5d-6fdf-418a-ae30-2c622d8cbbb7,8474aaf6-e7d1-4165-9bef-bf76bc701038,32ccdbe1-627f-4fe3-a506-056b997ed89b,2026-07-27,2026-07-27 17:01:12.872+00,3,in_app,2026-07-27 17:01:22.944+00
0174c622-31f9-46be-af78-c9e8a3b7625c,9066ac12-d1c6-4a15-ad74-4932bf8dd987,968fc8e6-f918-4579-b0d1-26570ce5e94b,2026-07-27,2026-07-27 17:01:12.872+00,3,email,2026-07-27 17:01:23.901+00
8f9f82ef-b300-4795-8f4b-ad51e8d9c16e,2528e875-ab7b-4905-a98b-998a318b883e,e51c5c55-1e13-45da-8a37-ed0f36f3d16c,2026-07-27,2026-07-27 17:01:12.872+00,1,email,2026-07-27 17:01:24.481+00
0f7f6bcb-a856-4585-aee2-ffc3103080b4,0c96a57e-6cc1-400f-bf3a-5740b699ac21,1c2d5668-5cd9-49a7-a138-3ccd2bea5cbb,2026-07-27,2026-07-27 17:01:12.872+00,1,in_app,2026-07-27 17:01:26.347+00
d03e6853-03b3-4c57-bb6b-4d17d88ddd70,1ed74e00-4a16-47cb-84fc-8021943b5fa3,760fc14a-229e-4212-9aa9-f90de968af69,2026-07-27,2026-07-27 17:01:12.872+00,2,in_app,2026-07-27 17:01:26.919+00
bec75c21-29e6-461d-873a-bc894f1a00a1,ed586056-17ca-4287-936a-c16e642c63a6,8737f689-7c9e-414a-8391-5bf93d5ba600,2026-07-27,2026-07-27 17:01:12.872+00,1,email,2026-07-27 17:01:30.652+00
c1cd54c1-6dfa-49b0-b599-5084aee06578,0c96a57e-6cc1-400f-bf3a-5740b699ac21,b874694b-f463-4dbd-bb6f-b04f121a8802,2026-07-27,2026-07-27 17:01:12.872+00,1,email,2026-07-27 17:01:44.271+00
2d900bfc-3507-4f07-80d9-b1a58e651638,0c96a57e-6cc1-400f-bf3a-5740b699ac21,8cab859b-a1e1-4edb-af95-4e847e1c93e4,2026-07-27,2026-07-27 17:01:12.872+00,2,in_app,2026-07-27 17:01:45.01+00
bde191dc-c8ec-4f1d-97a5-b99bf6a358a5,0c96a57e-6cc1-400f-bf3a-5740b699ac21,c6754833-e150-4c12-9149-45a6dfcd6eec,2026-07-22,2026-07-22 17:00:35.253+00,3,in_app,2026-07-22 17:00:47.254+00
b25df61c-5f60-4b13-ab90-c605b3396f10,678b734f-19e2-4622-ab4e-fccd86f4877f,8cab859b-a1e1-4edb-af95-4e847e1c93e4,2026-07-22,2026-07-22 17:00:35.253+00,2,in_app,2026-07-22 17:00:49.16+00
b67ae5a7-c98a-4a85-8174-5a75c2647c49,c1f13659-b28c-4d50-8375-5bf200294992,1c2d5668-5cd9-49a7-a138-3ccd2bea5cbb,2026-07-22,2026-07-22 17:00:35.253+00,1,in_app,2026-07-22 17:00:49.564+00
854a45d2-d1c0-42e8-8281-f1e5e713a039,0c96a57e-6cc1-400f-bf3a-5740b699ac21,a94fc469-4603-487f-ab7f-e2712197d510,2026-07-22,2026-07-22 17:00:35.253+00,12,in_app,2026-07-22 17:00:49.987+00
c4f4602d-6f13-44d0-b784-019bad5c3a4e,0c96a57e-6cc1-400f-bf3a-5740b699ac21,6d3f8a2c-1a05-4e2a-b57e-d969b668049b,2026-07-22,2026-07-22 17:00:35.253+00,1,in_app,2026-07-22 17:00:50.803+00
a29553a0-8509-485a-98f0-a59e3b92fdaf,0c96a57e-6cc1-400f-bf3a-5740b699ac21,6d3f8a2c-1a05-4e2a-b57e-d969b668049b,2026-07-22,2026-07-22 17:00:35.253+00,1,email,2026-07-22 17:00:51.115+00
6dc7d30c-15dd-4f6c-a835-3a658bcae33a,0c96a57e-6cc1-400f-bf3a-5740b699ac21,2a266637-be4e-4088-9918-a51576912f5c,2026-07-22,2026-07-22 17:00:35.253+00,4,in_app,2026-07-22 17:00:51.609+00
40dcc384-2443-495c-9708-40c0f89b2632,0c96a57e-6cc1-400f-bf3a-5740b699ac21,d8eb23c1-2c90-4dfe-872a-aa3e3dcd6478,2026-07-22,2026-07-22 17:00:35.253+00,8,in_app,2026-07-22 17:00:51.959+00
c5760f88-38b8-4adb-bb26-e4e133ca0911,0c96a57e-6cc1-400f-bf3a-5740b699ac21,ebe67fdd-2e23-43c0-8e9b-8abec2682d09,2026-07-22,2026-07-22 17:00:35.253+00,1,in_app,2026-07-22 17:00:52.315+00
091fe04a-d2b9-448b-9b38-b22810c6b237,0c96a57e-6cc1-400f-bf3a-5740b699ac21,28f7b9e8-9516-4a08-864c-9ff3e085ba87,2026-07-22,2026-07-22 17:00:35.253+00,1,email,2026-07-22 17:00:53.029+00
ac9002c9-8424-495e-8b49-ddaa9d22b1c4,0c96a57e-6cc1-400f-bf3a-5740b699ac21,a3c5b629-15d3-48a7-b5ab-694e63dc8b63,2026-07-22,2026-07-22 17:00:35.253+00,8,email,2026-07-22 17:00:53.38+00
fe79f7b7-16c9-4403-8add-5b65cd530401,0c96a57e-6cc1-400f-bf3a-5740b699ac21,b3db042c-4932-4f66-8aff-3136ed50db97,2026-07-22,2026-07-22 17:00:35.253+00,8,email,2026-07-22 17:00:54.511+00
fce21de1-0f00-41a7-bad9-5c9d5cfca0a3,0c96a57e-6cc1-400f-bf3a-5740b699ac21,8cab859b-a1e1-4edb-af95-4e847e1c93e4,2026-07-22,2026-07-22 17:00:35.253+00,2,email,2026-07-22 17:00:55.904+00
19f4c54c-0041-476e-bb9a-560f171aa6db,8474aaf6-e7d1-4165-9bef-bf76bc701038,90bb1d12-5855-4f3e-aecb-e92f597e650c,2026-07-27,2026-07-27 17:01:12.872+00,1,in_app,2026-07-27 17:01:13.979+00
d0f54710-cd9f-45ae-92aa-64e410840f93,3870aadb-8625-4184-ac60-c6e20be4cdc5,a94fc469-4603-487f-ab7f-e2712197d510,2026-07-27,2026-07-27 17:01:12.872+00,20,in_app,2026-07-27 17:01:15.244+00
b365c42e-bcf8-45bc-ae90-7ed6743c6217,0c96a57e-6cc1-400f-bf3a-5740b699ac21,7b577c22-5513-42cc-ab19-2bf867e14ebc,2026-07-27,2026-07-27 17:01:12.872+00,2,in_app,2026-07-27 17:01:15.886+00
8a23793e-1d18-4b20-81b2-b28aa39f8cdb,62a2569e-4be2-4326-bddd-3c6116ed18b0,7b577c22-5513-42cc-ab19-2bf867e14ebc,2026-07-27,2026-07-27 17:01:12.872+00,1,email,2026-07-27 17:01:17.497+00
11db3fdc-623b-4a61-938e-e429696384d5,b0737bfd-7bea-493b-8cfc-14946fcea8cd,90bb1d12-5855-4f3e-aecb-e92f597e650c,2026-07-27,2026-07-27 17:01:12.872+00,1,email,2026-07-27 17:01:19.323+00
f4e8f4c3-7bea-421b-aad6-26b87e82525a,9b5aa503-44ec-40de-9ceb-b1475639767e,2a266637-be4e-4088-9918-a51576912f5c,2026-07-27,2026-07-27 17:01:12.872+00,4,in_app,2026-07-27 17:01:19.472+00
1548561f-23ec-4eef-a146-c30b0382962d,9b5aa503-44ec-40de-9ceb-b1475639767e,2a266637-be4e-4088-9918-a51576912f5c,2026-07-27,2026-07-27 17:01:12.872+00,4,email,2026-07-27 17:01:19.879+00
4a7dbba3-0813-4a20-a9ed-2d8b453145bc,b6617c09-9b4a-4ebc-bf50-e584b67edaa3,e5efecc9-f05f-479b-b2ea-81a2ed90fba4,2026-07-27,2026-07-27 17:01:12.872+00,1,email,2026-07-27 17:01:20.527+00
ea1735a1-03ed-4fd2-bdcb-598621e7d9d5,0e2a45ad-2133-4d3e-822a-b61d069d1e56,3cbe0dd1-c806-4171-8fdf-002c7fe52d74,2026-07-27,2026-07-27 17:01:12.872+00,1,in_app,2026-07-27 17:01:24.632+00
b8d2af18-08cb-45ca-accc-67d58cc2b8ef,2a72272f-56f2-4104-9952-5d3d8b19ff1d,27edf455-e61a-48a9-a846-e2c6f42999b5,2026-07-27,2026-07-27 17:01:12.872+00,1,in_app,2026-07-27 17:01:28.818+00
ebc6feea-0f14-4793-89ac-482b65269fc1,2a72272f-56f2-4104-9952-5d3d8b19ff1d,27edf455-e61a-48a9-a846-e2c6f42999b5,2026-07-27,2026-07-27 17:01:12.872+00,1,email,2026-07-27 17:01:29.502+00
4c42cadf-b326-4394-8ee5-4a65ae5fdf36,ed586056-17ca-4287-936a-c16e642c63a6,8737f689-7c9e-414a-8391-5bf93d5ba600,2026-07-27,2026-07-27 17:01:12.872+00,1,in_app,2026-07-27 17:01:30.209+00
95d5abf5-6917-430a-963f-0cec94e9d4e0,2e6f6612-8033-42e0-b84d-b2ea8aded8ac,b3db042c-4932-4f66-8aff-3136ed50db97,2026-07-27,2026-07-27 17:01:12.872+00,7,email,2026-07-27 17:01:31.204+00
571ec7e0-a040-44be-9921-70b5e9b09e26,0c96a57e-6cc1-400f-bf3a-5740b699ac21,c6754833-e150-4c12-9149-45a6dfcd6eec,2026-07-27,2026-07-27 17:01:12.872+00,3,email,2026-07-27 17:01:31.774+00
780c0128-b437-4376-b5c2-5321150d3c61,493aecc1-6791-4d62-bc63-f4f55c78e44e,7b577c22-5513-42cc-ab19-2bf867e14ebc,2026-07-27,2026-07-27 17:01:12.872+00,7,email,2026-07-27 17:01:32.955+00
31a709db-7e0b-4350-8085-e9db6eeb64c4,c1f13659-b28c-4d50-8375-5bf200294992,decc7faa-b202-42f1-9a04-fe15fe97a892,2026-07-27,2026-07-27 17:01:12.872+00,1,email,2026-07-27 17:01:34.584+00
2109da0f-e177-4e87-939c-51d88604056d,0c96a57e-6cc1-400f-bf3a-5740b699ac21,b874694b-f463-4dbd-bb6f-b04f121a8802,2026-07-27,2026-07-27 17:01:12.872+00,1,in_app,2026-07-27 17:01:43.849+00
670740a3-39e7-4497-9e44-991460246b2e,0c96a57e-6cc1-400f-bf3a-5740b699ac21,decc7faa-b202-42f1-9a04-fe15fe97a892,2026-07-27,2026-07-27 17:01:12.872+00,1,in_app,2026-07-27 17:01:44.455+00
cdf08a9d-339e-4025-a1ae-237c176182fe,0c96a57e-6cc1-400f-bf3a-5740b699ac21,c6754833-e150-4c12-9149-45a6dfcd6eec,2026-07-22,2026-07-22 17:00:35.253+00,3,email,2026-07-22 17:00:47.66+00
0f5a3a00-7805-46ba-b631-3804cac53529,0ae36a43-2ef0-4a7d-b95a-edcc7d9ac3f2,7b577c22-5513-42cc-ab19-2bf867e14ebc,2026-07-22,2026-07-22 17:00:35.253+00,1,in_app,2026-07-22 17:00:48.41+00
4ea60231-4bbb-475d-b7c8-de853d99a1d9,678b734f-19e2-4622-ab4e-fccd86f4877f,8cab859b-a1e1-4edb-af95-4e847e1c93e4,2026-07-22,2026-07-22 17:00:35.253+00,2,email,2026-07-22 17:00:49.51+00
1f7721c6-e3fa-4f35-a4bc-f9242fa409f8,8474aaf6-e7d1-4165-9bef-bf76bc701038,90bb1d12-5855-4f3e-aecb-e92f597e650c,2026-07-27,2026-07-27 17:01:12.872+00,1,email,2026-07-27 17:01:14.536+00
04ddbc5b-d025-44f4-8497-acaf5a124fc9,72aeb445-484f-4979-8c2a-d34ec40b22b0,bdef184d-6217-4cdf-a59f-dc37008d13fd,2026-07-27,2026-07-27 17:01:12.872+00,6,email,2026-07-27 17:01:15.104+00
8a94cb99-4960-4178-964b-525168cc44e0,c1f13659-b28c-4d50-8375-5bf200294992,658a0146-2d8a-4b2e-81e5-aa16fa9d0a30,2026-07-27,2026-07-27 17:01:12.872+00,3,in_app,2026-07-27 17:01:17.651+00
852d88d0-069a-4d1e-bea6-f2f7f11da908,0c96a57e-6cc1-400f-bf3a-5740b699ac21,6237fa09-ec4a-46ca-a99b-4f8afb3bf259,2026-07-27,2026-07-27 17:01:12.872+00,1,email,2026-07-27 17:01:22.222+00
a5d9950b-ff5d-4956-8ac8-563a9d633fb0,0c96a57e-6cc1-400f-bf3a-5740b699ac21,6d3f8a2c-1a05-4e2a-b57e-d969b668049b,2026-07-27,2026-07-27 17:01:12.872+00,1,in_app,2026-07-27 17:01:36.522+00
1b53f44c-1310-4c41-be72-fc323b7eb146,0c96a57e-6cc1-400f-bf3a-5740b699ac21,658a0146-2d8a-4b2e-81e5-aa16fa9d0a30,2026-07-27,2026-07-27 17:01:12.872+00,3,email,2026-07-27 17:01:37.5+00
c8c62f4e-5b05-4cc8-b7e9-43c384b9ac93,0c96a57e-6cc1-400f-bf3a-5740b699ac21,2a266637-be4e-4088-9918-a51576912f5c,2026-07-27,2026-07-27 17:01:12.872+00,4,in_app,2026-07-27 17:01:37.641+00
3c06f7c3-2931-4d46-b025-60f6c5076978,0c96a57e-6cc1-400f-bf3a-5740b699ac21,2a266637-be4e-4088-9918-a51576912f5c,2026-07-27,2026-07-27 17:01:12.872+00,4,email,2026-07-27 17:01:38.058+00
ea2405dd-9892-48b4-9821-d191b54e4125,0c96a57e-6cc1-400f-bf3a-5740b699ac21,d8eb23c1-2c90-4dfe-872a-aa3e3dcd6478,2026-07-27,2026-07-27 17:01:12.872+00,8,email,2026-07-27 17:01:38.63+00
d8c64ece-bf9a-48f7-801a-010b88342508,0c96a57e-6cc1-400f-bf3a-5740b699ac21,28f7b9e8-9516-4a08-864c-9ff3e085ba87,2026-07-27,2026-07-27 17:01:12.872+00,1,in_app,2026-07-27 17:01:38.799+00
dcb4583a-5791-4a87-a334-2415c851f8af,0c96a57e-6cc1-400f-bf3a-5740b699ac21,28f7b9e8-9516-4a08-864c-9ff3e085ba87,2026-07-27,2026-07-27 17:01:12.872+00,1,email,2026-07-27 17:01:39.3+00
dfc3ee14-33b6-4b30-8bd7-c6a551d859d9,0c96a57e-6cc1-400f-bf3a-5740b699ac21,3258f102-8146-4986-964f-8c8f53441300,2026-07-27,2026-07-27 17:01:12.872+00,1,email,2026-07-27 17:01:43.71+00
294a42c1-8ba9-46ae-8917-aef3d0b9d5e5,0c96a57e-6cc1-400f-bf3a-5740b699ac21,8cab859b-a1e1-4edb-af95-4e847e1c93e4,2026-07-27,2026-07-27 17:01:12.872+00,2,email,2026-07-27 17:01:45.415+00
edc954e1-834b-4f26-92c9-0c34731e8739,678c949f-b372-4aba-9d9b-26d422134531,3258f102-8146-4986-964f-8c8f53441300,2026-07-22,2026-07-22 17:00:35.253+00,1,in_app,2026-07-22 17:00:47.72+00
3e9d9680-505f-4c57-b02d-abf2d22800ad,678c949f-b372-4aba-9d9b-26d422134531,3258f102-8146-4986-964f-8c8f53441300,2026-07-22,2026-07-22 17:00:35.253+00,1,email,2026-07-22 17:00:47.997+00
d69b630e-7745-45ac-8a6e-44ac6d4ef8a8,493aecc1-6791-4d62-bc63-f4f55c78e44e,7b577c22-5513-42cc-ab19-2bf867e14ebc,2026-07-22,2026-07-22 17:00:35.253+00,7,in_app,2026-07-22 17:00:48.053+00
36c52584-c1fe-46de-8965-a7e1541b7b0f,493aecc1-6791-4d62-bc63-f4f55c78e44e,7b577c22-5513-42cc-ab19-2bf867e14ebc,2026-07-22,2026-07-22 17:00:35.253+00,7,email,2026-07-22 17:00:48.356+00
b632802d-f0d0-4b75-a710-1f1f59a51e53,c1f13659-b28c-4d50-8375-5bf200294992,decc7faa-b202-42f1-9a04-fe15fe97a892,2026-07-22,2026-07-22 17:00:35.253+00,1,in_app,2026-07-22 17:00:48.803+00
6ab8b48b-72a2-4791-a865-0be593a90ec4,c1f13659-b28c-4d50-8375-5bf200294992,decc7faa-b202-42f1-9a04-fe15fe97a892,2026-07-22,2026-07-22 17:00:35.253+00,1,email,2026-07-22 17:00:49.102+00
7bfb8171-da5b-47bd-9496-b8d27eef51d0,0c96a57e-6cc1-400f-bf3a-5740b699ac21,bdef184d-6217-4cdf-a59f-dc37008d13fd,2026-07-22,2026-07-22 17:00:35.253+00,8,in_app,2026-07-22 17:00:50.436+00
c1940cf8-3997-4e8b-a031-b40ffcc60cd8,3870aadb-8625-4184-ac60-c6e20be4cdc5,a94fc469-4603-487f-ab7f-e2712197d510,2026-07-27,2026-07-27 17:01:12.872+00,20,email,2026-07-27 17:01:15.741+00
92134f2a-be70-4b46-b5d1-6419bf205934,0c96a57e-6cc1-400f-bf3a-5740b699ac21,7b577c22-5513-42cc-ab19-2bf867e14ebc,2026-07-27,2026-07-27 17:01:12.872+00,2,email,2026-07-27 17:01:16.313+00
edd58793-d71d-4876-bfeb-129359898fe0,2528e875-ab7b-4905-a98b-998a318b883e,e51c5c55-1e13-45da-8a37-ed0f36f3d16c,2026-07-27,2026-07-27 17:01:12.872+00,1,in_app,2026-07-27 17:01:24.059+00
ac4ee7b7-4afc-4901-8759-ab23830ccbae,8396bd66-e3ed-4593-b985-3e380cd308eb,b0faf762-848b-4737-a04d-b2b4e1e8cc5b,2026-07-27,2026-07-27 17:01:12.872+00,1,in_app,2026-07-27 17:01:28.042+00
69eecaf5-30cc-48c4-88ee-3c83809fb5fe,8396bd66-e3ed-4593-b985-3e380cd308eb,b0faf762-848b-4737-a04d-b2b4e1e8cc5b,2026-07-27,2026-07-27 17:01:12.872+00,1,email,2026-07-27 17:01:28.686+00
9ae0eb8f-5e37-44f1-ab90-0bd502c67940,0c96a57e-6cc1-400f-bf3a-5740b699ac21,c6754833-e150-4c12-9149-45a6dfcd6eec,2026-07-27,2026-07-27 17:01:12.872+00,3,in_app,2026-07-27 17:01:31.347+00
403ba8e9-75a7-4463-9c78-9eeb2c884fcb,678c949f-b372-4aba-9d9b-26d422134531,3258f102-8146-4986-964f-8c8f53441300,2026-07-27,2026-07-27 17:01:12.872+00,1,in_app,2026-07-27 17:01:31.944+00
2707aba3-91f7-491d-85f5-c50a28e4bc2c,678c949f-b372-4aba-9d9b-26d422134531,3258f102-8146-4986-964f-8c8f53441300,2026-07-27,2026-07-27 17:01:12.872+00,1,email,2026-07-27 17:01:32.435+00
438dbd88-0747-49ae-9fa6-7c80b8f4c007,0c96a57e-6cc1-400f-bf3a-5740b699ac21,a94fc469-4603-487f-ab7f-e2712197d510,2026-07-27,2026-07-27 17:01:12.872+00,20,in_app,2026-07-27 17:01:35.937+00
b2b99208-ced4-469b-ae6c-d1e8f5bfc603,0c96a57e-6cc1-400f-bf3a-5740b699ac21,3cbe0dd1-c806-4171-8fdf-002c7fe52d74,2026-07-27,2026-07-27 17:01:12.872+00,1,email,2026-07-27 17:01:40.607+00
eb14d6b8-7dd6-4540-9eab-9ae686c08f35,0c96a57e-6cc1-400f-bf3a-5740b699ac21,b3db042c-4932-4f66-8aff-3136ed50db97,2026-07-27,2026-07-27 17:01:12.872+00,8,in_app,2026-07-27 17:01:42.698+00
6da3db4f-e2b6-413f-aa9b-ec8c267eca3e,0c96a57e-6cc1-400f-bf3a-5740b699ac21,3258f102-8146-4986-964f-8c8f53441300,2026-07-27,2026-07-27 17:01:12.872+00,1,in_app,2026-07-27 17:01:43.281+00
0bd9efde-e14f-412e-87fd-bf9c03b81855,0c96a57e-6cc1-400f-bf3a-5740b699ac21,decc7faa-b202-42f1-9a04-fe15fe97a892,2026-07-27,2026-07-27 17:01:12.872+00,1,email,2026-07-27 17:01:44.859+00
6b076789-54e5-4c46-9645-585fa61660fa,c1f13659-b28c-4d50-8375-5bf200294992,1c2d5668-5cd9-49a7-a138-3ccd2bea5cbb,2026-07-22,2026-07-22 17:00:35.253+00,1,email,2026-07-22 17:00:49.911+00
6b96096f-92e4-4210-9498-887df2bdeb78,0c96a57e-6cc1-400f-bf3a-5740b699ac21,a94fc469-4603-487f-ab7f-e2712197d510,2026-07-22,2026-07-22 17:00:35.253+00,12,email,2026-07-22 17:00:50.362+00
fa92823b-d9f2-4675-8dfc-69fd4a2dd1cd,0c96a57e-6cc1-400f-bf3a-5740b699ac21,b874694b-f463-4dbd-bb6f-b04f121a8802,2026-07-22,2026-07-22 17:00:35.253+00,1,in_app,2026-07-22 17:00:51.169+00
20ddd8dd-e458-49d4-8b50-aa40e3946ad4,0c96a57e-6cc1-400f-bf3a-5740b699ac21,5d7214cd-c7d1-42ac-b859-b9e84dee9fab,2026-07-22,2026-07-22 17:00:35.253+00,1,in_app,2026-07-22 17:00:53.777+00
94f07e4b-b1e6-4d2b-8546-4967b284322c,0c96a57e-6cc1-400f-bf3a-5740b699ac21,5d7214cd-c7d1-42ac-b859-b9e84dee9fab,2026-07-22,2026-07-22 17:00:35.253+00,1,email,2026-07-22 17:00:54.081+00
2b01295c-6a11-4593-a159-a7e0d48f5e80,0c96a57e-6cc1-400f-bf3a-5740b699ac21,b3db042c-4932-4f66-8aff-3136ed50db97,2026-07-22,2026-07-22 17:00:35.253+00,8,in_app,2026-07-22 17:00:54.171+00
04151546-2e98-4076-a596-841afdbc021a,62a2569e-4be2-4326-bddd-3c6116ed18b0,6d3f8a2c-1a05-4e2a-b57e-d969b668049b,2026-07-27,2026-07-27 17:01:12.872+00,1,in_app,2026-07-27 17:01:16.462+00
5066bb50-ac27-4f7b-8c3a-36cfcdedf0dd,62a2569e-4be2-4326-bddd-3c6116ed18b0,6d3f8a2c-1a05-4e2a-b57e-d969b668049b,2026-07-27,2026-07-27 17:01:12.872+00,1,email,2026-07-27 17:01:16.897+00
428fad39-6a4c-418a-896a-c7791272dcaa,62a2569e-4be2-4326-bddd-3c6116ed18b0,7b577c22-5513-42cc-ab19-2bf867e14ebc,2026-07-27,2026-07-27 17:01:12.872+00,1,in_app,2026-07-27 17:01:17.041+00
f9272640-a938-4733-9e48-cf46aa2c093f,9066ac12-d1c6-4a15-ad74-4932bf8dd987,968fc8e6-f918-4579-b0d1-26570ce5e94b,2026-07-27,2026-07-27 17:01:12.872+00,3,in_app,2026-07-27 17:01:23.509+00
c69f3463-7d52-43a4-a171-7956ce84b6c3,c1f13659-b28c-4d50-8375-5bf200294992,decc7faa-b202-42f1-9a04-fe15fe97a892,2026-07-27,2026-07-27 17:01:12.872+00,1,in_app,2026-07-27 17:01:34.168+00
dc82cbc6-db16-49a7-a805-569013f43f89,678b734f-19e2-4622-ab4e-fccd86f4877f,8cab859b-a1e1-4edb-af95-4e847e1c93e4,2026-07-27,2026-07-27 17:01:12.872+00,2,in_app,2026-07-27 17:01:34.727+00
95064668-511e-4486-b0df-88cb0b3568c0,0c96a57e-6cc1-400f-bf3a-5740b699ac21,bdef184d-6217-4cdf-a59f-dc37008d13fd,2026-07-27,2026-07-27 17:01:12.872+00,6,email,2026-07-27 17:01:35.807+00
061dad7a-0eb1-484d-9567-28689183e7d6,0c96a57e-6cc1-400f-bf3a-5740b699ac21,6d3f8a2c-1a05-4e2a-b57e-d969b668049b,2026-07-27,2026-07-27 17:01:12.872+00,1,email,2026-07-27 17:01:36.961+00
4aebda60-6108-4244-ab82-8f8d3dc64d2b,0c96a57e-6cc1-400f-bf3a-5740b699ac21,658a0146-2d8a-4b2e-81e5-aa16fa9d0a30,2026-07-27,2026-07-27 17:01:12.872+00,3,in_app,2026-07-27 17:01:37.099+00
ccc0ad4f-f4e7-40e0-b9dd-d8cef25a9db0,0c96a57e-6cc1-400f-bf3a-5740b699ac21,d8eb23c1-2c90-4dfe-872a-aa3e3dcd6478,2026-07-27,2026-07-27 17:01:12.872+00,8,in_app,2026-07-27 17:01:38.235+00
8517a5d2-1859-4601-9a03-ed36a0809770,0c96a57e-6cc1-400f-bf3a-5740b699ac21,3cbe0dd1-c806-4171-8fdf-002c7fe52d74,2026-07-27,2026-07-27 17:01:12.872+00,1,in_app,2026-07-27 17:01:40.065+00
d2989277-7fe1-457e-a5fd-090ac9c737ba,0c96a57e-6cc1-400f-bf3a-5740b699ac21,a3c5b629-15d3-48a7-b5ab-694e63dc8b63,2026-07-27,2026-07-27 17:01:12.872+00,8,in_app,2026-07-27 17:01:40.798+00
8ed9669b-f674-45f9-a1fc-69ced2562a6f,0c96a57e-6cc1-400f-bf3a-5740b699ac21,a3c5b629-15d3-48a7-b5ab-694e63dc8b63,2026-07-27,2026-07-27 17:01:12.872+00,8,email,2026-07-27 17:01:41.215+00
9ebc186b-d852-42b0-8a89-29bb1b36005c,0c96a57e-6cc1-400f-bf3a-5740b699ac21,760fc14a-229e-4212-9aa9-f90de968af69,2026-07-27,2026-07-27 17:01:12.872+00,2,in_app,2026-07-27 17:01:41.4+00
2c4e1c53-fee9-47b1-8b7c-65b220ec7d46,0c96a57e-6cc1-400f-bf3a-5740b699ac21,bdef184d-6217-4cdf-a59f-dc37008d13fd,2026-07-22,2026-07-22 17:00:35.253+00,8,email,2026-07-22 17:00:50.727+00
1491939a-d973-4e15-bf83-7c2a783328bf,0c96a57e-6cc1-400f-bf3a-5740b699ac21,b874694b-f463-4dbd-bb6f-b04f121a8802,2026-07-22,2026-07-22 17:00:35.253+00,1,email,2026-07-22 17:00:51.555+00
5f611365-c534-4659-9663-a68cadb280f2,0c96a57e-6cc1-400f-bf3a-5740b699ac21,2a266637-be4e-4088-9918-a51576912f5c,2026-07-22,2026-07-22 17:00:35.253+00,4,email,2026-07-22 17:00:51.889+00
2199dedf-d230-404f-95ac-b035c71a90c8,0c96a57e-6cc1-400f-bf3a-5740b699ac21,d8eb23c1-2c90-4dfe-872a-aa3e3dcd6478,2026-07-22,2026-07-22 17:00:35.253+00,8,email,2026-07-22 17:00:52.248+00
97b63470-d594-457e-97c2-3fe94603acae,0c96a57e-6cc1-400f-bf3a-5740b699ac21,ebe67fdd-2e23-43c0-8e9b-8abec2682d09,2026-07-22,2026-07-22 17:00:35.253+00,1,email,2026-07-22 17:00:52.599+00
0fc6887a-49d1-4b5e-91e0-0e56deffdb61,0c96a57e-6cc1-400f-bf3a-5740b699ac21,642b0596-7431-4f50-acff-1eb4199fab76,2026-07-22,2026-07-22 17:00:35.253+00,1,in_app,2026-07-22 17:00:54.566+00
f3946b09-f9e3-468d-b016-bbd82bcf20e8,0c96a57e-6cc1-400f-bf3a-5740b699ac21,642b0596-7431-4f50-acff-1eb4199fab76,2026-07-22,2026-07-22 17:00:35.253+00,1,email,2026-07-22 17:00:54.874+00
c8f30720-6200-4b23-916d-89956e77ee1c,0c96a57e-6cc1-400f-bf3a-5740b699ac21,decc7faa-b202-42f1-9a04-fe15fe97a892,2026-07-22,2026-07-22 17:00:35.253+00,1,in_app,2026-07-22 17:00:55.296+00
d3fbe552-45fb-443c-b028-4342cb9e6c8c,0c96a57e-6cc1-400f-bf3a-5740b699ac21,1c2d5668-5cd9-49a7-a138-3ccd2bea5cbb,2026-07-22,2026-07-22 17:00:35.253+00,1,in_app,2026-07-22 17:00:55.959+00
bbcdc2ba-5f70-4751-9a84-ad93cf04a2cf,b0737bfd-7bea-493b-8cfc-14946fcea8cd,90bb1d12-5855-4f3e-aecb-e92f597e650c,2026-07-27,2026-07-27 17:01:12.872+00,1,in_app,2026-07-27 17:01:18.268+00
09476175-c763-4de9-90e2-2acaebfac460,fd63bafa-9a78-43fb-9311-f78b8cbfb667,d8eb23c1-2c90-4dfe-872a-aa3e3dcd6478,2026-07-27,2026-07-27 17:01:12.872+00,8,email,2026-07-27 17:01:21.117+00
a0d933ea-c814-44c3-b201-29a2284c42e9,c55a28b3-798e-45db-8129-8aeb8046dcd5,32ccdbe1-627f-4fe3-a506-056b997ed89b,2026-07-27,2026-07-27 17:01:12.872+00,1,email,2026-07-27 17:01:21.678+00
994bdfcb-6819-494e-9156-b1da7b2355cf,b0737bfd-7bea-493b-8cfc-14946fcea8cd,32ccdbe1-627f-4fe3-a506-056b997ed89b,2026-07-27,2026-07-27 17:01:12.872+00,4,in_app,2026-07-27 17:01:22.39+00
21375ddd-63c9-4300-b3ca-43d914e9e73f,0e2a45ad-2133-4d3e-822a-b61d069d1e56,3cbe0dd1-c806-4171-8fdf-002c7fe52d74,2026-07-27,2026-07-27 17:01:12.872+00,1,email,2026-07-27 17:01:25.076+00
61d2cb2a-e513-4f14-8ab7-c42055b9b8af,9647402f-c830-48fb-92a7-e1e0f719045f,9d005015-cf2c-4590-9c46-e55e56c7696d,2026-07-27,2026-07-27 17:01:12.872+00,2,in_app,2026-07-27 17:01:25.215+00
681a2954-0470-4479-956e-f1a54d4166f7,9647402f-c830-48fb-92a7-e1e0f719045f,9d005015-cf2c-4590-9c46-e55e56c7696d,2026-07-27,2026-07-27 17:01:12.872+00,2,email,2026-07-27 17:01:25.622+00
70aff08a-832e-4e64-bab6-cd84a6256980,04b00ab5-856d-4f95-962b-e9d97b33f207,a3c5b629-15d3-48a7-b5ab-694e63dc8b63,2026-07-27,2026-07-27 17:01:12.872+00,8,email,2026-07-27 17:01:26.209+00
0993c5d2-8d75-4459-9591-b438af4c94b6,0c96a57e-6cc1-400f-bf3a-5740b699ac21,1c2d5668-5cd9-49a7-a138-3ccd2bea5cbb,2026-07-27,2026-07-27 17:01:12.872+00,1,email,2026-07-27 17:01:26.776+00
8c1a70c1-9d8c-4937-ac5c-5cbdced209ca,b16b90c0-67c9-46c5-ac6f-2ccb8f3b2a08,5d7214cd-c7d1-42ac-b859-b9e84dee9fab,2026-07-27,2026-07-27 17:01:12.872+00,1,in_app,2026-07-27 17:01:27.487+00
568836ea-f2fd-4972-8d68-16d9b1b3b748,0c96a57e-6cc1-400f-bf3a-5740b699ac21,27edf455-e61a-48a9-a846-e2c6f42999b5,2026-07-27,2026-07-27 17:01:12.872+00,1,in_app,2026-07-27 17:01:29.647+00
4b6c8127-db14-4596-a633-cffb33801c5a,0c96a57e-6cc1-400f-bf3a-5740b699ac21,27edf455-e61a-48a9-a846-e2c6f42999b5,2026-07-27,2026-07-27 17:01:12.872+00,1,email,2026-07-27 17:01:30.054+00
932ce3b8-74e7-454c-9ce4-5fdd2d08a5bf,2f940451-4cf3-44e3-9040-07942e4146c1,b874694b-f463-4dbd-bb6f-b04f121a8802,2026-07-27,2026-07-27 17:01:12.872+00,1,in_app,2026-07-27 17:01:33.087+00
d5c1766b-71c9-4302-b18e-5b0fe470f0e2,2f940451-4cf3-44e3-9040-07942e4146c1,b874694b-f463-4dbd-bb6f-b04f121a8802,2026-07-27,2026-07-27 17:01:12.872+00,1,email,2026-07-27 17:01:33.489+00
19bf6745-0e35-4456-8927-8ad1055b99a3,0ae36a43-2ef0-4a7d-b95a-edcc7d9ac3f2,7b577c22-5513-42cc-ab19-2bf867e14ebc,2026-07-27,2026-07-27 17:01:12.872+00,1,in_app,2026-07-27 17:01:33.612+00
73d9c0b9-0a9d-4a42-81e4-50c559e1e36d,0c96a57e-6cc1-400f-bf3a-5740b699ac21,bdef184d-6217-4cdf-a59f-dc37008d13fd,2026-07-27,2026-07-27 17:01:12.872+00,6,in_app,2026-07-27 17:01:35.368+00
52a797b0-9671-4768-ad57-46d6bb742dda,0c96a57e-6cc1-400f-bf3a-5740b699ac21,a94fc469-4603-487f-ab7f-e2712197d510,2026-07-27,2026-07-27 17:01:12.872+00,20,email,2026-07-27 17:01:36.351+00
ab6993da-bbc1-429a-8eb5-f68f51b36a24,0c96a57e-6cc1-400f-bf3a-5740b699ac21,5d7214cd-c7d1-42ac-b859-b9e84dee9fab,2026-07-27,2026-07-27 17:01:12.872+00,1,in_app,2026-07-27 17:01:41.978+00
de68ad47-f000-4087-9293-c6e72a6bf455,0c96a57e-6cc1-400f-bf3a-5740b699ac21,28f7b9e8-9516-4a08-864c-9ff3e085ba87,2026-07-22,2026-07-22 17:00:35.253+00,1,in_app,2026-07-22 17:00:52.658+00
d515fab6-06a7-4365-b874-771020b74820,0c96a57e-6cc1-400f-bf3a-5740b699ac21,a3c5b629-15d3-48a7-b5ab-694e63dc8b63,2026-07-22,2026-07-22 17:00:35.253+00,8,in_app,2026-07-22 17:00:53.098+00
a968ab66-87c3-41d2-bae1-5812083c05e7,0c96a57e-6cc1-400f-bf3a-5740b699ac21,9bd5cccc-e18f-432e-ae67-dc33103d5791,2026-07-22,2026-07-22 17:00:35.253+00,1,in_app,2026-07-22 17:00:53.434+00
899c69e6-ed1e-4217-b81a-41b5633fd63b,0c96a57e-6cc1-400f-bf3a-5740b699ac21,9bd5cccc-e18f-432e-ae67-dc33103d5791,2026-07-22,2026-07-22 17:00:35.253+00,1,email,2026-07-22 17:00:53.721+00
aa420b2d-93ed-4260-90c7-e45c3b9752d4,0c96a57e-6cc1-400f-bf3a-5740b699ac21,3258f102-8146-4986-964f-8c8f53441300,2026-07-22,2026-07-22 17:00:35.253+00,1,in_app,2026-07-22 17:00:54.944+00
6e8b0334-9e4a-4fe3-a9d5-f5da6bb60418,0c96a57e-6cc1-400f-bf3a-5740b699ac21,3258f102-8146-4986-964f-8c8f53441300,2026-07-22,2026-07-22 17:00:35.253+00,1,email,2026-07-22 17:00:55.243+00
72f3c3b5-a420-4643-a39c-2e0949c9eb17,0c96a57e-6cc1-400f-bf3a-5740b699ac21,decc7faa-b202-42f1-9a04-fe15fe97a892,2026-07-22,2026-07-22 17:00:35.253+00,1,email,2026-07-22 17:00:55.581+00
f6e693a2-cabc-477c-bdb9-87dabd06261a,0c96a57e-6cc1-400f-bf3a-5740b699ac21,8cab859b-a1e1-4edb-af95-4e847e1c93e4,2026-07-22,2026-07-22 17:00:35.253+00,2,in_app,2026-07-22 17:00:55.634+00
e11f6ed0-f2db-45d2-aa1d-b4a7f6d3e692,0c96a57e-6cc1-400f-bf3a-5740b699ac21,1c2d5668-5cd9-49a7-a138-3ccd2bea5cbb,2026-07-22,2026-07-22 17:00:35.253+00,1,email,2026-07-22 17:00:56.278+00
f2ca0f9c-f843-4196-94b5-5d5906a24f6e,0c96a57e-6cc1-400f-bf3a-5740b699ac21,968fc8e6-f918-4579-b0d1-26570ce5e94b,2026-07-23,2026-07-23 11:00:46.425+00,1,in_app,2026-07-23 11:00:46.569+00
0d4faa45-c00c-4435-ad0a-5e6c365a7f86,0c96a57e-6cc1-400f-bf3a-5740b699ac21,968fc8e6-f918-4579-b0d1-26570ce5e94b,2026-07-23,2026-07-23 11:00:46.425+00,1,email,2026-07-23 11:00:47.052+00
e3bc92e4-9d2d-4048-a630-2631b05c6141,3870aadb-8625-4184-ac60-c6e20be4cdc5,a94fc469-4603-487f-ab7f-e2712197d510,2026-07-23,2026-07-23 11:00:46.425+00,12,in_app,2026-07-23 11:00:47.141+00
a608b83f-6245-435c-8a44-12652f47e33b,3870aadb-8625-4184-ac60-c6e20be4cdc5,a94fc469-4603-487f-ab7f-e2712197d510,2026-07-23,2026-07-23 11:00:46.425+00,12,email,2026-07-23 11:00:47.439+00
c1d202ae-5418-4602-991e-85bd3a910463,8474aaf6-e7d1-4165-9bef-bf76bc701038,90bb1d12-5855-4f3e-aecb-e92f597e650c,2026-07-23,2026-07-23 11:00:46.425+00,1,in_app,2026-07-23 11:00:47.49+00
8b11c347-85af-4cd4-8fe3-e1639449f495,8474aaf6-e7d1-4165-9bef-bf76bc701038,90bb1d12-5855-4f3e-aecb-e92f597e650c,2026-07-23,2026-07-23 11:00:46.425+00,1,email,2026-07-23 11:00:47.881+00
81e9e96c-35e7-497f-bb37-53048d8aecfd,72aeb445-484f-4979-8c2a-d34ec40b22b0,bdef184d-6217-4cdf-a59f-dc37008d13fd,2026-07-23,2026-07-23 11:00:46.425+00,7,in_app,2026-07-23 11:00:47.983+00
07ce826e-d309-4800-a37a-499aff28504e,72aeb445-484f-4979-8c2a-d34ec40b22b0,bdef184d-6217-4cdf-a59f-dc37008d13fd,2026-07-23,2026-07-23 11:00:46.425+00,7,email,2026-07-23 11:00:48.332+00
ae708d17-de3d-44f4-9e4a-5ece5e7bce1e,0c96a57e-6cc1-400f-bf3a-5740b699ac21,7b577c22-5513-42cc-ab19-2bf867e14ebc,2026-07-23,2026-07-23 11:00:46.425+00,2,in_app,2026-07-23 11:00:48.419+00
13b77fed-c250-43c5-be97-553aa4f40533,0c96a57e-6cc1-400f-bf3a-5740b699ac21,7b577c22-5513-42cc-ab19-2bf867e14ebc,2026-07-23,2026-07-23 11:00:46.425+00,2,email,2026-07-23 11:00:48.706+00
7522bd0e-043e-4e34-90b6-c2916e8dbbf8,62a2569e-4be2-4326-bddd-3c6116ed18b0,6d3f8a2c-1a05-4e2a-b57e-d969b668049b,2026-07-23,2026-07-23 11:00:46.425+00,1,in_app,2026-07-23 11:00:48.755+00
47665928-a1ae-4376-b7e8-abdd59450285,62a2569e-4be2-4326-bddd-3c6116ed18b0,6d3f8a2c-1a05-4e2a-b57e-d969b668049b,2026-07-23,2026-07-23 11:00:46.425+00,1,email,2026-07-23 11:00:49.06+00
66771dd3-b943-449e-bca2-f69aa9a4007d,62a2569e-4be2-4326-bddd-3c6116ed18b0,7b577c22-5513-42cc-ab19-2bf867e14ebc,2026-07-23,2026-07-23 11:00:46.425+00,1,in_app,2026-07-23 11:00:49.105+00
440c1274-3a99-4a3d-a6fb-8e69c3ebf111,62a2569e-4be2-4326-bddd-3c6116ed18b0,7b577c22-5513-42cc-ab19-2bf867e14ebc,2026-07-23,2026-07-23 11:00:46.425+00,1,email,2026-07-23 11:00:49.481+00
6678eb08-5733-48ad-93e3-35258cf34a9a,62a2569e-4be2-4326-bddd-3c6116ed18b0,bdef184d-6217-4cdf-a59f-dc37008d13fd,2026-07-23,2026-07-23 11:00:46.425+00,1,in_app,2026-07-23 11:00:49.58+00
8cf2b46c-53e8-4f97-9cb4-73b64c727cf0,62a2569e-4be2-4326-bddd-3c6116ed18b0,bdef184d-6217-4cdf-a59f-dc37008d13fd,2026-07-23,2026-07-23 11:00:46.425+00,1,email,2026-07-23 11:00:50.068+00
86901039-3ea7-47a4-92f8-84f8979bb05f,b0737bfd-7bea-493b-8cfc-14946fcea8cd,90bb1d12-5855-4f3e-aecb-e92f597e650c,2026-07-23,2026-07-23 11:00:46.425+00,1,in_app,2026-07-23 11:00:50.155+00
6a769504-c609-4f13-bd91-af6140f6205b,b0737bfd-7bea-493b-8cfc-14946fcea8cd,90bb1d12-5855-4f3e-aecb-e92f597e650c,2026-07-23,2026-07-23 11:00:46.425+00,1,email,2026-07-23 11:00:50.44+00
2f647cd9-83ee-4b5e-b8ea-912799fc8bc6,9b5aa503-44ec-40de-9ceb-b1475639767e,2a266637-be4e-4088-9918-a51576912f5c,2026-07-23,2026-07-23 11:00:46.425+00,4,in_app,2026-07-23 11:00:50.489+00
9dfea939-89ca-4894-a852-fcfb8fd29d63,9b5aa503-44ec-40de-9ceb-b1475639767e,2a266637-be4e-4088-9918-a51576912f5c,2026-07-23,2026-07-23 11:00:46.425+00,4,email,2026-07-23 11:00:50.769+00
b050d05b-3d7c-4815-ae72-784af77e8bc9,b6617c09-9b4a-4ebc-bf50-e584b67edaa3,e5efecc9-f05f-479b-b2ea-81a2ed90fba4,2026-07-23,2026-07-23 11:00:46.425+00,1,in_app,2026-07-23 11:00:50.822+00
eabfa552-d03b-442a-bcc4-67842844ba1f,b6617c09-9b4a-4ebc-bf50-e584b67edaa3,e5efecc9-f05f-479b-b2ea-81a2ed90fba4,2026-07-23,2026-07-23 11:00:46.425+00,1,email,2026-07-23 11:00:51.135+00
ef1e8809-66b4-438c-9225-9f6a51823c9e,fd63bafa-9a78-43fb-9311-f78b8cbfb667,d8eb23c1-2c90-4dfe-872a-aa3e3dcd6478,2026-07-23,2026-07-23 11:00:46.425+00,8,in_app,2026-07-23 11:00:51.184+00
24840386-f836-45ce-8f43-dee05e372a9e,fd63bafa-9a78-43fb-9311-f78b8cbfb667,d8eb23c1-2c90-4dfe-872a-aa3e3dcd6478,2026-07-23,2026-07-23 11:00:46.425+00,8,email,2026-07-23 11:00:51.531+00
80d924d5-8f64-4da2-9da9-2d5a8aaffbf2,0c96a57e-6cc1-400f-bf3a-5740b699ac21,6237fa09-ec4a-46ca-a99b-4f8afb3bf259,2026-07-23,2026-07-23 11:00:46.425+00,1,in_app,2026-07-23 11:00:51.581+00
bcbb1dfc-afbf-4d11-a250-c50feecad6ad,0c96a57e-6cc1-400f-bf3a-5740b699ac21,6237fa09-ec4a-46ca-a99b-4f8afb3bf259,2026-07-23,2026-07-23 11:00:46.425+00,1,email,2026-07-23 11:00:51.961+00
5e10a3c0-6192-4856-a340-981fce42269b,b0737bfd-7bea-493b-8cfc-14946fcea8cd,32ccdbe1-627f-4fe3-a506-056b997ed89b,2026-07-23,2026-07-23 11:00:46.425+00,3,in_app,2026-07-23 11:00:52.007+00
3003c4bc-1744-423f-a16f-edeaaf83acae,b0737bfd-7bea-493b-8cfc-14946fcea8cd,32ccdbe1-627f-4fe3-a506-056b997ed89b,2026-07-23,2026-07-23 11:00:46.425+00,3,email,2026-07-23 11:00:52.355+00
9bba5bfb-6e55-421d-9758-ae68faf45c59,fd63bafa-9a78-43fb-9311-f78b8cbfb667,d8eb23c1-2c90-4dfe-872a-aa3e3dcd6478,2026-07-27,2026-07-27 17:01:12.872+00,8,in_app,2026-07-27 17:01:20.676+00
1187100e-8231-47e7-b5fc-43fad4287548,c55a28b3-798e-45db-8129-8aeb8046dcd5,32ccdbe1-627f-4fe3-a506-056b997ed89b,2026-07-27,2026-07-27 17:01:12.872+00,1,in_app,2026-07-27 17:01:21.266+00
43eb3c00-a0d3-41ae-a383-e3bd4c168371,8474aaf6-e7d1-4165-9bef-bf76bc701038,32ccdbe1-627f-4fe3-a506-056b997ed89b,2026-07-23,2026-07-23 11:00:46.425+00,3,in_app,2026-07-23 11:00:52.829+00
d808abac-5bdd-4410-bca6-14bfa46f35bd,8474aaf6-e7d1-4165-9bef-bf76bc701038,32ccdbe1-627f-4fe3-a506-056b997ed89b,2026-07-23,2026-07-23 11:00:46.425+00,3,email,2026-07-23 11:00:53.18+00
acfa9725-fe77-4ff3-b141-1a4ab894942c,9647402f-c830-48fb-92a7-e1e0f719045f,9d005015-cf2c-4590-9c46-e55e56c7696d,2026-07-23,2026-07-23 11:00:46.425+00,2,in_app,2026-07-23 11:00:53.24+00
18c6f48d-4756-4795-aa1c-27872e15e614,9647402f-c830-48fb-92a7-e1e0f719045f,9d005015-cf2c-4590-9c46-e55e56c7696d,2026-07-23,2026-07-23 11:00:46.425+00,2,email,2026-07-23 11:00:53.608+00
480bcfe4-b545-4374-82df-c4fbe01dcb07,9066ac12-d1c6-4a15-ad74-4932bf8dd987,968fc8e6-f918-4579-b0d1-26570ce5e94b,2026-07-23,2026-07-23 11:00:46.425+00,2,in_app,2026-07-23 11:00:53.69+00
dcaf60cb-84df-4c7a-8d86-ebe34786ef10,9066ac12-d1c6-4a15-ad74-4932bf8dd987,968fc8e6-f918-4579-b0d1-26570ce5e94b,2026-07-23,2026-07-23 11:00:46.425+00,2,email,2026-07-23 11:00:53.979+00
c3e17ab2-fc79-4db1-90ef-84ff59569292,04b00ab5-856d-4f95-962b-e9d97b33f207,a3c5b629-15d3-48a7-b5ab-694e63dc8b63,2026-07-23,2026-07-23 11:00:46.425+00,8,in_app,2026-07-23 11:00:54.067+00
eb922a89-26dd-46eb-9179-2645e3dafaca,04b00ab5-856d-4f95-962b-e9d97b33f207,a3c5b629-15d3-48a7-b5ab-694e63dc8b63,2026-07-23,2026-07-23 11:00:46.425+00,8,email,2026-07-23 11:00:54.35+00
9f512d75-28b7-4659-adfa-a71cb43e2541,4c1d6869-b323-4864-80a4-fe459ed57fe7,9bd5cccc-e18f-432e-ae67-dc33103d5791,2026-07-23,2026-07-23 11:00:46.425+00,1,in_app,2026-07-23 11:00:54.393+00
7e95cb80-df60-4c81-868e-7dcc8d78ffdc,4c1d6869-b323-4864-80a4-fe459ed57fe7,9bd5cccc-e18f-432e-ae67-dc33103d5791,2026-07-23,2026-07-23 11:00:46.425+00,1,email,2026-07-23 11:00:54.68+00
b0919b73-0875-450d-836b-fc44d22cbfe2,b16b90c0-67c9-46c5-ac6f-2ccb8f3b2a08,5d7214cd-c7d1-42ac-b859-b9e84dee9fab,2026-07-23,2026-07-23 11:00:46.425+00,1,in_app,2026-07-23 11:00:54.722+00
92fc802d-9695-406b-ba76-a0a028e02b65,b16b90c0-67c9-46c5-ac6f-2ccb8f3b2a08,5d7214cd-c7d1-42ac-b859-b9e84dee9fab,2026-07-23,2026-07-23 11:00:46.425+00,1,email,2026-07-23 11:00:55.025+00
c18dbb0e-2160-4646-878f-04dce8e04c6a,8396bd66-e3ed-4593-b985-3e380cd308eb,b0faf762-848b-4737-a04d-b2b4e1e8cc5b,2026-07-23,2026-07-23 11:00:46.425+00,1,in_app,2026-07-23 11:00:55.068+00
90ecaf3c-6de0-4f5b-ad2a-e6cdc043b10d,8396bd66-e3ed-4593-b985-3e380cd308eb,b0faf762-848b-4737-a04d-b2b4e1e8cc5b,2026-07-23,2026-07-23 11:00:46.425+00,1,email,2026-07-23 11:00:55.709+00
00f3fee6-9b7d-45d0-9090-d5b5c02421b1,2a72272f-56f2-4104-9952-5d3d8b19ff1d,27edf455-e61a-48a9-a846-e2c6f42999b5,2026-07-23,2026-07-23 11:00:46.425+00,1,in_app,2026-07-23 11:00:55.78+00
46c94387-e158-442d-a686-59325c4fac53,2a72272f-56f2-4104-9952-5d3d8b19ff1d,27edf455-e61a-48a9-a846-e2c6f42999b5,2026-07-23,2026-07-23 11:00:46.425+00,1,email,2026-07-23 11:00:56.608+00
9d4a1d68-66cb-4dc6-8851-a8a72f801ffa,0c96a57e-6cc1-400f-bf3a-5740b699ac21,27edf455-e61a-48a9-a846-e2c6f42999b5,2026-07-23,2026-07-23 11:00:46.425+00,1,in_app,2026-07-23 11:00:56.651+00
c12586fc-4ae2-462a-b784-e99f7db63854,0c96a57e-6cc1-400f-bf3a-5740b699ac21,27edf455-e61a-48a9-a846-e2c6f42999b5,2026-07-23,2026-07-23 11:00:46.425+00,1,email,2026-07-23 11:00:56.957+00
ff8e8c61-ff27-4fa2-9c0c-b103879a0c8b,ed586056-17ca-4287-936a-c16e642c63a6,8737f689-7c9e-414a-8391-5bf93d5ba600,2026-07-23,2026-07-23 11:00:46.425+00,1,in_app,2026-07-23 11:00:57.045+00
c2979507-41e4-466b-9241-90bdf36c7178,ed586056-17ca-4287-936a-c16e642c63a6,8737f689-7c9e-414a-8391-5bf93d5ba600,2026-07-23,2026-07-23 11:00:46.425+00,1,email,2026-07-23 11:00:57.367+00
ccdea02f-cf8b-4aa0-a58f-368dede87c05,2e6f6612-8033-42e0-b84d-b2ea8aded8ac,b3db042c-4932-4f66-8aff-3136ed50db97,2026-07-23,2026-07-23 11:00:46.425+00,7,in_app,2026-07-23 11:00:57.447+00
c6e0943d-0aeb-46f3-aa7d-c7685d8b653d,2e6f6612-8033-42e0-b84d-b2ea8aded8ac,b3db042c-4932-4f66-8aff-3136ed50db97,2026-07-23,2026-07-23 11:00:46.425+00,7,email,2026-07-23 11:00:57.823+00
e496468f-f060-4dfd-bedf-4a6eb9de49c1,493aecc1-6791-4d62-bc63-f4f55c78e44e,642b0596-7431-4f50-acff-1eb4199fab76,2026-07-23,2026-07-23 11:00:46.425+00,1,in_app,2026-07-23 11:00:57.906+00
fc86c31f-69fb-4af2-881a-1b0c90a457ed,493aecc1-6791-4d62-bc63-f4f55c78e44e,642b0596-7431-4f50-acff-1eb4199fab76,2026-07-23,2026-07-23 11:00:46.425+00,1,email,2026-07-23 11:00:58.263+00
6dc8d98e-003e-4124-8b12-933be8177b59,0c96a57e-6cc1-400f-bf3a-5740b699ac21,c6754833-e150-4c12-9149-45a6dfcd6eec,2026-07-23,2026-07-23 11:00:46.425+00,3,in_app,2026-07-23 11:00:58.347+00
0d4082d1-4c3e-449e-879c-71597d5c62b9,0c96a57e-6cc1-400f-bf3a-5740b699ac21,c6754833-e150-4c12-9149-45a6dfcd6eec,2026-07-23,2026-07-23 11:00:46.425+00,3,email,2026-07-23 11:00:58.626+00
e39a9d34-7d6f-47ac-82ad-6a5769ae55cc,678c949f-b372-4aba-9d9b-26d422134531,3258f102-8146-4986-964f-8c8f53441300,2026-07-23,2026-07-23 11:00:46.425+00,1,in_app,2026-07-23 11:00:58.668+00
3997eba4-9eee-4f68-b745-7dc25ad8b8cd,678c949f-b372-4aba-9d9b-26d422134531,3258f102-8146-4986-964f-8c8f53441300,2026-07-23,2026-07-23 11:00:46.425+00,1,email,2026-07-23 11:00:58.955+00
7cca2fc6-1034-49f2-a83f-d2cb3c4c4875,493aecc1-6791-4d62-bc63-f4f55c78e44e,7b577c22-5513-42cc-ab19-2bf867e14ebc,2026-07-23,2026-07-23 11:00:46.425+00,7,in_app,2026-07-23 11:00:59.002+00
313aa119-7750-4da0-a442-7cc2bde1b011,493aecc1-6791-4d62-bc63-f4f55c78e44e,7b577c22-5513-42cc-ab19-2bf867e14ebc,2026-07-23,2026-07-23 11:00:46.425+00,7,email,2026-07-23 11:00:59.269+00
ff11c9ec-3de6-46e3-bbe0-b72b98ee5a50,0ae36a43-2ef0-4a7d-b95a-edcc7d9ac3f2,7b577c22-5513-42cc-ab19-2bf867e14ebc,2026-07-23,2026-07-23 11:00:46.425+00,1,in_app,2026-07-23 11:00:59.32+00
db6e07f2-d282-4be4-8096-ab01483ff7e7,0ae36a43-2ef0-4a7d-b95a-edcc7d9ac3f2,7b577c22-5513-42cc-ab19-2bf867e14ebc,2026-07-23,2026-07-23 11:00:46.425+00,1,email,2026-07-23 11:00:59.754+00
3f5f282c-0edd-42b5-b18d-19d74a1d0cde,c1f13659-b28c-4d50-8375-5bf200294992,decc7faa-b202-42f1-9a04-fe15fe97a892,2026-07-23,2026-07-23 11:00:46.425+00,1,in_app,2026-07-23 11:00:59.839+00
9fd6c5cd-7cf4-4fff-ad7a-3b9c4a7a7125,c1f13659-b28c-4d50-8375-5bf200294992,decc7faa-b202-42f1-9a04-fe15fe97a892,2026-07-23,2026-07-23 11:00:46.425+00,1,email,2026-07-23 11:01:00.195+00
9cb1d339-7d4f-438c-a17c-5c5aaf30d7a5,678b734f-19e2-4622-ab4e-fccd86f4877f,8cab859b-a1e1-4edb-af95-4e847e1c93e4,2026-07-23,2026-07-23 11:00:46.425+00,2,in_app,2026-07-23 11:01:00.278+00
c3e46ca5-0133-49a6-8abd-18072552f558,0c96a57e-6cc1-400f-bf3a-5740b699ac21,a94fc469-4603-487f-ab7f-e2712197d510,2026-07-23,2026-07-23 11:00:46.425+00,12,email,2026-07-23 11:01:01.57+00
ce3d02ae-c038-4017-a0b2-93aff32d02c9,0c96a57e-6cc1-400f-bf3a-5740b699ac21,bdef184d-6217-4cdf-a59f-dc37008d13fd,2026-07-23,2026-07-23 11:00:46.425+00,8,email,2026-07-23 11:01:02.067+00
32ab127e-7b43-4f03-b3f3-70b9695b4f47,0c96a57e-6cc1-400f-bf3a-5740b699ac21,d8eb23c1-2c90-4dfe-872a-aa3e3dcd6478,2026-07-23,2026-07-23 11:00:46.425+00,8,in_app,2026-07-23 11:01:03.304+00
85f5ebcd-332e-4608-a2c3-d5c800a60333,0c96a57e-6cc1-400f-bf3a-5740b699ac21,8cab859b-a1e1-4edb-af95-4e847e1c93e4,2026-07-23,2026-07-23 11:00:46.425+00,2,in_app,2026-07-23 11:01:07.684+00
e214171e-dee2-46c3-b81e-e4b0cccd4793,0c96a57e-6cc1-400f-bf3a-5740b699ac21,1c2d5668-5cd9-49a7-a138-3ccd2bea5cbb,2026-07-23,2026-07-23 11:00:46.425+00,1,email,2026-07-23 11:01:08.471+00
f65d7de8-f964-4301-b03a-54a0c8017345,8474aaf6-e7d1-4165-9bef-bf76bc701038,32ccdbe1-627f-4fe3-a506-056b997ed89b,2026-07-27,2026-07-27 17:01:12.872+00,3,email,2026-07-27 17:01:23.376+00
4f828482-9b1d-4da0-9f60-d9bc6907bb8c,04b00ab5-856d-4f95-962b-e9d97b33f207,a3c5b629-15d3-48a7-b5ab-694e63dc8b63,2026-07-27,2026-07-27 17:01:12.872+00,8,in_app,2026-07-27 17:01:25.776+00
6fc8586f-cb1a-426a-8c41-ca88ce563ba7,1ed74e00-4a16-47cb-84fc-8021943b5fa3,760fc14a-229e-4212-9aa9-f90de968af69,2026-07-27,2026-07-27 17:01:12.872+00,2,email,2026-07-27 17:01:27.349+00
5a9f16f0-5e23-43bd-b077-97dfe9542c01,b16b90c0-67c9-46c5-ac6f-2ccb8f3b2a08,5d7214cd-c7d1-42ac-b859-b9e84dee9fab,2026-07-27,2026-07-27 17:01:12.872+00,1,email,2026-07-27 17:01:27.901+00
d71f16a8-9812-4c80-a7ac-cf2a2d169ced,2e6f6612-8033-42e0-b84d-b2ea8aded8ac,b3db042c-4932-4f66-8aff-3136ed50db97,2026-07-27,2026-07-27 17:01:12.872+00,7,in_app,2026-07-27 17:01:30.786+00
4396b857-5775-4c7c-bed7-bc5d2422d9a7,493aecc1-6791-4d62-bc63-f4f55c78e44e,7b577c22-5513-42cc-ab19-2bf867e14ebc,2026-07-27,2026-07-27 17:01:12.872+00,7,in_app,2026-07-27 17:01:32.568+00
71562658-763c-4ec0-bf81-c8359d7a5a09,0ae36a43-2ef0-4a7d-b95a-edcc7d9ac3f2,7b577c22-5513-42cc-ab19-2bf867e14ebc,2026-07-27,2026-07-27 17:01:12.872+00,1,email,2026-07-27 17:01:34.032+00
5f371b24-ac59-4448-af83-b0be7e516e95,678b734f-19e2-4622-ab4e-fccd86f4877f,8cab859b-a1e1-4edb-af95-4e847e1c93e4,2026-07-27,2026-07-27 17:01:12.872+00,2,email,2026-07-27 17:01:35.104+00
ed27f047-56d9-4acf-a51b-4cf3e4fdd22c,0c96a57e-6cc1-400f-bf3a-5740b699ac21,e51c5c55-1e13-45da-8a37-ed0f36f3d16c,2026-07-27,2026-07-27 17:01:12.872+00,1,in_app,2026-07-27 17:01:39.444+00
ced56fd9-68b0-419a-87dd-da1ff104518f,0c96a57e-6cc1-400f-bf3a-5740b699ac21,e51c5c55-1e13-45da-8a37-ed0f36f3d16c,2026-07-27,2026-07-27 17:01:12.872+00,1,email,2026-07-27 17:01:39.922+00
0be764c0-2f66-460c-ae58-4c831a7635e0,0c96a57e-6cc1-400f-bf3a-5740b699ac21,760fc14a-229e-4212-9aa9-f90de968af69,2026-07-27,2026-07-27 17:01:12.872+00,2,email,2026-07-27 17:01:41.831+00
37a20c16-394b-47c4-ba66-9a97addfcf46,0c96a57e-6cc1-400f-bf3a-5740b699ac21,5d7214cd-c7d1-42ac-b859-b9e84dee9fab,2026-07-27,2026-07-27 17:01:12.872+00,1,email,2026-07-27 17:01:42.448+00
bb4ff7c0-3814-443e-8894-156b4db215ce,0c96a57e-6cc1-400f-bf3a-5740b699ac21,b3db042c-4932-4f66-8aff-3136ed50db97,2026-07-27,2026-07-27 17:01:12.872+00,8,email,2026-07-27 17:01:43.11+00
a7cfc25c-d7fa-458a-acf9-d91c8999b798,678b734f-19e2-4622-ab4e-fccd86f4877f,8cab859b-a1e1-4edb-af95-4e847e1c93e4,2026-07-23,2026-07-23 11:00:46.425+00,2,email,2026-07-23 11:01:00.604+00
54bc2e28-a323-4bd1-b0f7-f74046114997,c1f13659-b28c-4d50-8375-5bf200294992,1c2d5668-5cd9-49a7-a138-3ccd2bea5cbb,2026-07-23,2026-07-23 11:00:46.425+00,1,in_app,2026-07-23 11:01:00.684+00
f1781fd6-a5ab-47f0-977d-136339fe5218,0c96a57e-6cc1-400f-bf3a-5740b699ac21,a94fc469-4603-487f-ab7f-e2712197d510,2026-07-23,2026-07-23 11:00:46.425+00,12,in_app,2026-07-23 11:01:01.225+00
7f4cd870-8abd-4a1a-b2a3-7906a21e49ce,0c96a57e-6cc1-400f-bf3a-5740b699ac21,2a266637-be4e-4088-9918-a51576912f5c,2026-07-23,2026-07-23 11:00:46.425+00,4,email,2026-07-23 11:01:03.173+00
e1c8f478-5721-446b-abbb-daf774218db6,0c96a57e-6cc1-400f-bf3a-5740b699ac21,a3c5b629-15d3-48a7-b5ab-694e63dc8b63,2026-07-23,2026-07-23 11:00:46.425+00,8,email,2026-07-23 11:01:05.004+00
9d03af31-21f3-4983-974d-bd37861a24dc,0c96a57e-6cc1-400f-bf3a-5740b699ac21,9bd5cccc-e18f-432e-ae67-dc33103d5791,2026-07-23,2026-07-23 11:00:46.425+00,1,in_app,2026-07-23 11:01:05.045+00
89c7a918-a3c4-4d62-9945-2954e7eb71c4,0c96a57e-6cc1-400f-bf3a-5740b699ac21,9bd5cccc-e18f-432e-ae67-dc33103d5791,2026-07-23,2026-07-23 11:00:46.425+00,1,email,2026-07-23 11:01:05.333+00
6b8b6c96-2667-47a4-8642-673f227140d1,0c96a57e-6cc1-400f-bf3a-5740b699ac21,5d7214cd-c7d1-42ac-b859-b9e84dee9fab,2026-07-23,2026-07-23 11:00:46.425+00,1,in_app,2026-07-23 11:01:05.376+00
aad11bc6-7090-400f-8e09-8e4cc0878983,0c96a57e-6cc1-400f-bf3a-5740b699ac21,5d7214cd-c7d1-42ac-b859-b9e84dee9fab,2026-07-23,2026-07-23 11:00:46.425+00,1,email,2026-07-23 11:01:05.751+00
eab3b256-6c7b-41c4-a95a-fce39aa7fceb,0c96a57e-6cc1-400f-bf3a-5740b699ac21,3258f102-8146-4986-964f-8c8f53441300,2026-07-23,2026-07-23 11:00:46.425+00,1,email,2026-07-23 11:01:07.164+00
b65e77c3-5302-4e68-8e9f-e9303f99ee6e,c1f13659-b28c-4d50-8375-5bf200294992,1c2d5668-5cd9-49a7-a138-3ccd2bea5cbb,2026-07-23,2026-07-23 11:00:46.425+00,1,email,2026-07-23 11:01:01.043+00
b7949431-8176-4eb7-bc83-9469d51b80fb,0c96a57e-6cc1-400f-bf3a-5740b699ac21,1c2d5668-5cd9-49a7-a138-3ccd2bea5cbb,2026-07-23,2026-07-23 11:00:46.425+00,1,in_app,2026-07-23 11:01:08.107+00
0a85507c-d6a1-4eb3-8ccf-059699f4ce08,0c96a57e-6cc1-400f-bf3a-5740b699ac21,bdef184d-6217-4cdf-a59f-dc37008d13fd,2026-07-23,2026-07-23 11:00:46.425+00,8,in_app,2026-07-23 11:01:01.699+00
9cdf19cb-463e-4675-833d-69f0d6589f8a,0c96a57e-6cc1-400f-bf3a-5740b699ac21,6d3f8a2c-1a05-4e2a-b57e-d969b668049b,2026-07-23,2026-07-23 11:00:46.425+00,1,email,2026-07-23 11:01:02.578+00
142939f7-6bc1-4d4f-82f2-f3692299d934,0c96a57e-6cc1-400f-bf3a-5740b699ac21,28f7b9e8-9516-4a08-864c-9ff3e085ba87,2026-07-23,2026-07-23 11:00:46.425+00,1,in_app,2026-07-23 11:01:04.243+00
e43918f8-2f43-4add-8bfa-dd0b60615b6d,0c96a57e-6cc1-400f-bf3a-5740b699ac21,28f7b9e8-9516-4a08-864c-9ff3e085ba87,2026-07-23,2026-07-23 11:00:46.425+00,1,email,2026-07-23 11:01:04.591+00
44b0f7c8-dfbb-459c-aae8-41ed68caa221,0c96a57e-6cc1-400f-bf3a-5740b699ac21,b3db042c-4932-4f66-8aff-3136ed50db97,2026-07-23,2026-07-23 11:00:46.425+00,8,in_app,2026-07-23 11:01:05.981+00
3f338813-1df3-4026-b1a1-30ae46c3ed92,0c96a57e-6cc1-400f-bf3a-5740b699ac21,b3db042c-4932-4f66-8aff-3136ed50db97,2026-07-23,2026-07-23 11:00:46.425+00,8,email,2026-07-23 11:01:06.253+00
b96aa74b-a687-466b-a141-f4799a5f6d63,0c96a57e-6cc1-400f-bf3a-5740b699ac21,642b0596-7431-4f50-acff-1eb4199fab76,2026-07-23,2026-07-23 11:00:46.425+00,1,email,2026-07-23 11:01:06.667+00
186ee0db-5b9c-4670-99a3-c0d8b19fbbe1,0c96a57e-6cc1-400f-bf3a-5740b699ac21,3258f102-8146-4986-964f-8c8f53441300,2026-07-23,2026-07-23 11:00:46.425+00,1,in_app,2026-07-23 11:01:06.794+00
2005c273-2ac7-4bb4-bcda-e9d54903caa1,0c96a57e-6cc1-400f-bf3a-5740b699ac21,6d3f8a2c-1a05-4e2a-b57e-d969b668049b,2026-07-23,2026-07-23 11:00:46.425+00,1,in_app,2026-07-23 11:01:02.195+00
baf0e453-a385-4fd6-ae9f-e418c8c56a86,0c96a57e-6cc1-400f-bf3a-5740b699ac21,2a266637-be4e-4088-9918-a51576912f5c,2026-07-23,2026-07-23 11:00:46.425+00,4,in_app,2026-07-23 11:01:02.659+00
920bfb2c-8930-47a4-ab9c-b511c441eed8,0c96a57e-6cc1-400f-bf3a-5740b699ac21,d8eb23c1-2c90-4dfe-872a-aa3e3dcd6478,2026-07-23,2026-07-23 11:00:46.425+00,8,email,2026-07-23 11:01:03.659+00
9e44bf5f-a83e-4643-869a-dfb1b94c4d14,0c96a57e-6cc1-400f-bf3a-5740b699ac21,ebe67fdd-2e23-43c0-8e9b-8abec2682d09,2026-07-23,2026-07-23 11:00:46.425+00,1,in_app,2026-07-23 11:01:03.788+00
3f6ce354-150a-41e9-9ff7-027fcb10225d,0c96a57e-6cc1-400f-bf3a-5740b699ac21,ebe67fdd-2e23-43c0-8e9b-8abec2682d09,2026-07-23,2026-07-23 11:00:46.425+00,1,email,2026-07-23 11:01:04.161+00
25b6b2c4-850b-40a8-911e-ead5a09400f9,0c96a57e-6cc1-400f-bf3a-5740b699ac21,a3c5b629-15d3-48a7-b5ab-694e63dc8b63,2026-07-23,2026-07-23 11:00:46.425+00,8,in_app,2026-07-23 11:01:04.717+00
9106d4b4-9638-4413-ad24-5febca656da8,0c96a57e-6cc1-400f-bf3a-5740b699ac21,642b0596-7431-4f50-acff-1eb4199fab76,2026-07-23,2026-07-23 11:00:46.425+00,1,in_app,2026-07-23 11:01:06.303+00
435f500d-b959-446d-a073-dd5a554048db,0c96a57e-6cc1-400f-bf3a-5740b699ac21,decc7faa-b202-42f1-9a04-fe15fe97a892,2026-07-23,2026-07-23 11:00:46.425+00,1,in_app,2026-07-23 11:01:07.244+00
7e8fca13-8e59-444b-a72f-dd88070d9c13,0c96a57e-6cc1-400f-bf3a-5740b699ac21,decc7faa-b202-42f1-9a04-fe15fe97a892,2026-07-23,2026-07-23 11:00:46.425+00,1,email,2026-07-23 11:01:07.607+00
93aca2a7-82f0-425f-9df3-d2ccc4bde70d,0c96a57e-6cc1-400f-bf3a-5740b699ac21,8cab859b-a1e1-4edb-af95-4e847e1c93e4,2026-07-23,2026-07-23 11:00:46.425+00,2,email,2026-07-23 11:01:08.028+00
87623921-1c3a-43b3-a233-804b0591e704,0c96a57e-6cc1-400f-bf3a-5740b699ac21,968fc8e6-f918-4579-b0d1-26570ce5e94b,2026-07-23,2026-07-23 17:00:48.256+00,1,in_app,2026-07-23 17:00:48.467+00
1ee4ef27-0a20-4133-9698-4e06991ac290,0c96a57e-6cc1-400f-bf3a-5740b699ac21,968fc8e6-f918-4579-b0d1-26570ce5e94b,2026-07-23,2026-07-23 17:00:48.256+00,1,email,2026-07-23 17:00:48.931+00
fe6f7a83-be53-4c3d-98f1-a5af91551c4e,3870aadb-8625-4184-ac60-c6e20be4cdc5,a94fc469-4603-487f-ab7f-e2712197d510,2026-07-23,2026-07-23 17:00:48.256+00,12,in_app,2026-07-23 17:00:49.021+00
2ab77fb8-a2c9-40df-8f93-32b1efa417eb,3870aadb-8625-4184-ac60-c6e20be4cdc5,a94fc469-4603-487f-ab7f-e2712197d510,2026-07-23,2026-07-23 17:00:48.256+00,12,email,2026-07-23 17:00:49.38+00
319bd0c4-b396-4a59-90d7-c4564d8d91de,8474aaf6-e7d1-4165-9bef-bf76bc701038,90bb1d12-5855-4f3e-aecb-e92f597e650c,2026-07-23,2026-07-23 17:00:48.256+00,1,in_app,2026-07-23 17:00:49.483+00
fa527529-ee5b-4601-9964-8e10ed0c9e23,8474aaf6-e7d1-4165-9bef-bf76bc701038,90bb1d12-5855-4f3e-aecb-e92f597e650c,2026-07-23,2026-07-23 17:00:48.256+00,1,email,2026-07-23 17:00:49.879+00
b325e58d-198e-443b-b736-62f5d30cae33,72aeb445-484f-4979-8c2a-d34ec40b22b0,bdef184d-6217-4cdf-a59f-dc37008d13fd,2026-07-23,2026-07-23 17:00:48.256+00,7,in_app,2026-07-23 17:00:49.967+00
05311339-d2a7-4036-af2e-bd479c7abd1b,72aeb445-484f-4979-8c2a-d34ec40b22b0,bdef184d-6217-4cdf-a59f-dc37008d13fd,2026-07-23,2026-07-23 17:00:48.256+00,7,email,2026-07-23 17:00:50.306+00
604fa27a-d74b-4b9a-8f4f-916927d27c24,0c96a57e-6cc1-400f-bf3a-5740b699ac21,7b577c22-5513-42cc-ab19-2bf867e14ebc,2026-07-23,2026-07-23 17:00:48.256+00,2,in_app,2026-07-23 17:00:50.402+00
39962932-d621-42a8-a95a-92a1ceae5f28,0c96a57e-6cc1-400f-bf3a-5740b699ac21,7b577c22-5513-42cc-ab19-2bf867e14ebc,2026-07-23,2026-07-23 17:00:48.256+00,2,email,2026-07-23 17:00:50.825+00
d8e4588f-cf40-4026-91af-70454a8025e9,62a2569e-4be2-4326-bddd-3c6116ed18b0,6d3f8a2c-1a05-4e2a-b57e-d969b668049b,2026-07-23,2026-07-23 17:00:48.256+00,1,in_app,2026-07-23 17:00:50.911+00
19fb0747-8d42-4a4f-b9b8-f1dbbd11c251,62a2569e-4be2-4326-bddd-3c6116ed18b0,6d3f8a2c-1a05-4e2a-b57e-d969b668049b,2026-07-23,2026-07-23 17:00:48.256+00,1,email,2026-07-23 17:00:51.269+00
5304789f-b266-4fb5-a90e-4f93720ab426,62a2569e-4be2-4326-bddd-3c6116ed18b0,7b577c22-5513-42cc-ab19-2bf867e14ebc,2026-07-23,2026-07-23 17:00:48.256+00,1,in_app,2026-07-23 17:00:51.361+00
fdca00b3-db8e-4e7e-a26e-5f336ceff1ae,62a2569e-4be2-4326-bddd-3c6116ed18b0,7b577c22-5513-42cc-ab19-2bf867e14ebc,2026-07-23,2026-07-23 17:00:48.256+00,1,email,2026-07-23 17:00:51.69+00
ee8edc61-8d5d-4d72-b452-ac3e9df58a1a,c1f13659-b28c-4d50-8375-5bf200294992,28f7b9e8-9516-4a08-864c-9ff3e085ba87,2026-07-23,2026-07-23 17:00:48.256+00,1,in_app,2026-07-23 17:00:51.759+00
12897ab3-b984-4faa-9f46-862c1ca63226,c1f13659-b28c-4d50-8375-5bf200294992,28f7b9e8-9516-4a08-864c-9ff3e085ba87,2026-07-23,2026-07-23 17:00:48.256+00,1,email,2026-07-23 17:00:52.088+00
95b3ab0f-ec47-4288-afba-51210e84beae,62a2569e-4be2-4326-bddd-3c6116ed18b0,bdef184d-6217-4cdf-a59f-dc37008d13fd,2026-07-23,2026-07-23 17:00:48.256+00,1,in_app,2026-07-23 17:00:52.166+00
d01c3d74-c24f-40ae-9531-8707e7ad64bc,62a2569e-4be2-4326-bddd-3c6116ed18b0,bdef184d-6217-4cdf-a59f-dc37008d13fd,2026-07-23,2026-07-23 17:00:48.256+00,1,email,2026-07-23 17:00:52.514+00
bc490d55-d93e-4312-873f-9e956a1f662a,b0737bfd-7bea-493b-8cfc-14946fcea8cd,90bb1d12-5855-4f3e-aecb-e92f597e650c,2026-07-23,2026-07-23 17:00:48.256+00,1,in_app,2026-07-23 17:00:52.623+00
e643cd4a-e785-4886-b433-91d0c2f7c3d4,b0737bfd-7bea-493b-8cfc-14946fcea8cd,90bb1d12-5855-4f3e-aecb-e92f597e650c,2026-07-23,2026-07-23 17:00:48.256+00,1,email,2026-07-23 17:00:53.014+00
5dbce5c0-98d4-4d88-9190-20a8c8658334,9b5aa503-44ec-40de-9ceb-b1475639767e,2a266637-be4e-4088-9918-a51576912f5c,2026-07-23,2026-07-23 17:00:48.256+00,4,in_app,2026-07-23 17:00:53.097+00
0a2ee6cc-d6d3-448c-b09b-199fa765cc3d,9b5aa503-44ec-40de-9ceb-b1475639767e,2a266637-be4e-4088-9918-a51576912f5c,2026-07-23,2026-07-23 17:00:48.256+00,4,email,2026-07-23 17:00:53.428+00
5896d9da-364d-4623-ab79-f3ef8307cb69,b6617c09-9b4a-4ebc-bf50-e584b67edaa3,e5efecc9-f05f-479b-b2ea-81a2ed90fba4,2026-07-23,2026-07-23 17:00:48.256+00,1,in_app,2026-07-23 17:00:53.522+00
ae6742f3-aed4-433e-9f67-b86453c57a64,b6617c09-9b4a-4ebc-bf50-e584b67edaa3,e5efecc9-f05f-479b-b2ea-81a2ed90fba4,2026-07-23,2026-07-23 17:00:48.256+00,1,email,2026-07-23 17:00:53.846+00
56fa8954-379b-47fd-89fc-e89deb3d2f8c,fd63bafa-9a78-43fb-9311-f78b8cbfb667,d8eb23c1-2c90-4dfe-872a-aa3e3dcd6478,2026-07-23,2026-07-23 17:00:48.256+00,8,in_app,2026-07-23 17:00:53.936+00
b00c4be1-0418-4174-8a20-d3cad21b889e,fd63bafa-9a78-43fb-9311-f78b8cbfb667,d8eb23c1-2c90-4dfe-872a-aa3e3dcd6478,2026-07-23,2026-07-23 17:00:48.256+00,8,email,2026-07-23 17:00:54.272+00
926966e4-58ae-451d-a4cf-5aa0d5f093c9,0c96a57e-6cc1-400f-bf3a-5740b699ac21,6237fa09-ec4a-46ca-a99b-4f8afb3bf259,2026-07-23,2026-07-23 17:00:48.256+00,1,in_app,2026-07-23 17:00:54.365+00
e3ab6144-aeda-4721-8351-0efac4a5ee69,0c96a57e-6cc1-400f-bf3a-5740b699ac21,6237fa09-ec4a-46ca-a99b-4f8afb3bf259,2026-07-23,2026-07-23 17:00:48.256+00,1,email,2026-07-23 17:00:54.697+00
60a92229-8894-45df-9d37-bd91bcd03c35,b0737bfd-7bea-493b-8cfc-14946fcea8cd,32ccdbe1-627f-4fe3-a506-056b997ed89b,2026-07-23,2026-07-23 17:00:48.256+00,3,in_app,2026-07-23 17:00:54.785+00
cfeefba8-8f01-4c88-bfbc-37a28ea3e706,b0737bfd-7bea-493b-8cfc-14946fcea8cd,32ccdbe1-627f-4fe3-a506-056b997ed89b,2026-07-23,2026-07-23 17:00:48.256+00,3,email,2026-07-23 17:00:55.116+00
4eb1c7c0-8df1-497f-bcaa-db2cfe817bb8,8474aaf6-e7d1-4165-9bef-bf76bc701038,32ccdbe1-627f-4fe3-a506-056b997ed89b,2026-07-23,2026-07-23 17:00:48.256+00,3,in_app,2026-07-23 17:00:55.626+00
a4627303-cfad-46c7-aced-a01629c9b2c4,8474aaf6-e7d1-4165-9bef-bf76bc701038,32ccdbe1-627f-4fe3-a506-056b997ed89b,2026-07-23,2026-07-23 17:00:48.256+00,3,email,2026-07-23 17:00:55.961+00
9604145a-82b9-4a86-80f4-4e8e5f11aab5,0e2a45ad-2133-4d3e-822a-b61d069d1e56,3cbe0dd1-c806-4171-8fdf-002c7fe52d74,2026-07-23,2026-07-23 17:00:48.256+00,1,in_app,2026-07-23 17:00:56.033+00
f9eff468-5390-4e1f-8185-56cabd61fc4a,0e2a45ad-2133-4d3e-822a-b61d069d1e56,3cbe0dd1-c806-4171-8fdf-002c7fe52d74,2026-07-23,2026-07-23 17:00:48.256+00,1,email,2026-07-23 17:00:56.385+00
c945b1dc-4a75-41e0-bc03-6aeeb718808a,9647402f-c830-48fb-92a7-e1e0f719045f,9d005015-cf2c-4590-9c46-e55e56c7696d,2026-07-23,2026-07-23 17:00:48.256+00,2,in_app,2026-07-23 17:00:56.481+00
5ceeb10e-e523-4395-af46-ec8626f212e0,9647402f-c830-48fb-92a7-e1e0f719045f,9d005015-cf2c-4590-9c46-e55e56c7696d,2026-07-23,2026-07-23 17:00:48.256+00,2,email,2026-07-23 17:00:56.8+00
7484461b-d61f-421e-b128-2388690cdadf,9066ac12-d1c6-4a15-ad74-4932bf8dd987,968fc8e6-f918-4579-b0d1-26570ce5e94b,2026-07-23,2026-07-23 17:00:48.256+00,2,in_app,2026-07-23 17:00:56.886+00
4da29450-62e1-478b-b7f4-54c24f811fe8,9066ac12-d1c6-4a15-ad74-4932bf8dd987,968fc8e6-f918-4579-b0d1-26570ce5e94b,2026-07-23,2026-07-23 17:00:48.256+00,2,email,2026-07-23 17:00:57.186+00
41488bc1-52ba-449e-a6f2-9c0bf898cc66,04b00ab5-856d-4f95-962b-e9d97b33f207,a3c5b629-15d3-48a7-b5ab-694e63dc8b63,2026-07-23,2026-07-23 17:00:48.256+00,8,in_app,2026-07-23 17:00:57.267+00
26e8e04b-5986-497d-9098-2ba7a6e6eb95,04b00ab5-856d-4f95-962b-e9d97b33f207,a3c5b629-15d3-48a7-b5ab-694e63dc8b63,2026-07-23,2026-07-23 17:00:48.256+00,8,email,2026-07-23 17:00:57.652+00
19ba62cc-dc10-458b-bcef-4bcd6ae8d35a,b16b90c0-67c9-46c5-ac6f-2ccb8f3b2a08,5d7214cd-c7d1-42ac-b859-b9e84dee9fab,2026-07-23,2026-07-23 17:00:48.256+00,1,in_app,2026-07-23 17:00:57.746+00
2958d48b-c1b7-426b-9835-f798fa2ac723,b16b90c0-67c9-46c5-ac6f-2ccb8f3b2a08,5d7214cd-c7d1-42ac-b859-b9e84dee9fab,2026-07-23,2026-07-23 17:00:48.256+00,1,email,2026-07-23 17:00:58.102+00
df226985-7520-402a-b71f-645693129d9d,8396bd66-e3ed-4593-b985-3e380cd308eb,b0faf762-848b-4737-a04d-b2b4e1e8cc5b,2026-07-23,2026-07-23 17:00:48.256+00,1,in_app,2026-07-23 17:00:58.193+00
b6d4cb77-25aa-4636-b273-2badb964d1c9,8396bd66-e3ed-4593-b985-3e380cd308eb,b0faf762-848b-4737-a04d-b2b4e1e8cc5b,2026-07-23,2026-07-23 17:00:48.256+00,1,email,2026-07-23 17:00:58.758+00
d057556b-182a-4879-99b1-33c4fa43e8ba,2a72272f-56f2-4104-9952-5d3d8b19ff1d,27edf455-e61a-48a9-a846-e2c6f42999b5,2026-07-23,2026-07-23 17:00:48.256+00,1,in_app,2026-07-23 17:00:58.854+00
7c70d912-63f9-436e-a440-fa11ef5c9c3a,2a72272f-56f2-4104-9952-5d3d8b19ff1d,27edf455-e61a-48a9-a846-e2c6f42999b5,2026-07-23,2026-07-23 17:00:48.256+00,1,email,2026-07-23 17:00:59.483+00
550c4eed-5ebd-47e3-b892-1042813e64fc,0c96a57e-6cc1-400f-bf3a-5740b699ac21,27edf455-e61a-48a9-a846-e2c6f42999b5,2026-07-23,2026-07-23 17:00:48.256+00,1,in_app,2026-07-23 17:00:59.574+00
212a4c24-74ab-4fbf-a639-ddec96894b3e,0c96a57e-6cc1-400f-bf3a-5740b699ac21,27edf455-e61a-48a9-a846-e2c6f42999b5,2026-07-23,2026-07-23 17:00:48.256+00,1,email,2026-07-23 17:00:59.928+00
9134a6c2-7dd5-4b70-9c79-6f6c90e8e112,ed586056-17ca-4287-936a-c16e642c63a6,8737f689-7c9e-414a-8391-5bf93d5ba600,2026-07-23,2026-07-23 17:00:48.256+00,1,in_app,2026-07-23 17:01:00.022+00
2e4eda50-e892-412b-8dca-1df38338a763,ed586056-17ca-4287-936a-c16e642c63a6,8737f689-7c9e-414a-8391-5bf93d5ba600,2026-07-23,2026-07-23 17:00:48.256+00,1,email,2026-07-23 17:01:00.345+00
b084de77-767a-4e03-b93d-4c7a847369e6,2e6f6612-8033-42e0-b84d-b2ea8aded8ac,b3db042c-4932-4f66-8aff-3136ed50db97,2026-07-23,2026-07-23 17:00:48.256+00,7,in_app,2026-07-23 17:01:00.434+00
18f592ea-c948-4be0-bba7-45c86739ab64,2e6f6612-8033-42e0-b84d-b2ea8aded8ac,b3db042c-4932-4f66-8aff-3136ed50db97,2026-07-23,2026-07-23 17:00:48.256+00,7,email,2026-07-23 17:01:00.763+00
e6222540-40fa-4755-a39e-39ba177a1d3b,493aecc1-6791-4d62-bc63-f4f55c78e44e,642b0596-7431-4f50-acff-1eb4199fab76,2026-07-23,2026-07-23 17:00:48.256+00,1,in_app,2026-07-23 17:01:00.853+00
d5ba6ff6-70e9-468d-85e9-184f3292b472,493aecc1-6791-4d62-bc63-f4f55c78e44e,642b0596-7431-4f50-acff-1eb4199fab76,2026-07-23,2026-07-23 17:00:48.256+00,1,email,2026-07-23 17:01:01.184+00
f0197991-e414-4b18-bd42-928f2bc23c08,0c96a57e-6cc1-400f-bf3a-5740b699ac21,c6754833-e150-4c12-9149-45a6dfcd6eec,2026-07-23,2026-07-23 17:00:48.256+00,3,in_app,2026-07-23 17:01:01.276+00
8f397ee3-d315-48dd-a96b-ac985c59f6f2,0c96a57e-6cc1-400f-bf3a-5740b699ac21,c6754833-e150-4c12-9149-45a6dfcd6eec,2026-07-23,2026-07-23 17:00:48.256+00,3,email,2026-07-23 17:01:02.193+00
16e7ca14-67a3-484e-b21e-620f91d80019,678c949f-b372-4aba-9d9b-26d422134531,3258f102-8146-4986-964f-8c8f53441300,2026-07-23,2026-07-23 17:00:48.256+00,1,in_app,2026-07-23 17:01:02.273+00
aab19b25-eab0-401b-9d14-e7bce903ffb0,678c949f-b372-4aba-9d9b-26d422134531,3258f102-8146-4986-964f-8c8f53441300,2026-07-23,2026-07-23 17:00:48.256+00,1,email,2026-07-23 17:01:02.601+00
80719cd1-31e8-40f3-96b2-924c7e38ffab,493aecc1-6791-4d62-bc63-f4f55c78e44e,7b577c22-5513-42cc-ab19-2bf867e14ebc,2026-07-23,2026-07-23 17:00:48.256+00,7,in_app,2026-07-23 17:01:02.69+00
09760bb5-f09e-4d8f-99ea-1233ce05019c,493aecc1-6791-4d62-bc63-f4f55c78e44e,7b577c22-5513-42cc-ab19-2bf867e14ebc,2026-07-23,2026-07-23 17:00:48.256+00,7,email,2026-07-23 17:01:03.05+00
082f688d-84ca-4b6b-ae77-90e16e2a93d4,c1f13659-b28c-4d50-8375-5bf200294992,decc7faa-b202-42f1-9a04-fe15fe97a892,2026-07-23,2026-07-23 17:00:48.256+00,1,in_app,2026-07-23 17:01:03.56+00
463d5add-8c5f-4366-94df-4f5681d905b7,0c96a57e-6cc1-400f-bf3a-5740b699ac21,bdef184d-6217-4cdf-a59f-dc37008d13fd,2026-07-23,2026-07-23 17:00:48.256+00,8,in_app,2026-07-23 17:01:05.423+00
4072ee5f-c0ab-4354-a052-ee223e039d9c,0c96a57e-6cc1-400f-bf3a-5740b699ac21,a3c5b629-15d3-48a7-b5ab-694e63dc8b63,2026-07-23,2026-07-23 17:00:48.256+00,8,in_app,2026-07-23 17:01:08.534+00
237cdf5d-76fc-4512-888c-e5cea831b335,0c96a57e-6cc1-400f-bf3a-5740b699ac21,5d7214cd-c7d1-42ac-b859-b9e84dee9fab,2026-07-23,2026-07-23 17:00:48.256+00,1,email,2026-07-23 17:01:09.326+00
6079fc1f-e26f-4d1f-b669-1170f6b3b101,0c96a57e-6cc1-400f-bf3a-5740b699ac21,b3db042c-4932-4f66-8aff-3136ed50db97,2026-07-23,2026-07-23 17:00:48.256+00,8,email,2026-07-23 17:01:09.828+00
811323bf-be3c-4eca-8e54-8af0304f136a,0c96a57e-6cc1-400f-bf3a-5740b699ac21,3258f102-8146-4986-964f-8c8f53441300,2026-07-23,2026-07-23 17:00:48.256+00,1,email,2026-07-23 17:01:10.679+00
670a7203-f186-4209-9ab3-3e16867d8b87,0c96a57e-6cc1-400f-bf3a-5740b699ac21,decc7faa-b202-42f1-9a04-fe15fe97a892,2026-07-23,2026-07-23 17:00:48.256+00,1,in_app,2026-07-23 17:01:10.765+00
8ed30cb4-a965-4d0b-b220-6f2747f65827,0ae36a43-2ef0-4a7d-b95a-edcc7d9ac3f2,7b577c22-5513-42cc-ab19-2bf867e14ebc,2026-07-23,2026-07-23 17:00:48.256+00,1,in_app,2026-07-23 17:01:03.129+00
4cfbf09a-3bd4-4cd4-baf2-b23cfd0110d3,0ae36a43-2ef0-4a7d-b95a-edcc7d9ac3f2,7b577c22-5513-42cc-ab19-2bf867e14ebc,2026-07-23,2026-07-23 17:00:48.256+00,1,email,2026-07-23 17:01:03.466+00
86d68034-0fed-4220-9ef6-4cc6e2492840,c1f13659-b28c-4d50-8375-5bf200294992,decc7faa-b202-42f1-9a04-fe15fe97a892,2026-07-23,2026-07-23 17:00:48.256+00,1,email,2026-07-23 17:01:03.887+00
ea592996-7c0c-44d9-8a03-6b1b8bfdb578,678b734f-19e2-4622-ab4e-fccd86f4877f,8cab859b-a1e1-4edb-af95-4e847e1c93e4,2026-07-23,2026-07-23 17:00:48.256+00,2,in_app,2026-07-23 17:01:03.963+00
295b88c4-5fa1-427e-b4e8-2c6fc4a76985,0c96a57e-6cc1-400f-bf3a-5740b699ac21,a94fc469-4603-487f-ab7f-e2712197d510,2026-07-23,2026-07-23 17:00:48.256+00,12,in_app,2026-07-23 17:01:04.899+00
927eb753-614b-4fee-9d6b-d65ca05dd625,0c96a57e-6cc1-400f-bf3a-5740b699ac21,d8eb23c1-2c90-4dfe-872a-aa3e3dcd6478,2026-07-23,2026-07-23 17:00:48.256+00,8,in_app,2026-07-23 17:01:07.165+00
699887b3-c760-490d-b8f4-4cea0b8c7f7a,0c96a57e-6cc1-400f-bf3a-5740b699ac21,642b0596-7431-4f50-acff-1eb4199fab76,2026-07-23,2026-07-23 17:00:48.256+00,1,in_app,2026-07-23 17:01:09.915+00
1fd38fcb-b6e6-470f-bd69-eee13cce6881,0c96a57e-6cc1-400f-bf3a-5740b699ac21,642b0596-7431-4f50-acff-1eb4199fab76,2026-07-23,2026-07-23 17:00:48.256+00,1,email,2026-07-23 17:01:10.241+00
a1aaf8ed-0eae-4c11-a3df-2244445f9527,678b734f-19e2-4622-ab4e-fccd86f4877f,8cab859b-a1e1-4edb-af95-4e847e1c93e4,2026-07-23,2026-07-23 17:00:48.256+00,2,email,2026-07-23 17:01:04.357+00
582b9d7a-fc57-4a8f-9028-7ed8be824a5b,0c96a57e-6cc1-400f-bf3a-5740b699ac21,2a266637-be4e-4088-9918-a51576912f5c,2026-07-23,2026-07-23 17:00:48.256+00,4,email,2026-07-23 17:01:07.071+00
cc843f49-5d6a-4c0a-99e8-6566b1f3d324,c1f13659-b28c-4d50-8375-5bf200294992,1c2d5668-5cd9-49a7-a138-3ccd2bea5cbb,2026-07-23,2026-07-23 17:00:48.256+00,1,in_app,2026-07-23 17:01:04.447+00
3772a686-ccbc-4949-a314-a3d471c4090a,c1f13659-b28c-4d50-8375-5bf200294992,1c2d5668-5cd9-49a7-a138-3ccd2bea5cbb,2026-07-23,2026-07-23 17:00:48.256+00,1,email,2026-07-23 17:01:04.783+00
e73398cb-fcc3-4256-91c2-753b9f08bad3,0c96a57e-6cc1-400f-bf3a-5740b699ac21,a94fc469-4603-487f-ab7f-e2712197d510,2026-07-23,2026-07-23 17:00:48.256+00,12,email,2026-07-23 17:01:05.314+00
236f955d-4b82-48ed-90d8-b4b539980017,0c96a57e-6cc1-400f-bf3a-5740b699ac21,bdef184d-6217-4cdf-a59f-dc37008d13fd,2026-07-23,2026-07-23 17:00:48.256+00,8,email,2026-07-23 17:01:05.737+00
d9f3092c-b147-4896-8cbf-c699991530a3,0c96a57e-6cc1-400f-bf3a-5740b699ac21,d8eb23c1-2c90-4dfe-872a-aa3e3dcd6478,2026-07-23,2026-07-23 17:00:48.256+00,8,email,2026-07-23 17:01:07.576+00
bfb921ed-34aa-4db4-8810-273868bc4efd,0c96a57e-6cc1-400f-bf3a-5740b699ac21,ebe67fdd-2e23-43c0-8e9b-8abec2682d09,2026-07-23,2026-07-23 17:00:48.256+00,1,in_app,2026-07-23 17:01:07.676+00
f1d2419b-137e-44de-8161-0258ba0459f6,0c96a57e-6cc1-400f-bf3a-5740b699ac21,decc7faa-b202-42f1-9a04-fe15fe97a892,2026-07-23,2026-07-23 17:00:48.256+00,1,email,2026-07-23 17:01:11.194+00
08233427-c484-4957-8466-094b0a677008,0c96a57e-6cc1-400f-bf3a-5740b699ac21,1c2d5668-5cd9-49a7-a138-3ccd2bea5cbb,2026-07-23,2026-07-23 17:00:48.256+00,1,in_app,2026-07-23 17:01:11.704+00
029d58f5-e84a-4261-9bcc-88cd3c652d82,0c96a57e-6cc1-400f-bf3a-5740b699ac21,6d3f8a2c-1a05-4e2a-b57e-d969b668049b,2026-07-23,2026-07-23 17:00:48.256+00,1,in_app,2026-07-23 17:01:05.847+00
530c8402-8b32-4932-95ab-f04b366f24fa,0c96a57e-6cc1-400f-bf3a-5740b699ac21,6d3f8a2c-1a05-4e2a-b57e-d969b668049b,2026-07-23,2026-07-23 17:00:48.256+00,1,email,2026-07-23 17:01:06.226+00
4fb47052-00b1-4277-822b-c4334bcc66af,0c96a57e-6cc1-400f-bf3a-5740b699ac21,28f7b9e8-9516-4a08-864c-9ff3e085ba87,2026-07-23,2026-07-23 17:00:48.256+00,2,in_app,2026-07-23 17:01:06.316+00
eeffba2f-1c9a-41ce-bae0-06c1c9fc169e,0c96a57e-6cc1-400f-bf3a-5740b699ac21,28f7b9e8-9516-4a08-864c-9ff3e085ba87,2026-07-23,2026-07-23 17:00:48.256+00,2,email,2026-07-23 17:01:06.662+00
a6b5960c-5eb5-48e9-859e-d325ee0b4adc,0c96a57e-6cc1-400f-bf3a-5740b699ac21,2a266637-be4e-4088-9918-a51576912f5c,2026-07-23,2026-07-23 17:00:48.256+00,4,in_app,2026-07-23 17:01:06.75+00
3b2d8195-da42-4920-ba99-2362c2d26956,0c96a57e-6cc1-400f-bf3a-5740b699ac21,ebe67fdd-2e23-43c0-8e9b-8abec2682d09,2026-07-23,2026-07-23 17:00:48.256+00,1,email,2026-07-23 17:01:08.017+00
3acd0708-6e42-4b2f-8ee9-c1e6beecbf07,0c96a57e-6cc1-400f-bf3a-5740b699ac21,3cbe0dd1-c806-4171-8fdf-002c7fe52d74,2026-07-23,2026-07-23 17:00:48.256+00,1,in_app,2026-07-23 17:01:08.092+00
16a556bd-9831-4f01-bc0d-3f5520a082f0,0c96a57e-6cc1-400f-bf3a-5740b699ac21,3cbe0dd1-c806-4171-8fdf-002c7fe52d74,2026-07-23,2026-07-23 17:00:48.256+00,1,email,2026-07-23 17:01:08.424+00
352d5c52-5122-479f-bc2b-0a54688ff2a8,0c96a57e-6cc1-400f-bf3a-5740b699ac21,a3c5b629-15d3-48a7-b5ab-694e63dc8b63,2026-07-23,2026-07-23 17:00:48.256+00,8,email,2026-07-23 17:01:08.879+00
5971a500-1074-44e4-ae02-ab2a93211e3c,0c96a57e-6cc1-400f-bf3a-5740b699ac21,5d7214cd-c7d1-42ac-b859-b9e84dee9fab,2026-07-23,2026-07-23 17:00:48.256+00,1,in_app,2026-07-23 17:01:08.974+00
adfa1994-f375-42dd-b2c2-e79b510d4fca,0c96a57e-6cc1-400f-bf3a-5740b699ac21,b3db042c-4932-4f66-8aff-3136ed50db97,2026-07-23,2026-07-23 17:00:48.256+00,8,in_app,2026-07-23 17:01:09.482+00
0fc675f6-4fd4-4d81-a208-4263a9692769,0c96a57e-6cc1-400f-bf3a-5740b699ac21,3258f102-8146-4986-964f-8c8f53441300,2026-07-23,2026-07-23 17:00:48.256+00,1,in_app,2026-07-23 17:01:10.349+00
a3ef09b4-cdf2-4376-82a4-3a07250a87a4,0c96a57e-6cc1-400f-bf3a-5740b699ac21,8cab859b-a1e1-4edb-af95-4e847e1c93e4,2026-07-23,2026-07-23 17:00:48.256+00,2,in_app,2026-07-23 17:01:11.28+00
93cad1d8-1848-42e5-b6ff-0f8d07ae2d15,0c96a57e-6cc1-400f-bf3a-5740b699ac21,8cab859b-a1e1-4edb-af95-4e847e1c93e4,2026-07-23,2026-07-23 17:00:48.256+00,2,email,2026-07-23 17:01:11.615+00
04acfe81-bc32-49bb-83f1-86c2b54efef4,0c96a57e-6cc1-400f-bf3a-5740b699ac21,1c2d5668-5cd9-49a7-a138-3ccd2bea5cbb,2026-07-23,2026-07-23 17:00:48.256+00,1,email,2026-07-23 17:01:12.054+00
71c0a1d8-afa5-419c-8c54-9925078d78e4,0c96a57e-6cc1-400f-bf3a-5740b699ac21,968fc8e6-f918-4579-b0d1-26570ce5e94b,2026-07-24,2026-07-24 11:01:28.881+00,1,in_app,2026-07-24 11:01:29.169+00
e1214460-14b6-40a7-89f5-774083d9af95,0c96a57e-6cc1-400f-bf3a-5740b699ac21,968fc8e6-f918-4579-b0d1-26570ce5e94b,2026-07-24,2026-07-24 11:01:28.881+00,1,email,2026-07-24 11:01:29.616+00
18c16964-f602-4501-be77-56f49be8f021,3870aadb-8625-4184-ac60-c6e20be4cdc5,a94fc469-4603-487f-ab7f-e2712197d510,2026-07-24,2026-07-24 11:01:28.881+00,12,in_app,2026-07-24 11:01:29.694+00
6488b395-8d90-4ce4-bbef-caf9494eb72e,3870aadb-8625-4184-ac60-c6e20be4cdc5,a94fc469-4603-487f-ab7f-e2712197d510,2026-07-24,2026-07-24 11:01:28.881+00,12,email,2026-07-24 11:01:30.02+00
c15698f8-ca48-4dce-93b6-26be3d83b483,8474aaf6-e7d1-4165-9bef-bf76bc701038,90bb1d12-5855-4f3e-aecb-e92f597e650c,2026-07-24,2026-07-24 11:01:28.881+00,1,in_app,2026-07-24 11:01:30.088+00
43df477b-e6af-46cd-8520-e5f6d1fe55b4,8474aaf6-e7d1-4165-9bef-bf76bc701038,90bb1d12-5855-4f3e-aecb-e92f597e650c,2026-07-24,2026-07-24 11:01:28.881+00,1,email,2026-07-24 11:01:30.454+00
e3568654-a212-43ac-8824-42e25c45c4c7,72aeb445-484f-4979-8c2a-d34ec40b22b0,bdef184d-6217-4cdf-a59f-dc37008d13fd,2026-07-24,2026-07-24 11:01:28.881+00,7,in_app,2026-07-24 11:01:30.54+00
18ef4dbc-4977-4a5e-929c-4cf46371cbda,72aeb445-484f-4979-8c2a-d34ec40b22b0,bdef184d-6217-4cdf-a59f-dc37008d13fd,2026-07-24,2026-07-24 11:01:28.881+00,7,email,2026-07-24 11:01:30.854+00
babad6ab-5526-4001-9ed8-68e070fff52c,0c96a57e-6cc1-400f-bf3a-5740b699ac21,7b577c22-5513-42cc-ab19-2bf867e14ebc,2026-07-24,2026-07-24 11:01:28.881+00,2,in_app,2026-07-24 11:01:30.928+00
1d9bc2ef-4238-4a84-ac64-4b417d59299b,0c96a57e-6cc1-400f-bf3a-5740b699ac21,7b577c22-5513-42cc-ab19-2bf867e14ebc,2026-07-24,2026-07-24 11:01:28.881+00,2,email,2026-07-24 11:01:31.711+00
57d77b36-e0c8-467b-96e6-10a166bceac5,62a2569e-4be2-4326-bddd-3c6116ed18b0,6d3f8a2c-1a05-4e2a-b57e-d969b668049b,2026-07-24,2026-07-24 11:01:28.881+00,1,in_app,2026-07-24 11:01:31.785+00
11ff9c11-1f01-4a5a-9e15-009c880f7552,62a2569e-4be2-4326-bddd-3c6116ed18b0,6d3f8a2c-1a05-4e2a-b57e-d969b668049b,2026-07-24,2026-07-24 11:01:28.881+00,1,email,2026-07-24 11:01:32.105+00
a81ff692-6e98-4608-b34c-8b666f2f4f08,62a2569e-4be2-4326-bddd-3c6116ed18b0,7b577c22-5513-42cc-ab19-2bf867e14ebc,2026-07-24,2026-07-24 11:01:28.881+00,1,in_app,2026-07-24 11:01:32.164+00
cd1a95a9-7c9d-48b7-9b18-dd6f130585ca,62a2569e-4be2-4326-bddd-3c6116ed18b0,7b577c22-5513-42cc-ab19-2bf867e14ebc,2026-07-24,2026-07-24 11:01:28.881+00,1,email,2026-07-24 11:01:32.518+00
def9f485-86e0-4a98-b8e8-982c0248db64,c1f13659-b28c-4d50-8375-5bf200294992,658a0146-2d8a-4b2e-81e5-aa16fa9d0a30,2026-07-24,2026-07-24 11:01:28.881+00,2,in_app,2026-07-24 11:01:32.586+00
1443d2b2-0802-4a64-a27e-f6f88108d618,c1f13659-b28c-4d50-8375-5bf200294992,658a0146-2d8a-4b2e-81e5-aa16fa9d0a30,2026-07-24,2026-07-24 11:01:28.881+00,2,email,2026-07-24 11:01:32.951+00
a90c1fde-b739-4fb8-ae3e-bea4e2cc1ede,62a2569e-4be2-4326-bddd-3c6116ed18b0,bdef184d-6217-4cdf-a59f-dc37008d13fd,2026-07-24,2026-07-24 11:01:28.881+00,1,in_app,2026-07-24 11:01:33.018+00
1ee00d2c-6ceb-4ca7-abbc-4367dfa9ca31,62a2569e-4be2-4326-bddd-3c6116ed18b0,bdef184d-6217-4cdf-a59f-dc37008d13fd,2026-07-24,2026-07-24 11:01:28.881+00,1,email,2026-07-24 11:01:33.352+00
d49b8d87-e00c-4f1f-bfdf-51f699d52d5d,b0737bfd-7bea-493b-8cfc-14946fcea8cd,90bb1d12-5855-4f3e-aecb-e92f597e650c,2026-07-24,2026-07-24 11:01:28.881+00,1,in_app,2026-07-24 11:01:33.425+00
cafc8b78-c778-407d-895a-c62480ea2943,b0737bfd-7bea-493b-8cfc-14946fcea8cd,90bb1d12-5855-4f3e-aecb-e92f597e650c,2026-07-24,2026-07-24 11:01:28.881+00,1,email,2026-07-24 11:01:33.761+00
8999cf28-85c5-440d-aa8e-39a57db29d44,9b5aa503-44ec-40de-9ceb-b1475639767e,2a266637-be4e-4088-9918-a51576912f5c,2026-07-24,2026-07-24 11:01:28.881+00,4,in_app,2026-07-24 11:01:33.831+00
02552cb7-73e8-45da-9158-208694d9766a,9b5aa503-44ec-40de-9ceb-b1475639767e,2a266637-be4e-4088-9918-a51576912f5c,2026-07-24,2026-07-24 11:01:28.881+00,4,email,2026-07-24 11:01:34.137+00
6dfb7b6f-4c8a-4f24-aca7-035062cce079,b6617c09-9b4a-4ebc-bf50-e584b67edaa3,e5efecc9-f05f-479b-b2ea-81a2ed90fba4,2026-07-24,2026-07-24 11:01:28.881+00,1,in_app,2026-07-24 11:01:34.196+00
573675ac-01d5-44b2-a667-a00e9f6e98d5,b6617c09-9b4a-4ebc-bf50-e584b67edaa3,e5efecc9-f05f-479b-b2ea-81a2ed90fba4,2026-07-24,2026-07-24 11:01:28.881+00,1,email,2026-07-24 11:01:34.512+00
0dbbc258-6978-42bf-9248-ff3a936e662d,fd63bafa-9a78-43fb-9311-f78b8cbfb667,d8eb23c1-2c90-4dfe-872a-aa3e3dcd6478,2026-07-24,2026-07-24 11:01:28.881+00,8,in_app,2026-07-24 11:01:34.584+00
68eab9ff-b1e4-41a2-b84e-f31c8e40a26b,fd63bafa-9a78-43fb-9311-f78b8cbfb667,d8eb23c1-2c90-4dfe-872a-aa3e3dcd6478,2026-07-24,2026-07-24 11:01:28.881+00,8,email,2026-07-24 11:01:34.913+00
75b85d80-7dc6-4085-bbb4-2931852b3454,0c96a57e-6cc1-400f-bf3a-5740b699ac21,6237fa09-ec4a-46ca-a99b-4f8afb3bf259,2026-07-24,2026-07-24 11:01:28.881+00,1,in_app,2026-07-24 11:01:34.983+00
73121078-16ef-4f90-9754-7a3de1a3965e,0c96a57e-6cc1-400f-bf3a-5740b699ac21,6237fa09-ec4a-46ca-a99b-4f8afb3bf259,2026-07-24,2026-07-24 11:01:28.881+00,1,email,2026-07-24 11:01:35.308+00
6c4ec255-2bae-450c-8465-42899f193d0a,b0737bfd-7bea-493b-8cfc-14946fcea8cd,32ccdbe1-627f-4fe3-a506-056b997ed89b,2026-07-24,2026-07-24 11:01:28.881+00,3,in_app,2026-07-24 11:01:35.377+00
98f559b3-79d4-426a-a952-d3d182f724d4,b0737bfd-7bea-493b-8cfc-14946fcea8cd,32ccdbe1-627f-4fe3-a506-056b997ed89b,2026-07-24,2026-07-24 11:01:28.881+00,3,email,2026-07-24 11:01:35.683+00
bced620d-f24f-4161-9bf9-c70eb5a32cde,8474aaf6-e7d1-4165-9bef-bf76bc701038,32ccdbe1-627f-4fe3-a506-056b997ed89b,2026-07-24,2026-07-24 11:01:28.881+00,3,in_app,2026-07-24 11:01:35.743+00
1587e41d-fb69-4786-9c7e-9ea481db1a42,8474aaf6-e7d1-4165-9bef-bf76bc701038,32ccdbe1-627f-4fe3-a506-056b997ed89b,2026-07-24,2026-07-24 11:01:28.881+00,3,email,2026-07-24 11:01:36.076+00
9827fd1b-7f5d-4854-bfce-9016e5d10614,0e2a45ad-2133-4d3e-822a-b61d069d1e56,3cbe0dd1-c806-4171-8fdf-002c7fe52d74,2026-07-24,2026-07-24 11:01:28.881+00,1,in_app,2026-07-24 11:01:36.147+00
c82aac47-12d4-470b-aa59-887dc818b8c8,0e2a45ad-2133-4d3e-822a-b61d069d1e56,3cbe0dd1-c806-4171-8fdf-002c7fe52d74,2026-07-24,2026-07-24 11:01:28.881+00,1,email,2026-07-24 11:01:36.506+00
d540a55c-4f99-4076-85ef-61c3f2616ecf,9647402f-c830-48fb-92a7-e1e0f719045f,9d005015-cf2c-4590-9c46-e55e56c7696d,2026-07-24,2026-07-24 11:01:28.881+00,2,in_app,2026-07-24 11:01:36.571+00
b2348ac9-896b-423a-8b1b-d69410e66e9a,9647402f-c830-48fb-92a7-e1e0f719045f,9d005015-cf2c-4590-9c46-e55e56c7696d,2026-07-24,2026-07-24 11:01:28.881+00,2,email,2026-07-24 11:01:36.877+00
9f0c2b4e-e054-40b5-94d2-2cdee7f8c155,9066ac12-d1c6-4a15-ad74-4932bf8dd987,968fc8e6-f918-4579-b0d1-26570ce5e94b,2026-07-24,2026-07-24 11:01:28.881+00,2,in_app,2026-07-24 11:01:36.932+00
a3632942-bd32-4d03-ac55-bf0e3bbee378,9066ac12-d1c6-4a15-ad74-4932bf8dd987,968fc8e6-f918-4579-b0d1-26570ce5e94b,2026-07-24,2026-07-24 11:01:28.881+00,2,email,2026-07-24 11:01:37.24+00
0d28b458-3f93-4564-b954-6930b29adca9,04b00ab5-856d-4f95-962b-e9d97b33f207,a3c5b629-15d3-48a7-b5ab-694e63dc8b63,2026-07-24,2026-07-24 11:01:28.881+00,8,in_app,2026-07-24 11:01:37.304+00
6d054c93-b8ac-4f42-8e5d-08c56f76cbf0,04b00ab5-856d-4f95-962b-e9d97b33f207,a3c5b629-15d3-48a7-b5ab-694e63dc8b63,2026-07-24,2026-07-24 11:01:28.881+00,8,email,2026-07-24 11:01:37.625+00
0863db5e-c1ae-46b8-9800-f403f7ba2720,b16b90c0-67c9-46c5-ac6f-2ccb8f3b2a08,5d7214cd-c7d1-42ac-b859-b9e84dee9fab,2026-07-24,2026-07-24 11:01:28.881+00,1,in_app,2026-07-24 11:01:37.691+00
2a840adf-0980-4eb6-89b3-9efb91f2222e,b16b90c0-67c9-46c5-ac6f-2ccb8f3b2a08,5d7214cd-c7d1-42ac-b859-b9e84dee9fab,2026-07-24,2026-07-24 11:01:28.881+00,1,email,2026-07-24 11:01:38.003+00
a9e8919f-1322-42ec-b748-6e8a77ee7bfe,8396bd66-e3ed-4593-b985-3e380cd308eb,b0faf762-848b-4737-a04d-b2b4e1e8cc5b,2026-07-24,2026-07-24 11:01:28.881+00,1,in_app,2026-07-24 11:01:38.071+00
2c10fe29-c1a9-490e-a875-5e29678e9b91,8396bd66-e3ed-4593-b985-3e380cd308eb,b0faf762-848b-4737-a04d-b2b4e1e8cc5b,2026-07-24,2026-07-24 11:01:28.881+00,1,email,2026-07-24 11:01:38.644+00
7eec94a0-a314-4e45-84cd-a47e0afdcc31,2a72272f-56f2-4104-9952-5d3d8b19ff1d,27edf455-e61a-48a9-a846-e2c6f42999b5,2026-07-24,2026-07-24 11:01:28.881+00,1,in_app,2026-07-24 11:01:38.714+00
fb7ce35f-b155-41d7-b187-4b22aebba5ed,2a72272f-56f2-4104-9952-5d3d8b19ff1d,27edf455-e61a-48a9-a846-e2c6f42999b5,2026-07-24,2026-07-24 11:01:28.881+00,1,email,2026-07-24 11:01:39.267+00
3df06fe2-6b77-4c16-b78c-bd50fdf9d621,0c96a57e-6cc1-400f-bf3a-5740b699ac21,27edf455-e61a-48a9-a846-e2c6f42999b5,2026-07-24,2026-07-24 11:01:28.881+00,1,in_app,2026-07-24 11:01:39.335+00
5be6b12f-1197-41b8-9daf-b681c3b1d1eb,0c96a57e-6cc1-400f-bf3a-5740b699ac21,27edf455-e61a-48a9-a846-e2c6f42999b5,2026-07-24,2026-07-24 11:01:28.881+00,1,email,2026-07-24 11:01:39.652+00
5a17f6a7-f082-4270-83c7-07fdf23c21c8,ed586056-17ca-4287-936a-c16e642c63a6,8737f689-7c9e-414a-8391-5bf93d5ba600,2026-07-24,2026-07-24 11:01:28.881+00,1,in_app,2026-07-24 11:01:39.713+00
7eb1fe5a-e2a5-46a4-9b27-a3520b00c4aa,ed586056-17ca-4287-936a-c16e642c63a6,8737f689-7c9e-414a-8391-5bf93d5ba600,2026-07-24,2026-07-24 11:01:28.881+00,1,email,2026-07-24 11:01:40.025+00
73a19f31-1546-4b58-b183-cfcf12b9c3fd,2e6f6612-8033-42e0-b84d-b2ea8aded8ac,b3db042c-4932-4f66-8aff-3136ed50db97,2026-07-24,2026-07-24 11:01:28.881+00,7,in_app,2026-07-24 11:01:40.094+00
e9af3610-aefd-44ff-a50f-9a11fec15fcb,2e6f6612-8033-42e0-b84d-b2ea8aded8ac,b3db042c-4932-4f66-8aff-3136ed50db97,2026-07-24,2026-07-24 11:01:28.881+00,7,email,2026-07-24 11:01:40.407+00
49d7618f-c930-40de-b7cc-b0336f968b66,493aecc1-6791-4d62-bc63-f4f55c78e44e,642b0596-7431-4f50-acff-1eb4199fab76,2026-07-24,2026-07-24 11:01:28.881+00,1,in_app,2026-07-24 11:01:40.472+00
f0fce32b-03e7-4bf7-90d7-9d30f51e8081,493aecc1-6791-4d62-bc63-f4f55c78e44e,642b0596-7431-4f50-acff-1eb4199fab76,2026-07-24,2026-07-24 11:01:28.881+00,1,email,2026-07-24 11:01:40.778+00
2632a538-176e-490c-bd73-6fd07dd629d0,0c96a57e-6cc1-400f-bf3a-5740b699ac21,c6754833-e150-4c12-9149-45a6dfcd6eec,2026-07-24,2026-07-24 11:01:28.881+00,3,in_app,2026-07-24 11:01:40.84+00
5676b4a7-4659-4c2b-8334-0a4bde89fe3d,0c96a57e-6cc1-400f-bf3a-5740b699ac21,c6754833-e150-4c12-9149-45a6dfcd6eec,2026-07-24,2026-07-24 11:01:28.881+00,3,email,2026-07-24 11:01:41.162+00
07d63797-6273-440a-9da9-564743ecfaf4,678c949f-b372-4aba-9d9b-26d422134531,3258f102-8146-4986-964f-8c8f53441300,2026-07-24,2026-07-24 11:01:28.881+00,1,in_app,2026-07-24 11:01:41.231+00
3a30f654-ed75-40eb-b89f-8b168c046a5d,493aecc1-6791-4d62-bc63-f4f55c78e44e,7b577c22-5513-42cc-ab19-2bf867e14ebc,2026-07-24,2026-07-24 11:01:28.881+00,7,email,2026-07-24 11:01:41.926+00
9b3164d4-6107-44d9-8d50-ac3fd45f57f4,0ae36a43-2ef0-4a7d-b95a-edcc7d9ac3f2,7b577c22-5513-42cc-ab19-2bf867e14ebc,2026-07-24,2026-07-24 11:01:28.881+00,1,in_app,2026-07-24 11:01:41.994+00
73e81720-be04-435a-9458-710a05aff2c6,c1f13659-b28c-4d50-8375-5bf200294992,decc7faa-b202-42f1-9a04-fe15fe97a892,2026-07-24,2026-07-24 11:01:28.881+00,1,email,2026-07-24 11:01:42.69+00
576754dc-8667-4be0-9188-8782a1048806,678b734f-19e2-4622-ab4e-fccd86f4877f,8cab859b-a1e1-4edb-af95-4e847e1c93e4,2026-07-24,2026-07-24 11:01:28.881+00,2,in_app,2026-07-24 11:01:42.755+00
3f2c87ed-094e-4a66-950d-2c337d3f2b89,c1f13659-b28c-4d50-8375-5bf200294992,1c2d5668-5cd9-49a7-a138-3ccd2bea5cbb,2026-07-24,2026-07-24 11:01:28.881+00,1,email,2026-07-24 11:01:43.784+00
8f7bc625-1b23-439a-8a74-a400ff894006,0c96a57e-6cc1-400f-bf3a-5740b699ac21,bdef184d-6217-4cdf-a59f-dc37008d13fd,2026-07-24,2026-07-24 11:01:28.881+00,8,in_app,2026-07-24 11:01:44.416+00
17d294a4-ee09-401a-b304-11b797417931,0c96a57e-6cc1-400f-bf3a-5740b699ac21,bdef184d-6217-4cdf-a59f-dc37008d13fd,2026-07-24,2026-07-24 11:01:28.881+00,8,email,2026-07-24 11:01:44.719+00
aabb237f-103f-46e1-bb01-ad369e2b3d20,0c96a57e-6cc1-400f-bf3a-5740b699ac21,2a266637-be4e-4088-9918-a51576912f5c,2026-07-24,2026-07-24 11:01:28.881+00,4,in_app,2026-07-24 11:01:45.558+00
a0730a5a-8203-4719-a524-69b33741576f,0c96a57e-6cc1-400f-bf3a-5740b699ac21,2a266637-be4e-4088-9918-a51576912f5c,2026-07-24,2026-07-24 11:01:28.881+00,4,email,2026-07-24 11:01:45.88+00
7c805f2a-6c34-4853-84b9-9573d3ec0c72,0c96a57e-6cc1-400f-bf3a-5740b699ac21,28f7b9e8-9516-4a08-864c-9ff3e085ba87,2026-07-24,2026-07-24 11:01:28.881+00,1,in_app,2026-07-24 11:01:46.385+00
7efbe30a-cae2-4bfc-b933-7e73eab3fde3,0c96a57e-6cc1-400f-bf3a-5740b699ac21,28f7b9e8-9516-4a08-864c-9ff3e085ba87,2026-07-24,2026-07-24 11:01:28.881+00,1,email,2026-07-24 11:01:46.697+00
9efa3199-609d-4b67-9461-e721a5d10d54,0c96a57e-6cc1-400f-bf3a-5740b699ac21,3cbe0dd1-c806-4171-8fdf-002c7fe52d74,2026-07-24,2026-07-24 11:01:28.881+00,1,email,2026-07-24 11:01:47.087+00
70f7f263-dc09-48dc-b086-7e124710d2a0,0c96a57e-6cc1-400f-bf3a-5740b699ac21,decc7faa-b202-42f1-9a04-fe15fe97a892,2026-07-24,2026-07-24 11:01:28.881+00,1,email,2026-07-24 11:01:49.609+00
32ae61e2-ff2b-4123-aafc-e71ca9a20a33,0c96a57e-6cc1-400f-bf3a-5740b699ac21,8cab859b-a1e1-4edb-af95-4e847e1c93e4,2026-07-24,2026-07-24 11:01:28.881+00,2,email,2026-07-24 11:01:49.984+00
5002e6a8-f926-4d63-9afc-55cd6a101b49,0c96a57e-6cc1-400f-bf3a-5740b699ac21,1c2d5668-5cd9-49a7-a138-3ccd2bea5cbb,2026-07-24,2026-07-24 11:01:28.881+00,1,in_app,2026-07-24 11:01:50.049+00
97e7f283-0c7e-422a-9d91-8b9365f82619,678c949f-b372-4aba-9d9b-26d422134531,3258f102-8146-4986-964f-8c8f53441300,2026-07-24,2026-07-24 11:01:28.881+00,1,email,2026-07-24 11:01:41.557+00
e644edcd-e651-4463-b151-760594ff3955,493aecc1-6791-4d62-bc63-f4f55c78e44e,7b577c22-5513-42cc-ab19-2bf867e14ebc,2026-07-24,2026-07-24 11:01:28.881+00,7,in_app,2026-07-24 11:01:41.628+00
7df1b4cc-4f66-4c8c-87e2-284d35a353a5,0ae36a43-2ef0-4a7d-b95a-edcc7d9ac3f2,7b577c22-5513-42cc-ab19-2bf867e14ebc,2026-07-24,2026-07-24 11:01:28.881+00,1,email,2026-07-24 11:01:42.309+00
994592d4-b189-4808-b288-0c8f4dbf9a22,c1f13659-b28c-4d50-8375-5bf200294992,decc7faa-b202-42f1-9a04-fe15fe97a892,2026-07-24,2026-07-24 11:01:28.881+00,1,in_app,2026-07-24 11:01:42.375+00
925f9ba2-aeb0-45a7-9ed7-7a5d19a26ce6,678b734f-19e2-4622-ab4e-fccd86f4877f,8cab859b-a1e1-4edb-af95-4e847e1c93e4,2026-07-24,2026-07-24 11:01:28.881+00,2,email,2026-07-24 11:01:43.055+00
895d1daa-db76-40c5-9a87-642cdb352287,c1f13659-b28c-4d50-8375-5bf200294992,1c2d5668-5cd9-49a7-a138-3ccd2bea5cbb,2026-07-24,2026-07-24 11:01:28.881+00,1,in_app,2026-07-24 11:01:43.122+00
8416d6aa-483f-4cb3-bb03-1dc46dfc8e0b,0c96a57e-6cc1-400f-bf3a-5740b699ac21,a94fc469-4603-487f-ab7f-e2712197d510,2026-07-24,2026-07-24 11:01:28.881+00,12,in_app,2026-07-24 11:01:43.913+00
9367b3b4-db25-4c4b-b49c-8e22ea9b351a,0c96a57e-6cc1-400f-bf3a-5740b699ac21,a94fc469-4603-487f-ab7f-e2712197d510,2026-07-24,2026-07-24 11:01:28.881+00,12,email,2026-07-24 11:01:44.307+00
d01905ae-8c56-460a-a9cf-ed9ffda3bc58,0c96a57e-6cc1-400f-bf3a-5740b699ac21,6d3f8a2c-1a05-4e2a-b57e-d969b668049b,2026-07-24,2026-07-24 11:01:28.881+00,1,in_app,2026-07-24 11:01:44.812+00
a2c05083-6e23-4559-9981-f7f027dc79f0,0c96a57e-6cc1-400f-bf3a-5740b699ac21,658a0146-2d8a-4b2e-81e5-aa16fa9d0a30,2026-07-24,2026-07-24 11:01:28.881+00,2,email,2026-07-24 11:01:45.497+00
14926bdf-ee96-4750-a97a-a81e5d0e3ed8,0c96a57e-6cc1-400f-bf3a-5740b699ac21,5d7214cd-c7d1-42ac-b859-b9e84dee9fab,2026-07-24,2026-07-24 11:01:28.881+00,1,email,2026-07-24 11:01:47.876+00
89dd0d9f-0c8d-4261-85a4-49b88be8a0cb,0c96a57e-6cc1-400f-bf3a-5740b699ac21,3258f102-8146-4986-964f-8c8f53441300,2026-07-24,2026-07-24 11:01:28.881+00,1,email,2026-07-24 11:01:49.157+00
4a6602e1-342a-46dc-b56f-6c39e42a49ad,0c96a57e-6cc1-400f-bf3a-5740b699ac21,decc7faa-b202-42f1-9a04-fe15fe97a892,2026-07-24,2026-07-24 11:01:28.881+00,1,in_app,2026-07-24 11:01:49.222+00
73695fda-a053-42ba-96c3-48a026729b63,0c96a57e-6cc1-400f-bf3a-5740b699ac21,8cab859b-a1e1-4edb-af95-4e847e1c93e4,2026-07-24,2026-07-24 11:01:28.881+00,2,in_app,2026-07-24 11:01:49.672+00
e7568dd6-ca98-4ecb-b59b-c1c7626167e8,0c96a57e-6cc1-400f-bf3a-5740b699ac21,1c2d5668-5cd9-49a7-a138-3ccd2bea5cbb,2026-07-24,2026-07-24 11:01:28.881+00,1,email,2026-07-24 11:01:50.368+00
47a47990-de85-4e01-a88d-a089b61f0ad7,0c96a57e-6cc1-400f-bf3a-5740b699ac21,6d3f8a2c-1a05-4e2a-b57e-d969b668049b,2026-07-24,2026-07-24 11:01:28.881+00,1,email,2026-07-24 11:01:45.129+00
8ede01cc-fb6c-48a6-8a37-d20911c56bcd,0c96a57e-6cc1-400f-bf3a-5740b699ac21,658a0146-2d8a-4b2e-81e5-aa16fa9d0a30,2026-07-24,2026-07-24 11:01:28.881+00,2,in_app,2026-07-24 11:01:45.192+00
af7d577b-3df9-4730-8058-19707b5b6e88,0c96a57e-6cc1-400f-bf3a-5740b699ac21,d8eb23c1-2c90-4dfe-872a-aa3e3dcd6478,2026-07-24,2026-07-24 11:01:28.881+00,8,in_app,2026-07-24 11:01:45.97+00
4c05af21-c55b-4906-96ac-5573d20f9e72,0c96a57e-6cc1-400f-bf3a-5740b699ac21,d8eb23c1-2c90-4dfe-872a-aa3e3dcd6478,2026-07-24,2026-07-24 11:01:28.881+00,8,email,2026-07-24 11:01:46.278+00
d15e5563-f09f-4d12-bd29-bde7a6e09f25,0c96a57e-6cc1-400f-bf3a-5740b699ac21,3cbe0dd1-c806-4171-8fdf-002c7fe52d74,2026-07-24,2026-07-24 11:01:28.881+00,1,in_app,2026-07-24 11:01:46.763+00
3015d6da-d221-4fc8-a616-f5572d88b2e8,0c96a57e-6cc1-400f-bf3a-5740b699ac21,a3c5b629-15d3-48a7-b5ab-694e63dc8b63,2026-07-24,2026-07-24 11:01:28.881+00,8,in_app,2026-07-24 11:01:47.181+00
fae14835-1c6d-4b07-96f7-79a87b924ff3,0c96a57e-6cc1-400f-bf3a-5740b699ac21,a3c5b629-15d3-48a7-b5ab-694e63dc8b63,2026-07-24,2026-07-24 11:01:28.881+00,8,email,2026-07-24 11:01:47.497+00
74309db6-1d4d-40fe-a7ff-8fab8bf9461d,0c96a57e-6cc1-400f-bf3a-5740b699ac21,5d7214cd-c7d1-42ac-b859-b9e84dee9fab,2026-07-24,2026-07-24 11:01:28.881+00,1,in_app,2026-07-24 11:01:47.559+00
58781834-ed50-41a2-9f40-bd07f8e53463,0c96a57e-6cc1-400f-bf3a-5740b699ac21,b3db042c-4932-4f66-8aff-3136ed50db97,2026-07-24,2026-07-24 11:01:28.881+00,8,in_app,2026-07-24 11:01:48.04+00
b63bcbe6-12c8-4e6a-9572-e907755f3826,0c96a57e-6cc1-400f-bf3a-5740b699ac21,b3db042c-4932-4f66-8aff-3136ed50db97,2026-07-24,2026-07-24 11:01:28.881+00,8,email,2026-07-24 11:01:48.348+00
e02b7910-ad98-4ce0-9678-21b65c5d34cb,0c96a57e-6cc1-400f-bf3a-5740b699ac21,642b0596-7431-4f50-acff-1eb4199fab76,2026-07-24,2026-07-24 11:01:28.881+00,1,in_app,2026-07-24 11:01:48.411+00
fa91ab8a-8cc0-4ae9-9373-91ff2a8ec65f,0c96a57e-6cc1-400f-bf3a-5740b699ac21,642b0596-7431-4f50-acff-1eb4199fab76,2026-07-24,2026-07-24 11:01:28.881+00,1,email,2026-07-24 11:01:48.733+00
344e5638-1e11-4d93-8f28-16a7ecd9450d,0c96a57e-6cc1-400f-bf3a-5740b699ac21,3258f102-8146-4986-964f-8c8f53441300,2026-07-24,2026-07-24 11:01:28.881+00,1,in_app,2026-07-24 11:01:48.836+00
dd9cad70-98ee-4a1b-8bef-72bd0cc3842c,2f940451-4cf3-44e3-9040-07942e4146c1,b874694b-f463-4dbd-bb6f-b04f121a8802,2026-07-24,2026-07-24 17:00:02.533+00,1,in_app,2026-07-24 17:00:04.815+00
9bf27dd5-f0be-4dd9-a431-81dc5704bfe1,2f940451-4cf3-44e3-9040-07942e4146c1,b874694b-f463-4dbd-bb6f-b04f121a8802,2026-07-24,2026-07-24 17:00:02.533+00,1,email,2026-07-24 17:00:05.903+00
d533c783-c24e-47f6-8040-e041603af3e3,0c96a57e-6cc1-400f-bf3a-5740b699ac21,b874694b-f463-4dbd-bb6f-b04f121a8802,2026-07-24,2026-07-24 17:00:02.533+00,1,in_app,2026-07-24 17:00:07.222+00
01378fa6-b509-4211-9d5b-922807dd942c,0c96a57e-6cc1-400f-bf3a-5740b699ac21,b874694b-f463-4dbd-bb6f-b04f121a8802,2026-07-24,2026-07-24 17:00:02.533+00,1,email,2026-07-24 17:00:08.641+00
044a2bd4-290b-4169-aa2f-533318c67f9b,0c96a57e-6cc1-400f-bf3a-5740b699ac21,968fc8e6-f918-4579-b0d1-26570ce5e94b,2026-07-25,2026-07-25 11:00:02.21+00,1,in_app,2026-07-25 11:00:02.541+00
57a31055-3ed6-40b9-a241-f1cf617d3dcf,0c96a57e-6cc1-400f-bf3a-5740b699ac21,968fc8e6-f918-4579-b0d1-26570ce5e94b,2026-07-25,2026-07-25 11:00:02.21+00,1,email,2026-07-25 11:00:03.349+00
c3d906a9-8d1b-4bb1-ab32-7aad7b961b6f,8474aaf6-e7d1-4165-9bef-bf76bc701038,90bb1d12-5855-4f3e-aecb-e92f597e650c,2026-07-25,2026-07-25 11:00:02.21+00,1,in_app,2026-07-25 11:00:03.44+00
5993209e-b97c-400d-8131-a6be20b91257,8474aaf6-e7d1-4165-9bef-bf76bc701038,90bb1d12-5855-4f3e-aecb-e92f597e650c,2026-07-25,2026-07-25 11:00:02.21+00,1,email,2026-07-25 11:00:03.895+00
7d165ced-02b7-4142-b088-923effe0ecbb,72aeb445-484f-4979-8c2a-d34ec40b22b0,bdef184d-6217-4cdf-a59f-dc37008d13fd,2026-07-25,2026-07-25 11:00:02.21+00,6,in_app,2026-07-25 11:00:03.993+00
2b4ff534-4ba3-4221-9c75-16d7b57b11f8,72aeb445-484f-4979-8c2a-d34ec40b22b0,bdef184d-6217-4cdf-a59f-dc37008d13fd,2026-07-25,2026-07-25 11:00:02.21+00,6,email,2026-07-25 11:00:04.484+00
d6abbb05-afa0-4927-9a51-c76768926210,0c96a57e-6cc1-400f-bf3a-5740b699ac21,7b577c22-5513-42cc-ab19-2bf867e14ebc,2026-07-25,2026-07-25 11:00:02.21+00,2,in_app,2026-07-25 11:00:04.542+00
58f12afe-ba51-41e3-9532-3820e3d5ae46,0c96a57e-6cc1-400f-bf3a-5740b699ac21,7b577c22-5513-42cc-ab19-2bf867e14ebc,2026-07-25,2026-07-25 11:00:02.21+00,2,email,2026-07-25 11:00:05.144+00
b0bd03d8-5643-48c7-98af-20d8c11decd6,62a2569e-4be2-4326-bddd-3c6116ed18b0,6d3f8a2c-1a05-4e2a-b57e-d969b668049b,2026-07-25,2026-07-25 11:00:02.21+00,1,in_app,2026-07-25 11:00:05.243+00
90c79174-76d1-4922-afdd-0f945c352966,62a2569e-4be2-4326-bddd-3c6116ed18b0,6d3f8a2c-1a05-4e2a-b57e-d969b668049b,2026-07-25,2026-07-25 11:00:02.21+00,1,email,2026-07-25 11:00:05.64+00
27105590-ee52-47ac-991b-edcc48cde10c,62a2569e-4be2-4326-bddd-3c6116ed18b0,7b577c22-5513-42cc-ab19-2bf867e14ebc,2026-07-25,2026-07-25 11:00:02.21+00,1,in_app,2026-07-25 11:00:05.733+00
8de41e1f-b448-487f-8de9-a0927b29f49c,62a2569e-4be2-4326-bddd-3c6116ed18b0,7b577c22-5513-42cc-ab19-2bf867e14ebc,2026-07-25,2026-07-25 11:00:02.21+00,1,email,2026-07-25 11:00:06.359+00
05008252-7b91-4392-a164-1bb55371ea00,c1f13659-b28c-4d50-8375-5bf200294992,658a0146-2d8a-4b2e-81e5-aa16fa9d0a30,2026-07-25,2026-07-25 11:00:02.21+00,3,in_app,2026-07-25 11:00:06.415+00
2fa098b9-f92e-4c41-8cdf-26e0da3f02d6,c1f13659-b28c-4d50-8375-5bf200294992,658a0146-2d8a-4b2e-81e5-aa16fa9d0a30,2026-07-25,2026-07-25 11:00:02.21+00,3,email,2026-07-25 11:00:06.762+00
770d8077-9895-4b0d-b46a-b9c1e26bd58e,b0737bfd-7bea-493b-8cfc-14946fcea8cd,90bb1d12-5855-4f3e-aecb-e92f597e650c,2026-07-25,2026-07-25 11:00:02.21+00,1,in_app,2026-07-25 11:00:06.817+00
965970ec-f3d3-4bdd-a442-f8129c745616,b0737bfd-7bea-493b-8cfc-14946fcea8cd,90bb1d12-5855-4f3e-aecb-e92f597e650c,2026-07-25,2026-07-25 11:00:02.21+00,1,email,2026-07-25 11:00:07.847+00
11d6f9f3-c9b3-4d6e-b105-581d3d37e06f,9b5aa503-44ec-40de-9ceb-b1475639767e,2a266637-be4e-4088-9918-a51576912f5c,2026-07-25,2026-07-25 11:00:02.21+00,4,in_app,2026-07-25 11:00:07.943+00
011abe83-e527-43c2-ba45-4357ad2a5aed,9b5aa503-44ec-40de-9ceb-b1475639767e,2a266637-be4e-4088-9918-a51576912f5c,2026-07-25,2026-07-25 11:00:02.21+00,4,email,2026-07-25 11:00:08.234+00
a17e7e17-712f-4170-a0ba-995ee8dc0da2,b6617c09-9b4a-4ebc-bf50-e584b67edaa3,e5efecc9-f05f-479b-b2ea-81a2ed90fba4,2026-07-25,2026-07-25 11:00:02.21+00,1,in_app,2026-07-25 11:00:08.289+00
fe540671-3c94-4bf1-8b04-239c6314c9c4,b6617c09-9b4a-4ebc-bf50-e584b67edaa3,e5efecc9-f05f-479b-b2ea-81a2ed90fba4,2026-07-25,2026-07-25 11:00:02.21+00,1,email,2026-07-25 11:00:08.62+00
5637ad34-2e6a-445a-bd59-556b92ddcf8e,fd63bafa-9a78-43fb-9311-f78b8cbfb667,d8eb23c1-2c90-4dfe-872a-aa3e3dcd6478,2026-07-25,2026-07-25 11:00:02.21+00,8,in_app,2026-07-25 11:00:08.681+00
b92011be-54d3-4b2f-b1cd-c4c7963fc02a,fd63bafa-9a78-43fb-9311-f78b8cbfb667,d8eb23c1-2c90-4dfe-872a-aa3e3dcd6478,2026-07-25,2026-07-25 11:00:02.21+00,8,email,2026-07-25 11:00:09.006+00
34808303-b35e-4140-8c65-96277d1f0102,c55a28b3-798e-45db-8129-8aeb8046dcd5,32ccdbe1-627f-4fe3-a506-056b997ed89b,2026-07-25,2026-07-25 11:00:02.21+00,1,in_app,2026-07-25 11:00:09.065+00
48b9bb23-9fdd-41c9-b098-4311f09500b4,c55a28b3-798e-45db-8129-8aeb8046dcd5,32ccdbe1-627f-4fe3-a506-056b997ed89b,2026-07-25,2026-07-25 11:00:02.21+00,1,email,2026-07-25 11:00:09.425+00
34e27753-adae-4c9f-9258-7d84dcb7b606,0c96a57e-6cc1-400f-bf3a-5740b699ac21,6237fa09-ec4a-46ca-a99b-4f8afb3bf259,2026-07-25,2026-07-25 11:00:02.21+00,1,in_app,2026-07-25 11:00:09.48+00
9b3584f3-bb0e-4491-a2c4-066d171b1930,0c96a57e-6cc1-400f-bf3a-5740b699ac21,6237fa09-ec4a-46ca-a99b-4f8afb3bf259,2026-07-25,2026-07-25 11:00:02.21+00,1,email,2026-07-25 11:00:09.848+00
7322bf3f-1f94-4dee-977f-5b113aaed505,b0737bfd-7bea-493b-8cfc-14946fcea8cd,32ccdbe1-627f-4fe3-a506-056b997ed89b,2026-07-25,2026-07-25 11:00:02.21+00,3,in_app,2026-07-25 11:00:09.928+00
5b7473b3-5a98-4d5f-9513-8377c2fc6fe6,b0737bfd-7bea-493b-8cfc-14946fcea8cd,32ccdbe1-627f-4fe3-a506-056b997ed89b,2026-07-25,2026-07-25 11:00:02.21+00,3,email,2026-07-25 11:00:10.281+00
696765c1-11bf-481a-94af-d7b522d1f5d3,8474aaf6-e7d1-4165-9bef-bf76bc701038,32ccdbe1-627f-4fe3-a506-056b997ed89b,2026-07-25,2026-07-25 11:00:02.21+00,3,in_app,2026-07-25 11:00:10.331+00
f4183279-e733-4f40-8186-b377311f85d6,8474aaf6-e7d1-4165-9bef-bf76bc701038,32ccdbe1-627f-4fe3-a506-056b997ed89b,2026-07-25,2026-07-25 11:00:02.21+00,3,email,2026-07-25 11:00:10.713+00
53541c5d-f174-4fba-814a-e2922d6f3429,0e2a45ad-2133-4d3e-822a-b61d069d1e56,3cbe0dd1-c806-4171-8fdf-002c7fe52d74,2026-07-25,2026-07-25 11:00:02.21+00,1,in_app,2026-07-25 11:00:10.812+00
6457c9af-e034-43fa-a002-fadafa3ce8a0,0e2a45ad-2133-4d3e-822a-b61d069d1e56,3cbe0dd1-c806-4171-8fdf-002c7fe52d74,2026-07-25,2026-07-25 11:00:02.21+00,1,email,2026-07-25 11:00:11.588+00
0eacdce6-555a-4292-93c5-fb17749785fa,9647402f-c830-48fb-92a7-e1e0f719045f,9d005015-cf2c-4590-9c46-e55e56c7696d,2026-07-25,2026-07-25 11:00:02.21+00,2,in_app,2026-07-25 11:00:11.639+00
0bd37fbf-9d3e-415a-8397-2db08bc0666d,9647402f-c830-48fb-92a7-e1e0f719045f,9d005015-cf2c-4590-9c46-e55e56c7696d,2026-07-25,2026-07-25 11:00:02.21+00,2,email,2026-07-25 11:00:11.936+00
4fed2e4e-3ecd-4d3f-88ba-20954361784e,9066ac12-d1c6-4a15-ad74-4932bf8dd987,968fc8e6-f918-4579-b0d1-26570ce5e94b,2026-07-25,2026-07-25 11:00:02.21+00,2,in_app,2026-07-25 11:00:11.985+00
da49ef0c-6c7f-4f52-a6c0-474ac8c9ec3e,9066ac12-d1c6-4a15-ad74-4932bf8dd987,968fc8e6-f918-4579-b0d1-26570ce5e94b,2026-07-25,2026-07-25 11:00:02.21+00,2,email,2026-07-25 11:00:12.344+00
9f16602d-8d06-4984-a9b3-5914ab4b6cd7,04b00ab5-856d-4f95-962b-e9d97b33f207,a3c5b629-15d3-48a7-b5ab-694e63dc8b63,2026-07-25,2026-07-25 11:00:02.21+00,8,in_app,2026-07-25 11:00:12.402+00
734f892b-18a9-4acf-877c-bd18f6a000bb,04b00ab5-856d-4f95-962b-e9d97b33f207,a3c5b629-15d3-48a7-b5ab-694e63dc8b63,2026-07-25,2026-07-25 11:00:02.21+00,8,email,2026-07-25 11:00:12.787+00
04163dc6-9efa-4c59-be46-a88dbe073816,b16b90c0-67c9-46c5-ac6f-2ccb8f3b2a08,5d7214cd-c7d1-42ac-b859-b9e84dee9fab,2026-07-25,2026-07-25 11:00:02.21+00,1,in_app,2026-07-25 11:00:12.841+00
700270a2-2e97-4c8a-8d96-966443fb83cd,b16b90c0-67c9-46c5-ac6f-2ccb8f3b2a08,5d7214cd-c7d1-42ac-b859-b9e84dee9fab,2026-07-25,2026-07-25 11:00:02.21+00,1,email,2026-07-25 11:00:13.182+00
a0d6948b-92ee-44de-94af-1f33fa19c528,8396bd66-e3ed-4593-b985-3e380cd308eb,b0faf762-848b-4737-a04d-b2b4e1e8cc5b,2026-07-25,2026-07-25 11:00:02.21+00,1,in_app,2026-07-25 11:00:13.278+00
e137ad84-1a38-4408-944b-c2659e79685f,8396bd66-e3ed-4593-b985-3e380cd308eb,b0faf762-848b-4737-a04d-b2b4e1e8cc5b,2026-07-25,2026-07-25 11:00:02.21+00,1,email,2026-07-25 11:00:13.864+00
a6db3353-c93e-4267-8c1a-571018c882fe,2a72272f-56f2-4104-9952-5d3d8b19ff1d,27edf455-e61a-48a9-a846-e2c6f42999b5,2026-07-25,2026-07-25 11:00:02.21+00,1,in_app,2026-07-25 11:00:13.965+00
a3a9646c-caa8-42c2-ac78-1ac2f7ec3971,2a72272f-56f2-4104-9952-5d3d8b19ff1d,27edf455-e61a-48a9-a846-e2c6f42999b5,2026-07-25,2026-07-25 11:00:02.21+00,1,email,2026-07-25 11:00:16.261+00
e3c5b84d-0f1b-4601-8b63-5a05a7cd34cb,0c96a57e-6cc1-400f-bf3a-5740b699ac21,27edf455-e61a-48a9-a846-e2c6f42999b5,2026-07-25,2026-07-25 11:00:02.21+00,1,in_app,2026-07-25 11:00:16.311+00
f51f2c29-8ae4-4c72-8e18-141d86ef3a13,0c96a57e-6cc1-400f-bf3a-5740b699ac21,27edf455-e61a-48a9-a846-e2c6f42999b5,2026-07-25,2026-07-25 11:00:02.21+00,1,email,2026-07-25 11:00:16.625+00
cbe353d2-ab49-4c80-9614-376955f554e9,ed586056-17ca-4287-936a-c16e642c63a6,8737f689-7c9e-414a-8391-5bf93d5ba600,2026-07-25,2026-07-25 11:00:02.21+00,1,in_app,2026-07-25 11:00:16.676+00
8e913b38-bb84-4a1e-b0d2-7af657b7a2af,ed586056-17ca-4287-936a-c16e642c63a6,8737f689-7c9e-414a-8391-5bf93d5ba600,2026-07-25,2026-07-25 11:00:02.21+00,1,email,2026-07-25 11:00:16.961+00
3e4e9f58-0db9-4732-b373-fdb3ab2194dc,2e6f6612-8033-42e0-b84d-b2ea8aded8ac,b3db042c-4932-4f66-8aff-3136ed50db97,2026-07-25,2026-07-25 11:00:02.21+00,7,in_app,2026-07-25 11:00:17.013+00
be758740-2353-4d90-9fb1-89fea1cc7015,2e6f6612-8033-42e0-b84d-b2ea8aded8ac,b3db042c-4932-4f66-8aff-3136ed50db97,2026-07-25,2026-07-25 11:00:02.21+00,7,email,2026-07-25 11:00:17.408+00
b912ecf9-a6a2-49f5-a3a8-8cf2adbb62ef,0c96a57e-6cc1-400f-bf3a-5740b699ac21,c6754833-e150-4c12-9149-45a6dfcd6eec,2026-07-25,2026-07-25 11:00:02.21+00,3,in_app,2026-07-25 11:00:17.5+00
900f70a8-9089-4551-9688-aeda0024c47c,0c96a57e-6cc1-400f-bf3a-5740b699ac21,c6754833-e150-4c12-9149-45a6dfcd6eec,2026-07-25,2026-07-25 11:00:02.21+00,3,email,2026-07-25 11:00:17.862+00
747d23a2-e588-4d13-8d55-4f9bfe963393,678c949f-b372-4aba-9d9b-26d422134531,3258f102-8146-4986-964f-8c8f53441300,2026-07-25,2026-07-25 11:00:02.21+00,1,in_app,2026-07-25 11:00:17.955+00
2a12a1c7-1131-4295-8629-47e482bfc75a,678c949f-b372-4aba-9d9b-26d422134531,3258f102-8146-4986-964f-8c8f53441300,2026-07-25,2026-07-25 11:00:02.21+00,1,email,2026-07-25 11:00:18.257+00
827a78b9-2bd8-4ffc-a498-02e8e9d8fa29,0c96a57e-6cc1-400f-bf3a-5740b699ac21,3258f102-8146-4986-964f-8c8f53441300,2026-07-25,2026-07-25 11:00:02.21+00,1,in_app,2026-07-25 11:00:26.266+00
3c33991a-1833-48af-bd82-3cb53a6af42d,0c96a57e-6cc1-400f-bf3a-5740b699ac21,3258f102-8146-4986-964f-8c8f53441300,2026-07-25,2026-07-25 11:00:02.21+00,1,email,2026-07-25 11:00:26.611+00
91c6a2c2-e92e-4b1b-b4d0-c4fd7cf1d70d,0c96a57e-6cc1-400f-bf3a-5740b699ac21,b874694b-f463-4dbd-bb6f-b04f121a8802,2026-07-25,2026-07-25 11:00:02.21+00,1,email,2026-07-25 11:00:27.068+00
b5479911-a0c8-483b-b8aa-21845ee246c7,0c96a57e-6cc1-400f-bf3a-5740b699ac21,8cab859b-a1e1-4edb-af95-4e847e1c93e4,2026-07-25,2026-07-25 11:00:02.21+00,2,email,2026-07-25 11:00:27.881+00
91637f6f-34ff-4698-b659-c989d7cdc081,493aecc1-6791-4d62-bc63-f4f55c78e44e,7b577c22-5513-42cc-ab19-2bf867e14ebc,2026-07-25,2026-07-25 11:00:02.21+00,7,in_app,2026-07-25 11:00:18.353+00
068fe36e-d1d0-412a-b474-d5f3f033d96f,493aecc1-6791-4d62-bc63-f4f55c78e44e,7b577c22-5513-42cc-ab19-2bf867e14ebc,2026-07-25,2026-07-25 11:00:02.21+00,7,email,2026-07-25 11:00:18.745+00
e66d1a02-92ec-4cad-8598-65a96b4e825f,0ae36a43-2ef0-4a7d-b95a-edcc7d9ac3f2,7b577c22-5513-42cc-ab19-2bf867e14ebc,2026-07-25,2026-07-25 11:00:02.21+00,1,in_app,2026-07-25 11:00:19.258+00
cee7f579-01df-4daf-8e6a-28d80877ef41,0ae36a43-2ef0-4a7d-b95a-edcc7d9ac3f2,7b577c22-5513-42cc-ab19-2bf867e14ebc,2026-07-25,2026-07-25 11:00:02.21+00,1,email,2026-07-25 11:00:19.913+00
e75d0255-2d24-4659-bce2-a7e54b75c7d4,c1f13659-b28c-4d50-8375-5bf200294992,decc7faa-b202-42f1-9a04-fe15fe97a892,2026-07-25,2026-07-25 11:00:02.21+00,1,in_app,2026-07-25 11:00:20.003+00
b836aa18-26d2-42e7-b0fe-0818c7623de5,c1f13659-b28c-4d50-8375-5bf200294992,decc7faa-b202-42f1-9a04-fe15fe97a892,2026-07-25,2026-07-25 11:00:02.21+00,1,email,2026-07-25 11:00:20.326+00
934eaef9-b5c6-4da4-971a-e36e66eca549,0c96a57e-6cc1-400f-bf3a-5740b699ac21,bdef184d-6217-4cdf-a59f-dc37008d13fd,2026-07-25,2026-07-25 11:00:02.21+00,6,email,2026-07-25 11:00:21.335+00
19fee1ae-c955-4f88-aafe-412f99dab530,0c96a57e-6cc1-400f-bf3a-5740b699ac21,a3c5b629-15d3-48a7-b5ab-694e63dc8b63,2026-07-25,2026-07-25 11:00:02.21+00,8,email,2026-07-25 11:00:25.193+00
39678130-9496-4b27-9878-dac7beca25dd,0c96a57e-6cc1-400f-bf3a-5740b699ac21,5d7214cd-c7d1-42ac-b859-b9e84dee9fab,2026-07-25,2026-07-25 11:00:02.21+00,1,email,2026-07-25 11:00:25.599+00
215c1a53-713e-4656-b5ec-1c51db8639db,2f940451-4cf3-44e3-9040-07942e4146c1,b874694b-f463-4dbd-bb6f-b04f121a8802,2026-07-25,2026-07-25 11:00:02.21+00,1,in_app,2026-07-25 11:00:18.838+00
0407851e-657a-4222-9554-ba66c2a8e83d,2f940451-4cf3-44e3-9040-07942e4146c1,b874694b-f463-4dbd-bb6f-b04f121a8802,2026-07-25,2026-07-25 11:00:02.21+00,1,email,2026-07-25 11:00:19.206+00
9e3c448e-65ed-4c9f-85b4-4339e4353d92,678b734f-19e2-4622-ab4e-fccd86f4877f,8cab859b-a1e1-4edb-af95-4e847e1c93e4,2026-07-25,2026-07-25 11:00:02.21+00,2,in_app,2026-07-25 11:00:20.38+00
09717493-1c96-4b71-8af9-0a6f13d47ff8,678b734f-19e2-4622-ab4e-fccd86f4877f,8cab859b-a1e1-4edb-af95-4e847e1c93e4,2026-07-25,2026-07-25 11:00:02.21+00,2,email,2026-07-25 11:00:20.767+00
b84bc286-c079-460c-b6b7-92cf2ab4fa58,0c96a57e-6cc1-400f-bf3a-5740b699ac21,bdef184d-6217-4cdf-a59f-dc37008d13fd,2026-07-25,2026-07-25 11:00:02.21+00,6,in_app,2026-07-25 11:00:21.007+00
6f55cfd9-dcd8-47a9-9c4a-4805d08f57b6,0c96a57e-6cc1-400f-bf3a-5740b699ac21,6d3f8a2c-1a05-4e2a-b57e-d969b668049b,2026-07-25,2026-07-25 11:00:02.21+00,1,in_app,2026-07-25 11:00:21.485+00
25ece831-5bfe-41a5-b43b-ffec27df45c1,0c96a57e-6cc1-400f-bf3a-5740b699ac21,6d3f8a2c-1a05-4e2a-b57e-d969b668049b,2026-07-25,2026-07-25 11:00:02.21+00,1,email,2026-07-25 11:00:22.248+00
2dcc19b9-23e0-43d1-8b4c-d4c4821d89f2,0c96a57e-6cc1-400f-bf3a-5740b699ac21,658a0146-2d8a-4b2e-81e5-aa16fa9d0a30,2026-07-25,2026-07-25 11:00:02.21+00,3,in_app,2026-07-25 11:00:22.338+00
0c8fc467-f699-47f2-ab6e-d3732a9b12df,0c96a57e-6cc1-400f-bf3a-5740b699ac21,658a0146-2d8a-4b2e-81e5-aa16fa9d0a30,2026-07-25,2026-07-25 11:00:02.21+00,3,email,2026-07-25 11:00:22.613+00
239c3b45-86ea-4224-abfd-5b1c2ea32b78,0c96a57e-6cc1-400f-bf3a-5740b699ac21,2a266637-be4e-4088-9918-a51576912f5c,2026-07-25,2026-07-25 11:00:02.21+00,4,in_app,2026-07-25 11:00:22.666+00
46301731-2de8-4ceb-a254-5416c1c58a04,0c96a57e-6cc1-400f-bf3a-5740b699ac21,3cbe0dd1-c806-4171-8fdf-002c7fe52d74,2026-07-25,2026-07-25 11:00:02.21+00,1,in_app,2026-07-25 11:00:24.345+00
8d570c89-8580-4ea1-aa49-f4c30d251cb6,0c96a57e-6cc1-400f-bf3a-5740b699ac21,3cbe0dd1-c806-4171-8fdf-002c7fe52d74,2026-07-25,2026-07-25 11:00:02.21+00,1,email,2026-07-25 11:00:24.731+00
3bb15665-3bcd-470c-8a5e-f9968e17d47e,0c96a57e-6cc1-400f-bf3a-5740b699ac21,a3c5b629-15d3-48a7-b5ab-694e63dc8b63,2026-07-25,2026-07-25 11:00:02.21+00,8,in_app,2026-07-25 11:00:24.883+00
253f6c46-dfd0-4c62-8e04-a805989f202d,0c96a57e-6cc1-400f-bf3a-5740b699ac21,2a266637-be4e-4088-9918-a51576912f5c,2026-07-25,2026-07-25 11:00:02.21+00,4,email,2026-07-25 11:00:23.342+00
94e0177b-e23c-4596-b1f7-18c976511225,0c96a57e-6cc1-400f-bf3a-5740b699ac21,d8eb23c1-2c90-4dfe-872a-aa3e3dcd6478,2026-07-25,2026-07-25 11:00:02.21+00,8,in_app,2026-07-25 11:00:23.489+00
b454db70-356c-4a59-a26e-61e13cc237a3,0c96a57e-6cc1-400f-bf3a-5740b699ac21,d8eb23c1-2c90-4dfe-872a-aa3e3dcd6478,2026-07-25,2026-07-25 11:00:02.21+00,8,email,2026-07-25 11:00:23.784+00
a8ae60fb-a6ed-4a4a-a241-efcba201af4b,0c96a57e-6cc1-400f-bf3a-5740b699ac21,28f7b9e8-9516-4a08-864c-9ff3e085ba87,2026-07-25,2026-07-25 11:00:02.21+00,1,in_app,2026-07-25 11:00:23.873+00
ae92a5b9-056e-4b14-8e67-ee4f68f6127c,0c96a57e-6cc1-400f-bf3a-5740b699ac21,28f7b9e8-9516-4a08-864c-9ff3e085ba87,2026-07-25,2026-07-25 11:00:02.21+00,1,email,2026-07-25 11:00:24.253+00
9553c7e0-1979-44fa-934a-893094e1d4a2,0c96a57e-6cc1-400f-bf3a-5740b699ac21,5d7214cd-c7d1-42ac-b859-b9e84dee9fab,2026-07-25,2026-07-25 11:00:02.21+00,1,in_app,2026-07-25 11:00:25.282+00
19d010eb-4abb-4cc1-be48-6239f6454e74,0c96a57e-6cc1-400f-bf3a-5740b699ac21,b3db042c-4932-4f66-8aff-3136ed50db97,2026-07-25,2026-07-25 11:00:02.21+00,8,in_app,2026-07-25 11:00:25.741+00
6da68fc7-7ffd-4ee4-8f9a-42483f4480e4,0c96a57e-6cc1-400f-bf3a-5740b699ac21,b3db042c-4932-4f66-8aff-3136ed50db97,2026-07-25,2026-07-25 11:00:02.21+00,8,email,2026-07-25 11:00:26.117+00
77353aae-06d2-42a5-974c-233e7f49690a,0c96a57e-6cc1-400f-bf3a-5740b699ac21,b874694b-f463-4dbd-bb6f-b04f121a8802,2026-07-25,2026-07-25 11:00:02.21+00,1,in_app,2026-07-25 11:00:26.699+00
5645f468-b146-4187-9fe4-e7a1f732015f,0c96a57e-6cc1-400f-bf3a-5740b699ac21,decc7faa-b202-42f1-9a04-fe15fe97a892,2026-07-25,2026-07-25 11:00:02.21+00,1,in_app,2026-07-25 11:00:27.165+00
3cf79395-572a-403e-9032-337a15f16336,0c96a57e-6cc1-400f-bf3a-5740b699ac21,decc7faa-b202-42f1-9a04-fe15fe97a892,2026-07-25,2026-07-25 11:00:02.21+00,1,email,2026-07-25 11:00:27.475+00
19840054-d177-456f-a817-1538dbec10a2,0c96a57e-6cc1-400f-bf3a-5740b699ac21,8cab859b-a1e1-4edb-af95-4e847e1c93e4,2026-07-25,2026-07-25 11:00:02.21+00,2,in_app,2026-07-25 11:00:27.524+00
da7e511f-15c2-439c-8ea2-df6150bb5344,0c96a57e-6cc1-400f-bf3a-5740b699ac21,968fc8e6-f918-4579-b0d1-26570ce5e94b,2026-07-25,2026-07-25 17:00:42.212+00,1,in_app,2026-07-25 17:00:42.523+00
0cb32814-6e3b-4931-8e08-11e14c888e92,0c96a57e-6cc1-400f-bf3a-5740b699ac21,968fc8e6-f918-4579-b0d1-26570ce5e94b,2026-07-25,2026-07-25 17:00:42.212+00,1,email,2026-07-25 17:00:43.114+00
93d65af6-d902-467d-abd7-5af29f5872cc,8474aaf6-e7d1-4165-9bef-bf76bc701038,90bb1d12-5855-4f3e-aecb-e92f597e650c,2026-07-25,2026-07-25 17:00:42.212+00,1,in_app,2026-07-25 17:00:43.266+00
c474f188-f5f0-4a46-a09e-c6ac284e1e68,8474aaf6-e7d1-4165-9bef-bf76bc701038,90bb1d12-5855-4f3e-aecb-e92f597e650c,2026-07-25,2026-07-25 17:00:42.212+00,1,email,2026-07-25 17:00:43.646+00
71a514da-a3e5-4dcc-83ef-ae3283803084,72aeb445-484f-4979-8c2a-d34ec40b22b0,bdef184d-6217-4cdf-a59f-dc37008d13fd,2026-07-25,2026-07-25 17:00:42.212+00,6,in_app,2026-07-25 17:00:43.811+00
66df8cbd-0ed1-4480-a3f3-767d1840cb3c,72aeb445-484f-4979-8c2a-d34ec40b22b0,bdef184d-6217-4cdf-a59f-dc37008d13fd,2026-07-25,2026-07-25 17:00:42.212+00,6,email,2026-07-25 17:00:44.135+00
6826e13e-e304-473e-bdd1-55e3ffc2f111,0c96a57e-6cc1-400f-bf3a-5740b699ac21,7b577c22-5513-42cc-ab19-2bf867e14ebc,2026-07-25,2026-07-25 17:00:42.212+00,2,in_app,2026-07-25 17:00:44.211+00
ae1922e7-5e6c-4794-b239-bc08fb0327d8,0c96a57e-6cc1-400f-bf3a-5740b699ac21,7b577c22-5513-42cc-ab19-2bf867e14ebc,2026-07-25,2026-07-25 17:00:42.212+00,2,email,2026-07-25 17:00:44.589+00
323bf98a-93cd-46f5-9e84-158a2b44ee16,62a2569e-4be2-4326-bddd-3c6116ed18b0,6d3f8a2c-1a05-4e2a-b57e-d969b668049b,2026-07-25,2026-07-25 17:00:42.212+00,1,in_app,2026-07-25 17:00:44.726+00
00aa0f8d-16d5-4643-8bc8-2ef719f2bc9f,62a2569e-4be2-4326-bddd-3c6116ed18b0,6d3f8a2c-1a05-4e2a-b57e-d969b668049b,2026-07-25,2026-07-25 17:00:42.212+00,1,email,2026-07-25 17:00:45.133+00
73f83a2b-9cf7-4911-bf46-a1c0169c6a32,62a2569e-4be2-4326-bddd-3c6116ed18b0,7b577c22-5513-42cc-ab19-2bf867e14ebc,2026-07-25,2026-07-25 17:00:42.212+00,1,in_app,2026-07-25 17:00:45.254+00
7e85dbbe-2575-4958-a9d6-4125ec2bb71d,62a2569e-4be2-4326-bddd-3c6116ed18b0,7b577c22-5513-42cc-ab19-2bf867e14ebc,2026-07-25,2026-07-25 17:00:42.212+00,1,email,2026-07-25 17:00:45.699+00
d6ef3d22-3f41-48bf-b083-9874fd64b473,c1f13659-b28c-4d50-8375-5bf200294992,658a0146-2d8a-4b2e-81e5-aa16fa9d0a30,2026-07-25,2026-07-25 17:00:42.212+00,3,in_app,2026-07-25 17:00:45.828+00
ac618392-c16d-4109-b07c-cdfc49a42c89,c1f13659-b28c-4d50-8375-5bf200294992,658a0146-2d8a-4b2e-81e5-aa16fa9d0a30,2026-07-25,2026-07-25 17:00:42.212+00,3,email,2026-07-25 17:00:46.221+00
5f21b9bb-9d21-43a5-be44-dcea0403c837,b0737bfd-7bea-493b-8cfc-14946fcea8cd,90bb1d12-5855-4f3e-aecb-e92f597e650c,2026-07-25,2026-07-25 17:00:42.212+00,1,in_app,2026-07-25 17:00:46.347+00
2ca04ea7-a828-4c13-95c4-654431a3b56f,b0737bfd-7bea-493b-8cfc-14946fcea8cd,90bb1d12-5855-4f3e-aecb-e92f597e650c,2026-07-25,2026-07-25 17:00:42.212+00,1,email,2026-07-25 17:00:46.736+00
e5ccf020-8359-4601-9ada-7058f22407a0,9b5aa503-44ec-40de-9ceb-b1475639767e,2a266637-be4e-4088-9918-a51576912f5c,2026-07-25,2026-07-25 17:00:42.212+00,4,in_app,2026-07-25 17:00:46.87+00
50d4c7f6-283f-481a-a5bf-9f70dd423f65,9b5aa503-44ec-40de-9ceb-b1475639767e,2a266637-be4e-4088-9918-a51576912f5c,2026-07-25,2026-07-25 17:00:42.212+00,4,email,2026-07-25 17:00:47.192+00
6f051218-56be-470d-aa03-83a2ddc02111,b6617c09-9b4a-4ebc-bf50-e584b67edaa3,e5efecc9-f05f-479b-b2ea-81a2ed90fba4,2026-07-25,2026-07-25 17:00:42.212+00,1,in_app,2026-07-25 17:00:47.324+00
20d924d2-5209-49b0-a559-2919ba57c85d,b6617c09-9b4a-4ebc-bf50-e584b67edaa3,e5efecc9-f05f-479b-b2ea-81a2ed90fba4,2026-07-25,2026-07-25 17:00:42.212+00,1,email,2026-07-25 17:00:47.635+00
652e1e1c-e7e3-4ae2-8f3c-9ff9d21f41c5,fd63bafa-9a78-43fb-9311-f78b8cbfb667,d8eb23c1-2c90-4dfe-872a-aa3e3dcd6478,2026-07-25,2026-07-25 17:00:42.212+00,8,in_app,2026-07-25 17:00:47.782+00
d8c86364-3717-42a5-9799-0558de14035c,fd63bafa-9a78-43fb-9311-f78b8cbfb667,d8eb23c1-2c90-4dfe-872a-aa3e3dcd6478,2026-07-25,2026-07-25 17:00:42.212+00,8,email,2026-07-25 17:00:48.096+00
67ad30d0-8169-43ad-9658-88b97477d70f,c55a28b3-798e-45db-8129-8aeb8046dcd5,32ccdbe1-627f-4fe3-a506-056b997ed89b,2026-07-25,2026-07-25 17:00:42.212+00,1,in_app,2026-07-25 17:00:48.169+00
18f83388-aade-40ab-aa12-e1b8b65cdcd7,c55a28b3-798e-45db-8129-8aeb8046dcd5,32ccdbe1-627f-4fe3-a506-056b997ed89b,2026-07-25,2026-07-25 17:00:42.212+00,1,email,2026-07-25 17:00:48.566+00
35d67a62-1762-473c-bbdd-35a2b865a54a,0c96a57e-6cc1-400f-bf3a-5740b699ac21,6237fa09-ec4a-46ca-a99b-4f8afb3bf259,2026-07-25,2026-07-25 17:00:42.212+00,1,in_app,2026-07-25 17:00:48.723+00
18b48f71-c1bc-4279-a7a8-2e80b7c1fb01,0c96a57e-6cc1-400f-bf3a-5740b699ac21,6237fa09-ec4a-46ca-a99b-4f8afb3bf259,2026-07-25,2026-07-25 17:00:42.212+00,1,email,2026-07-25 17:00:49.098+00
9d2074dc-56f3-45d8-a8cc-3d41e987b0f9,b0737bfd-7bea-493b-8cfc-14946fcea8cd,32ccdbe1-627f-4fe3-a506-056b997ed89b,2026-07-25,2026-07-25 17:00:42.212+00,3,in_app,2026-07-25 17:00:49.165+00
daa479bb-7e7f-4b33-8e43-e30d8788a886,b0737bfd-7bea-493b-8cfc-14946fcea8cd,32ccdbe1-627f-4fe3-a506-056b997ed89b,2026-07-25,2026-07-25 17:00:42.212+00,3,email,2026-07-25 17:00:49.456+00
a8da07f5-54cd-4cca-8913-b527a156b170,8474aaf6-e7d1-4165-9bef-bf76bc701038,32ccdbe1-627f-4fe3-a506-056b997ed89b,2026-07-25,2026-07-25 17:00:42.212+00,3,in_app,2026-07-25 17:00:49.524+00
4e188dec-e716-4b26-a7b6-3ac03501757a,8474aaf6-e7d1-4165-9bef-bf76bc701038,32ccdbe1-627f-4fe3-a506-056b997ed89b,2026-07-25,2026-07-25 17:00:42.212+00,3,email,2026-07-25 17:00:49.946+00
4c783952-386c-4614-b4c5-21e5b1b35a47,0e2a45ad-2133-4d3e-822a-b61d069d1e56,3cbe0dd1-c806-4171-8fdf-002c7fe52d74,2026-07-25,2026-07-25 17:00:42.212+00,1,in_app,2026-07-25 17:00:50.054+00
9fc4c3f3-d10e-4029-a90f-0834b1be7060,0e2a45ad-2133-4d3e-822a-b61d069d1e56,3cbe0dd1-c806-4171-8fdf-002c7fe52d74,2026-07-25,2026-07-25 17:00:42.212+00,1,email,2026-07-25 17:00:50.416+00
25ddb93f-b9bc-41e7-8557-a9a086b093b1,9647402f-c830-48fb-92a7-e1e0f719045f,9d005015-cf2c-4590-9c46-e55e56c7696d,2026-07-25,2026-07-25 17:00:42.212+00,2,in_app,2026-07-25 17:00:50.532+00
94cfe2d3-3592-437c-9416-8a638dc1cb64,9647402f-c830-48fb-92a7-e1e0f719045f,9d005015-cf2c-4590-9c46-e55e56c7696d,2026-07-25,2026-07-25 17:00:42.212+00,2,email,2026-07-25 17:00:51.059+00
f7223c29-f2df-4dd5-9506-f991d6ff6e81,9066ac12-d1c6-4a15-ad74-4932bf8dd987,968fc8e6-f918-4579-b0d1-26570ce5e94b,2026-07-25,2026-07-25 17:00:42.212+00,2,in_app,2026-07-25 17:00:51.127+00
5b24781e-79b7-49cd-ac45-9a6a96d7abb9,9066ac12-d1c6-4a15-ad74-4932bf8dd987,968fc8e6-f918-4579-b0d1-26570ce5e94b,2026-07-25,2026-07-25 17:00:42.212+00,2,email,2026-07-25 17:00:51.44+00
3c8a4e39-dfdf-438b-8d53-0abaef47e209,04b00ab5-856d-4f95-962b-e9d97b33f207,a3c5b629-15d3-48a7-b5ab-694e63dc8b63,2026-07-25,2026-07-25 17:00:42.212+00,8,in_app,2026-07-25 17:00:51.513+00
d6bd61ae-bf7a-4e7c-80d1-b97d0d0628f8,04b00ab5-856d-4f95-962b-e9d97b33f207,a3c5b629-15d3-48a7-b5ab-694e63dc8b63,2026-07-25,2026-07-25 17:00:42.212+00,8,email,2026-07-25 17:00:51.893+00
c2e0c13f-6814-4b57-a5cb-b7cec827467c,b16b90c0-67c9-46c5-ac6f-2ccb8f3b2a08,5d7214cd-c7d1-42ac-b859-b9e84dee9fab,2026-07-25,2026-07-25 17:00:42.212+00,1,in_app,2026-07-25 17:00:52.01+00
e52b7058-6293-40c2-a9a3-104a7672f7fb,b16b90c0-67c9-46c5-ac6f-2ccb8f3b2a08,5d7214cd-c7d1-42ac-b859-b9e84dee9fab,2026-07-25,2026-07-25 17:00:42.212+00,1,email,2026-07-25 17:00:52.385+00
0fe935e1-10cc-4ffa-bda3-1e8c4a250632,8396bd66-e3ed-4593-b985-3e380cd308eb,b0faf762-848b-4737-a04d-b2b4e1e8cc5b,2026-07-25,2026-07-25 17:00:42.212+00,1,in_app,2026-07-25 17:00:52.511+00
32b8e634-c97b-41a8-9a28-6cbf17a4c831,8396bd66-e3ed-4593-b985-3e380cd308eb,b0faf762-848b-4737-a04d-b2b4e1e8cc5b,2026-07-25,2026-07-25 17:00:42.212+00,1,email,2026-07-25 17:00:53.077+00
ea1b5efd-d633-418e-9bc1-80968dee30d1,2a72272f-56f2-4104-9952-5d3d8b19ff1d,27edf455-e61a-48a9-a846-e2c6f42999b5,2026-07-25,2026-07-25 17:00:42.212+00,1,in_app,2026-07-25 17:00:53.167+00
82e3b1a8-d786-4568-89ab-44095a974a28,2a72272f-56f2-4104-9952-5d3d8b19ff1d,27edf455-e61a-48a9-a846-e2c6f42999b5,2026-07-25,2026-07-25 17:00:42.212+00,1,email,2026-07-25 17:00:53.719+00
786eb524-1cc5-4c17-b85f-857a07f7a827,0c96a57e-6cc1-400f-bf3a-5740b699ac21,27edf455-e61a-48a9-a846-e2c6f42999b5,2026-07-25,2026-07-25 17:00:42.212+00,1,in_app,2026-07-25 17:00:53.792+00
09a4c05b-3141-4aa4-b37f-894cfaf9d2e3,0c96a57e-6cc1-400f-bf3a-5740b699ac21,27edf455-e61a-48a9-a846-e2c6f42999b5,2026-07-25,2026-07-25 17:00:42.212+00,1,email,2026-07-25 17:00:54.166+00
da6e319c-14ce-46a7-8d74-903fdb41ef09,ed586056-17ca-4287-936a-c16e642c63a6,8737f689-7c9e-414a-8391-5bf93d5ba600,2026-07-25,2026-07-25 17:00:42.212+00,1,in_app,2026-07-25 17:00:54.293+00
5b1e6867-6884-4250-8010-448633f20f9b,ed586056-17ca-4287-936a-c16e642c63a6,8737f689-7c9e-414a-8391-5bf93d5ba600,2026-07-25,2026-07-25 17:00:42.212+00,1,email,2026-07-25 17:00:54.638+00
ff95e478-3d1d-4a84-bdda-8da2b2caef48,2e6f6612-8033-42e0-b84d-b2ea8aded8ac,b3db042c-4932-4f66-8aff-3136ed50db97,2026-07-25,2026-07-25 17:00:42.212+00,7,in_app,2026-07-25 17:00:54.76+00
888340ef-d94b-4bda-a3b3-bb67363675cd,2e6f6612-8033-42e0-b84d-b2ea8aded8ac,b3db042c-4932-4f66-8aff-3136ed50db97,2026-07-25,2026-07-25 17:00:42.212+00,7,email,2026-07-25 17:00:55.48+00
30565df8-1950-4ceb-b4e7-2e95d2039ac1,0c96a57e-6cc1-400f-bf3a-5740b699ac21,c6754833-e150-4c12-9149-45a6dfcd6eec,2026-07-25,2026-07-25 17:00:42.212+00,3,in_app,2026-07-25 17:00:55.61+00
2ed32e94-b0a7-479f-b307-1940800f8660,0c96a57e-6cc1-400f-bf3a-5740b699ac21,c6754833-e150-4c12-9149-45a6dfcd6eec,2026-07-25,2026-07-25 17:00:42.212+00,3,email,2026-07-25 17:00:55.99+00
52f21851-096a-4bc7-beee-4960e676ca83,678c949f-b372-4aba-9d9b-26d422134531,3258f102-8146-4986-964f-8c8f53441300,2026-07-25,2026-07-25 17:00:42.212+00,1,in_app,2026-07-25 17:00:56.122+00
190df7e1-280f-4e01-bc84-30c0854861d6,678c949f-b372-4aba-9d9b-26d422134531,3258f102-8146-4986-964f-8c8f53441300,2026-07-25,2026-07-25 17:00:42.212+00,1,email,2026-07-25 17:00:56.505+00
1e2f5537-09c3-4814-9bb8-9748bafb426e,493aecc1-6791-4d62-bc63-f4f55c78e44e,7b577c22-5513-42cc-ab19-2bf867e14ebc,2026-07-25,2026-07-25 17:00:42.212+00,7,in_app,2026-07-25 17:00:56.634+00
08dba1f7-5b4d-404b-b0bc-8e3a919c6abb,493aecc1-6791-4d62-bc63-f4f55c78e44e,7b577c22-5513-42cc-ab19-2bf867e14ebc,2026-07-25,2026-07-25 17:00:42.212+00,7,email,2026-07-25 17:00:57.002+00
d0213b59-ac9e-49ac-abf1-86d2adc4a334,2f940451-4cf3-44e3-9040-07942e4146c1,b874694b-f463-4dbd-bb6f-b04f121a8802,2026-07-25,2026-07-25 17:00:42.212+00,1,in_app,2026-07-25 17:00:57.126+00
f80025ff-d1c0-4bf3-b920-df323de8fad5,2f940451-4cf3-44e3-9040-07942e4146c1,b874694b-f463-4dbd-bb6f-b04f121a8802,2026-07-25,2026-07-25 17:00:42.212+00,1,email,2026-07-25 17:00:57.571+00
5c98d198-8222-4f2f-aafc-aea9a5e19535,0ae36a43-2ef0-4a7d-b95a-edcc7d9ac3f2,7b577c22-5513-42cc-ab19-2bf867e14ebc,2026-07-25,2026-07-25 17:00:42.212+00,1,in_app,2026-07-25 17:00:57.698+00
ea776912-f769-4d22-9026-540059ffebe6,c1f13659-b28c-4d50-8375-5bf200294992,decc7faa-b202-42f1-9a04-fe15fe97a892,2026-07-25,2026-07-25 17:00:42.212+00,1,email,2026-07-25 17:00:58.585+00
5243bad5-4da5-4697-b3f5-bbf1925c8ab7,0c96a57e-6cc1-400f-bf3a-5740b699ac21,bdef184d-6217-4cdf-a59f-dc37008d13fd,2026-07-25,2026-07-25 17:00:42.212+00,6,in_app,2026-07-25 17:00:59.306+00
27959054-b40c-4159-af24-909695c3d84f,0c96a57e-6cc1-400f-bf3a-5740b699ac21,3cbe0dd1-c806-4171-8fdf-002c7fe52d74,2026-07-25,2026-07-25 17:00:42.212+00,1,email,2026-07-25 17:01:02.996+00
788e7159-18a9-4d30-a9b7-522930d1b206,0c96a57e-6cc1-400f-bf3a-5740b699ac21,b3db042c-4932-4f66-8aff-3136ed50db97,2026-07-25,2026-07-25 17:00:42.212+00,8,email,2026-07-25 17:01:04.698+00
ffd033bf-7449-4339-8fc0-c9ce2da21d3b,0c96a57e-6cc1-400f-bf3a-5740b699ac21,3258f102-8146-4986-964f-8c8f53441300,2026-07-25,2026-07-25 17:00:42.212+00,1,in_app,2026-07-25 17:01:04.905+00
08935216-0ac2-4715-a44a-2cc4d0990b96,0c96a57e-6cc1-400f-bf3a-5740b699ac21,8cab859b-a1e1-4edb-af95-4e847e1c93e4,2026-07-25,2026-07-25 17:00:42.212+00,2,email,2026-07-25 17:01:06.759+00
4251a2b5-c575-475c-8c83-e6afa068d17c,0ae36a43-2ef0-4a7d-b95a-edcc7d9ac3f2,7b577c22-5513-42cc-ab19-2bf867e14ebc,2026-07-25,2026-07-25 17:00:42.212+00,1,email,2026-07-25 17:00:58.065+00
f2fafa86-aac2-46b3-8222-5512c784ab6b,678b734f-19e2-4622-ab4e-fccd86f4877f,8cab859b-a1e1-4edb-af95-4e847e1c93e4,2026-07-25,2026-07-25 17:00:42.212+00,2,in_app,2026-07-25 17:00:58.71+00
ce0d884b-672c-4a6a-b8a0-e7794352b4d1,0c96a57e-6cc1-400f-bf3a-5740b699ac21,2a266637-be4e-4088-9918-a51576912f5c,2026-07-25,2026-07-25 17:00:42.212+00,4,in_app,2026-07-25 17:01:00.858+00
05507c04-69e0-43a2-b608-cfe21b486a4f,0c96a57e-6cc1-400f-bf3a-5740b699ac21,28f7b9e8-9516-4a08-864c-9ff3e085ba87,2026-07-25,2026-07-25 17:00:42.212+00,1,in_app,2026-07-25 17:01:02.102+00
ebdc270e-4a09-4ba8-9428-0cad55526908,0c96a57e-6cc1-400f-bf3a-5740b699ac21,28f7b9e8-9516-4a08-864c-9ff3e085ba87,2026-07-25,2026-07-25 17:00:42.212+00,1,email,2026-07-25 17:01:02.487+00
247cee73-4e17-414a-91a7-d57c38d0a33e,0c96a57e-6cc1-400f-bf3a-5740b699ac21,3258f102-8146-4986-964f-8c8f53441300,2026-07-25,2026-07-25 17:00:42.212+00,1,email,2026-07-25 17:01:05.235+00
464ee1e9-cf09-496d-8e8a-7ec258ec2bd8,0c96a57e-6cc1-400f-bf3a-5740b699ac21,b874694b-f463-4dbd-bb6f-b04f121a8802,2026-07-25,2026-07-25 17:00:42.212+00,1,in_app,2026-07-25 17:01:05.303+00
cc594e6b-95c3-4d9e-8a1c-35e4196bf192,0c96a57e-6cc1-400f-bf3a-5740b699ac21,8cab859b-a1e1-4edb-af95-4e847e1c93e4,2026-07-25,2026-07-25 17:00:42.212+00,2,in_app,2026-07-25 17:01:06.385+00
126e43c0-035f-4832-835c-45ef9034a708,c1f13659-b28c-4d50-8375-5bf200294992,decc7faa-b202-42f1-9a04-fe15fe97a892,2026-07-25,2026-07-25 17:00:42.212+00,1,in_app,2026-07-25 17:00:58.19+00
952384fc-ba98-4858-8bce-127023e49e9f,678b734f-19e2-4622-ab4e-fccd86f4877f,8cab859b-a1e1-4edb-af95-4e847e1c93e4,2026-07-25,2026-07-25 17:00:42.212+00,2,email,2026-07-25 17:00:59.09+00
76c13ff0-bb3d-47c3-91e0-abda7289b352,0c96a57e-6cc1-400f-bf3a-5740b699ac21,6d3f8a2c-1a05-4e2a-b57e-d969b668049b,2026-07-25,2026-07-25 17:00:42.212+00,1,in_app,2026-07-25 17:00:59.841+00
f8e5329d-dda8-4718-a8d3-063c8551d7f5,0c96a57e-6cc1-400f-bf3a-5740b699ac21,6d3f8a2c-1a05-4e2a-b57e-d969b668049b,2026-07-25,2026-07-25 17:00:42.212+00,1,email,2026-07-25 17:01:00.237+00
8352d02a-1963-40cd-912a-fd6e7e00231f,0c96a57e-6cc1-400f-bf3a-5740b699ac21,2a266637-be4e-4088-9918-a51576912f5c,2026-07-25,2026-07-25 17:00:42.212+00,4,email,2026-07-25 17:01:01.324+00
df58a681-bb0c-4e93-b9fd-c1c06236801f,0c96a57e-6cc1-400f-bf3a-5740b699ac21,d8eb23c1-2c90-4dfe-872a-aa3e3dcd6478,2026-07-25,2026-07-25 17:00:42.212+00,8,email,2026-07-25 17:01:01.923+00
f43bf40f-e8a8-4f32-b297-27acd37cba57,0c96a57e-6cc1-400f-bf3a-5740b699ac21,3cbe0dd1-c806-4171-8fdf-002c7fe52d74,2026-07-25,2026-07-25 17:00:42.212+00,1,in_app,2026-07-25 17:01:02.613+00
cc0b85fd-a4a4-4634-9fc5-7fc73e4df690,0c96a57e-6cc1-400f-bf3a-5740b699ac21,b874694b-f463-4dbd-bb6f-b04f121a8802,2026-07-25,2026-07-25 17:00:42.212+00,1,email,2026-07-25 17:01:05.887+00
f88bebe2-2ee0-4430-a7da-376dc6e743a7,0c96a57e-6cc1-400f-bf3a-5740b699ac21,decc7faa-b202-42f1-9a04-fe15fe97a892,2026-07-25,2026-07-25 17:00:42.212+00,1,in_app,2026-07-25 17:01:06.014+00
2c5ca943-ef17-4265-84b6-0c1a8cdfcadf,0c96a57e-6cc1-400f-bf3a-5740b699ac21,bdef184d-6217-4cdf-a59f-dc37008d13fd,2026-07-25,2026-07-25 17:00:42.212+00,6,email,2026-07-25 17:00:59.681+00
fa98921d-710c-4258-af7c-3ca3bf75cb21,0c96a57e-6cc1-400f-bf3a-5740b699ac21,658a0146-2d8a-4b2e-81e5-aa16fa9d0a30,2026-07-25,2026-07-25 17:00:42.212+00,3,in_app,2026-07-25 17:01:00.361+00
50b3214a-7575-44eb-95b7-a407bcc612d8,0c96a57e-6cc1-400f-bf3a-5740b699ac21,a3c5b629-15d3-48a7-b5ab-694e63dc8b63,2026-07-25,2026-07-25 17:00:42.212+00,8,email,2026-07-25 17:01:03.456+00
040f6a2f-706d-47a8-a92b-6fee09625782,0c96a57e-6cc1-400f-bf3a-5740b699ac21,5d7214cd-c7d1-42ac-b859-b9e84dee9fab,2026-07-25,2026-07-25 17:00:42.212+00,1,in_app,2026-07-25 17:01:03.584+00
ecd2f814-805b-48fa-a7b8-1fde49f0002e,0c96a57e-6cc1-400f-bf3a-5740b699ac21,658a0146-2d8a-4b2e-81e5-aa16fa9d0a30,2026-07-25,2026-07-25 17:00:42.212+00,3,email,2026-07-25 17:01:00.732+00
afe5a7c8-3843-474a-bb36-c8148893d4f3,0c96a57e-6cc1-400f-bf3a-5740b699ac21,d8eb23c1-2c90-4dfe-872a-aa3e3dcd6478,2026-07-25,2026-07-25 17:00:42.212+00,8,in_app,2026-07-25 17:01:01.479+00
e4e50ada-133a-461a-8c89-72edeae843bf,0c96a57e-6cc1-400f-bf3a-5740b699ac21,5d7214cd-c7d1-42ac-b859-b9e84dee9fab,2026-07-25,2026-07-25 17:00:42.212+00,1,email,2026-07-25 17:01:04.098+00
d12bb8b7-7b59-48ab-a375-efd6bf9c2e74,0c96a57e-6cc1-400f-bf3a-5740b699ac21,b3db042c-4932-4f66-8aff-3136ed50db97,2026-07-25,2026-07-25 17:00:42.212+00,8,in_app,2026-07-25 17:01:04.312+00
b6bfec36-18fc-489f-8621-850d2c11ed3f,0c96a57e-6cc1-400f-bf3a-5740b699ac21,decc7faa-b202-42f1-9a04-fe15fe97a892,2026-07-25,2026-07-25 17:00:42.212+00,1,email,2026-07-25 17:01:06.316+00
0ee4207d-fa89-4b4f-9e8d-8eb57e80a013,0c96a57e-6cc1-400f-bf3a-5740b699ac21,a3c5b629-15d3-48a7-b5ab-694e63dc8b63,2026-07-25,2026-07-25 17:00:42.212+00,8,in_app,2026-07-25 17:01:03.086+00
b561d9f0-4a08-4739-b426-52d4646b1df7,0c96a57e-6cc1-400f-bf3a-5740b699ac21,968fc8e6-f918-4579-b0d1-26570ce5e94b,2026-07-26,2026-07-26 11:00:03.029+00,1,in_app,2026-07-26 11:00:03.251+00
bbd728ae-fe14-4415-a170-7ead513b3f2b,0c96a57e-6cc1-400f-bf3a-5740b699ac21,968fc8e6-f918-4579-b0d1-26570ce5e94b,2026-07-26,2026-07-26 11:00:03.029+00,1,email,2026-07-26 11:00:03.771+00
15730861-d92c-4cd3-9151-aa8198deb3c7,8474aaf6-e7d1-4165-9bef-bf76bc701038,90bb1d12-5855-4f3e-aecb-e92f597e650c,2026-07-26,2026-07-26 11:00:03.029+00,1,in_app,2026-07-26 11:00:03.863+00
eb0d8c98-30d1-4ac1-80e3-513e950d1445,8474aaf6-e7d1-4165-9bef-bf76bc701038,90bb1d12-5855-4f3e-aecb-e92f597e650c,2026-07-26,2026-07-26 11:00:03.029+00,1,email,2026-07-26 11:00:04.942+00
c84f6379-83e1-490b-9286-e9c543aada19,72aeb445-484f-4979-8c2a-d34ec40b22b0,bdef184d-6217-4cdf-a59f-dc37008d13fd,2026-07-26,2026-07-26 11:00:03.029+00,6,in_app,2026-07-26 11:00:04.993+00
3b4bfa65-9813-443e-9233-4d5a451bba0b,72aeb445-484f-4979-8c2a-d34ec40b22b0,bdef184d-6217-4cdf-a59f-dc37008d13fd,2026-07-26,2026-07-26 11:00:03.029+00,6,email,2026-07-26 11:00:05.405+00
5a3df79f-f7cf-473c-9d70-5b9248681baf,0c96a57e-6cc1-400f-bf3a-5740b699ac21,7b577c22-5513-42cc-ab19-2bf867e14ebc,2026-07-26,2026-07-26 11:00:03.029+00,2,in_app,2026-07-26 11:00:05.502+00
4c0e0fb8-8c49-42a0-84c4-ae45b876568f,0c96a57e-6cc1-400f-bf3a-5740b699ac21,7b577c22-5513-42cc-ab19-2bf867e14ebc,2026-07-26,2026-07-26 11:00:03.029+00,2,email,2026-07-26 11:00:06.045+00
04ec2e70-41ac-46f1-a750-27be45c24964,62a2569e-4be2-4326-bddd-3c6116ed18b0,6d3f8a2c-1a05-4e2a-b57e-d969b668049b,2026-07-26,2026-07-26 11:00:03.029+00,1,in_app,2026-07-26 11:00:06.095+00
c66b8d1c-ea24-44b7-8ab4-a34e5aa4fe80,62a2569e-4be2-4326-bddd-3c6116ed18b0,6d3f8a2c-1a05-4e2a-b57e-d969b668049b,2026-07-26,2026-07-26 11:00:03.029+00,1,email,2026-07-26 11:00:06.442+00
2b580315-2cd2-48dd-920f-61c816274f85,62a2569e-4be2-4326-bddd-3c6116ed18b0,7b577c22-5513-42cc-ab19-2bf867e14ebc,2026-07-26,2026-07-26 11:00:03.029+00,1,in_app,2026-07-26 11:00:06.528+00
5106fc3e-04be-409d-b4aa-cdb71dd22c77,62a2569e-4be2-4326-bddd-3c6116ed18b0,7b577c22-5513-42cc-ab19-2bf867e14ebc,2026-07-26,2026-07-26 11:00:03.029+00,1,email,2026-07-26 11:00:06.802+00
33313b08-d5fc-440c-96c9-0d4d6a063eab,c1f13659-b28c-4d50-8375-5bf200294992,658a0146-2d8a-4b2e-81e5-aa16fa9d0a30,2026-07-26,2026-07-26 11:00:03.029+00,3,in_app,2026-07-26 11:00:06.851+00
ca2c880d-5ed4-444e-bbe3-e784df50e929,c1f13659-b28c-4d50-8375-5bf200294992,658a0146-2d8a-4b2e-81e5-aa16fa9d0a30,2026-07-26,2026-07-26 11:00:03.029+00,3,email,2026-07-26 11:00:07.862+00
ad265624-5741-4589-8dcb-07971429d6ec,b0737bfd-7bea-493b-8cfc-14946fcea8cd,90bb1d12-5855-4f3e-aecb-e92f597e650c,2026-07-26,2026-07-26 11:00:03.029+00,1,in_app,2026-07-26 11:00:07.917+00
a045f8f7-bc37-4b6e-9a92-eca5e24b09af,b0737bfd-7bea-493b-8cfc-14946fcea8cd,90bb1d12-5855-4f3e-aecb-e92f597e650c,2026-07-26,2026-07-26 11:00:03.029+00,1,email,2026-07-26 11:00:08.526+00
401e07af-f100-46cb-abf3-9877e7981d56,9b5aa503-44ec-40de-9ceb-b1475639767e,2a266637-be4e-4088-9918-a51576912f5c,2026-07-26,2026-07-26 11:00:03.029+00,4,in_app,2026-07-26 11:00:08.615+00
5543d107-aa04-4d03-b37d-578247d2d714,9b5aa503-44ec-40de-9ceb-b1475639767e,2a266637-be4e-4088-9918-a51576912f5c,2026-07-26,2026-07-26 11:00:03.029+00,4,email,2026-07-26 11:00:08.943+00
ce8d1421-afd2-4c2d-a27d-e67973857dab,b6617c09-9b4a-4ebc-bf50-e584b67edaa3,e5efecc9-f05f-479b-b2ea-81a2ed90fba4,2026-07-26,2026-07-26 11:00:03.029+00,1,in_app,2026-07-26 11:00:08.987+00
7a59ff5a-73f9-4f68-aee2-980f2705d167,b6617c09-9b4a-4ebc-bf50-e584b67edaa3,e5efecc9-f05f-479b-b2ea-81a2ed90fba4,2026-07-26,2026-07-26 11:00:03.029+00,1,email,2026-07-26 11:00:09.564+00
333aca5c-7dfa-4147-b8d3-19505e88efde,fd63bafa-9a78-43fb-9311-f78b8cbfb667,d8eb23c1-2c90-4dfe-872a-aa3e3dcd6478,2026-07-26,2026-07-26 11:00:03.029+00,8,in_app,2026-07-26 11:00:09.654+00
b9d77de5-a3b4-4664-aea5-814ffc2b2fbb,fd63bafa-9a78-43fb-9311-f78b8cbfb667,d8eb23c1-2c90-4dfe-872a-aa3e3dcd6478,2026-07-26,2026-07-26 11:00:03.029+00,8,email,2026-07-26 11:00:10.013+00
c3613fb2-e73d-4090-91a1-29ff3b55f7e8,c55a28b3-798e-45db-8129-8aeb8046dcd5,32ccdbe1-627f-4fe3-a506-056b997ed89b,2026-07-26,2026-07-26 11:00:03.029+00,1,in_app,2026-07-26 11:00:10.098+00
688d702e-13d5-44d2-b371-fa7676c4599f,c55a28b3-798e-45db-8129-8aeb8046dcd5,32ccdbe1-627f-4fe3-a506-056b997ed89b,2026-07-26,2026-07-26 11:00:03.029+00,1,email,2026-07-26 11:00:10.402+00
74b5e0ed-82ae-45c1-909e-534106238b62,0c96a57e-6cc1-400f-bf3a-5740b699ac21,6237fa09-ec4a-46ca-a99b-4f8afb3bf259,2026-07-26,2026-07-26 11:00:03.029+00,1,in_app,2026-07-26 11:00:10.45+00
071d9fd3-b53a-4adc-b429-a84b1b47bbf3,0c96a57e-6cc1-400f-bf3a-5740b699ac21,6237fa09-ec4a-46ca-a99b-4f8afb3bf259,2026-07-26,2026-07-26 11:00:03.029+00,1,email,2026-07-26 11:00:10.82+00
1a54153f-6987-450a-8a6b-c22eac2c8e9f,b0737bfd-7bea-493b-8cfc-14946fcea8cd,32ccdbe1-627f-4fe3-a506-056b997ed89b,2026-07-26,2026-07-26 11:00:03.029+00,4,in_app,2026-07-26 11:00:10.906+00
2e7073c4-ca24-4a0c-824d-ba65cc04d919,b0737bfd-7bea-493b-8cfc-14946fcea8cd,32ccdbe1-627f-4fe3-a506-056b997ed89b,2026-07-26,2026-07-26 11:00:03.029+00,4,email,2026-07-26 11:00:11.187+00
7fb1410b-0d8a-493b-a10c-610241540920,8474aaf6-e7d1-4165-9bef-bf76bc701038,32ccdbe1-627f-4fe3-a506-056b997ed89b,2026-07-26,2026-07-26 11:00:03.029+00,3,in_app,2026-07-26 11:00:11.273+00
2c4aac6e-36ed-4c72-98fc-0ea85c6bed50,8474aaf6-e7d1-4165-9bef-bf76bc701038,32ccdbe1-627f-4fe3-a506-056b997ed89b,2026-07-26,2026-07-26 11:00:03.029+00,3,email,2026-07-26 11:00:11.597+00
e0ab83ab-f413-4de3-a982-15caae748389,0e2a45ad-2133-4d3e-822a-b61d069d1e56,3cbe0dd1-c806-4171-8fdf-002c7fe52d74,2026-07-26,2026-07-26 11:00:03.029+00,1,in_app,2026-07-26 11:00:11.67+00
157e81b1-a36c-4e64-a205-65abfbfdf1e0,0e2a45ad-2133-4d3e-822a-b61d069d1e56,3cbe0dd1-c806-4171-8fdf-002c7fe52d74,2026-07-26,2026-07-26 11:00:03.029+00,1,email,2026-07-26 11:00:11.955+00
17ad7839-8a07-4616-bba7-2d70fb89d3cb,9647402f-c830-48fb-92a7-e1e0f719045f,9d005015-cf2c-4590-9c46-e55e56c7696d,2026-07-26,2026-07-26 11:00:03.029+00,2,in_app,2026-07-26 11:00:11.997+00
c123c6af-9bb1-4cd3-af2a-b67140d5fc3f,9647402f-c830-48fb-92a7-e1e0f719045f,9d005015-cf2c-4590-9c46-e55e56c7696d,2026-07-26,2026-07-26 11:00:03.029+00,2,email,2026-07-26 11:00:12.341+00
4e6eb6b8-69c8-4c68-a7fa-2a14e38ddf05,9066ac12-d1c6-4a15-ad74-4932bf8dd987,968fc8e6-f918-4579-b0d1-26570ce5e94b,2026-07-26,2026-07-26 11:00:03.029+00,2,in_app,2026-07-26 11:00:12.384+00
c68a3ab6-a6fc-4917-a25e-4e96d88d780b,9066ac12-d1c6-4a15-ad74-4932bf8dd987,968fc8e6-f918-4579-b0d1-26570ce5e94b,2026-07-26,2026-07-26 11:00:03.029+00,2,email,2026-07-26 11:00:12.698+00
de3a1908-2aee-44cb-a3dc-9f031ea72231,04b00ab5-856d-4f95-962b-e9d97b33f207,a3c5b629-15d3-48a7-b5ab-694e63dc8b63,2026-07-26,2026-07-26 11:00:03.029+00,8,in_app,2026-07-26 11:00:12.782+00
01c0f73e-085d-47af-9aeb-d532fb5a6240,04b00ab5-856d-4f95-962b-e9d97b33f207,a3c5b629-15d3-48a7-b5ab-694e63dc8b63,2026-07-26,2026-07-26 11:00:03.029+00,8,email,2026-07-26 11:00:13.077+00
bab2ab40-522b-42f4-912a-88f5de11dcd3,b16b90c0-67c9-46c5-ac6f-2ccb8f3b2a08,5d7214cd-c7d1-42ac-b859-b9e84dee9fab,2026-07-26,2026-07-26 11:00:03.029+00,1,in_app,2026-07-26 11:00:13.158+00
90a56097-39b1-4d78-ae40-7b7ac6d8d86d,b16b90c0-67c9-46c5-ac6f-2ccb8f3b2a08,5d7214cd-c7d1-42ac-b859-b9e84dee9fab,2026-07-26,2026-07-26 11:00:03.029+00,1,email,2026-07-26 11:00:13.463+00
09f9af55-0698-4108-91b6-1d6e2ef72644,8396bd66-e3ed-4593-b985-3e380cd308eb,b0faf762-848b-4737-a04d-b2b4e1e8cc5b,2026-07-26,2026-07-26 11:00:03.029+00,1,in_app,2026-07-26 11:00:13.513+00
009687de-93d8-4712-bd17-ac2818765fac,8396bd66-e3ed-4593-b985-3e380cd308eb,b0faf762-848b-4737-a04d-b2b4e1e8cc5b,2026-07-26,2026-07-26 11:00:03.029+00,1,email,2026-07-26 11:00:14.149+00
1d72e954-3891-4012-b2c0-c0ed9eaeff7d,2a72272f-56f2-4104-9952-5d3d8b19ff1d,27edf455-e61a-48a9-a846-e2c6f42999b5,2026-07-26,2026-07-26 11:00:03.029+00,1,in_app,2026-07-26 11:00:14.237+00
700dee54-7917-40f1-b9f0-9d87cd6446d6,2a72272f-56f2-4104-9952-5d3d8b19ff1d,27edf455-e61a-48a9-a846-e2c6f42999b5,2026-07-26,2026-07-26 11:00:03.029+00,1,email,2026-07-26 11:00:14.792+00
86d777a7-e8f5-4a1d-aa2c-0c8802908945,0c96a57e-6cc1-400f-bf3a-5740b699ac21,27edf455-e61a-48a9-a846-e2c6f42999b5,2026-07-26,2026-07-26 11:00:03.029+00,1,in_app,2026-07-26 11:00:14.836+00
b305bbdb-3d7b-4bab-9364-0b16ca6111e2,0c96a57e-6cc1-400f-bf3a-5740b699ac21,27edf455-e61a-48a9-a846-e2c6f42999b5,2026-07-26,2026-07-26 11:00:03.029+00,1,email,2026-07-26 11:00:15.138+00
3a34b8e0-ad91-4614-986c-34da7223d4de,ed586056-17ca-4287-936a-c16e642c63a6,8737f689-7c9e-414a-8391-5bf93d5ba600,2026-07-26,2026-07-26 11:00:03.029+00,1,in_app,2026-07-26 11:00:15.228+00
8bc3c8a0-0657-4290-a554-80a3f67c6014,ed586056-17ca-4287-936a-c16e642c63a6,8737f689-7c9e-414a-8391-5bf93d5ba600,2026-07-26,2026-07-26 11:00:03.029+00,1,email,2026-07-26 11:00:15.748+00
5ceae0fc-108e-4bab-8ff1-a25c08a7a757,2e6f6612-8033-42e0-b84d-b2ea8aded8ac,b3db042c-4932-4f66-8aff-3136ed50db97,2026-07-26,2026-07-26 11:00:03.029+00,7,in_app,2026-07-26 11:00:15.836+00
228d3044-6d53-484a-91f3-66ae64880789,2e6f6612-8033-42e0-b84d-b2ea8aded8ac,b3db042c-4932-4f66-8aff-3136ed50db97,2026-07-26,2026-07-26 11:00:03.029+00,7,email,2026-07-26 11:00:16.126+00
2dd7cd6a-239e-482a-b478-8aed432c2930,0c96a57e-6cc1-400f-bf3a-5740b699ac21,c6754833-e150-4c12-9149-45a6dfcd6eec,2026-07-26,2026-07-26 11:00:03.029+00,3,in_app,2026-07-26 11:00:16.171+00
db6e76ee-be01-44a9-8280-8433c4668b3a,0c96a57e-6cc1-400f-bf3a-5740b699ac21,c6754833-e150-4c12-9149-45a6dfcd6eec,2026-07-26,2026-07-26 11:00:03.029+00,3,email,2026-07-26 11:00:16.455+00
02a86f71-553c-4add-b777-58152fa77148,678c949f-b372-4aba-9d9b-26d422134531,3258f102-8146-4986-964f-8c8f53441300,2026-07-26,2026-07-26 11:00:03.029+00,1,in_app,2026-07-26 11:00:16.499+00
b1f849a0-be16-47bc-98ca-a9c96d87d039,678c949f-b372-4aba-9d9b-26d422134531,3258f102-8146-4986-964f-8c8f53441300,2026-07-26,2026-07-26 11:00:03.029+00,1,email,2026-07-26 11:00:16.778+00
f1b457db-1918-4008-8429-905ba74d0678,493aecc1-6791-4d62-bc63-f4f55c78e44e,7b577c22-5513-42cc-ab19-2bf867e14ebc,2026-07-26,2026-07-26 11:00:03.029+00,7,in_app,2026-07-26 11:00:16.824+00
404f8698-dffa-415a-a989-6e66cca9d1be,493aecc1-6791-4d62-bc63-f4f55c78e44e,7b577c22-5513-42cc-ab19-2bf867e14ebc,2026-07-26,2026-07-26 11:00:03.029+00,7,email,2026-07-26 11:00:17.094+00
a376712f-8e43-44e2-81b3-c0d02bc3c803,2f940451-4cf3-44e3-9040-07942e4146c1,b874694b-f463-4dbd-bb6f-b04f121a8802,2026-07-26,2026-07-26 11:00:03.029+00,1,in_app,2026-07-26 11:00:17.142+00
bf179956-d28e-44bb-a227-c7b86e3c4311,2f940451-4cf3-44e3-9040-07942e4146c1,b874694b-f463-4dbd-bb6f-b04f121a8802,2026-07-26,2026-07-26 11:00:03.029+00,1,email,2026-07-26 11:00:17.992+00
d6f4bcd3-9682-4a57-9468-a44fac149129,0ae36a43-2ef0-4a7d-b95a-edcc7d9ac3f2,7b577c22-5513-42cc-ab19-2bf867e14ebc,2026-07-26,2026-07-26 11:00:03.029+00,1,in_app,2026-07-26 11:00:18.033+00
68e6dc68-ec85-406d-80bc-536bdc8a94d2,0ae36a43-2ef0-4a7d-b95a-edcc7d9ac3f2,7b577c22-5513-42cc-ab19-2bf867e14ebc,2026-07-26,2026-07-26 11:00:03.029+00,1,email,2026-07-26 11:00:18.357+00
8c2699ba-1947-4613-b237-410846d7eea8,c1f13659-b28c-4d50-8375-5bf200294992,decc7faa-b202-42f1-9a04-fe15fe97a892,2026-07-26,2026-07-26 11:00:03.029+00,1,in_app,2026-07-26 11:00:18.397+00
1c0bda6e-12ee-4b1c-87e3-085f61c8641d,c1f13659-b28c-4d50-8375-5bf200294992,decc7faa-b202-42f1-9a04-fe15fe97a892,2026-07-26,2026-07-26 11:00:03.029+00,1,email,2026-07-26 11:00:18.755+00
c51ff366-8877-4357-ac09-91fa96b3df7a,678b734f-19e2-4622-ab4e-fccd86f4877f,8cab859b-a1e1-4edb-af95-4e847e1c93e4,2026-07-26,2026-07-26 11:00:03.029+00,2,in_app,2026-07-26 11:00:18.835+00
585ad5f0-af72-46d4-9b9a-39180d9fc2e1,678b734f-19e2-4622-ab4e-fccd86f4877f,8cab859b-a1e1-4edb-af95-4e847e1c93e4,2026-07-26,2026-07-26 11:00:03.029+00,2,email,2026-07-26 11:00:19.122+00
2300efcb-0f65-4b1f-ab93-29f783528453,0c96a57e-6cc1-400f-bf3a-5740b699ac21,bdef184d-6217-4cdf-a59f-dc37008d13fd,2026-07-26,2026-07-26 11:00:03.029+00,6,in_app,2026-07-26 11:00:19.355+00
51fd267b-ef05-4e33-ae7c-664e820599f4,0c96a57e-6cc1-400f-bf3a-5740b699ac21,bdef184d-6217-4cdf-a59f-dc37008d13fd,2026-07-26,2026-07-26 11:00:03.029+00,6,email,2026-07-26 11:00:19.654+00
54ab496f-6abf-4155-bdef-e1c4be1da015,0c96a57e-6cc1-400f-bf3a-5740b699ac21,6d3f8a2c-1a05-4e2a-b57e-d969b668049b,2026-07-26,2026-07-26 11:00:03.029+00,1,in_app,2026-07-26 11:00:19.785+00
b8b4d107-fbaa-4d24-b795-7e5b13b9178c,0c96a57e-6cc1-400f-bf3a-5740b699ac21,6d3f8a2c-1a05-4e2a-b57e-d969b668049b,2026-07-26,2026-07-26 11:00:03.029+00,1,email,2026-07-26 11:00:20.067+00
9f0bb025-9743-49e1-bba3-6ed6c6ff7651,0c96a57e-6cc1-400f-bf3a-5740b699ac21,658a0146-2d8a-4b2e-81e5-aa16fa9d0a30,2026-07-26,2026-07-26 11:00:03.029+00,3,in_app,2026-07-26 11:00:20.109+00
3c957f32-ddfe-4ac8-8154-9ea826e25af1,0c96a57e-6cc1-400f-bf3a-5740b699ac21,658a0146-2d8a-4b2e-81e5-aa16fa9d0a30,2026-07-26,2026-07-26 11:00:03.029+00,3,email,2026-07-26 11:00:20.42+00
3ae27602-f311-4e3c-ab02-8602bde3be60,0c96a57e-6cc1-400f-bf3a-5740b699ac21,2a266637-be4e-4088-9918-a51576912f5c,2026-07-26,2026-07-26 11:00:03.029+00,4,in_app,2026-07-26 11:00:20.52+00
2961a9ce-787c-41cd-bd77-c5ab5072eb54,0c96a57e-6cc1-400f-bf3a-5740b699ac21,2a266637-be4e-4088-9918-a51576912f5c,2026-07-26,2026-07-26 11:00:03.029+00,4,email,2026-07-26 11:00:20.915+00
83476e8b-ee3c-485f-ab8a-d12bc398999c,0c96a57e-6cc1-400f-bf3a-5740b699ac21,d8eb23c1-2c90-4dfe-872a-aa3e3dcd6478,2026-07-26,2026-07-26 11:00:03.029+00,8,in_app,2026-07-26 11:00:20.987+00
8b205638-1a71-480a-98c9-5c2b3043a5c1,0c96a57e-6cc1-400f-bf3a-5740b699ac21,d8eb23c1-2c90-4dfe-872a-aa3e3dcd6478,2026-07-26,2026-07-26 11:00:03.029+00,8,email,2026-07-26 11:00:21.263+00
34d0980b-df13-4006-b1ca-86b8a5b3bdde,0c96a57e-6cc1-400f-bf3a-5740b699ac21,3cbe0dd1-c806-4171-8fdf-002c7fe52d74,2026-07-26,2026-07-26 11:00:03.029+00,1,in_app,2026-07-26 11:00:21.768+00
c7708d5d-b693-45ac-ba86-bc6cd013c026,0c96a57e-6cc1-400f-bf3a-5740b699ac21,b3db042c-4932-4f66-8aff-3136ed50db97,2026-07-26,2026-07-26 11:00:03.029+00,8,in_app,2026-07-26 11:00:23.069+00
3d5b0c88-7747-4e44-855a-c9e9feb8a74d,0c96a57e-6cc1-400f-bf3a-5740b699ac21,b3db042c-4932-4f66-8aff-3136ed50db97,2026-07-26,2026-07-26 11:00:03.029+00,8,email,2026-07-26 11:00:23.339+00
dc3092aa-cd54-4000-add4-56fe987f3427,0c96a57e-6cc1-400f-bf3a-5740b699ac21,8cab859b-a1e1-4edb-af95-4e847e1c93e4,2026-07-26,2026-07-26 11:00:03.029+00,2,in_app,2026-07-26 11:00:24.657+00
8b9c92c3-0f55-4e41-8cc0-996b9bc33cba,0c96a57e-6cc1-400f-bf3a-5740b699ac21,28f7b9e8-9516-4a08-864c-9ff3e085ba87,2026-07-26,2026-07-26 11:00:03.029+00,1,in_app,2026-07-26 11:00:21.33+00
8dc4f10d-5755-4421-9230-7b654cf0b044,0c96a57e-6cc1-400f-bf3a-5740b699ac21,28f7b9e8-9516-4a08-864c-9ff3e085ba87,2026-07-26,2026-07-26 11:00:03.029+00,1,email,2026-07-26 11:00:21.679+00
7007144e-2da6-40d9-b433-843863069a7f,0c96a57e-6cc1-400f-bf3a-5740b699ac21,a3c5b629-15d3-48a7-b5ab-694e63dc8b63,2026-07-26,2026-07-26 11:00:03.029+00,8,in_app,2026-07-26 11:00:22.306+00
3bd6bf75-5004-480d-96ee-4f36faa27247,0c96a57e-6cc1-400f-bf3a-5740b699ac21,a3c5b629-15d3-48a7-b5ab-694e63dc8b63,2026-07-26,2026-07-26 11:00:03.029+00,8,email,2026-07-26 11:00:22.585+00
1fabeb82-6dad-4568-9a26-bb5bde74bdb2,0c96a57e-6cc1-400f-bf3a-5740b699ac21,3258f102-8146-4986-964f-8c8f53441300,2026-07-26,2026-07-26 11:00:03.029+00,1,in_app,2026-07-26 11:00:23.405+00
4223214c-df64-4b85-af6b-c548f6a38232,0c96a57e-6cc1-400f-bf3a-5740b699ac21,b874694b-f463-4dbd-bb6f-b04f121a8802,2026-07-26,2026-07-26 11:00:03.029+00,1,email,2026-07-26 11:00:24.164+00
dbcf2561-6ab9-41a9-b8b8-b333f561685f,0c96a57e-6cc1-400f-bf3a-5740b699ac21,8cab859b-a1e1-4edb-af95-4e847e1c93e4,2026-07-26,2026-07-26 11:00:03.029+00,2,email,2026-07-26 11:00:24.917+00
376311ee-9792-4a06-be92-5033de7ee9c4,0c96a57e-6cc1-400f-bf3a-5740b699ac21,3cbe0dd1-c806-4171-8fdf-002c7fe52d74,2026-07-26,2026-07-26 11:00:03.029+00,1,email,2026-07-26 11:00:22.174+00
fd5626b1-714b-49fe-ab44-6d15fb2c4f83,0c96a57e-6cc1-400f-bf3a-5740b699ac21,3258f102-8146-4986-964f-8c8f53441300,2026-07-26,2026-07-26 11:00:03.029+00,1,email,2026-07-26 11:00:23.798+00
02081bab-495c-4596-8b7a-c54b10001a6f,0c96a57e-6cc1-400f-bf3a-5740b699ac21,b874694b-f463-4dbd-bb6f-b04f121a8802,2026-07-26,2026-07-26 11:00:03.029+00,1,in_app,2026-07-26 11:00:23.878+00
eec445b0-f779-4c68-b25b-a0b7b7271942,0c96a57e-6cc1-400f-bf3a-5740b699ac21,5d7214cd-c7d1-42ac-b859-b9e84dee9fab,2026-07-26,2026-07-26 11:00:03.029+00,1,in_app,2026-07-26 11:00:22.627+00
8ec91b0d-da81-490f-9f14-91b008bc76ea,0c96a57e-6cc1-400f-bf3a-5740b699ac21,5d7214cd-c7d1-42ac-b859-b9e84dee9fab,2026-07-26,2026-07-26 11:00:03.029+00,1,email,2026-07-26 11:00:22.896+00
240cc0d3-0a0c-4d58-9e0c-d38bd745d7f5,0c96a57e-6cc1-400f-bf3a-5740b699ac21,decc7faa-b202-42f1-9a04-fe15fe97a892,2026-07-26,2026-07-26 11:00:03.029+00,1,in_app,2026-07-26 11:00:24.209+00
d67b3c0f-e36d-4c59-9e91-1f71063a44a5,0c96a57e-6cc1-400f-bf3a-5740b699ac21,decc7faa-b202-42f1-9a04-fe15fe97a892,2026-07-26,2026-07-26 11:00:03.029+00,1,email,2026-07-26 11:00:24.573+00
3c1ca033-c060-4592-95bd-a0860506894a,0c96a57e-6cc1-400f-bf3a-5740b699ac21,968fc8e6-f918-4579-b0d1-26570ce5e94b,2026-07-26,2026-07-26 17:00:42.212+00,1,in_app,2026-07-26 17:00:42.506+00
d2214001-72ac-459e-a5ee-27aafa2f42bf,0c96a57e-6cc1-400f-bf3a-5740b699ac21,968fc8e6-f918-4579-b0d1-26570ce5e94b,2026-07-26,2026-07-26 17:00:42.212+00,1,email,2026-07-26 17:00:43.038+00
407278fc-991c-47e6-9487-710fbb4e6b20,8474aaf6-e7d1-4165-9bef-bf76bc701038,90bb1d12-5855-4f3e-aecb-e92f597e650c,2026-07-26,2026-07-26 17:00:42.212+00,1,in_app,2026-07-26 17:00:43.182+00
fb643b74-3c23-4c60-8f67-c3b4f3d306cf,8474aaf6-e7d1-4165-9bef-bf76bc701038,90bb1d12-5855-4f3e-aecb-e92f597e650c,2026-07-26,2026-07-26 17:00:42.212+00,1,email,2026-07-26 17:00:43.648+00
0c6be0c6-caf9-4c2b-81c1-302b51a7b4a3,72aeb445-484f-4979-8c2a-d34ec40b22b0,bdef184d-6217-4cdf-a59f-dc37008d13fd,2026-07-26,2026-07-26 17:00:42.212+00,6,in_app,2026-07-26 17:00:43.796+00
76f32bec-1186-4eac-8877-347f3f979a57,72aeb445-484f-4979-8c2a-d34ec40b22b0,bdef184d-6217-4cdf-a59f-dc37008d13fd,2026-07-26,2026-07-26 17:00:42.212+00,6,email,2026-07-26 17:00:44.21+00
438943a2-f4b1-47b3-afcd-78846b428663,3870aadb-8625-4184-ac60-c6e20be4cdc5,a94fc469-4603-487f-ab7f-e2712197d510,2026-07-26,2026-07-26 17:00:42.212+00,20,in_app,2026-07-26 17:00:44.387+00
a8557edd-122a-4408-8bc8-b7c427733381,3870aadb-8625-4184-ac60-c6e20be4cdc5,a94fc469-4603-487f-ab7f-e2712197d510,2026-07-26,2026-07-26 17:00:42.212+00,20,email,2026-07-26 17:00:44.794+00
53310a80-7f90-4e36-8d59-68a917a4e078,0c96a57e-6cc1-400f-bf3a-5740b699ac21,7b577c22-5513-42cc-ab19-2bf867e14ebc,2026-07-26,2026-07-26 17:00:42.212+00,2,in_app,2026-07-26 17:00:44.935+00
c50e0db8-7dc1-4542-9bfd-19430164a32d,0c96a57e-6cc1-400f-bf3a-5740b699ac21,7b577c22-5513-42cc-ab19-2bf867e14ebc,2026-07-26,2026-07-26 17:00:42.212+00,2,email,2026-07-26 17:00:45.335+00
3eefdd6c-9a07-41a8-b7fa-d5de9746252d,62a2569e-4be2-4326-bddd-3c6116ed18b0,6d3f8a2c-1a05-4e2a-b57e-d969b668049b,2026-07-26,2026-07-26 17:00:42.212+00,1,in_app,2026-07-26 17:00:45.485+00
2d2419f3-21da-4b92-b045-8a3060f0c898,62a2569e-4be2-4326-bddd-3c6116ed18b0,6d3f8a2c-1a05-4e2a-b57e-d969b668049b,2026-07-26,2026-07-26 17:00:42.212+00,1,email,2026-07-26 17:00:45.926+00
3d97efa0-e99e-467b-bbf0-a11f6656a7ce,62a2569e-4be2-4326-bddd-3c6116ed18b0,7b577c22-5513-42cc-ab19-2bf867e14ebc,2026-07-26,2026-07-26 17:00:42.212+00,1,in_app,2026-07-26 17:00:46.06+00
ae7b7df5-e869-42e5-a9ae-cc42825a06ae,62a2569e-4be2-4326-bddd-3c6116ed18b0,7b577c22-5513-42cc-ab19-2bf867e14ebc,2026-07-26,2026-07-26 17:00:42.212+00,1,email,2026-07-26 17:00:46.48+00
5f5b0f0b-ad2a-405c-94e7-0d986f1328c7,c1f13659-b28c-4d50-8375-5bf200294992,658a0146-2d8a-4b2e-81e5-aa16fa9d0a30,2026-07-26,2026-07-26 17:00:42.212+00,3,in_app,2026-07-26 17:00:46.623+00
bd848c76-cfd0-4db8-b7e4-6dc75d8ba194,c1f13659-b28c-4d50-8375-5bf200294992,658a0146-2d8a-4b2e-81e5-aa16fa9d0a30,2026-07-26,2026-07-26 17:00:42.212+00,3,email,2026-07-26 17:00:47.016+00
e39199a9-05ff-497e-9cad-0356bae378ab,b0737bfd-7bea-493b-8cfc-14946fcea8cd,90bb1d12-5855-4f3e-aecb-e92f597e650c,2026-07-26,2026-07-26 17:00:42.212+00,1,in_app,2026-07-26 17:00:47.15+00
d3ed9569-ed68-4d6f-b910-3be96513a61c,b0737bfd-7bea-493b-8cfc-14946fcea8cd,90bb1d12-5855-4f3e-aecb-e92f597e650c,2026-07-26,2026-07-26 17:00:42.212+00,1,email,2026-07-26 17:00:47.945+00
917d9522-6cb6-4144-89bf-99cc88a3391a,9b5aa503-44ec-40de-9ceb-b1475639767e,2a266637-be4e-4088-9918-a51576912f5c,2026-07-26,2026-07-26 17:00:42.212+00,4,in_app,2026-07-26 17:00:48.075+00
468a9cbe-ec0f-453f-87d5-536e9f8b8103,9b5aa503-44ec-40de-9ceb-b1475639767e,2a266637-be4e-4088-9918-a51576912f5c,2026-07-26,2026-07-26 17:00:42.212+00,4,email,2026-07-26 17:00:48.478+00
e01b9c54-9969-49d5-98eb-47175de276ee,b6617c09-9b4a-4ebc-bf50-e584b67edaa3,e5efecc9-f05f-479b-b2ea-81a2ed90fba4,2026-07-26,2026-07-26 17:00:42.212+00,1,in_app,2026-07-26 17:00:48.616+00
9ac0fddc-c071-451f-9594-26b8ceeb275d,b6617c09-9b4a-4ebc-bf50-e584b67edaa3,e5efecc9-f05f-479b-b2ea-81a2ed90fba4,2026-07-26,2026-07-26 17:00:42.212+00,1,email,2026-07-26 17:00:49.458+00
9d2a7874-4e66-49fa-8f3b-34d0ec1e7b19,fd63bafa-9a78-43fb-9311-f78b8cbfb667,d8eb23c1-2c90-4dfe-872a-aa3e3dcd6478,2026-07-26,2026-07-26 17:00:42.212+00,8,in_app,2026-07-26 17:00:49.594+00
07718d85-a7a2-48dc-8a4a-752d6604e7dc,fd63bafa-9a78-43fb-9311-f78b8cbfb667,d8eb23c1-2c90-4dfe-872a-aa3e3dcd6478,2026-07-26,2026-07-26 17:00:42.212+00,8,email,2026-07-26 17:00:49.923+00
6917646a-2039-40e3-ad53-0f76b3baa033,c55a28b3-798e-45db-8129-8aeb8046dcd5,32ccdbe1-627f-4fe3-a506-056b997ed89b,2026-07-26,2026-07-26 17:00:42.212+00,1,in_app,2026-07-26 17:00:50.056+00
ae2e250c-a7e5-44bb-bc36-26935d6d4273,c55a28b3-798e-45db-8129-8aeb8046dcd5,32ccdbe1-627f-4fe3-a506-056b997ed89b,2026-07-26,2026-07-26 17:00:42.212+00,1,email,2026-07-26 17:00:50.461+00
e22c8049-4026-4c5f-9bd7-5d1c67dfac51,0c96a57e-6cc1-400f-bf3a-5740b699ac21,6237fa09-ec4a-46ca-a99b-4f8afb3bf259,2026-07-26,2026-07-26 17:00:42.212+00,1,in_app,2026-07-26 17:00:50.601+00
f3a0b1e6-9a6f-4981-8f88-af2b0366049a,0c96a57e-6cc1-400f-bf3a-5740b699ac21,6237fa09-ec4a-46ca-a99b-4f8afb3bf259,2026-07-26,2026-07-26 17:00:42.212+00,1,email,2026-07-26 17:00:51.947+00
3e473166-92e3-4fb6-be59-9076b5320e61,b0737bfd-7bea-493b-8cfc-14946fcea8cd,32ccdbe1-627f-4fe3-a506-056b997ed89b,2026-07-26,2026-07-26 17:00:42.212+00,4,in_app,2026-07-26 17:00:52.078+00
610ed155-d15e-4317-b133-f1d47fab8a77,b0737bfd-7bea-493b-8cfc-14946fcea8cd,32ccdbe1-627f-4fe3-a506-056b997ed89b,2026-07-26,2026-07-26 17:00:42.212+00,4,email,2026-07-26 17:00:52.467+00
7bd41848-2afc-482f-8de9-98896575c621,8474aaf6-e7d1-4165-9bef-bf76bc701038,32ccdbe1-627f-4fe3-a506-056b997ed89b,2026-07-26,2026-07-26 17:00:42.212+00,3,in_app,2026-07-26 17:00:52.602+00
d3810fab-add7-48c2-a127-298f6100b328,8474aaf6-e7d1-4165-9bef-bf76bc701038,32ccdbe1-627f-4fe3-a506-056b997ed89b,2026-07-26,2026-07-26 17:00:42.212+00,3,email,2026-07-26 17:00:53.009+00
65b55244-f649-4552-8f08-56d03ca11e53,0e2a45ad-2133-4d3e-822a-b61d069d1e56,3cbe0dd1-c806-4171-8fdf-002c7fe52d74,2026-07-26,2026-07-26 17:00:42.212+00,1,in_app,2026-07-26 17:00:53.142+00
e4f38071-c726-45e7-bf4c-9dac05dc4c77,0e2a45ad-2133-4d3e-822a-b61d069d1e56,3cbe0dd1-c806-4171-8fdf-002c7fe52d74,2026-07-26,2026-07-26 17:00:42.212+00,1,email,2026-07-26 17:00:53.562+00
408074e5-4fd9-4113-acb6-9a9e5dddef1a,9647402f-c830-48fb-92a7-e1e0f719045f,9d005015-cf2c-4590-9c46-e55e56c7696d,2026-07-26,2026-07-26 17:00:42.212+00,2,in_app,2026-07-26 17:00:53.693+00
609db0c0-45d3-4d77-9cf1-3c4ffd01b79b,9647402f-c830-48fb-92a7-e1e0f719045f,9d005015-cf2c-4590-9c46-e55e56c7696d,2026-07-26,2026-07-26 17:00:42.212+00,2,email,2026-07-26 17:00:54.085+00
75225b36-0903-4fd3-81a8-eda7179bf396,9066ac12-d1c6-4a15-ad74-4932bf8dd987,968fc8e6-f918-4579-b0d1-26570ce5e94b,2026-07-26,2026-07-26 17:00:42.212+00,2,in_app,2026-07-26 17:00:54.224+00
ed6fc8f8-2dd3-434b-bb08-c185429a71fc,9066ac12-d1c6-4a15-ad74-4932bf8dd987,968fc8e6-f918-4579-b0d1-26570ce5e94b,2026-07-26,2026-07-26 17:00:42.212+00,2,email,2026-07-26 17:00:54.597+00
4d86a30c-ffd6-4956-82c2-93514efa53da,04b00ab5-856d-4f95-962b-e9d97b33f207,a3c5b629-15d3-48a7-b5ab-694e63dc8b63,2026-07-26,2026-07-26 17:00:42.212+00,8,in_app,2026-07-26 17:00:54.762+00
0e3a0d7c-6b11-4945-9384-ad0287ea416e,04b00ab5-856d-4f95-962b-e9d97b33f207,a3c5b629-15d3-48a7-b5ab-694e63dc8b63,2026-07-26,2026-07-26 17:00:42.212+00,8,email,2026-07-26 17:00:55.151+00
33345d7f-233f-41e2-9127-8f12f4883d06,b16b90c0-67c9-46c5-ac6f-2ccb8f3b2a08,5d7214cd-c7d1-42ac-b859-b9e84dee9fab,2026-07-26,2026-07-26 17:00:42.212+00,1,in_app,2026-07-26 17:00:55.285+00
bfb819df-a176-40b2-b570-fde67a6c32cf,b16b90c0-67c9-46c5-ac6f-2ccb8f3b2a08,5d7214cd-c7d1-42ac-b859-b9e84dee9fab,2026-07-26,2026-07-26 17:00:42.212+00,1,email,2026-07-26 17:00:55.674+00
e5dff5e1-679f-4a21-85bf-3f201bddb0ef,8396bd66-e3ed-4593-b985-3e380cd308eb,b0faf762-848b-4737-a04d-b2b4e1e8cc5b,2026-07-26,2026-07-26 17:00:42.212+00,1,in_app,2026-07-26 17:00:55.805+00
6117fa49-8725-4e39-b632-8af85dc75538,8396bd66-e3ed-4593-b985-3e380cd308eb,b0faf762-848b-4737-a04d-b2b4e1e8cc5b,2026-07-26,2026-07-26 17:00:42.212+00,1,email,2026-07-26 17:00:56.454+00
9f872830-ac59-4b57-8152-df037348026f,1ed74e00-4a16-47cb-84fc-8021943b5fa3,760fc14a-229e-4212-9aa9-f90de968af69,2026-07-26,2026-07-26 17:00:42.212+00,1,in_app,2026-07-26 17:00:56.56+00
51ff518a-3407-48c9-8223-dc0837ffc73a,1ed74e00-4a16-47cb-84fc-8021943b5fa3,760fc14a-229e-4212-9aa9-f90de968af69,2026-07-26,2026-07-26 17:00:42.212+00,1,email,2026-07-26 17:00:56.938+00
50b4f915-121e-49c8-9f4e-11ed967326de,2a72272f-56f2-4104-9952-5d3d8b19ff1d,27edf455-e61a-48a9-a846-e2c6f42999b5,2026-07-26,2026-07-26 17:00:42.212+00,1,in_app,2026-07-26 17:00:57.073+00
d2740d4a-75fd-4b0b-8106-3c93cb2bbf5c,2a72272f-56f2-4104-9952-5d3d8b19ff1d,27edf455-e61a-48a9-a846-e2c6f42999b5,2026-07-26,2026-07-26 17:00:42.212+00,1,email,2026-07-26 17:00:57.734+00
b483b197-e0c9-4547-b0a3-b36e8a9c0ca2,0c96a57e-6cc1-400f-bf3a-5740b699ac21,27edf455-e61a-48a9-a846-e2c6f42999b5,2026-07-26,2026-07-26 17:00:42.212+00,1,in_app,2026-07-26 17:00:57.863+00
92cb51fd-96ee-4420-95aa-1d30a5491ea9,0c96a57e-6cc1-400f-bf3a-5740b699ac21,27edf455-e61a-48a9-a846-e2c6f42999b5,2026-07-26,2026-07-26 17:00:42.212+00,1,email,2026-07-26 17:00:58.291+00
26cd463e-b787-4bb8-acb7-d09b2ec365bc,ed586056-17ca-4287-936a-c16e642c63a6,8737f689-7c9e-414a-8391-5bf93d5ba600,2026-07-26,2026-07-26 17:00:42.212+00,1,in_app,2026-07-26 17:00:58.424+00
a70ff7aa-7065-462e-9801-201162bd4a5e,ed586056-17ca-4287-936a-c16e642c63a6,8737f689-7c9e-414a-8391-5bf93d5ba600,2026-07-26,2026-07-26 17:00:42.212+00,1,email,2026-07-26 17:00:58.779+00
f09c3a43-ac56-47e6-9784-ca91d289a566,2e6f6612-8033-42e0-b84d-b2ea8aded8ac,b3db042c-4932-4f66-8aff-3136ed50db97,2026-07-26,2026-07-26 17:00:42.212+00,7,in_app,2026-07-26 17:00:58.915+00
57b04de1-c1b2-45e7-ac3e-4574ba21f201,2e6f6612-8033-42e0-b84d-b2ea8aded8ac,b3db042c-4932-4f66-8aff-3136ed50db97,2026-07-26,2026-07-26 17:00:42.212+00,7,email,2026-07-26 17:00:59.303+00
8cd96c5b-76df-4a64-a4b7-34e2b728dc87,0c96a57e-6cc1-400f-bf3a-5740b699ac21,c6754833-e150-4c12-9149-45a6dfcd6eec,2026-07-26,2026-07-26 17:00:42.212+00,3,in_app,2026-07-26 17:00:59.433+00
5feb3c5b-7374-4c6b-859a-06cf0812b92a,0c96a57e-6cc1-400f-bf3a-5740b699ac21,c6754833-e150-4c12-9149-45a6dfcd6eec,2026-07-26,2026-07-26 17:00:42.212+00,3,email,2026-07-26 17:00:59.776+00
e42c5a31-4f9f-428d-af64-5ef498e6fe07,678c949f-b372-4aba-9d9b-26d422134531,3258f102-8146-4986-964f-8c8f53441300,2026-07-26,2026-07-26 17:00:42.212+00,1,in_app,2026-07-26 17:00:59.848+00
844c2deb-759b-442d-9b58-aaf018c20a76,678c949f-b372-4aba-9d9b-26d422134531,3258f102-8146-4986-964f-8c8f53441300,2026-07-26,2026-07-26 17:00:42.212+00,1,email,2026-07-26 17:01:00.242+00
c8771946-4e02-4d10-862f-3c6b8f2a99ce,493aecc1-6791-4d62-bc63-f4f55c78e44e,7b577c22-5513-42cc-ab19-2bf867e14ebc,2026-07-26,2026-07-26 17:00:42.212+00,7,in_app,2026-07-26 17:01:00.377+00
a637ef5b-0955-4607-8b6c-6080b1dcf0cd,493aecc1-6791-4d62-bc63-f4f55c78e44e,7b577c22-5513-42cc-ab19-2bf867e14ebc,2026-07-26,2026-07-26 17:00:42.212+00,7,email,2026-07-26 17:01:00.726+00
a32c30b7-996e-4475-ac3b-de1a104133b9,2f940451-4cf3-44e3-9040-07942e4146c1,b874694b-f463-4dbd-bb6f-b04f121a8802,2026-07-26,2026-07-26 17:00:42.212+00,1,in_app,2026-07-26 17:01:00.856+00
d71db704-a93a-4f74-ac68-0e203650bd7d,2f940451-4cf3-44e3-9040-07942e4146c1,b874694b-f463-4dbd-bb6f-b04f121a8802,2026-07-26,2026-07-26 17:00:42.212+00,1,email,2026-07-26 17:01:01.277+00
f4c46d1f-32d0-4d05-a8ef-a96376c888a5,0ae36a43-2ef0-4a7d-b95a-edcc7d9ac3f2,7b577c22-5513-42cc-ab19-2bf867e14ebc,2026-07-26,2026-07-26 17:00:42.212+00,1,in_app,2026-07-26 17:01:01.41+00
592416a6-4bad-43fa-b837-f4427cde525a,0ae36a43-2ef0-4a7d-b95a-edcc7d9ac3f2,7b577c22-5513-42cc-ab19-2bf867e14ebc,2026-07-26,2026-07-26 17:00:42.212+00,1,email,2026-07-26 17:01:01.881+00
7b5cb946-7197-4926-b6c5-cfffcc869c39,c1f13659-b28c-4d50-8375-5bf200294992,decc7faa-b202-42f1-9a04-fe15fe97a892,2026-07-26,2026-07-26 17:00:42.212+00,1,in_app,2026-07-26 17:01:02.008+00
c129f578-bafb-47ec-95fc-374a82b318f8,c1f13659-b28c-4d50-8375-5bf200294992,decc7faa-b202-42f1-9a04-fe15fe97a892,2026-07-26,2026-07-26 17:00:42.212+00,1,email,2026-07-26 17:01:02.393+00
6613a47b-034d-48c0-a3a5-ba8ac3042827,678b734f-19e2-4622-ab4e-fccd86f4877f,8cab859b-a1e1-4edb-af95-4e847e1c93e4,2026-07-26,2026-07-26 17:00:42.212+00,2,in_app,2026-07-26 17:01:02.529+00
b148ea76-d203-446d-804e-263309166547,678b734f-19e2-4622-ab4e-fccd86f4877f,8cab859b-a1e1-4edb-af95-4e847e1c93e4,2026-07-26,2026-07-26 17:00:42.212+00,2,email,2026-07-26 17:01:02.906+00
831b540c-e75e-4eb6-9a6f-ed7c8065c88a,0c96a57e-6cc1-400f-bf3a-5740b699ac21,bdef184d-6217-4cdf-a59f-dc37008d13fd,2026-07-26,2026-07-26 17:00:42.212+00,6,in_app,2026-07-26 17:01:03.134+00
8db887e1-b715-4df4-b9e3-cf0d37a79b2d,0c96a57e-6cc1-400f-bf3a-5740b699ac21,2a266637-be4e-4088-9918-a51576912f5c,2026-07-26,2026-07-26 17:00:42.212+00,4,email,2026-07-26 17:01:05.567+00
811de977-a7ad-40a7-a3ed-48edabfc54fe,0c96a57e-6cc1-400f-bf3a-5740b699ac21,3258f102-8146-4986-964f-8c8f53441300,2026-07-26,2026-07-26 17:00:42.212+00,1,in_app,2026-07-26 17:01:10.835+00
c81393eb-2259-44f0-8da3-52171c99667f,0c96a57e-6cc1-400f-bf3a-5740b699ac21,3258f102-8146-4986-964f-8c8f53441300,2026-07-26,2026-07-26 17:00:42.212+00,1,email,2026-07-26 17:01:11.202+00
916652be-f0a1-49a2-865a-05457c73b5d8,0c96a57e-6cc1-400f-bf3a-5740b699ac21,8cab859b-a1e1-4edb-af95-4e847e1c93e4,2026-07-26,2026-07-26 17:00:42.212+00,2,in_app,2026-07-26 17:01:12.451+00
1366f4ea-b289-43ec-b229-3f8a8fcdf612,0c96a57e-6cc1-400f-bf3a-5740b699ac21,8cab859b-a1e1-4edb-af95-4e847e1c93e4,2026-07-26,2026-07-26 17:00:42.212+00,2,email,2026-07-26 17:01:12.889+00
7eb26195-3afd-4384-afba-41ab62b4ef08,0c96a57e-6cc1-400f-bf3a-5740b699ac21,bdef184d-6217-4cdf-a59f-dc37008d13fd,2026-07-26,2026-07-26 17:00:42.212+00,6,email,2026-07-26 17:01:03.51+00
ae6641db-627c-40cd-80a1-17343604d570,0c96a57e-6cc1-400f-bf3a-5740b699ac21,a94fc469-4603-487f-ab7f-e2712197d510,2026-07-26,2026-07-26 17:00:42.212+00,20,in_app,2026-07-26 17:01:03.612+00
d23c69f6-7b3e-4761-953c-6fe1dc8f56d3,0c96a57e-6cc1-400f-bf3a-5740b699ac21,658a0146-2d8a-4b2e-81e5-aa16fa9d0a30,2026-07-26,2026-07-26 17:00:42.212+00,3,email,2026-07-26 17:01:05.053+00
ab4721dd-542c-46db-862a-12568811654e,0c96a57e-6cc1-400f-bf3a-5740b699ac21,d8eb23c1-2c90-4dfe-872a-aa3e3dcd6478,2026-07-26,2026-07-26 17:00:42.212+00,8,in_app,2026-07-26 17:01:05.728+00
3b7a6ade-f6ab-4e14-9f4d-ddd60c1cc65a,0c96a57e-6cc1-400f-bf3a-5740b699ac21,28f7b9e8-9516-4a08-864c-9ff3e085ba87,2026-07-26,2026-07-26 17:00:42.212+00,1,email,2026-07-26 17:01:08.066+00
e84659af-2f93-4a70-a753-ad70baf1b482,0c96a57e-6cc1-400f-bf3a-5740b699ac21,a3c5b629-15d3-48a7-b5ab-694e63dc8b63,2026-07-26,2026-07-26 17:00:42.212+00,8,in_app,2026-07-26 17:01:08.695+00
b2db71a8-c74b-438d-a5ec-adf37db3e735,0c96a57e-6cc1-400f-bf3a-5740b699ac21,a3c5b629-15d3-48a7-b5ab-694e63dc8b63,2026-07-26,2026-07-26 17:00:42.212+00,8,email,2026-07-26 17:01:09.075+00
dc2507b7-7f99-40c3-beda-a1b1a78a20f0,0c96a57e-6cc1-400f-bf3a-5740b699ac21,a94fc469-4603-487f-ab7f-e2712197d510,2026-07-26,2026-07-26 17:00:42.212+00,20,email,2026-07-26 17:01:03.987+00
8cf86739-f931-4171-a577-90adeab85669,0c96a57e-6cc1-400f-bf3a-5740b699ac21,6d3f8a2c-1a05-4e2a-b57e-d969b668049b,2026-07-26,2026-07-26 17:00:42.212+00,1,in_app,2026-07-26 17:01:04.149+00
3595a1c1-03ef-4b6a-bafc-80207878ca1c,0c96a57e-6cc1-400f-bf3a-5740b699ac21,6d3f8a2c-1a05-4e2a-b57e-d969b668049b,2026-07-26,2026-07-26 17:00:42.212+00,1,email,2026-07-26 17:01:04.53+00
80c486ae-0fa5-44f4-b3a4-f093b64a4cd2,0c96a57e-6cc1-400f-bf3a-5740b699ac21,658a0146-2d8a-4b2e-81e5-aa16fa9d0a30,2026-07-26,2026-07-26 17:00:42.212+00,3,in_app,2026-07-26 17:01:04.662+00
86e5a757-1ea8-4317-a5ee-a6a44306e2be,0c96a57e-6cc1-400f-bf3a-5740b699ac21,2a266637-be4e-4088-9918-a51576912f5c,2026-07-26,2026-07-26 17:00:42.212+00,4,in_app,2026-07-26 17:01:05.185+00
03fb5aba-bcad-4901-a1e8-732a1b65852b,0c96a57e-6cc1-400f-bf3a-5740b699ac21,d8eb23c1-2c90-4dfe-872a-aa3e3dcd6478,2026-07-26,2026-07-26 17:00:42.212+00,8,email,2026-07-26 17:01:06.117+00
18231548-470f-4453-8875-35d58ae0afe0,0c96a57e-6cc1-400f-bf3a-5740b699ac21,28f7b9e8-9516-4a08-864c-9ff3e085ba87,2026-07-26,2026-07-26 17:00:42.212+00,1,in_app,2026-07-26 17:01:06.278+00
7eb81a76-d762-4b75-8efb-eb5c63ae5267,0c96a57e-6cc1-400f-bf3a-5740b699ac21,b3db042c-4932-4f66-8aff-3136ed50db97,2026-07-26,2026-07-26 17:00:42.212+00,8,in_app,2026-07-26 17:01:10.28+00
ebf4baab-379e-4042-9cd9-8ce9380142bd,0c96a57e-6cc1-400f-bf3a-5740b699ac21,b3db042c-4932-4f66-8aff-3136ed50db97,2026-07-26,2026-07-26 17:00:42.212+00,8,email,2026-07-26 17:01:10.664+00
f1510174-7388-41ba-a432-fe4299061ffd,0c96a57e-6cc1-400f-bf3a-5740b699ac21,b874694b-f463-4dbd-bb6f-b04f121a8802,2026-07-26,2026-07-26 17:00:42.212+00,1,in_app,2026-07-26 17:01:11.334+00
2e4ac720-a643-4f0e-b761-e7b59aaa5d3b,0c96a57e-6cc1-400f-bf3a-5740b699ac21,decc7faa-b202-42f1-9a04-fe15fe97a892,2026-07-26,2026-07-26 17:00:42.212+00,1,in_app,2026-07-26 17:01:11.941+00
0c0d8fcf-dfeb-4eeb-b22b-7d44877df267,0c96a57e-6cc1-400f-bf3a-5740b699ac21,3cbe0dd1-c806-4171-8fdf-002c7fe52d74,2026-07-26,2026-07-26 17:00:42.212+00,1,in_app,2026-07-26 17:01:08.139+00
2d830e6b-373b-4334-ab04-961d6c9451fb,0c96a57e-6cc1-400f-bf3a-5740b699ac21,5d7214cd-c7d1-42ac-b859-b9e84dee9fab,2026-07-26,2026-07-26 17:00:42.212+00,1,email,2026-07-26 17:01:09.586+00
9a8bc033-ac66-42c0-91ef-0776ab0d67ce,0c96a57e-6cc1-400f-bf3a-5740b699ac21,760fc14a-229e-4212-9aa9-f90de968af69,2026-07-26,2026-07-26 17:00:42.212+00,1,in_app,2026-07-26 17:01:09.715+00
86a9b6d8-49d3-47be-a90e-959a46747ae9,0c96a57e-6cc1-400f-bf3a-5740b699ac21,b874694b-f463-4dbd-bb6f-b04f121a8802,2026-07-26,2026-07-26 17:00:42.212+00,1,email,2026-07-26 17:01:11.812+00
f5826d95-6feb-420a-8dcc-4df5407b6531,0c96a57e-6cc1-400f-bf3a-5740b699ac21,decc7faa-b202-42f1-9a04-fe15fe97a892,2026-07-26,2026-07-26 17:00:42.212+00,1,email,2026-07-26 17:01:12.331+00
1a01d9f0-5b28-478e-b77e-045f5c907f0f,0c96a57e-6cc1-400f-bf3a-5740b699ac21,3cbe0dd1-c806-4171-8fdf-002c7fe52d74,2026-07-26,2026-07-26 17:00:42.212+00,1,email,2026-07-26 17:01:08.534+00
dae3f07c-f0a1-4ae3-81a2-1ba9d66c1257,0c96a57e-6cc1-400f-bf3a-5740b699ac21,5d7214cd-c7d1-42ac-b859-b9e84dee9fab,2026-07-26,2026-07-26 17:00:42.212+00,1,in_app,2026-07-26 17:01:09.205+00
a358b494-203a-4e1d-9d26-b03d1fa005d0,0c96a57e-6cc1-400f-bf3a-5740b699ac21,760fc14a-229e-4212-9aa9-f90de968af69,2026-07-26,2026-07-26 17:00:42.212+00,1,email,2026-07-26 17:01:10.086+00
